SITE_CODE,SHORT_TITLE,TITLE,SITE_TYPE,SUB_TYPE,STAGE,PROJ_CODE,PROJECT_TITLE,LONGITUDE,LATITUDE,EASTING,NORTHING,MGA_ZONE,COMMODITIES,COMMODITY_GROUP_NAME,TARGET_GROUP_NAME,MAP_LABEL_NAME,INCLUDE_COMMODITY_FLAG,MAP_COMMODITIES,ACTIVE_FLAG,SYMBOL,MAP_SERIES,CONFIDENTIALITY,MAP_SHEET_NO_100K,MAP_SHEET_NAME_100K,MAP_SHEET_NO_250K,MAP_SHEET_NAME_250K,LGA_NAME,DEVELOPMENT_REGION,DISTRICT_NO,DISTRICT_NAME,TECTONIC_UNIT,EXTRACT_DATE
S0000030,Golden Crown,Beatons Creek - Golden Crown,Mine,Openpit,Operating,J04143,Beatons Creek JV,120.101607999999999,-21.870318999999999,200461,7578703,51,Au,Precious metal,GOLD,,N,,,,,Public,2954,NULLAGINE,SF51-05,NULLAGINE,"EAST PILBARA, SHIRE OF","PILBARA, Development Region",46,NULLAGINE,Northeast Pilbara Sub-basin,20260112
S0000033,Big Bell UG,Big Bell Underground,Mine,Decline,Operating,J00017,Cue Gold - Central Murchison,117.655366999999998,-27.318646000000001,564839,6978101,50,Au Ag,Precious metal,GOLD,Big Bell,N,,Y,,Operating Mine,Public,2443,CUE,SG50-15,CUE,"CUE, SHIRE OF","MID-WEST, Development Region",20,CUE,Youanmi Terrane,20260112
S0000045,Aladdin,Aladdin Open Pit,Mine,Openpit,Operating,J00017,Cue Gold - Central Murchison,118.347196999999994,-26.869456000000000,633824,7027312,50,Au Ag,Precious metal,GOLD,Aladdin,N,,Y,,Operating Mine,Public,2544,MEEKATHARRA,SG50-11,BELELE,"MEEKATHARRA, SHIRE OF","MID-WEST, Development Region",51,MEEKATHARRA,Youanmi Terrane,20260112
S0000046,Bluebird,Bluebird - Bluebird South,Mine,Openpit,Operating,J00017,Cue Gold - Central Murchison,118.425111999999999,-26.716235000000001,641755,7044201,50,Au Ag,Precious metal,GOLD,Bluebird South,N,,N,,Operating Mine,Public,2544,MEEKATHARRA,SG50-11,BELELE,"MEEKATHARRA, SHIRE OF","MID-WEST, Development Region",51,MEEKATHARRA,Youanmi Terrane,20260112
S0000053,Southern Stockworks,Boorara Open Pit - Southern Stockworks,Mine,Openpit,Operating,J02851,Boorara / Horizon,121.644093999999996,-30.809280000000001,370294,6590748,51,Au Ag,Precious metal,GOLD,Boorara,N,,Y,,Operating Mine,Public,3236,KANOWNA,SH51-10,KURNALPI,"KALGOORLIE-BOULDER, CITY OF","GOLDFIELDS-ESPERANCE, Development Region",26,EAST COOLGARDIE,Eastern Goldfields Superterrane,20260112
S0000077,Butterfly 1,Butterfly 1,Mine,Openpit,Operating,J02010,Ulysses Gold,121.380359999999996,-29.197996000000000,342538,6768992,51,Au Ag,Precious metal,GOLD,Butterfly,N,,N,,Operating Mine,Public,3139,MELITA,SH51-05,MENZIES,"MENZIES, SHIRE OF","GOLDFIELDS-ESPERANCE, Development Region",40,NIAGARA,Eastern Goldfields Superterrane,20260112
S0000101,North Royal,North Royal - Princess Royal Opencut,Mine,Openpit,Operating,J00056,Central Norseman,121.808097000000004,-32.123246999999999,387566,6445281,51,Au Ag,Precious metal,GOLD,,N,,,,,Public,3233,NORSEMAN,SI51-02,NORSEMAN,"DUNDAS, SHIRE OF","GOLDFIELDS-ESPERANCE, Development Region",63,DUNDAS M.F.,Eastern Goldfields Superterrane,20260112
S0000102,OK,OK,Mine,Decline,Operating,J00056,Central Norseman,121.784914999999998,-32.218549000000003,385498,6434692,51,Au Ag,Precious metal,GOLD,OK,N,,N,,Operating Mine,Public,3233,NORSEMAN,SI51-02,NORSEMAN,"DUNDAS, SHIRE OF","GOLDFIELDS-ESPERANCE, Development Region",63,DUNDAS M.F.,Eastern Goldfields Superterrane,20260112
S0000158,Dreadnought,Dreadnought,Mine,Openpit,Operating,J00014,Coolgardie Gold / Focus,121.170693000000000,-30.995080000000002,325340,6569507,51,Au Ag,Precious metal,GOLD,,N,,,,,Public,3136,KALGOORLIE,SH51-09,KALGOORLIE,"COOLGARDIE, SHIRE OF","GOLDFIELDS-ESPERANCE, Development Region",15,COOLGARDIE,Eastern Goldfields Superterrane,20260112
S0000181,Morrison,Morrison,Mine,Openpit,Operating,J00102,Golden Mile / KCGM,121.508476000000002,-30.789470999999999,357290,6592778,51,Au Ag,Precious metal,GOLD,Morrison,N,,N,,Operating Mine,Public,3236,KANOWNA,SH51-10,KURNALPI,"KALGOORLIE-BOULDER, CITY OF","GOLDFIELDS-ESPERANCE, Development Region",26,EAST COOLGARDIE,Eastern Goldfields Superterrane,20260112
S0000201,Frasers UG,Frasers Underground,Mine,Decline,Operating,J00226,Marvel Loch - Southern Cross,119.331209999999999,-31.239545000000000,722021,6541507,50,Au Ag,Precious metal,GOLD,,N,,,,,Public,2735,SOUTHERN CROSS,SH50-16,SOUTHERN CROSS,"YILGARN, SHIRE OF","WHEATBELT, Development Region",77,YILGARN M.F.,Youanmi Terrane,20260112
S0000249,Golden Spec,Golden Spec,Mine,Shaft,Operating,J00126,Blue Spec / Novo,120.263914999999997,-21.823142000000001,217152,7584237,51,Au Sb Ag,Precious metal,GOLD,,N,,,,,Public,2954,NULLAGINE,SF51-05,NULLAGINE,"EAST PILBARA, SHIRE OF","PILBARA, Development Region",46,NULLAGINE,Mosquito Creek Basin,20260112
S0000258,Goongarrie Lady,Goongarrie Lady,Mine,Openpit,Operating,J04956,Goongarrie Lady,121.184490999999994,-30.081340999999998,325027,6670812,51,Au Ag,Precious metal,GOLD,Goongarrie Lady,N,,Y,,Operating Mine,Public,3137,BARDOC,SH51-09,KALGOORLIE,"MENZIES, SHIRE OF","GOLDFIELDS-ESPERANCE, Development Region",29,MENZIES,Eastern Goldfields Superterrane,20260112
S0000275,Hawkins Find,Hawkins Find,Mine,Openpit,Operating,J01884,Hawkins Find,121.021970999999994,-30.498373999999998,310165,6624324,51,Au Ag,Precious metal,GOLD,Hawkins Find,N,,Y,,Operating Mine,Public,3137,BARDOC,SH51-09,KALGOORLIE,"COOLGARDIE, SHIRE OF","GOLDFIELDS-ESPERANCE, Development Region",16,KUNANALLING,Eastern Goldfields Superterrane,20260112
S0000278,Great Fingall Deeps,Great Fingall Deeps,Mine,Shaft,Operating,J00017,Cue Gold - Central Murchison,117.850413000000003,-27.461576999999998,584028,6962151,50,Au Ag,Precious metal,GOLD,,N,,,,,Public,2443,CUE,SG50-15,CUE,"CUE, SHIRE OF","MID-WEST, Development Region",21,DAY DAWN,Youanmi Terrane,20260112
S0000284,Great Victoria S,Great Victoria South - Pakistani,Mine,Openpit,Operating,J00226,Marvel Loch - Southern Cross,119.573263999999995,-31.550578000000002,744274,6506505,50,Au Ag,Precious metal,GOLD,,N,,,,,Public,2834,CHERITONS FIND,SH50-16,SOUTHERN CROSS,"YILGARN, SHIRE OF","WHEATBELT, Development Region",77,YILGARN M.F.,Youanmi Terrane,20260112
S0000308,Fairplay E,Fairplay East,Mine,Openpit,Operating,J00152,Higginsville,121.726658999999998,-31.748749000000000,379395,6486708,51,Au Ag,Precious metal,GOLD,,N,,,,,Public,3234,COWAN,SH51-14,WIDGIEMOOLTHA,"COOLGARDIE, SHIRE OF","GOLDFIELDS-ESPERANCE, Development Region",15,COOLGARDIE,Eastern Goldfields Superterrane,20260112
S0000315,Brown Hill Opencut,Brown Hill Opencut,Mine,Openpit,Operating,J00156,Mt Magnet,117.790796999999998,-28.032761000000001,577731,6898916,50,Au Ag,Precious metal,GOLD,Brown Hill Opencut,N,,N,,Operating Mine,Public,2441,MOUNT MAGNET,SH50-03,KIRKALOCKA,"MOUNT MAGNET, SHIRE OF","MID-WEST, Development Region",58,MT. MAGNET,Youanmi Terrane,20260112
S0000316,Brown Hill UG,Brown Hill Underground,Mine,Unspecified,Operating,J00156,Mt Magnet,117.790796999999998,-28.032761000000001,577731,6898916,50,Au Ag,Precious metal,GOLD,Brown Hill Underground,N,,N,,Operating Mine,Public,2441,MOUNT MAGNET,SH50-03,KIRKALOCKA,"MOUNT MAGNET, SHIRE OF","MID-WEST, Development Region",58,MT. MAGNET,Youanmi Terrane,20260112
S0000352,Jeffreys,Jeffreys Find,Mine,Openpit,Operating,J00170,Jeffreys Find,122.151146999999995,-31.946420000000000,419773,6465189,51,Au Ag,Precious metal,GOLD,Jeffreys Find,N,,Y,,Operating Mine,Public,3334,YARDINA,SH51-14,WIDGIEMOOLTHA,"DUNDAS, SHIRE OF","GOLDFIELDS-ESPERANCE, Development Region",63,DUNDAS M.F.,Eastern Goldfields Superterrane,20260112
S0000357,Jupiter,Jupiter - Joanne - Doublejay,Mine,Openpit,Operating,J00256,Mt Morgans,122.219296999999997,-28.807175000000001,423818,6813127,51,Au Ag,Precious metal,GOLD,Jupiter - Joanne - Doublejay,N,,N,,Operating Mine,Public,3340,LAVERTON,SH51-02,LAVERTON,"LAVERTON, SHIRE OF","GOLDFIELDS-ESPERANCE, Development Region",39,MT. MORGANS,Eastern Goldfields Superterrane,20260112
S0000389,Harrys Hill,Harrys Hill,Mine,Openpit,Operating,J00184,Aldiss - Karonie,122.558037999999996,-31.044996999999999,457827,6565327,51,Au Ag,Precious metal,GOLD,Harrys Hill,N,,Y,,Operating Mine,Public,3435,ERAYINIA,SH51-14,WIDGIEMOOLTHA,"KALGOORLIE-BOULDER, CITY OF","GOLDFIELDS-ESPERANCE, Development Region",28,KURNALPI,Eastern Goldfields Superterrane,20260112
S0000404,Newhaven,Newhaven,Mine,Openpit,Operating,J01338,Phillips Find,120.965996000000004,-30.612843999999999,305022,6611541,51,Au Ag,Precious metal,GOLD,Newhaven,N,,N,,Operating Mine,Public,3036,DUNNSVILLE,SH51-09,KALGOORLIE,"COOLGARDIE, SHIRE OF","GOLDFIELDS-ESPERANCE, Development Region",16,KUNANALLING,Eastern Goldfields Superterrane,20260112
S0000440,King of Creation,King of Creation,Mine,Openpit,Operating,J00009,Duketon / Regis Resources,122.395005999999995,-28.154176000000000,440600,6885571,51,Au Ag,Precious metal,GOLD,,N,,,,,Public,3341,MOUNT VARDEN,SH51-02,LAVERTON,"LAVERTON, SHIRE OF","GOLDFIELDS-ESPERANCE, Development Region",38,MT. MARGARET,Burtville Terrane,20260112
S0000457,Devon,Devon,Mine,Openpit,Operating,J00216,Devon - Linden / Matsa,122.442397000000000,-29.285789000000001,445839,6760222,51,Au Ag,Precious metal,GOLD,,N,,,,,Public,3339,LAKE CAREY,SH51-06,EDJUDINA,"LEONORA, SHIRE OF","GOLDFIELDS-ESPERANCE, Development Region",39,MT. MORGANS,Eastern Goldfields Superterrane,20260112
S0000476,Marvel Loch Central,Marvel Loch Central,Mine,Openpit,Operating,J00226,Marvel Loch - Southern Cross,119.494012999999995,-31.464036000000000,736967,6516275,50,Au Ag,Precious metal,GOLD,,N,,,,,Public,2735,SOUTHERN CROSS,SH50-16,SOUTHERN CROSS,"YILGARN, SHIRE OF","WHEATBELT, Development Region",77,YILGARN M.F.,Youanmi Terrane,20260112
S0000483,MacPhersons Reward,MacPhersons Reward,Mine,Openpit,Operating,J00229,Coolgardie Gold,121.198527999999996,-30.995995000000001,328000,6569449,51,Au Ag,Precious metal,GOLD,MacPhersons Reward,N,,Y,,Operating Mine,Public,3136,KALGOORLIE,SH51-09,KALGOORLIE,"COOLGARDIE, SHIRE OF","GOLDFIELDS-ESPERANCE, Development Region",15,COOLGARDIE,Eastern Goldfields Superterrane,20260112
S0000541,Mt Marven,Mt Marven,Mine,Openpit,Operating,J00256,Mt Morgans,122.175607999999997,-28.812805999999998,419559,6812475,51,Au Ag,Precious metal,GOLD,Mt Marven,N,,Y,,Operating Mine,Public,3340,LAVERTON,SH51-02,LAVERTON,"LAVERTON, SHIRE OF","GOLDFIELDS-ESPERANCE, Development Region",39,MT. MORGANS,Eastern Goldfields Superterrane,20260112
S0000566,Racetrack,Racetrack - Racetrack West,Mine,Openpit,Operating,J00292,Paddington - Mt Pleasant,121.227040000000002,-30.556269000000000,329950,6618234,51,Au Ag,Precious metal,GOLD,Racetrack West,N,,Y,,Operating Mine,Public,3136,KALGOORLIE,SH51-09,KALGOORLIE,"KALGOORLIE-BOULDER, CITY OF","GOLDFIELDS-ESPERANCE, Development Region",24,BROAD ARROW M.F.,Eastern Goldfields Superterrane,20260112
S0000584,Malcolm,Malcolm,Mine,Openpit,Operating,J00270,Malcolm Challenger Gold - Murrin Murrin,121.817763999999997,-28.899706999999999,384735,6802551,51,Au,Precious metal,GOLD,Malcolm,N,,Y,,Operating Mine,Public,3240,MINERIE,SH51-02,LAVERTON,"LEONORA, SHIRE OF","GOLDFIELDS-ESPERANCE, Development Region",39,MT. MORGANS,Eastern Goldfields Superterrane,20260112
S0000590,Nevoria UG,Nevoria Underground,Mine,Decline,Operating,J00226,Marvel Loch - Southern Cross,119.588410999999994,-31.507251000000000,745826,6511276,50,Au Ag,Precious metal,GOLD,Nevoria,N,,Y,,Operating Mine,Public,2834,CHERITONS FIND,SH50-16,SOUTHERN CROSS,"YILGARN, SHIRE OF","WHEATBELT, Development Region",77,YILGARN M.F.,Youanmi Terrane,20260112
S0000671,Million Dollar North,Million Dollar North,Mine,Openpit,Operating,J00094,Porphyry - Northern Operations,122.285984999999997,-29.799040999999999,430996,6703268,51,Au Ag,Precious metal,GOLD,Million Dollar,N,,Y,,Operating Mine,Public,3338,EDJUDINA,SH51-06,EDJUDINA,"MENZIES, SHIRE OF","GOLDFIELDS-ESPERANCE, Development Region",31,YERILLA,Yilgarn Craton granites,20260112
S0000672,Porphyry UG,Porphyry Underground,Mine,Decline,Operating,J00094,Porphyry - Northern Operations,122.285014000000004,-29.780885999999999,430889,6705279,51,Au Ag,Precious metal,GOLD,Porphyry,N,,Y,,Operating Mine,Public,3338,EDJUDINA,SH51-06,EDJUDINA,"MENZIES, SHIRE OF","GOLDFIELDS-ESPERANCE, Development Region",31,YERILLA,Yilgarn Craton granites,20260112
S0000675,Queen Lapage,Queen Lapage,Mine,Openpit,Operating,J00307,Queen Lapage,121.979806999999994,-30.616166000000000,402216,6612492,51,Au Ag,Precious metal,GOLD,Queen Lapage,N,,Y,,Operating Mine,Public,3236,KANOWNA,SH51-10,KURNALPI,"KALGOORLIE-BOULDER, CITY OF","GOLDFIELDS-ESPERANCE, Development Region",25,BULONG,Eastern Goldfields Superterrane,20260112
S0000689,Riverina UG,Riverina Underground,Mine,Decline,Operating,J00084,Davyhurst - Lady Ida - Mulline - Riverina - Siberia Gold,120.564809999999994,-29.744009999999999,264494,6707096,51,Au Ag,Precious metal,GOLD,Riverina Underground,N,,N,,Operating Mine,Public,3038,RIVERINA,SH51-05,MENZIES,"MENZIES, SHIRE OF","GOLDFIELDS-ESPERANCE, Development Region",30,ULARRING,Eastern Goldfields Superterrane,20260112
S0000709,Second Fortune,Second Fortune,Mine,Decline,Operating,J02325,Linden Gold,122.435828999999998,-29.376491999999999,445250,6750169,51,Au Ag,Precious metal,GOLD,Second Fortune,N,,Y,,Operating Mine,Public,3339,LAKE CAREY,SH51-06,EDJUDINA,"MENZIES, SHIRE OF","GOLDFIELDS-ESPERANCE, Development Region",39,MT. MORGANS,Eastern Goldfields Superterrane,20260112
S0000726,Spargos Reward,Spargos Reward,Mine,Openpit,Operating,J00333,Spargos Reward,121.470759999999999,-31.236440000000002,354363,6543186,51,Au Ag,Precious metal,GOLD,Spargos Reward,N,,Y,,Operating Mine,Public,3135,YILMIA,SH51-13,BOORABBIN,"COOLGARDIE, SHIRE OF","GOLDFIELDS-ESPERANCE, Development Region",15,COOLGARDIE,Eastern Goldfields Superterrane,20260112
S0000728,Jasper,Jasper - Aucklands,Mine,Openpit,Operating,J00330,Gwalia - Leonora,121.243905999999996,-28.758956999999999,328547,6817456,51,Au Ag,Precious metal,GOLD,Jasper - Aucklands,N,,N,,Operating Mine,Public,3140,LEONORA,SH51-01,LEONORA,"LEONORA, SHIRE OF","GOLDFIELDS-ESPERANCE, Development Region",37,MT. MALCOLM,Eastern Goldfields Superterrane,20260112
S0000732,Main Dome,Telfer Main Dome,Mine,Openpit,Operating,J00338,Telfer / Newcrest,122.207127999999997,-21.719550999999999,417997,7598004,51,Au Cu Ag,Precious metal,GOLD,Telfer,Y,"Au, Cu, Ag",Y,,Operating Mine,Public,3354,PATERSON,SF51-06,PATERSON RANGE,"EAST PILBARA, SHIRE OF","PILBARA, Development Region",45,MARBLE BAR,Yeneena Basin,20260112
S0000790,Yilgangi Queen,Yilgangi Queen,Mine,Decline,Operating,J00366,Yilgangi Queen,122.162432999999993,-29.712862999999999,418985,6712737,51,Au,Precious metal,GOLD,Yilgangi Queen,N,,N,,Operating Mine,Public,3338,EDJUDINA,SH51-06,EDJUDINA,"MENZIES, SHIRE OF","GOLDFIELDS-ESPERANCE, Development Region",31,YERILLA,Eastern Goldfields Superterrane,20260112
S0000811,Anglo Saxon,Anglo Saxon - Trouser Legs,Mine,Openpit,Operating,J00424,Anglo Saxon - Trouser Legs,122.731488999999996,-30.076767000000000,474123,6672678,51,Au Ag,Precious metal,GOLD,Anglo Saxon,N,,Y,,Operating Mine,Public,3437,PINJIN,SH51-10,KURNALPI,"MENZIES, SHIRE OF","GOLDFIELDS-ESPERANCE, Development Region",31,YERILLA,Eastern Goldfields Superterrane,20260112
S0000812,Bannockburn Pit,Bannockburn Openpit - North and Central,Mine,Openpit,Operating,J04199,Bannockburn / Northern Star,120.893311999999995,-28.458677000000002,293723,6850179,51,Au Ag,Precious metal,GOLD,,N,,,,,Public,3041,WILDARA,SH51-01,LEONORA,"LEONORA, SHIRE OF","GOLDFIELDS-ESPERANCE, Development Region",37,MT. MALCOLM,Yilgarn Craton granites,20260112
S0000847,Great Victoria,Great Victoria - GVG,Mine,Openpit,Operating,J00226,Marvel Loch - Southern Cross,119.573710000000005,-31.544264999999999,744332,6507204,50,Au Ag,Precious metal,GOLD,Great Victoria,N,,Y,,Operating Mine,Public,2834,CHERITONS FIND,SH50-16,SOUTHERN CROSS,"YILGARN, SHIRE OF","WHEATBELT, Development Region",77,YILGARN M.F.,Youanmi Terrane,20260112
S0000849,Greenfields Pit,Greenfields Openpit,Mine,Openpit,Operating,J00014,Coolgardie Gold / Focus,121.200923000000003,-30.932811000000001,328115,6576457,51,Au Ag,Precious metal,GOLD,Greenfields Openpit,N,,Y,,Operating Mine,Public,3136,KALGOORLIE,SH51-09,KALGOORLIE,"COOLGARDIE, SHIRE OF","GOLDFIELDS-ESPERANCE, Development Region",15,COOLGARDIE,Eastern Goldfields Superterrane,20260112
S0000880,Mt Charlotte,Mt Charlotte,Mine,Shaft,Operating,J00102,Golden Mile / KCGM,121.480913999999999,-30.746428000000002,354588,6597514,51,Au Ag,Precious metal,GOLD,Mt Charlotte,N,,Y,,Operating Mine,Public,3136,KALGOORLIE,SH51-09,KALGOORLIE,"KALGOORLIE-BOULDER, CITY OF","GOLDFIELDS-ESPERANCE, Development Region",26,EAST COOLGARDIE,Eastern Goldfields Superterrane,20260112
S0000927,Two Boys,Two Boys / Karora,Mine,Decline,Operating,J00152,Higginsville,121.725008000000003,-31.740396000000000,379228,6487632,51,Au Ag,Precious metal,GOLD,Two Boys,N,,Y,,Operating Mine,Public,3234,COWAN,SH51-14,WIDGIEMOOLTHA,"COOLGARDIE, SHIRE OF","GOLDFIELDS-ESPERANCE, Development Region",15,COOLGARDIE,Eastern Goldfields Superterrane,20260112
S0000933,Bellevue UG,Bellevue Underground,Mine,Decline,Operating,J04770,Bellevue,120.557630000000003,-27.636058999999999,259016,6940729,51,Au Ag,Precious metal,GOLD,Bellevue,N,,Y,,Operating Mine,Public,3042,SIR SAMUEL,SG51-13,SIR SAMUEL,"LEONORA, SHIRE OF","GOLDFIELDS-ESPERANCE, Development Region",36,LAWLERS,Eastern Goldfields Superterrane,20260112
S0000949,Cornishman,Cornishman - Cornishman South,Mine,Openpit,Operating,J00226,Marvel Loch - Southern Cross,119.364395999999999,-31.280897000000000,725085,6536855,50,Au Ag,Precious metal,GOLD,,N,,,,,Public,2735,SOUTHERN CROSS,SH50-16,SOUTHERN CROSS,"YILGARN, SHIRE OF","WHEATBELT, Development Region",77,YILGARN M.F.,Youanmi Terrane,20260112
S0001007,Wandoo S,Wandoo South,Mine,Openpit,Operating,J00026,Boddington Gold,116.357529999999997,-32.753064000000002,439816,6375905,50,Au Cu As Bi Ag,Precious metal,GOLD,Boddington,Y,"Au, Cu, As, Bi, Ag",Y,,Operating Mine,Public,2132,DWELLINGUP,SI50-02,PINJARRA,"BODDINGTON, SHIRE OF","PEEL, Development Region",70,SOUTH WEST M.F.,South West Terrane,20260112
S0001063,Mickey Doolan,Mickey Doolan,Mine,Openpit,Operating,J00017,Cue Gold - Central Murchison,118.502785000000003,-26.618085000000001,649610,7054985,50,Au Ag,Precious metal,GOLD,Mickey Doolan,N,,Y,,Operating Mine,Public,2644,GABANINTHA,SG50-12,GLENGARRY,"MEEKATHARRA, SHIRE OF","MID-WEST, Development Region",51,MEEKATHARRA,Youanmi Terrane,20260112
S0001112,Emu,Emu - Bottle Creek,Mine,Openpit,Operating,J00028,Bottle Creek,120.446809999999999,-29.154026000000002,251646,6772252,51,Au Ag,Precious metal,GOLD,,N,,,,,Public,2939,MOUNT MASON,SH51-05,MENZIES,"MENZIES, SHIRE OF","GOLDFIELDS-ESPERANCE, Development Region",29,MENZIES,Eastern Goldfields Superterrane,20260112
S0001113,VB,VB,Mine,Openpit,Operating,J00028,Bottle Creek,120.456428000000002,-29.178288999999999,252640,6769583,51,Au Ag,Precious metal,GOLD,,N,,,,,Public,2939,MOUNT MASON,SH51-05,MENZIES,"MENZIES, SHIRE OF","GOLDFIELDS-ESPERANCE, Development Region",29,MENZIES,Eastern Goldfields Superterrane,20260112
S0001114,Boags,Boags,Mine,Openpit,Operating,J00028,Bottle Creek,120.459063000000000,-29.188086999999999,252919,6768503,51,Au Ag,Precious metal,GOLD,,N,,,,,Public,2939,MOUNT MASON,SH51-05,MENZIES,"MENZIES, SHIRE OF","GOLDFIELDS-ESPERANCE, Development Region",29,MENZIES,Eastern Goldfields Superterrane,20260112
S0001172,George Palmer,George Palmer Pit,Mine,Openpit,Operating,J00446,Sino - Cape Preston Iron,116.141306000000000,-21.081327000000002,410802,7668611,50,Fe Mag Fe2O3,Iron,IRON ORE,George Palmer - Sino Iron,N,,Y,,Operating Mine,Public,2155,FORTESCUE,SF50-06,YARRALOOLA,"KARRATHA, CITY OF","PILBARA, Development Region",8,ASHBURTON M.F.,Hamersley Basin,20260112
S0001224,Deepdale J,"Deepdale Mesa J Pits 1-12, J Extended",Mine,Openpit,Operating,J00484,Robe River - Deepdale,116.247364000000005,-21.751424000000000,422176,7594497,50,Fe,Iron,IRON ORE,Mesa J - Deepdale,N,,Y,,Operating Mine,Public,2154,PANNAWONICA,SF50-06,YARRALOOLA,"ASHBURTON, SHIRE OF","PILBARA, Development Region",8,ASHBURTON M.F.,Hamersley Basin,20260112
S0001256,Gossan Hill U/G,Gossan Hill Portal,Mine,Decline,Operating,J00527,Golden Grove,116.962417000000002,-28.765073999999998,496331,6818041,50,Cu Zn Pb Ag Au,Base metal,COPPER - LEAD - ZINC,Golden Grove,Y,"Cu, Zn, Pb, Ag, Au",Y,,Operating Mine,Public,2240,BADJA,SH50-02,YALGOO,"YALGOO, SHIRE OF","MID-WEST, Development Region",59,YALGOO M.F.,Youanmi Terrane,20260112
S0001257,Scuddles U/G,Scuddles Portal - Cervantes,Mine,Decline,Operating,J00527,Golden Grove,116.945114000000004,-28.744553000000000,494641,6820314,50,Zn Pb Cu Ag Au,Base metal,COPPER - LEAD - ZINC,Scuddles,Y,"Zn, Pb, Cu, Ag, Au",Y,,Operating Mine,Public,2240,BADJA,SH50-02,YALGOO,"YALGOO, SHIRE OF","MID-WEST, Development Region",59,YALGOO M.F.,Youanmi Terrane,20260112
S0001258,Goliath North,Goliath North - Mt Keith Satellite,Mine,Openpit,Operating,J00756,Mt Keith / BHP Billiton,120.589219999999997,-27.448636000000000,261730,6961561,51,Ni,Steel alloy metal,NICKEL,Goliath North,Y,Ni,Y,,Operating Mine,Public,3043,MOUNT KEITH,SG51-13,SIR SAMUEL,"LEONORA, SHIRE OF","GOLDFIELDS-ESPERANCE, Development Region",36,LAWLERS,Eastern Goldfields Superterrane,20260112
S0001260,Cornwall,Cornwall Primary Pegmatite,Mine,Openpit,Operating,J00530,Greenbushes Tantalum,116.059889999999996,-33.855791000000004,413035,6253436,50,Ta Li Sn Ta2O5 SnO2,Speciality metal,TIN - TANTALUM - LITHIUM,Cornwall Primary Pegmatite,N,,N,,Operating Mine,Public,2130,BRIDGETOWN,SI50-06,COLLIE,"BRIDGETOWN-GREENBUSHES, SHIRE OF","SOUTH WEST, Development Region",1,GREENBUSHES M.F.,South West Terrane,20260112
S0001331,Koolyanobbing K,Koolyanobbing K,Mine,Openpit,Operating,J00559,Koolyanobbing Iron,119.518609999999995,-30.797027000000000,740986,6590179,50,Fe FeSpec OrnStone,Iron,IRON ORE,Koolyanobbing,N,,N,,Operating Mine,Public,2836,SEABROOK,SH50-12,JACKSON,"YILGARN, SHIRE OF","WHEATBELT, Development Region",77,YILGARN M.F.,Youanmi Terrane,20260112
S0001346,Wheelarra 4,Wheelarra 4,Mine,Openpit,Operating,J00573,Jimblebar-Wheelarra-Hashimoto / BHPB,120.137110000000007,-23.380316000000001,207351,7411475,51,Fe,Iron,IRON ORE,Wheelarra 4,N,,N,,Operating Mine,Public,2951,MURRAMUNDA,SF51-13,ROBERTSON,"EAST PILBARA, SHIRE OF","PILBARA, Development Region",52,PEAK HILL M.F.,Hamersley Basin,20260112
S0001385,Tom Price,Tom Price Main and Remnants,Mine,Openpit,Operating,J03928,Tom Price / Rio Tinto,117.776105000000001,-22.769333000000000,579673,7481806,50,Fe,Iron,IRON ORE,Tom Price,N,,N,,Operating Mine,Public,2452,MOUNT LIONEL,SF50-11,MOUNT BRUCE,"ASHBURTON, SHIRE OF","PILBARA, Development Region",47,WEST PILBARA M.F.,Hamersley Basin,20260112
S0001387,Sec 17 Main West,Turner Syncline Section 17 Main West,Mine,Openpit,Operating,J00609,Turner Syncline West,117.469122999999996,-22.721738999999999,548175,7487207,50,Fe,Iron,IRON ORE,Section 17 - Turner Syncline,N,,Y,,Operating Mine,Public,2352,ROCKLEA,SF50-11,MOUNT BRUCE,"ASHBURTON, SHIRE OF","PILBARA, Development Region",47,WEST PILBARA M.F.,Hamersley Basin,20260112
S0001388,Turner Syncline Sec 10,Turner Syncline Section 10,Mine,Openpit,Operating,J00609,Turner Syncline West,117.586314000000002,-22.662196000000002,560235,7493755,50,Fe,Iron,IRON ORE,Western Turner Syncline,N,,N,,Operating Mine,Public,2452,MOUNT LIONEL,SF50-11,MOUNT BRUCE,"ASHBURTON, SHIRE OF","PILBARA, Development Region",47,WEST PILBARA M.F.,Hamersley Basin,20260112
S0001395,Munda Gold,Munda Gold,Mine,Openpit,Operating,J02853,Widgiemooltha Gold,121.530908999999994,-31.502883000000001,360486,6513729,51,Au Ag,Precious metal,GOLD,,N,,,,,Public,3234,COWAN,SH51-14,WIDGIEMOOLTHA,"COOLGARDIE, SHIRE OF","GOLDFIELDS-ESPERANCE, Development Region",15,COOLGARDIE,Eastern Goldfields Superterrane,20260112
S0001402,Mt Whaleback,Mt Whaleback,Mine,Openpit,Operating,J00623,Newman / BHPB,119.675409999999999,-23.365347000000000,773505,7413501,50,Fe,Iron,IRON ORE,Mt Whaleback,N,,Y,,Operating Mine,Public,2851,NEWMAN,SF50-16,NEWMAN,"EAST PILBARA, SHIRE OF","PILBARA, Development Region",52,PEAK HILL M.F.,Hamersley Basin,20260112
S0001405,OB 29,Mt Newman Orebody 29,Mine,Openpit,Operating,J00623,Newman / BHPB,119.703806000000000,-23.382245999999999,776374,7411574,50,Fe,Iron,IRON ORE,Orebody 29,N,,N,,Operating Mine,Public,2851,NEWMAN,SF50-16,NEWMAN,"EAST PILBARA, SHIRE OF","PILBARA, Development Region",52,PEAK HILL M.F.,Hamersley Basin,20260112
S0001413,18E,Paraburdoo 18 East,Mine,Openpit,Operating,J03930,Paraburdoo / Rio Tinto,117.631311999999994,-23.255635999999999,564576,7428040,50,Fe,Iron,IRON ORE,Paraburdoo 18 East,N,,N,,Operating Mine,Public,2451,PARABURDOO,SF50-15,TUREE CREEK,"ASHBURTON, SHIRE OF","PILBARA, Development Region",47,WEST PILBARA M.F.,Hamersley Basin,20260112
S0001441,Wonnerup South,Wonnerup South Main Pit,Mine,Openpit,Operating,J01034,Bunbury Area Operations / Tronox,115.415262999999996,-33.670974000000001,353084,6273198,50,HM Ilm Leu Zrn,Speciality metal,HEAVY MINERAL SANDS,Wonnerup,N,,N,,Operating Mine,Public,1930,BUSSELTON,SI50-05,BUSSELTON,"BUSSELTON, CITY OF","SOUTH WEST, Development Region",70,SOUTH WEST M.F.,Bunbury Trough,20260112
S0001455,Silvergrass Pit 4,Silvergrass Pit 4,Mine,Openpit,Operating,J03932,Brockman 2 - Nammuldi - Silvergrass - Homestead / Rio Tinto,117.303549000000004,-22.317743000000000,531262,7531971,50,Fe,Iron,IRON ORE,Silvergrass,N,,Y,,Operating Mine,Public,2353,JEERINAH,SF50-11,MOUNT BRUCE,"ASHBURTON, SHIRE OF","PILBARA, Development Region",47,WEST PILBARA M.F.,Hamersley Basin,20260112
S0001471,HD1 SC,Hope Downs 1 South Central,Mine,Openpit,Operating,J00685,Hope Downs Joint Venture,119.107354000000001,-22.998656000000000,716001,7455076,50,Fe,Iron,IRON ORE,Hope Downs 1 South Central,N,,N,,Operating Mine,Public,2752,WEELI WOLLI,SF50-12,ROY HILL,"EAST PILBARA, SHIRE OF","PILBARA, Development Region",47,WEST PILBARA M.F.,Hamersley Basin,20260112
S0001488,Wonnerup North,Wonnerup North,Mine,Openpit,Operating,J01034,Bunbury Area Operations / Tronox,115.474052999999998,-33.646695000000001,358494,6275972,50,HM Ilm Zrn Leu Mnz,Speciality metal,HEAVY MINERAL SANDS,Wonnerup North,N,,N,,Operating Mine,Public,1930,BUSSELTON,SI50-05,BUSSELTON,"BUSSELTON, CITY OF","SOUTH WEST, Development Region",70,SOUTH WEST M.F.,Bunbury Trough,20260112
S0001534,23E,Paraburdoo 23 East,Mine,Openpit,Operating,J03930,Paraburdoo / Rio Tinto,117.654009000000002,-23.248826000000001,566901,7428783,50,Fe,Iron,IRON ORE,Paraburdoo 23 East,N,,N,,Operating Mine,Public,2451,PARABURDOO,SF50-15,TUREE CREEK,"ASHBURTON, SHIRE OF","PILBARA, Development Region",47,WEST PILBARA M.F.,Hamersley Basin,20260112
S0001538,Abra UG,Abra Underground,Mine,Decline,Operating,J00545,Abra - Mulgul,118.585521999999997,-24.638199000000000,660473,7274187,50,Pb Ag,Base metal,COPPER - LEAD - ZINC,Abra,Y,"Pb, Ag",Y,,Operating Mine,Public,2648,CALYIE,SG50-04,COLLIER,"MEEKATHARRA, SHIRE OF","MID-WEST, Development Region",52,PEAK HILL M.F.,Edmund Basin,20260112
S0001590,84E,Paraburdoo 84 East (Pits 1-5),Mine,Openpit,Operating,J00481,Channar,117.822810000000004,-23.302496000000001,584135,7422753,50,Fe,Iron,IRON ORE,Channar,N,,Y,,Operating Mine,Public,2451,PARABURDOO,SF50-15,TUREE CREEK,"ASHBURTON, SHIRE OF","PILBARA, Development Region",47,WEST PILBARA M.F.,Hamersley Basin,20260112
S0001592,Mesa A,Deepdale Mesa A Pits 1-8,Mine,Openpit,Operating,J00484,Robe River - Deepdale,115.886506999999995,-21.672567999999998,384797,7603000,50,Fe,Iron,IRON ORE,Mesa A - Deepdale,N,,Y,,Operating Mine,Public,2054,YARRALOOLA,SF50-06,YARRALOOLA,"ASHBURTON, SHIRE OF","PILBARA, Development Region",8,ASHBURTON M.F.,Ashburton Basin,20260112
S0001597,Coondiner HD4 East,Coondiner HD4 East,Mine,Openpit,Operating,J00685,Hope Downs Joint Venture,119.574368000000007,-23.145738000000001,763603,7438018,50,Fe,Iron,IRON ORE,Hope Downs 4,N,,Y,,Operating Mine,Public,2851,NEWMAN,SF50-16,NEWMAN,"EAST PILBARA, SHIRE OF","PILBARA, Development Region",47,WEST PILBARA M.F.,Hamersley Basin,20260112
S0001602,Cockatoo Island 3,Cockatoo Island Stage 3 (and seawall),Mine,Openpit,Operating,J01147,Cockatoo Island,123.608018999999999,-16.098390999999999,565022,8220086,51,Fe,Iron,IRON ORE,Cockatoo Island Stage 3 (and seawall),N,,Y,,Operating Mine,Public,3665,YAMPI,SE51-03,YAMPI,"DERBY/WEST KIMBERLEY, SHIRE OF","KIMBERLEY, Development Region",4,WEST KIMBERLEY M.F.,Kimberley Basin,20260112
S0001607,MAC C West,MAC - Deposit C West Pit,Mine,Openpit,Operating,J00576,Mining Area C,118.962610999999995,-22.929836000000002,701262,7462903,50,Fe,Iron,IRON ORE,MAC - Deposit C West Pit,N,,N,,Operating Mine,Public,2652,MUNJINA,SF50-12,ROY HILL,"EAST PILBARA, SHIRE OF","PILBARA, Development Region",47,WEST PILBARA M.F.,Hamersley Basin,20260112
S0001608,MAC D,MAC - Deposit D,Mine,Openpit,Operating,J00576,Mining Area C,118.943209999999993,-22.933416999999999,699267,7462534,50,Fe,Iron,IRON ORE,MAC - Deposit D,N,,N,,Operating Mine,Public,2652,MUNJINA,SF50-12,ROY HILL,"EAST PILBARA, SHIRE OF","PILBARA, Development Region",47,WEST PILBARA M.F.,Hamersley Basin,20260112
S0001609,MAC E East,MAC - Deposit E East Pit,Mine,Openpit,Operating,J00576,Mining Area C,118.927308999999994,-22.932527000000000,697637,7462653,50,Fe,Iron,IRON ORE,MAC-E,N,,Y,,Operating Mine,Public,2652,MUNJINA,SF50-12,ROY HILL,"EAST PILBARA, SHIRE OF","PILBARA, Development Region",47,WEST PILBARA M.F.,Hamersley Basin,20260112
S0001610,MAC F,MAC - Deposit F,Mine,Openpit,Operating,J00576,Mining Area C,118.875752000000006,-22.941710000000000,692336,7461705,50,Fe,Iron,IRON ORE,MAC-F,N,,Y,,Operating Mine,Public,2652,MUNJINA,SF50-12,ROY HILL,"EAST PILBARA, SHIRE OF","PILBARA, Development Region",47,WEST PILBARA M.F.,Hamersley Basin,20260112
S0001624,South Flank,MAC - South Flank,Mine,Openpit,Operating,J00576,Mining Area C,118.923311999999996,-22.998657000000001,697131,7455335,50,Fe,Iron,IRON ORE,South Flank,N,,Y,,Operating Mine,Public,2652,MUNJINA,SF50-12,ROY HILL,"EAST PILBARA, SHIRE OF","PILBARA, Development Region",47,WEST PILBARA M.F.,Hamersley Basin,20260112
S0001632,OB 25 - Pit 3,Mt Newman Orebody 25 - Pit 3,Mine,Openpit,Operating,J00623,Newman / BHPB,119.818308000000002,-23.329936000000000,788198,7417146,50,Fe,Iron,IRON ORE,Mt Newman 25,N,,N,,Operating Mine,Public,2851,NEWMAN,SF50-16,NEWMAN,"EAST PILBARA, SHIRE OF","PILBARA, Development Region",52,PEAK HILL M.F.,Hamersley Basin,20260112
S0001634,OB 18 Main,Mt Newman Orebody 18 Main - Shovelanna Hill,Mine,Openpit,Operating,J00623,Newman / BHPB,120.042029999999997,-23.333300999999999,197519,7416489,51,Fe,Iron,IRON ORE,Mt Newman 18,N,,Y,,Operating Mine,Public,2951,MURRAMUNDA,SF51-13,ROBERTSON,"EAST PILBARA, SHIRE OF","PILBARA, Development Region",52,PEAK HILL M.F.,Hamersley Basin,20260112
S0001639,OB 24 E,Mt Newman Orebody 24 East,Mine,Openpit,Operating,J00623,Newman / BHPB,119.810809000000006,-23.304185000000000,787486,7420014,50,Fe,Iron,IRON ORE,Mt Newman 24 25,N,,Y,,Operating Mine,Public,2851,NEWMAN,SF50-16,NEWMAN,"EAST PILBARA, SHIRE OF","PILBARA, Development Region",47,WEST PILBARA M.F.,Hamersley Basin,20260112
S0001642,OB 30,Mt Newman Orebody 30,Mine,Openpit,Operating,J00623,Newman / BHPB,119.662336999999994,-23.377224999999999,772144,7412210,50,Fe,Iron,IRON ORE,Orebody 30,N,,N,,Operating Mine,Public,2851,NEWMAN,SF50-16,NEWMAN,"EAST PILBARA, SHIRE OF","PILBARA, Development Region",52,PEAK HILL M.F.,Hamersley Basin,20260112
S0001643,OB 35,Mt Newman Orebody 35,Mine,Openpit,Operating,J00623,Newman / BHPB,119.657313000000002,-23.389635999999999,771604,7410844,50,Fe,Iron,IRON ORE,Mt Newman 29 30 35,N,,Y,,Operating Mine,Public,2851,NEWMAN,SF50-16,NEWMAN,"EAST PILBARA, SHIRE OF","PILBARA, Development Region",52,PEAK HILL M.F.,Hamersley Basin,20260112
S0001646,64E,Paraburdoo 64 East,Mine,Openpit,Operating,J00481,Channar,117.774507999999997,-23.303307000000000,579195,7422691,50,Fe,Iron,IRON ORE,,N,,,,,Public,2451,PARABURDOO,SF50-15,TUREE CREEK,"ASHBURTON, SHIRE OF","PILBARA, Development Region",47,WEST PILBARA M.F.,Hamersley Basin,20260112
S0001709,CLD,Central Lanthanide (CLD),Mine,Openpit,Operating,J00772,Mt Weld REE / Lynas,122.547574999999995,-28.863966000000001,455876,6807002,51,REE Ce La Nd Sm Gd Eu Y Pr Dy Tb Er Ho Tm Yb Nb Th Ta Lu Sc,Speciality metal,RARE EARTHS,Mt Weld,Y,"REE, Ce, La, Nd, Sm, Gd, Eu, Y, Pr, Dy, Tb, Er, Ho, Tm, Yb, Nb, Th, Ta, Lu, Sc",Y,,Operating Mine,Public,3440,BURTVILLE,SH51-02,LAVERTON,"LAVERTON, SHIRE OF","GOLDFIELDS-ESPERANCE, Development Region",38,MT. MARGARET,Large igneous provinces and dyke swarms,20260112
S0001726,Boddington Bauxite,Boddington Bauxite,Mine,Openpit,Operating,J00776,Worsley,116.455912999999995,-32.931547000000002,449134,6356170,50,Bx,Alumina,BAUXITE - ALUMINA,Boddington,N,,Y,,Operating Mine,Public,2132,DWELLINGUP,SI50-02,PINJARRA,"BODDINGTON, SHIRE OF","PEEL, Development Region",70,SOUTH WEST M.F.,South West Terrane,20260112
S0001731,Greenbushes Central Lode Pit,Greenbushes C3 Spodumene,Mine,Openpit,Operating,J04090,Greenbushes Lithium,116.065804999999997,-33.858907000000002,413585,6253095,50,Li Ta Sn,Speciality metal,TIN - TANTALUM - LITHIUM,Greenbushes,Y,"Li, Ta, Sn",Y,,Operating Mine,Public,2130,BRIDGETOWN,SI50-06,COLLIE,"BRIDGETOWN-GREENBUSHES, SHIRE OF","SOUTH WEST, Development Region",1,GREENBUSHES M.F.,South West Terrane,20260112
S0001739,Willowdale,Willowdale,Mine,Openpit,Operating,J00779,Wagerup-Pinjarra / Alcoa,116.014812000000006,-32.920704999999998,407883,6357073,50,Bx,Alumina,BAUXITE - ALUMINA,Willowdale,N,,Y,,Operating Mine,Public,2132,DWELLINGUP,SI50-02,PINJARRA,"WAROONA, SHIRE OF","PEEL, Development Region",70,SOUTH WEST M.F.,Yilgarn Craton granites,20260112
S0001743,Toy Rd Lot 7-Area 1,Toy Rd Bindoon Lot 7-Area 1,Mine,Openpit,Operating,J02697,Bindoon Hill Gravel Supply,116.133043999999998,-31.325324999999999,417516,6534019,50,Gvl,Construction material,CONSTRUCTION MATERIALS,,N,,,,,Public,2135,CHITTERING,SH50-14,PERTH,"CHITTERING, SHIRE OF","WHEATBELT, Development Region",70,SOUTH WEST M.F.,Yilgarn Craton granites,20260112
S0001752,Lynton 1/GMA,Lynton 1 - Port Gregory/GMA,Mine,Openpit,Operating,J00788,Port Gregory Garnet/GMA,114.277209999999997,-28.172305999999999,232659,6880710,50,Grt Ilm Zrn,Industrial mineral,HEAVY MINERAL SANDS,,N,,,,,Public,1741,HUTT,SH50-01,GERALDTON,"NORTHAMPTON, SHIRE OF","MID-WEST, Development Region",70,SOUTH WEST M.F.,Gascoyne Platform,20260112
S0001794,Koorda,Koorda,Mine,Openpit,Operating,J00808,Koorda,117.405726999999999,-30.751704000000000,538833,6597845,50,Gp,Industrial mineral,GYPSUM,Koorda,Y,Gp,Y,,Operating Mine,Public,2336,KOORDA,SH50-11,BENCUBBIN,"KOORDA, SHIRE OF","WHEATBELT, Development Region",70,SOUTH WEST M.F.,Yilgarn Craton granites,20260112
S0001798,Burran Rock South,Burran Rock South,Mine,Openpit,Operating,J00811,Burran Rock South,117.989479000000003,-31.347631000000000,594119,6531448,50,Gp,Industrial mineral,GYPSUM,Burran Rock,Y,Gp,Y,,Operating Mine,Public,2435,TRAYNING,SH50-15,KELLERBERRIN,"KELLERBERRIN, SHIRE OF","WHEATBELT, Development Region",70,SOUTH WEST M.F.,Yilgarn Craton granites,20260112
S0001810,Lake Gulson,Lake Gulson,Mine,Openpit,Operating,J00823,Lake Gulson,119.466963000000007,-32.819747000000000,730951,6366000,50,Gp,Industrial mineral,GYPSUM,Lake Gulson,Y,Gp,Y,,Operating Mine,Public,2732,HURLSTONE,SI50-04,HYDEN,"LAKE GRACE, SHIRE OF","WHEATBELT, Development Region",70,SOUTH WEST M.F.,Yilgarn Craton granites,20260112
S0001813,Lake Hillman M70/136,Lake Hillman M70/136,Mine,Openpit,Operating,J00826,Lake Hillman / Adelaide Brighton,117.173843000000005,-30.313207999999999,516714,6646495,50,Gp Cement,Industrial mineral,GYPSUM,Lake Hillman,Y,"Gp, Cement",Y,,Operating Mine,Public,2337,KALANNIE,SH50-11,BENCUBBIN,"DALWALLINU, SHIRE OF","WHEATBELT, Development Region",70,SOUTH WEST M.F.,Yilgarn Craton granites,20260112
S0001815,Pippingarra/NW Quarries,Pippingarra / North West Quarries,Mine,Openpit,Operating,J00828,Pippingarra Quarry / North West Quarries,118.761376999999996,-20.573657999999998,683594,7724044,50,Agg Fel Mica Gran Sd SiO2,Construction material,CONSTRUCTION MATERIALS,,N,,,,,Public,2656,WALLARINGA,SF50-04,PORT HEDLAND,"PORT HEDLAND, TOWN OF","PILBARA, Development Region",45,MARBLE BAR,Split Rock Supersuite,20260112
S0001835,Kununurra 1/JSW,Kununurra 1 / JSW,Mine,Openpit,Operating,J00842,Kununurra / JSW,128.701735000000014,-15.735498000000000,468046,8260299,52,Gvl Sd,Construction material,CONSTRUCTION MATERIALS,,N,,,,,Public,4666,KUNUNURRA,SD52-14,CAMBRIDGE GULF,"WYNDHAM-EAST KIMBERLEY, SHIRE OF","KIMBERLEY, Development Region",80,KIMBERLEY M.F.,Kalkarindji Large Igneous Province,20260112
S0001837,Comet Hill NW/Boral,Comet Hill Northwest / Boral,Mine,Openpit,Operating,J00844,Comet Hill-Gnarlabine / Boral,121.040180000000007,-31.028856000000001,312943,6565551,51,Gvl Sd,Construction material,CONSTRUCTION MATERIALS,,N,,,,,Public,3135,YILMIA,SH51-13,BOORABBIN,"COOLGARDIE, SHIRE OF","GOLDFIELDS-ESPERANCE, Development Region",15,COOLGARDIE,Yilgarn Craton granites,20260112
S0001838,Mt Welcome North,Mt Welcome North,Mine,Openpit,Operating,J00845,Mt Welcome,117.096902999999998,-20.690922000000000,510092,7712055,50,Gvl,Construction material,CONSTRUCTION MATERIALS,,N,,,,,Public,2356,ROEBOURNE,SF50-03,ROEBOURNE,"KARRATHA, CITY OF","PILBARA, Development Region",47,WEST PILBARA M.F.,Gorge Creek Basin,20260112
S0001840,Paraburdoo Sand 1 / Heidelberg,Paraburdoo Sand 1 / Heidelberg,Mine,Openpit,Operating,J00847,Paraburdoo Sand and Gravel / Heidelberg Materials,117.551800000000000,-23.138038000000002,556492,7441093,50,Sd Gvl,Construction material,CONSTRUCTION MATERIALS,,N,,,,,Public,2451,PARABURDOO,SF50-15,TUREE CREEK,"ASHBURTON, SHIRE OF","PILBARA, Development Region",47,WEST PILBARA M.F.,South Pilbara Sub-basin,20260112
S0001842,Nillibubbaca B,Nillibubbaca-Yeeda (Part B - Royalties),Mine,Openpit,Operating,J01542,Nillibubbaca - Yeeda / Kimberley Quarry,123.078755000000001,-17.713654999999999,508351,8041492,51,Agg Brck Sd Aggc,Construction material,CONSTRUCTION MATERIALS,,N,,,,,Public,3562,CLARKSON,SE51-07,DERBY,"DERBY/WEST KIMBERLEY, SHIRE OF","KIMBERLEY, Development Region",4,WEST KIMBERLEY M.F.,Fitzroy Trough,20260112
S0001848,Cervantes/Crossland,Cervantes / Crossland,Mine,Openpit,Operating,J00855,Cervantes / Crossland,115.094918000000007,-30.474561000000001,317123,6627085,50,Sd,Construction material,CONSTRUCTION MATERIALS,,N,,,,,Public,1937,HILL RIVER,SH50-09,HILL RIVER,"DANDARAGAN, SHIRE OF","WHEATBELT, Development Region",70,SOUTH WEST M.F.,Beagle Ridge,20260112
S0001855,Aggregate Quarry/Holcim,Newman Aggregate / Holcim,Mine,Openpit,Operating,J00862,Newman Aggregate / Holcim,119.696331000000001,-23.321265000000000,775736,7418346,50,Agg Aggc Brck Sd Ball Dlt,Construction material,CONSTRUCTION MATERIALS,,N,,,,,Public,2851,NEWMAN,SF50-16,NEWMAN,"EAST PILBARA, SHIRE OF","PILBARA, Development Region",52,PEAK HILL M.F.,South Pilbara Sub-basin,20260112
S0001856,Turner River South/Holcim,Turner River South Sand / Holcim,Mine,Openpit,Operating,J04450,Turner River Dune Sand / Holcim,118.521555000000006,-20.619983999999999,658544,7719167,50,Sd Gvl,Construction material,CONSTRUCTION MATERIALS,,N,,,,,Public,2656,WALLARINGA,SF50-04,PORT HEDLAND,"PORT HEDLAND, TOWN OF","PILBARA, Development Region",45,MARBLE BAR,Soanesville Basin,20260112
S0001857,Warrawanda Ck 1/Holcim,Warrawanda Creek 1 / Holcim,Mine,Openpit,Operating,J00864,Warrawanda Creek / Holcim,119.871881000000002,-23.452083999999999,793410,7403505,50,Sd,Construction material,CONSTRUCTION MATERIALS,,N,,,,,Public,2851,NEWMAN,SF50-16,NEWMAN,"MEEKATHARRA, SHIRE OF","MID-WEST, Development Region",52,PEAK HILL M.F.,"Pilbara Craton, Sylvania Inlier",20260112
S0001859,Kangaroo Hills,Kangaroo Hills,Mine,Openpit,Operating,J02050,Kangaroo Hills - Coolgardie South,121.151534999999996,-30.987102000000000,323496,6570361,51,Sd,Construction material,CONSTRUCTION MATERIALS,,N,,,,,Public,3136,KALGOORLIE,SH51-09,KALGOORLIE,"COOLGARDIE, SHIRE OF","GOLDFIELDS-ESPERANCE, Development Region",15,COOLGARDIE,Yilgarn Craton granites,20260112
S0001860,Goods Road East,Goods Road East - Chidlow / Tuma,Mine,Openpit,Operating,J00867,Chidlow / Tuma,116.387150000000005,-31.904541999999999,442053,6469981,50,Sd Gvl Clay,Construction material,CONSTRUCTION MATERIALS,,N,,,,,Public,2134,WOOROLOO,SH50-14,PERTH,"NORTHAM, SHIRE OF","WHEATBELT, Development Region",70,SOUTH WEST M.F.,Yilgarn Craton granites,20260112
S0001861,Dampier Salt Pond,Dampier Salt Pond,Mine,Pond,Operating,J00868,Dampier Salt,116.718052000000000,-20.724011000000001,470643,7708370,50,Salt,Industrial mineral,SALT,Dampier,Y,Salt,Y,,Operating Mine,Public,2256,DAMPIER,SF50-02,DAMPIER,"KARRATHA, CITY OF","PILBARA, Development Region",47,WEST PILBARA M.F.,Maitland River Supersuite,20260112
S0001864,Useless Loop Salt Conc Ponds,Useless Loop Salt Concentrator Ponds,Mine,Pond,Operating,J00871,Shark Bay Salt,113.402465000000007,-26.157671000000001,740155,7104634,49,Salt Bittern,Industrial mineral,SALT,Useless Loop,Y,"Salt, Bittern",Y,,Operating Mine,Public,1545,EDEL,SG49-12,EDEL,"SHARK BAY, SHIRE OF","GASCOYNE, Development Region",9,GASCOYNE M.F.,Gascoyne Platform,20260112
S0001866,Lake Deborah East Pond,Lake Deborah East Pond,Mine,Pond,Operating,J00872,Lake Deborah East Salt,119.402592999999996,-30.669485000000002,730186,6604564,50,Salt,Industrial mineral,SALT,Lake Deborah East,Y,Salt,Y,,Operating Mine,Public,2736,BULLFINCH,SH50-12,JACKSON,"YILGARN, SHIRE OF","WHEATBELT, Development Region",77,YILGARN M.F.,Yilgarn Craton granites,20260112
S0001868,Bulagin,Bulagin,Mine,Pond,Operating,J00874,Bulagin,117.337096000000003,-31.313994000000001,532075,6535550,50,Salt,Industrial mineral,SALT,Bulagin,Y,Salt,Y,,Operating Mine,Public,2335,DOWERIN,SH50-15,KELLERBERRIN,"WYALKATCHEM, SHIRE OF","WHEATBELT, Development Region",70,SOUTH WEST M.F.,Yilgarn Craton granites,20260112
S0001885,Yanchep/WA Lmst,Military Rd Yanchep / WA Limestone,Mine,Openpit,Operating,J00888,Yanchep / WA Limestone,115.672008000000005,-31.434940999999998,373795,6521431,50,Lst Lst-Lsd,Construction material,LIMESTONE - LIMESAND,,N,,,,,Public,2035,GINGIN,SH50-14,PERTH,"GINGIN, SHIRE OF","WHEATBELT, Development Region",70,SOUTH WEST M.F.,Mandurah Terrace,20260112
S0001887,Point D'Entrecasteaux/WALCO,Point D'Entrecasteaux / WALCO,Mine,Openpit,Operating,J00890,Point D'Entrecasteaux / WALCO,116.013396999999998,-34.828873999999999,409782,6145490,50,Lst Lsd Lst-Lsd,Construction material,LIMESTONE - LIMESAND,,N,,,,,Public,2128,NORTHCLIFFE,SI50-10,PEMBERTON,"MANJIMUP, SHIRE OF","SOUTH WEST, Development Region",70,SOUTH WEST M.F.,Biranup Zone,20260112
S0001888,Cutler Rd/Lmst BBCo,Cutler Rd / Limestone Building Blocks Company,Mine,Openpit,Operating,J00891,Cutler Rd Nowergup / WA Limestone,115.752409999999998,-31.607037999999999,381654,6502445,50,Lst Dst Aglime,Construction material,LIMESTONE - LIMESAND,,N,,,,,Public,2034,PERTH,SH50-14,PERTH,"WANNEROO, CITY OF",METRO,70,SOUTH WEST M.F.,Mandurah Terrace,20260112
S0001891,Lancelin/Candeloro,Lancelin / Candeloro,Mine,Openpit,Operating,J00894,Lancelin / Candeloro,115.327295000000007,-30.997107000000000,340298,6569518,50,Lst Lsd Lst-Lsd Aglime,Construction material,LIMESTONE - LIMESAND,,N,,,,,Public,1936,WEDGE ISLAND,SH50-09,HILL RIVER,"GINGIN, SHIRE OF","WHEATBELT, Development Region",70,SOUTH WEST M.F.,Vlaming Sub-basin,20260112
S0001892,Lancelin/Westdeen,Lancelin / Westdeen,Mine,Openpit,Operating,J00895,Lancelin / Westdeen,115.347560000000001,-31.030411000000001,342288,6565855,50,Aglime Lsd Lst-Lsd Lst,Industrial mineral,LIMESTONE - LIMESAND,Lancelin,Y,"Aglime, Lsd, Lst-Lsd, Lst",Y,,Operating Mine,Public,1935,LEDGE POINT,SH50-13,LEDGE POINT,"GINGIN, SHIRE OF","WHEATBELT, Development Region",70,SOUTH WEST M.F.,Vlaming Sub-basin,20260112
S0001894,Bandalup N2 West,Bandalup Magnesite N2 West,Mine,Openpit,Operating,J00897,Bandalup Magnesite,120.363449000000003,-33.607596999999998,255373,6278235,51,MgCO3 Aglime,Industrial mineral,MAGNESITE,Bandalup,Y,"MgCO3, Aglime",Y,,Operating Mine,Public,2930,RAVENSTHORPE,SI51-05,RAVENSTHORPE,"RAVENSTHORPE, SHIRE OF","GOLDFIELDS-ESPERANCE, Development Region",74,PHILLIPS RIVER M.F.,Youanmi Terrane,20260112
S0001897,Garnet Ice,Fraser Range - Garnet Ice,Mine,Openpit,Operating,J00900,Fraser Range Granite-Dolerite,122.669235000000000,-32.078772999999998,468784,6450785,51,Gran Dst,Construction material,DIMENSION STONE,,N,,,,,Public,3433,FRASER RANGE,SI51-02,NORSEMAN,"DUNDAS, SHIRE OF","GOLDFIELDS-ESPERANCE, Development Region",63,DUNDAS M.F.,Biranup Zone,20260112
S0001913,Mt Seabrook 1,Mt Seabrook 1,Mine,Openpit,Operating,J00914,Mt Seabrook Talc,117.724513000000002,-25.601465999999999,572752,7168251,50,Tlc,Industrial mineral,TALC,Mt Seabrook,Y,Tlc,Y,,Operating Mine,Public,2446,MOORARIE,SG50-07,ROBINSON RANGE,"MEEKATHARRA, SHIRE OF","MID-WEST, Development Region",52,PEAK HILL M.F.,Padbury Basin,20260112
S0001946,Walkaway/Holcim,Walkaway / Holcim,Mine,Openpit,Operating,J00937,Walkaway / Holcim,114.800511000000000,-28.860887000000002,285455,6805439,50,Agg,Construction material,CONSTRUCTION MATERIALS,,N,,,,,Public,1840,GERALDTON,SH50-01,GERALDTON,"GREATER GERALDTON, CITY OF","MID-WEST, Development Region",70,SOUTH WEST M.F.,"Pinjarra Orogen, Northampton Inlier",20260112
S0001959,Gascoyne River M09/31,Gascoyne River Sand M09/31,Mine,Openpit,Operating,J04825,Gascoyne River / Ford-Brandenburg,113.736339999999998,-24.847532999999999,776532,7249158,49,Sd,Construction material,CONSTRUCTION MATERIALS,,N,,,,,Public,1648,CARNARVON,SG49-04,QUOBBA,"CARNARVON, SHIRE OF","GASCOYNE, Development Region",9,GASCOYNE M.F.,Gascoyne Platform,20260112
S0001962,Hopkins Rd 1/Lst BBCo,Hopkins Road 1 Nowergup / Limestone Building Block Co,Mine,Openpit,Operating,J00947,Hopkins Rd Nowergup / Limestone Building Block,115.756010000000003,-31.608393000000000,381998,6502298,50,Lst Lst-Lsd,Construction material,LIMESTONE - LIMESAND,,N,,,,,Public,2034,PERTH,SH50-14,PERTH,"WANNEROO, CITY OF",METRO,70,SOUTH WEST M.F.,Mandurah Terrace,20260112
S0001964,Maranoa,Maranoa - Menzies,Mine,Openpit,Operating,J02197,East Menzies Gold,121.077807000000007,-29.695325000000000,314027,6713429,51,Au Ag,Precious metal,GOLD,,N,,,,,Public,3138,MENZIES,SH51-05,MENZIES,"MENZIES, SHIRE OF","GOLDFIELDS-ESPERANCE, Development Region",29,MENZIES,Eastern Goldfields Superterrane,20260112
S0001965,Sullivan Ck South/Holcim,Sullivan Creek South / Holcim,Mine,Openpit,Operating,J00949,Sullivan Creek Sand / Holcim,121.166521000000003,-28.747005000000001,320970,6818666,51,Sd,Construction material,CONSTRUCTION MATERIALS,,N,,,,,Public,3140,LEONORA,SH51-01,LEONORA,"LEONORA, SHIRE OF","GOLDFIELDS-ESPERANCE, Development Region",37,MT. MALCOLM,Yilgarn Craton granites,20260112
S0001966,Comet Vale Sand/Holcim,Comet Vale Sand / Holcim,Mine,Openpit,Operating,J00950,Comet Vale Sand / Holcim,121.125997999999996,-29.919871000000001,319095,6688618,51,Sd,Construction material,CONSTRUCTION MATERIALS,,N,,,,,Public,3138,MENZIES,SH51-05,MENZIES,"MENZIES, SHIRE OF","GOLDFIELDS-ESPERANCE, Development Region",29,MENZIES,Yilgarn Craton granites,20260112
S0001969,Rocky Crossing Rd Lot 6 / Holcim,Rocky Crossing Rd Willyung Lot 6 / Holcim,Mine,Openpit,Operating,J00953,Albany - Willyung / Holcim,117.849496000000002,-34.946114999999999,577570,6132603,50,Agg Dst,Construction material,CONSTRUCTION MATERIALS,,N,,,,,Public,2428,MOUNT BARKER,SI50-11,MOUNT BARKER,"ALBANY, CITY OF","GREAT SOUTHERN, Development Region",70,SOUTH WEST M.F.,Nornalup Zone,20260112
S0001996,South Western Hwy Lot 202 Byford Quarry / Heidelberg,South Western Hwy Lot 202 Byford Quarry / Heidelberg,Mine,Openpit,Operating,J00963,Byford Quarry / Heidelberg Materials,116.029798000000000,-32.272416999999997,408629,6428955,50,Aggc Agg,Construction material,CONSTRUCTION MATERIALS,,N,,,,,Public,2133,JARRAHDALE,SI50-02,PINJARRA,"SERPENTINE-JARRAHDALE, SHIRE OF","PEEL, Development Region",70,SOUTH WEST M.F.,Yilgarn Craton granites,20260112
S0002011,Cobbler Pool Rd Lot 111 / Boral,Cobbler Pool Rd Toodyay Lot 111 / Boral,Mine,Openpit,Operating,J00967,Toodyay - Cobbler Pool,116.282894999999996,-31.575617999999999,431954,6506379,50,Agg Gran,Construction material,CONSTRUCTION MATERIALS,,N,,,,,Public,2134,WOOROLOO,SH50-14,PERTH,"TOODYAY, SHIRE OF","WHEATBELT, Development Region",70,SOUTH WEST M.F.,Yilgarn Craton granites,20260112
S0002037,Jules Rd Lot 2644 Gelorup 1 / Holcim,Jules Rd Gelorup Lot 2644 Gelorup 1 / Holcim,Mine,Openpit,Operating,J00971,Gelorup - Bunbury / Holcim,115.652883000000003,-33.398020000000002,374721,6303776,50,Agg Bas Aga,Construction material,CONSTRUCTION MATERIALS,,N,,,,,Public,2031,BUNBURY,SI50-06,COLLIE,"CAPEL, SHIRE OF","SOUTH WEST, Development Region",70,SOUTH WEST M.F.,Bunbury Trough,20260112
S0002038,Allenville Rd Lot 27 Gelorup North / Heidelberg,Allenville Rd Geolorup Lot 27 Gelorup North / Heidelberg,Mine,Openpit,Operating,J02412,Gelorup Quarry / Heidelberg Materials,115.655462999999997,-33.402140000000003,374967,6303323,50,Agg Bas,Construction material,CONSTRUCTION MATERIALS,,N,,,,,Public,2031,BUNBURY,SI50-06,COLLIE,"CAPEL, SHIRE OF","SOUTH WEST, Development Region",70,SOUTH WEST M.F.,Bunbury Trough,20260112
S0002055,Gosnells/Holcim,Gosnells / Holcim,Mine,Openpit,Operating,J00975,Gosnells / Holcim,116.030213000000003,-32.073605000000001,408470,6450994,50,Agg,Construction material,CONSTRUCTION MATERIALS,,N,,,,,Public,2133,JARRAHDALE,SI50-02,PINJARRA,"GOSNELLS, CITY OF",METRO,70,SOUTH WEST M.F.,Yilgarn Craton granites,20260112
S0002104,Sams Creek - Point Samson,Sams Creek - Point Samson,Mine,Openpit,Operating,J00993,Sams Creek - Point Samson / Karratha Earthmoving,117.186524000000006,-20.619536000000000,519434,7719947,50,Sd,Construction material,CONSTRUCTION MATERIALS,,N,,,,,Public,2356,ROEBOURNE,SF50-03,ROEBOURNE,"KARRATHA, CITY OF","PILBARA, Development Region",47,WEST PILBARA M.F.,Gorge Creek Basin,20260112
S0002105,Pickering Brook Gravel,Pickering Brook Gravel,Mine,Openpit,Operating,J00994,Pickering Brook Gravel,116.160567999999998,-32.062058000000000,420763,6452378,50,Gvl,Construction material,CONSTRUCTION MATERIALS,,N,,,,,Public,2133,JARRAHDALE,SI50-02,PINJARRA,"KALAMUNDA, CITY OF",METRO,70,SOUTH WEST M.F.,Yilgarn Craton granites,20260112
S0002152,Tycho,Tycho,Mine,Openpit,Operating,J00229,Coolgardie Gold,121.198853999999997,-31.016562000000000,328068,6567170,51,Au Ag,Precious metal,GOLD,Tycho,N,,N,,Operating Mine,Public,3135,YILMIA,SH51-13,BOORABBIN,"COOLGARDIE, SHIRE OF","GOLDFIELDS-ESPERANCE, Development Region",15,COOLGARDIE,Eastern Goldfields Superterrane,20260112
S0002166,Cassiterite,Cassiterite,Mine,Openpit,Operating,J00720,Wodgina Mining Assets / Mineral Resources,118.674102000000005,-21.190318999999999,673784,7655871,50,Li Ta Sn Rb,Speciality metal,TIN - TANTALUM - LITHIUM,Cassiterite - Wodgina,Y,"Li, Ta, Sn, Rb",Y,,Operating Mine,Public,2655,WODGINA,SF50-08,MARBLE BAR,"PORT HEDLAND, TOWN OF","PILBARA, Development Region",45,MARBLE BAR,Gorge Creek Basin,20260112
S0002168,Scotia,Scotia Underground,Mine,Decline,Operating,J00056,Central Norseman,121.791970000000006,-32.474449000000000,386482,6406331,51,Au Ag,Precious metal,GOLD,Scotia Underground,N,,N,,Operating Mine,Public,3233,NORSEMAN,SI51-02,NORSEMAN,"DUNDAS, SHIRE OF","GOLDFIELDS-ESPERANCE, Development Region",63,DUNDAS M.F.,"Northern Foreland, Albany-Fraser Orogen",20260112
S0002175,Lake Tay M74/49,Lake Tay M74/49,Mine,Openpit,Operating,J01009,Lake Tay,120.735315999999997,-33.032862999999999,288499,6342791,51,Gp,Industrial mineral,GYPSUM,Lake Tay,Y,Gp,Y,,Operating Mine,Public,3031,NORTHOVER,SI51-05,RAVENSTHORPE,"ESPERANCE, SHIRE OF","GOLDFIELDS-ESPERANCE, Development Region",74,PHILLIPS RIVER M.F.,Scaddan Embayment,20260112
S0002196,Bullant,Bullant - Ora Banda,Mine,Decline,Operating,J00292,Paddington - Mt Pleasant,121.057811000000001,-30.527456999999998,313661,6621161,51,Au Ag,Precious metal,GOLD,Bullant,N,,Y,,Operating Mine,Public,3136,KALGOORLIE,SH51-09,KALGOORLIE,"COOLGARDIE, SHIRE OF","GOLDFIELDS-ESPERANCE, Development Region",16,KUNANALLING,Eastern Goldfields Superterrane,20260112
S0002232,Rothsay UG,Rothsay Underground,Mine,Decline,Operating,J00315,Rothsay,116.877668000000000,-29.289266000000001,488118,6759959,50,Au Ag,Precious metal,GOLD,Rothsay,N,,Y,,Operating Mine,Public,2239,ROTHSAY,SH50-06,PERENJORI,"PERENJORI, SHIRE OF","MID-WEST, Development Region",59,YALGOO M.F.,Youanmi Terrane,20260112
S0002289,Harbour Lights UG,Harbour Lights Underground,Mine,Decline,Operating,J00330,Gwalia - Leonora,121.322008999999994,-28.873676000000000,336353,6804853,51,Au Ag,Precious metal,GOLD,Harbour Lights,N,,Y,,Operating Mine,Public,3140,LEONORA,SH51-01,LEONORA,"LEONORA, SHIRE OF","GOLDFIELDS-ESPERANCE, Development Region",37,MT. MALCOLM,Eastern Goldfields Superterrane,20260112
S0002370,Boogardie Orbicular Granite,Boogardie Orbicular Granite / Seivwright,Mine,Openpit,Operating,J01069,Boogardie Orbicular Granite / Seivwright,117.486029000000002,-28.060986000000000,547761,6895946,50,OrbicGran Dst OrnStone,Construction material,DIMENSION STONE,,N,,,,,Public,2341,EDAH,SH50-03,KIRKALOCKA,"MOUNT MAGNET, SHIRE OF","MID-WEST, Development Region",59,YALGOO M.F.,Youanmi Terrane,20260112
S0002383,Sons of Gwalia UG,Sons of Gwalia Underground,Mine,Decline,Operating,J00330,Gwalia - Leonora,121.333483999999999,-28.918406999999998,337542,6799911,51,Au Ag,Precious metal,GOLD,Sons of Gwalia,N,,Y,,Operating Mine,Public,3140,LEONORA,SH51-01,LEONORA,"LEONORA, SHIRE OF","GOLDFIELDS-ESPERANCE, Development Region",37,MT. MALCOLM,Eastern Goldfields Superterrane,20260112
S0002386,Telfer UG,Telfer Underground,Mine,Decline,Operating,J00338,Telfer / Newcrest,122.202742000000001,-21.722427000000000,417545,7597684,51,Au Ag,Precious metal,GOLD,Telfer Underground,N,,N,,Operating Mine,Public,3354,PATERSON,SF51-06,PATERSON RANGE,"EAST PILBARA, SHIRE OF","PILBARA, Development Region",45,MARBLE BAR,Yeneena Basin,20260112
S0002403,Water Reserve,Water Reserve - Broome,Mine,Openpit,Operating,J00942,Coconut Wells - Broome,122.271383000000000,-17.885638000000000,422815,8022316,51,Sd Gvl,Construction material,CONSTRUCTION MATERIALS,,N,,,,,Public,3362,BROOME,SE51-06,BROOME,"BROOME, SHIRE OF","KIMBERLEY, Development Region",4,WEST KIMBERLEY M.F.,Jurgurra Terrace,20260112
S0002432,Lake Cowan South,Lake Cowan South Gypsum - M63/148,Mine,Openpit,Operating,J01324,Lake Cowan Gypsum / Whitfield,121.741166000000007,-32.233404999999998,381394,6432998,51,Gp,Industrial mineral,GYPSUM,Lake Cowan,Y,Gp,Y,,Operating Mine,Public,3233,NORSEMAN,SI51-02,NORSEMAN,"DUNDAS, SHIRE OF","GOLDFIELDS-ESPERANCE, Development Region",63,DUNDAS M.F.,Eastern Goldfields Superterrane,20260112
S0002464,Denison Limesand/Cockburn,Denison Limesand / Cockburn,Mine,Openpit,Operating,J01105,Denison Limesand / Cockburn,114.935529000000002,-29.289812000000001,299461,6758137,50,Lsd,Construction material,LIMESTONE - LIMESAND,,N,,,,,Public,1839,DONGARA,SH50-05,DONGARA,"IRWIN, SHIRE OF","MID-WEST, Development Region",70,SOUTH WEST M.F.,Dongara Terrace,20260112
S0002483,Boomer,Boomer,Mine,Openpit,Operating,J00156,Mt Magnet,117.809991999999994,-28.054756999999999,579602,6896467,50,Au Ag,Precious metal,GOLD,Boomer,N,,N,,Operating Mine,Public,2441,MOUNT MAGNET,SH50-03,KIRKALOCKA,"MOUNT MAGNET, SHIRE OF","MID-WEST, Development Region",58,MT. MAGNET,Youanmi Terrane,20260112
S0002512,United North,United North - Link,Mine,Openpit,Under Development,J00367,Youanmi Gold - OYG,118.835533999999996,-28.602119999999999,679478,6834718,50,Au Ag,Precious metal,GOLD,,N,,,,,Public,2640,YOUANMI,SH50-04,YOUANMI,"SANDSTONE, SHIRE OF","MID-WEST, Development Region",57,BLACK RANGE,Youanmi Terrane,20260112
S0002520,Roebuck Plains South/McCorry Brown,Roebuck Plains South Sand / McCorry Brown,Mine,Openpit,Operating,J01131,Roebuck Plains / McCorry Brown,122.613220999999996,-18.011661000000000,459057,8008482,51,Sd,Construction material,CONSTRUCTION MATERIALS,,N,,,,,Public,3461,ROEBUCK PLAINS,SE51-10,LAGRANGE,"BROOME, SHIRE OF","KIMBERLEY, Development Region",4,WEST KIMBERLEY M.F.,Jurgurra Terrace,20260112
S0002536,Lake Deborah East Sand,Lake Deborah East Sand,Mine,Openpit,Operating,J01142,Lake Deborah East Sand,119.459811000000002,-30.962125000000000,734955,6572000,50,Sd,Construction material,CONSTRUCTION MATERIALS,,N,,,,,Public,2736,BULLFINCH,SH50-12,JACKSON,"YILGARN, SHIRE OF","WHEATBELT, Development Region",77,YILGARN M.F.,Youanmi Terrane,20260112
S0002541,Golden Funnel,Golden Funnel,Mine,Openpit,Operating,J00292,Paddington - Mt Pleasant,121.247089000000003,-30.579412000000001,331913,6615699,51,Au Ag,Precious metal,GOLD,Golden Funnel,N,,N,,Operating Mine,Public,3136,KALGOORLIE,SH51-09,KALGOORLIE,"KALGOORLIE-BOULDER, CITY OF","GOLDFIELDS-ESPERANCE, Development Region",24,BROAD ARROW M.F.,Eastern Goldfields Superterrane,20260112
S0002547,Dongara Aglime,Dongara Aglime,Mine,Openpit,Operating,J01149,Dongara - Denison / Westdeen Aglime,114.926034999999999,-29.279022999999999,298518,6759316,50,Aglime Lsd Lst-Lsd Lst,Industrial mineral,LIMESTONE - LIMESAND,Dongara,Y,"Aglime, Lsd, Lst-Lsd, Lst",Y,,Operating Mine,Public,1839,DONGARA,SH50-05,DONGARA,"IRWIN, SHIRE OF","MID-WEST, Development Region",70,SOUTH WEST M.F.,Dongara Terrace,20260112
S0002553,Karratha Stone/Bell,Karratha Stone / Bell,Mine,Openpit,Operating,J01154,Karratha Stone / Bell,116.949655000000007,-21.059169000000001,494770,7671303,50,Sdst Dst Brck,Construction material,DIMENSION STONE,,N,,,,,Public,2255,PINDERI HILLS,SF50-06,YARRALOOLA,"KARRATHA, CITY OF","PILBARA, Development Region",47,WEST PILBARA M.F.,Northwest Pilbara Sub-basin,20260112
S0002568,Murat Rd/Exmouth Quarries,Murat Road / Exmouth Quarries,Mine,Openpit,Operating,J01168,Murat Road Limestone / Exmouth Quarries,114.114378000000002,-21.975839000000001,202002,7567038,50,Lst Gvl Brck,Construction material,LIMESTONE - LIMESAND,,N,,,,,Public,1754,EXMOUTH,SF50-05,ONSLOW,"EXMOUTH, SHIRE OF","GASCOYNE, Development Region",8,ASHBURTON M.F.,Exmouth Sub-basin,20260112
S0002583,Ewington 1,Ewington 1,Mine,Openpit,Operating,J01096,Collie / Lanco,116.219454999999996,-33.348711999999999,427372,6309782,50,Coal Shale,Energy,COAL,Ewington,N,,Y,,Operating Mine,Public,2131,COLLIE,SI50-06,COLLIE,"COLLIE, SHIRE OF","SOUTH WEST, Development Region",12,COLLIE RIVER M.F.,Collie Sub-basin,20260112
S0002607,Cockburn North,Cockburn North,Mine,Openpit,Operating,J00250,Yandal - Bronzewing,120.938913999999997,-27.418506000000001,296245,6965522,51,Au Ag,Precious metal,GOLD,Cockburn,N,,Y,,Operating Mine,Public,3043,MOUNT KEITH,SG51-13,SIR SAMUEL,"LEONORA, SHIRE OF","GOLDFIELDS-ESPERANCE, Development Region",36,LAWLERS,Eastern Goldfields Superterrane,20260112
S0002613,Gascoyne River Sand M09/11,Gascoyne River Sand M09/11,Mine,Openpit,Operating,J03793,Gascoyne River Sand / Vandeleur,113.780758000000006,-24.821366000000001,781082,7251967,49,Sd Gvl,Construction material,CONSTRUCTION MATERIALS,,N,,,,,Public,1648,CARNARVON,SG49-04,QUOBBA,"CARNARVON, SHIRE OF","GASCOYNE, Development Region",9,GASCOYNE M.F.,Gascoyne Platform,20260112
S0002616,Moylan Rd Lot 2 and 235 / WA Lmst,Moylan Rd Wattleup Lot 2 and 235 / WA Limestone,Mine,Openpit,Operating,J01512,Wattleup / WA Limestone,115.800638000000006,-32.168951000000000,386918,6440207,50,Lst,Construction material,LIMESTONE - LIMESAND,,N,,,,,Public,2033,FREMANTLE,SI50-02,PINJARRA,"COCKBURN, CITY OF",METRO,70,SOUTH WEST M.F.,Mandurah Terrace,20260112
S0002660,Gascoyne Sand M09/27 M09/170,Gascoyne Sand M09/27 M09/170,Mine,Openpit,Operating,J03793,Gascoyne River Sand / Vandeleur,113.718615999999997,-24.832349000000001,774773,7250877,49,Sd,Construction material,CONSTRUCTION MATERIALS,,N,,,,,Public,1648,CARNARVON,SG49-04,QUOBBA,"CARNARVON, SHIRE OF","GASCOYNE, Development Region",9,GASCOYNE M.F.,Gascoyne Platform,20260112
S0002710,Northam-Toodyay Rd Lot 11 / Holcim,Northam - Toodyay Rd Lot 11 / Holcim,Mine,Openpit,Operating,J01229,Northam / Holcim,116.616709999999998,-31.644537000000000,463657,6498899,50,Agg,Construction material,CONSTRUCTION MATERIALS,,N,,,,,Public,2234,NORTHAM,SH50-14,PERTH,"NORTHAM, SHIRE OF","WHEATBELT, Development Region",70,SOUTH WEST M.F.,Yilgarn Craton granites,20260112
S0002711,Myrup Rd Lot 835 Esperance / Holcim,Myrup Rd Myrup Lot 835 Esperance / Holcim,Mine,Openpit,Operating,J01230,Esperance / Holcim,121.921685999999994,-33.770913999999998,400151,6262722,51,Agg Gran,Construction material,CONSTRUCTION MATERIALS,,N,,,,,Public,3230,ESPERANCE,SI51-06,ESPERANCE,"ESPERANCE, SHIRE OF","GOLDFIELDS-ESPERANCE, Development Region",63,DUNDAS M.F.,Nornalup Zone,20260112
S0002731,Cane River / Heidelberg,Cane River / Heidelberg,Mine,Openpit,Operating,J01240,Cane River / Heidelberg Materials,115.531495000000007,-21.947690000000001,348352,7572237,50,Sd Gvl,Construction material,CONSTRUCTION MATERIALS,,N,,,,,Public,2054,YARRALOOLA,SF50-06,YARRALOOLA,"ASHBURTON, SHIRE OF","PILBARA, Development Region",8,ASHBURTON M.F.,Peedamullah Shelf,20260112
S0002734,Lot 6 Lovers Lane Toodyay Quartzite,Lovers Lane Lot 6 Toodyay Quartzite,Mine,Openpit,Operating,J01241,Toodyay Quartzite,116.391413999999997,-31.594396000000000,442263,6504360,50,Qtze Dst,Construction material,DIMENSION STONE,,N,,,,,Public,2134,WOOROLOO,SH50-14,PERTH,"TOODYAY, SHIRE OF","WHEATBELT, Development Region",70,SOUTH WEST M.F.,South West Terrane,20260112
S0002815,Daisy-Milano,Daisy - Milano,Mine,Decline,Operating,J00251,Randalls - Mt Monger,121.921372000000005,-31.013124000000001,397039,6568444,51,Au Ag,Precious metal,GOLD,Daisy-Milano,N,,Y,,Operating Mine,Public,3235,LAKE LEFROY,SH51-14,WIDGIEMOOLTHA,"KALGOORLIE-BOULDER, CITY OF","GOLDFIELDS-ESPERANCE, Development Region",26,EAST COOLGARDIE,Eastern Goldfields Superterrane,20260112
S0002833,Mungari/Bereth,Mungari / Bereth,Mine,Openpit,Operating,J00431,Coolgardie / Bereth,121.282008000000005,-30.903445999999999,335813,6579835,51,Au Ag,Precious metal,GOLD,Mungari,N,,Y,,Operating Mine,Public,3136,KALGOORLIE,SH51-09,KALGOORLIE,"COOLGARDIE, SHIRE OF","GOLDFIELDS-ESPERANCE, Development Region",15,COOLGARDIE,Eastern Goldfields Superterrane,20260112
S0002836,CNX,CNX,Mine,Openpit,Operating,J00014,Coolgardie Gold / Focus,121.191205999999994,-30.920508999999999,327165,6577805,51,Au Ag,Precious metal,GOLD,,N,,,,,Public,3136,KALGOORLIE,SH51-09,KALGOORLIE,"COOLGARDIE, SHIRE OF","GOLDFIELDS-ESPERANCE, Development Region",15,COOLGARDIE,Eastern Goldfields Superterrane,20260112
S0002855,Mulgarrie,Mulgarrie,Mine,Openpit,Operating,J00292,Paddington - Mt Pleasant,121.515157000000002,-30.383496000000001,357336,6637784,51,Au Ag,Precious metal,GOLD,Mulgarrie,N,,Y,,Operating Mine,Public,3237,GINDALBIE,SH51-10,KURNALPI,"KALGOORLIE-BOULDER, CITY OF","GOLDFIELDS-ESPERANCE, Development Region",27,KANOWNA,Eastern Goldfields Superterrane,20260112
S0002882,Penny West,Penny West,Mine,Openpit,Under Development,J05525,Penny Gold,118.810438000000005,-28.853881999999999,676600,6806856,50,Au Ag,Precious metal,GOLD,Penny West,N,,N,,Operating Mine,Public,2640,YOUANMI,SH50-04,YOUANMI,"SANDSTONE, SHIRE OF","MID-WEST, Development Region",57,BLACK RANGE,Youanmi Terrane,20260112
S0002883,Langey Crossing Sand,Langey Crossing / McCorry Brown,Mine,Openpit,Operating,J01280,Langey Crossing / McCorry Brown,123.567676000000006,-17.658072000000001,560211,8047553,51,Sd Gvl,Construction material,CONSTRUCTION MATERIALS,,N,,,,,Public,3662,YEEDA,SE51-07,DERBY,"DERBY/WEST KIMBERLEY, SHIRE OF","KIMBERLEY, Development Region",4,WEST KIMBERLEY M.F.,Fitzroy Trough,20260112
S0002912,P3,Packsaddle Range P3,Mine,Openpit,Operating,J00576,Mining Area C,118.960538000000000,-22.905612000000001,701086,7465589,50,Fe,Iron,IRON ORE,Packsaddle Range P3,N,,N,,Operating Mine,Public,2652,MUNJINA,SF50-12,ROY HILL,"EAST PILBARA, SHIRE OF","PILBARA, Development Region",47,WEST PILBARA M.F.,Hamersley Basin,20260112
S0002952,94E,Paraburdoo 94 East,Mine,Openpit,Operating,J00481,Channar,117.848307000000005,-23.305968000000000,586740,7422354,50,Fe,Iron,IRON ORE,Paraburdoo 94 East,N,,N,,Operating Mine,Public,2451,PARABURDOO,SF50-15,TUREE CREEK,"ASHBURTON, SHIRE OF","PILBARA, Development Region",47,WEST PILBARA M.F.,Hamersley Basin,20260112
S0002953,55-66W,Paraburdoo 55-66 West,Mine,Openpit,Under Development,J03930,Paraburdoo / Rio Tinto,117.407709999999994,-23.166737000000001,541731,7437963,50,Fe,Iron,IRON ORE,Paraburdoo 66 West,N,,N,,Operating Mine,Public,2351,ASHBURTON,SF50-15,TUREE CREEK,"ASHBURTON, SHIRE OF","PILBARA, Development Region",47,WEST PILBARA M.F.,Hamersley Basin,20260112
S0002955,36-50W,Paraburdoo 36-50 West,Mine,Openpit,Under Development,J03930,Paraburdoo / Rio Tinto,117.465211999999994,-23.179507000000001,547612,7436532,50,Fe,Iron,IRON ORE,Western Range,N,,N,,Operating Mine,Public,2351,ASHBURTON,SF50-15,TUREE CREEK,"ASHBURTON, SHIRE OF","PILBARA, Development Region",47,WEST PILBARA M.F.,Hamersley Basin,20260112
S0002957,11W,Paraburdoo 11 West,Mine,Openpit,Operating,J03930,Paraburdoo / Rio Tinto,117.561312000000001,-23.225895999999999,557428,7431361,50,Fe,Iron,IRON ORE,Paraburdoo 11 West,N,,N,,Operating Mine,Public,2451,PARABURDOO,SF50-15,TUREE CREEK,"ASHBURTON, SHIRE OF","PILBARA, Development Region",47,WEST PILBARA M.F.,Hamersley Basin,20260112
S0002960,Gudai-Darri K58,Gudai-Darri K58,Mine,Openpit,Operating,J00557,Gudai-Darri,119.038133000000002,-22.533746000000001,709612,7506664,50,Fe,Iron,IRON ORE,Gudai-Darri,N,,Y,,Operating Mine,Public,2752,WEELI WOLLI,SF50-12,ROY HILL,"EAST PILBARA, SHIRE OF","PILBARA, Development Region",47,WEST PILBARA M.F.,Hamersley Basin,20260112
S0002964,B1 Main,Turner Syncline B1 Main,Mine,Openpit,Operating,J00609,Turner Syncline West,117.462907999999999,-22.679317000000001,547551,7491905,50,Fe,Iron,IRON ORE,B1 – Western Turner Syncline,N,,Y,,Operating Mine,Public,2352,ROCKLEA,SF50-11,MOUNT BRUCE,"ASHBURTON, SHIRE OF","PILBARA, Development Region",47,WEST PILBARA M.F.,Hamersley Basin,20260112
S0002984,Billiard,Billiard - Billiard South,Mine,Openpit,Operating,J00732,Yandicoogina / HI-Yandi,119.299577999999997,-22.809560999999999,736038,7475725,50,Fe,Iron,IRON ORE,Billiard South,N,,Y,,Operating Mine,Public,2752,WEELI WOLLI,SF50-12,ROY HILL,"EAST PILBARA, SHIRE OF","PILBARA, Development Region",47,WEST PILBARA M.F.,Hamersley Basin,20260112
S0002995,Wheelarra 2,Wheelarra 2,Mine,Openpit,Operating,J00573,Jimblebar-Wheelarra-Hashimoto / BHPB,120.086544000000004,-23.371514000000001,202159,7412347,51,Fe,Iron,IRON ORE,Wheelarra 2,N,,N,,Operating Mine,Public,2951,MURRAMUNDA,SF51-13,ROBERTSON,"EAST PILBARA, SHIRE OF","PILBARA, Development Region",52,PEAK HILL M.F.,Hamersley Basin,20260112
S0002996,SJ-C1a-b,South Jimblebar - Central 1a-b,Mine,Openpit,Operating,J00573,Jimblebar-Wheelarra-Hashimoto / BHPB,120.118303999999995,-23.395707000000002,205462,7409732,51,Fe,Iron,IRON ORE,Jimblebar-Wheelarra,N,,Y,,Operating Mine,Public,2951,MURRAMUNDA,SF51-13,ROBERTSON,"EAST PILBARA, SHIRE OF","PILBARA, Development Region",52,PEAK HILL M.F.,Hamersley Basin,20260112
S0002997,Wheelarra 3 Scree,Wheelarra 3 Scree,Mine,Openpit,Operating,J00573,Jimblebar-Wheelarra-Hashimoto / BHPB,120.116106000000002,-23.380606000000000,205203,7411400,51,Fe,Iron,IRON ORE,Wheelarra 3 Scree,N,,N,,Operating Mine,Public,2951,MURRAMUNDA,SF51-13,ROBERTSON,"EAST PILBARA, SHIRE OF","PILBARA, Development Region",52,PEAK HILL M.F.,Hamersley Basin,20260112
S0002998,Wheelarra 1,Wheelarra 1,Mine,Openpit,Operating,J00573,Jimblebar-Wheelarra-Hashimoto / BHPB,120.083115000000006,-23.378755999999999,201825,7411538,51,Fe,Iron,IRON ORE,Wheelarra 1,N,,N,,Operating Mine,Public,2951,MURRAMUNDA,SF51-13,ROBERTSON,"EAST PILBARA, SHIRE OF","PILBARA, Development Region",52,PEAK HILL M.F.,Hamersley Basin,20260112
S0003023,Marillana Ck E2,Marillana Creek Eastern Mesa 2,Mine,Openpit,Operating,J00571,Marillana Creek - Yandi / BHPB,119.113612000000003,-22.741426000000001,717051,7483555,50,Fe,Iron,IRON ORE,Marillana Creek Eastern Mesa 2,N,,Y,,Operating Mine,Public,2752,WEELI WOLLI,SF50-12,ROY HILL,"EAST PILBARA, SHIRE OF","PILBARA, Development Region",47,WEST PILBARA M.F.,Hamersley Basin,20260112
S0003024,OB 24 Far W,Mt Newman Orebody 24 Far West,Mine,Openpit,Operating,J00623,Newman / BHPB,119.758013000000005,-23.292235999999999,782108,7421442,50,Fe,Iron,IRON ORE,Mt Newman Orebody 24 Far West,N,,N,,Operating Mine,Public,2851,NEWMAN,SF50-16,NEWMAN,"EAST PILBARA, SHIRE OF","PILBARA, Development Region",47,WEST PILBARA M.F.,Hamersley Basin,20260112
S0003025,OB 24 W,Mt Newman Orebody 24 West,Mine,Openpit,Operating,J00623,Newman / BHPB,119.773607999999996,-23.295286000000001,783698,7421073,50,Fe,Iron,IRON ORE,Mt Newman Orebody 24 West,N,,N,,Operating Mine,Public,2851,NEWMAN,SF50-16,NEWMAN,"EAST PILBARA, SHIRE OF","PILBARA, Development Region",47,WEST PILBARA M.F.,Hamersley Basin,20260112
S0003026,OB 24 Int,Mt Newman Orebody 24 Intermediate,Mine,Openpit,Operating,J00623,Newman / BHPB,119.792406999999997,-23.300037000000000,785611,7420510,50,Fe,Iron,IRON ORE,Mt Newman Orebody 24 Intermediate,N,,N,,Operating Mine,Public,2851,NEWMAN,SF50-16,NEWMAN,"EAST PILBARA, SHIRE OF","PILBARA, Development Region",47,WEST PILBARA M.F.,Hamersley Basin,20260112
S0003027,OB 24 Far E,Mt Newman Orebody 24 Far East,Mine,Openpit,Operating,J00623,Newman / BHPB,119.825807999999995,-23.305295000000001,789018,7419861,50,Fe,Iron,IRON ORE,Mt Newman Orebody 24 Far East,N,,N,,Operating Mine,Public,2851,NEWMAN,SF50-16,NEWMAN,"EAST PILBARA, SHIRE OF","PILBARA, Development Region",47,WEST PILBARA M.F.,Hamersley Basin,20260112
S0003053,Cliff Head Gypsum,Cliff Head Gypsum,Mine,Openpit,Operating,J01298,Cliff Head Gypsum,114.995586000000003,-29.527401999999999,305749,6731906,50,Gp,Industrial mineral,GYPSUM,Cliff Head,Y,Gp,Y,,Operating Mine,Public,1838,BEAGLE ISLANDS,SH50-05,DONGARA,"IRWIN, SHIRE OF","MID-WEST, Development Region",70,SOUTH WEST M.F.,Beagle Ridge,20260112
S0003056,Hampton UG,Hampton - Boulder (HBJ) Underground,Mine,Decline,Operating,J00276,South Kalgoorlie Operations,121.606585999999993,-31.034562999999999,367018,6565734,51,Au Ag,Precious metal,GOLD,HBJ,N,,Y,,Operating Mine,Public,3235,LAKE LEFROY,SH51-14,WIDGIEMOOLTHA,"KALGOORLIE-BOULDER, CITY OF","GOLDFIELDS-ESPERANCE, Development Region",26,EAST COOLGARDIE,Eastern Goldfields Superterrane,20260112
S0003063,Mt Malcolm,Mt Malcolm - Verde Austral,Mine,Openpit,Operating,J00900,Fraser Range Granite-Dolerite,122.840202000000005,-32.217207999999999,484942,6435477,51,Gran BlackGran Dst,Construction material,DIMENSION STONE,,N,,,,,Public,3433,FRASER RANGE,SI51-02,NORSEMAN,"DUNDAS, SHIRE OF","GOLDFIELDS-ESPERANCE, Development Region",63,DUNDAS M.F.,Fraser Zone,20260112
S0003098,Dolly Pot,Dolly Pot,Mine,Openpit,Operating,J02854,Marda / Southern Cross,119.258707999999999,-30.197576000000002,717442,6657165,50,Au Ag,Precious metal,GOLD,Dolly Pot,N,,N,,Operating Mine,Public,2737,JACKSON,SH50-12,JACKSON,"YILGARN, SHIRE OF","WHEATBELT, Development Region",77,YILGARN M.F.,Youanmi Terrane,20260112
S0003101,Kanowna Belle,Kanowna Belle,Mine,Decline,Operating,J00181,Kanowna - Golden Valley,121.578017000000003,-30.608979999999999,363691,6612870,51,Au Ag,Precious metal,GOLD,Kanowna Belle,N,,Y,,Operating Mine,Public,3236,KANOWNA,SH51-10,KURNALPI,"KALGOORLIE-BOULDER, CITY OF","GOLDFIELDS-ESPERANCE, Development Region",27,KANOWNA,Eastern Goldfields Superterrane,20260112
S0003133,Jurien Bay 1/Westdeen,Jurien Bay 1 / Westdeen,Mine,Openpit,Operating,J02411,Jurien Bay / Westdeen,115.048322999999996,-30.246517000000001,312214,6652287,50,Aglime Lsd Lst,Industrial mineral,LIMESTONE - LIMESAND,Jurien Bay,Y,"Aglime, Lsd, Lst",Y,,Operating Mine,Public,1937,HILL RIVER,SH50-09,HILL RIVER,"DANDARAGAN, SHIRE OF","WHEATBELT, Development Region",70,SOUTH WEST M.F.,Beagle Ridge,20260112
S0003142,Newminster,Newminster,Mine,Openpit,Operating,J01338,Phillips Find,120.960887999999997,-30.610175999999999,304526,6611827,51,Au Ag,Precious metal,GOLD,Newminster,N,,Y,,Operating Mine,Public,3036,DUNNSVILLE,SH51-09,KALGOORLIE,"COOLGARDIE, SHIRE OF","GOLDFIELDS-ESPERANCE, Development Region",16,KUNANALLING,Eastern Goldfields Superterrane,20260112
S0003143,Sulphur Springs Portal,Sulphur Springs Mine Portal,Mine,Decline,Operating,J03305,Sulphur Springs,119.211962999999997,-21.146495999999999,729704,7660039,50,Zn Cu Pb Ag,Base metal,COPPER - LEAD - ZINC,,N,,,,,Public,2755,NORTH SHAW,SF50-08,MARBLE BAR,"EAST PILBARA, SHIRE OF","PILBARA, Development Region",45,MARBLE BAR,Soanesville Basin,20260112
S0003173,Bullen - Mainfield,Bullen,Mine,Decline,Operating,J00056,Central Norseman,121.798708000000005,-32.197933999999997,386772,6436992,51,Au Ag,Precious metal,GOLD,Bullen,N,,N,,Operating Mine,Public,3233,NORSEMAN,SI51-02,NORSEMAN,"DUNDAS, SHIRE OF","GOLDFIELDS-ESPERANCE, Development Region",63,DUNDAS M.F.,Eastern Goldfields Superterrane,20260112
S0003211,Kununurra SE/Argyle,Kununurra SE / Argyle,Mine,Openpit,Operating,J01354,Kununurra SE,128.849907999999999,-15.833456000000000,483928,8249481,52,Gvl Sd,Construction material,CONSTRUCTION MATERIALS,,N,,,,,Public,4666,KUNUNURRA,SD52-14,CAMBRIDGE GULF,"WYNDHAM-EAST KIMBERLEY, SHIRE OF","KIMBERLEY, Development Region",80,KIMBERLEY M.F.,Burt Range Shelf,20260112
S0003235,5 West,Paraburdoo 5 West,Mine,Openpit,Operating,J03930,Paraburdoo / Rio Tinto,117.576037999999997,-23.218017000000000,558939,7432229,50,Fe,Iron,IRON ORE,Paraburdoo 5 West,N,,N,,Operating Mine,Public,2451,PARABURDOO,SF50-15,TUREE CREEK,"ASHBURTON, SHIRE OF","PILBARA, Development Region",47,WEST PILBARA M.F.,Hamersley Basin,20260112
S0003240,K2 Underground,K2 Underground,Mine,Decline,Operating,J04062,Plutonic Dome,119.731993000000003,-25.109064000000000,775508,7220187,50,Au Ag,Precious metal,GOLD,K2,N,,N,,Operating Mine,Public,2847,MARYMIA,SG50-08,PEAK HILL,"MEEKATHARRA, SHIRE OF","MID-WEST, Development Region",52,PEAK HILL M.F.,Yilgarn Craton granites,20260112
S0003246,Genesis UG,Genesis Underground,Mine,Decline,Operating,J00098,Agnew - Emu,120.497011999999998,-27.978425000000001,253807,6902664,51,Au Ag,Precious metal,GOLD,Genesis Underground,N,,N,,Operating Mine,Public,2942,DEPOT SPRINGS,SG51-13,SIR SAMUEL,"LEONORA, SHIRE OF","GOLDFIELDS-ESPERANCE, Development Region",36,LAWLERS,Yilgarn Craton,20260112
S0003253,Triton North UG,Triton North Underground,Mine,Stope,Operating,J00017,Cue Gold - Central Murchison,118.268313000000006,-27.131809000000001,625695,6998331,50,Au Ag,Precious metal,GOLD,Triton North Underground,N,,N,,Operating Mine,Public,2543,REEDY,SG50-15,CUE,"CUE, SHIRE OF","MID-WEST, Development Region",20,CUE,Youanmi Terrane,20260112
S0003258,Triton UG,Triton Underground,Mine,Decline,Operating,J00017,Cue Gold - Central Murchison,118.267709999999994,-27.133348000000002,625633,6998161,50,Au Ag,Precious metal,GOLD,Triton Underground,N,,N,,Operating Mine,Public,2543,REEDY,SG50-15,CUE,"CUE, SHIRE OF","MID-WEST, Development Region",20,CUE,Youanmi Terrane,20260112
S0003277,Mungada W,Mungada West - Blue Hills,Mine,Openpit,Operating,J02673,Koolanooka & Blue Hills - Mungada / Sinosteel,116.862566000000001,-29.141259000000002,486632,6776356,50,Fe Mag,Iron,IRON ORE,,N,,,,,Public,2239,ROTHSAY,SH50-06,PERENJORI,"PERENJORI, SHIRE OF","MID-WEST, Development Region",59,YALGOO M.F.,Youanmi Terrane,20260112
S0003278,Mungada E,Mungada East - Blue Hills,Mine,Openpit,Operating,J02673,Koolanooka & Blue Hills - Mungada / Sinosteel,116.883324000000002,-29.142133999999999,488651,6776261,50,Fe,Iron,IRON ORE,Mungada East - Blue Hills,N,,N,,Operating Mine,Public,2239,ROTHSAY,SH50-06,PERENJORI,"PERENJORI, SHIRE OF","MID-WEST, Development Region",59,YALGOO M.F.,Youanmi Terrane,20260112
S0003291,Warramboo,Warramboo - Mesa A,Mine,Openpit,Operating,J00484,Robe River - Deepdale,115.830607000000001,-21.663146999999999,379005,7604001,50,Fe,Iron,IRON ORE,Warramboo,N,,Y,,Operating Mine,Public,2054,YARRALOOLA,SF50-06,YARRALOOLA,"ASHBURTON, SHIRE OF","PILBARA, Development Region",8,ASHBURTON M.F.,Lambert Shelf,20260112
S0003298,Koolyanobbing A,Koolyanobbing A,Mine,Openpit,Operating,J00559,Koolyanobbing Iron,119.534879000000004,-30.833148999999999,742453,6586139,50,Fe,Iron,IRON ORE,Koolyanobbing A,N,,N,,Operating Mine,Public,2836,SEABROOK,SH50-12,JACKSON,"YILGARN, SHIRE OF","WHEATBELT, Development Region",77,YILGARN M.F.,Youanmi Terrane,20260112
S0003324,Marillana Ck Central 5,Marillana Creek Central Mesa 5,Mine,Openpit,Operating,J00571,Marillana Creek - Yandi / BHPB,119.100611000000001,-22.724805000000000,715741,7485414,50,Fe,Iron,IRON ORE,Marillana Creek,N,,Y,,Operating Mine,Public,2752,WEELI WOLLI,SF50-12,ROY HILL,"EAST PILBARA, SHIRE OF","PILBARA, Development Region",47,WEST PILBARA M.F.,Hamersley Basin,20260112
S0003337,Cracker,Cracker,Mine,Openpit,Operating,J00725,Woodie Woodie (Mining Corridor) / ConsMin,121.221117000000007,-21.610226000000001,315863,7609262,51,Mn,Steel alloy metal,MANGANESE ORE,Cracker,Y,Mn,Y,,Operating Mine,Public,3154,PEARANA,SF51-05,NULLAGINE,"EAST PILBARA, SHIRE OF","PILBARA, Development Region",45,MARBLE BAR,Hamersley Basin,20260112
S0003352,Turner River Quarry / Holcim,Turner River Quarry / Holcim,Mine,Openpit,Operating,J00863,Turner River Aggregate / Holcim,118.521958999999995,-20.642948000000001,658563,7716625,50,Agg Sdc Sd,Construction material,CONSTRUCTION MATERIALS,,N,,,,,Public,2656,WALLARINGA,SF50-04,PORT HEDLAND,"PORT HEDLAND, TOWN OF","PILBARA, Development Region",45,MARBLE BAR,Soanesville Basin,20260112
S0003365,Russells Find,Russells Find,Mine,Openpit,Operating,J00009,Duketon / Regis Resources,122.376523000000006,-27.973932999999999,438682,6905529,51,Au Ag,Precious metal,GOLD,,N,,,,,Public,3342,DUKETON,SG51-14,DUKETON,"LAVERTON, SHIRE OF","GOLDFIELDS-ESPERANCE, Development Region",38,MT. MARGARET,Burtville Terrane,20260112
S0003389,Cockleshell Gully Road,Cockleshell Gully Road / Green Head,Mine,Openpit,Operating,J01388,Coorow / Green Head Sands,115.125482000000005,-30.072301000000000,319322,6671722,50,Sd Gvl,Construction material,CONSTRUCTION MATERIALS,,N,,,,,Public,1937,HILL RIVER,SH50-09,HILL RIVER,"COOROW, SHIRE OF","MID-WEST, Development Region",70,SOUTH WEST M.F.,Cadda Terrace,20260112
S0003390,Port Hedland/Brookdale-Buckski,Port Hedland / Brookdale-Buckski,Mine,Openpit,Operating,J01389,Port Hedland / Brookdale-Buckski,118.719779000000003,-20.411445000000001,679446,7742048,50,Sd Gvl,Construction material,CONSTRUCTION MATERIALS,,N,,,,,Public,2657,PORT HEDLAND,SF50-04,PORT HEDLAND,"PORT HEDLAND, TOWN OF","PILBARA, Development Region",45,MARBLE BAR,Split Rock Supersuite,20260112
S0003391,Norton,Norton - Nevoria,Mine,Openpit,Operating,J00226,Marvel Loch - Southern Cross,119.592805999999996,-31.508716000000000,746239,6511103,50,Au Ag,Precious metal,GOLD,Norton,N,,Y,,Operating Mine,Public,2834,CHERITONS FIND,SH50-16,SOUTHERN CROSS,"YILGARN, SHIRE OF","WHEATBELT, Development Region",77,YILGARN M.F.,Youanmi Terrane,20260112
S0003406,Upper Swan/Midland Brick,Great Northern Hwy Upper Swan Lot 63 / Midland Brick,Mine,Openpit,Operating,J01802,Upper Swan - Red Hill / Midland Brick,116.032723000000004,-31.775984999999999,408412,6483987,50,Cyfi,Construction material,CLAYS,,N,,,,,Public,2134,WOOROLOO,SH50-14,PERTH,"SWAN, CITY OF",METRO,70,SOUTH WEST M.F.,Mandurah Terrace,20260112
S0003421,Gascoyne River Sand M09/69,Gascoyne River Sand M09/69,Mine,Openpit,Operating,J03793,Gascoyne River Sand / Vandeleur,113.889353999999997,-24.797875999999999,792120,7254342,49,Sd,Construction material,CONSTRUCTION MATERIALS,,N,,,,,Public,1648,CARNARVON,SG49-04,QUOBBA,"CARNARVON, SHIRE OF","GASCOYNE, Development Region",9,GASCOYNE M.F.,Gascoyne Platform,20260112
S0003431,Brockman 4 O,Brockman 4 - Deposit O,Mine,Openpit,Operating,J03931,Brockman 4 Area / Rio Tinto,117.270212999999998,-22.598935000000001,527773,7500852,50,Fe,Iron,IRON ORE,Brockman 4,N,,Y,,Operating Mine,Public,2352,ROCKLEA,SF50-11,MOUNT BRUCE,"ASHBURTON, SHIRE OF","PILBARA, Development Region",47,WEST PILBARA M.F.,Hamersley Basin,20260112
S0003471,Learmonth / Heidelberg,Learmonth / Heidelberg,Mine,Openpit,Operating,J01413,Learmonth / Heidelberg Materials,114.052137000000002,-22.253819000000000,196167,7536117,50,Lst Agg Sd,Construction material,LIMESTONE - LIMESAND,,N,,,,,Public,1753,LEARMONTH,SF50-09,YANREY,"EXMOUTH, SHIRE OF","GASCOYNE, Development Region",8,ASHBURTON M.F.,Exmouth Sub-basin,20260112
S0003472,Gnarlbine Sand 1,Gnarlbine Plaster Sand 1,Mine,Openpit,Operating,J00844,Comet Hill-Gnarlabine / Boral,120.931751000000006,-31.136301000000000,302814,6553452,51,Sd,Construction material,CONSTRUCTION MATERIALS,,N,,,,,Public,3035,WOOLGANGIE,SH51-13,BOORABBIN,"COOLGARDIE, SHIRE OF","GOLDFIELDS-ESPERANCE, Development Region",15,COOLGARDIE,Yilgarn Craton granites,20260112
S0003488,Rose West,Rose West,Mine,Openpit,Operating,J00292,Paddington - Mt Pleasant,121.260606999999993,-30.536726000000002,333137,6620451,51,Au Ag,Precious metal,GOLD,Rose West,N,,N,,Operating Mine,Public,3136,KALGOORLIE,SH51-09,KALGOORLIE,"KALGOORLIE-BOULDER, CITY OF","GOLDFIELDS-ESPERANCE, Development Region",24,BROAD ARROW M.F.,Eastern Goldfields Superterrane,20260112
S0003555,Golden Age - GAC,Golden Age,Mine,Openpit,Operating,J02624,Matilda,120.246706000000003,-26.620317000000000,225856,7052665,51,Au Ag,Precious metal,GOLD,,N,,,,,Public,2944,WILUNA,SG51-09,WILUNA,"WILUNA, SHIRE OF","MID-WEST, Development Region",53,WILUNA,Eastern Goldfields Superterrane,20260112
S0003598,Lake MacLeod,Lake MacLeod Gypsum,Mine,Openpit,Operating,J01474,Lake MacLeod Gypsum,113.562718000000004,-24.234362000000001,760241,7317436,49,Gp,Industrial mineral,GYPSUM,Lake MacLeod,Y,Gp,Y,,Operating Mine,Public,1649,MACLEOD,SG49-04,QUOBBA,"CARNARVON, SHIRE OF","GASCOYNE, Development Region",9,GASCOYNE M.F.,Gascoyne Platform,20260112
S0003628,Zone 61,Plutonic Zone 61 - Caribbean,Mine,Decline,Operating,J00417,Plutonic Gold,119.440128000000001,-25.307095000000000,745664,7198810,50,Au Ag,Precious metal,GOLD,Plutonic Zone 61 - Caribbean,N,,N,,Operating Mine,Public,2747,THREE RIVERS,SG50-08,PEAK HILL,"MEEKATHARRA, SHIRE OF","MID-WEST, Development Region",52,PEAK HILL M.F.,Eastern Goldfields Superterrane,20260112
S0003638,Marradong,Marradong,Mine,Openpit,Operating,J00776,Worsley,116.434909000000005,-32.836754999999997,447114,6366669,50,Bx,Alumina,BAUXITE - ALUMINA,Marradong,N,,N,,Operating Mine,Public,2132,DWELLINGUP,SI50-02,PINJARRA,"BODDINGTON, SHIRE OF","PEEL, Development Region",70,SOUTH WEST M.F.,South West Terrane,20260112
S0003678,Fitzroy Crossing/Reen,Fitzroy Crossing / Voyd,Mine,Openpit,Operating,J01493,Fitzroy Crossing / Voyd,125.586713000000003,-18.189617999999999,773617,7986907,51,Sd,Construction material,CONSTRUCTION MATERIALS,,N,,,,,Public,4061,FITZROY CROSSING,SE51-12,NOONKANBAH,"DERBY/WEST KIMBERLEY, SHIRE OF","KIMBERLEY, Development Region",4,WEST KIMBERLEY M.F.,Lennard Shelf,20260112
S0003684,Flynn Dr Lot 22 / WA Limestone,Flynn Dr Neerabup Lot 22 / WA Limestone,Mine,Openpit,Operating,J01494,Flynn Dr Neerabup Lot 22 / WA Land Authority,115.778694999999999,-31.674862999999998,384232,6494954,50,Lst Lsd Agg,Construction material,LIMESTONE - LIMESAND,,N,,,,,Public,2034,PERTH,SH50-14,PERTH,"WANNEROO, CITY OF",METRO,70,SOUTH WEST M.F.,Mandurah Terrace,20260112
S0003696,Mousehollow,Mousehollow,Mine,Openpit,Operating,J00152,Higginsville,121.819021000000006,-31.784378000000000,388186,6482857,51,Au Ag,Precious metal,GOLD,Mousehollow,N,,Y,,Operating Mine,Public,3234,COWAN,SH51-14,WIDGIEMOOLTHA,"COOLGARDIE, SHIRE OF","GOLDFIELDS-ESPERANCE, Development Region",15,COOLGARDIE,Eastern Goldfields Superterrane,20260112
S0003719,Deposit B,West Angelas Deposit B,Mine,Openpit,Operating,J00706,West Angelas,118.767584999999997,-23.118510000000001,681006,7442265,50,Fe,Iron,IRON ORE,Dep B - West Angelas,N,,Y,,Operating Mine,Public,2651,GOVERNOR,SF50-16,NEWMAN,"EAST PILBARA, SHIRE OF","PILBARA, Development Region",47,WEST PILBARA M.F.,Hamersley Basin,20260112
S0003720,Deposit C,West Angelas Deposit C,Mine,Openpit,Operating,J00706,West Angelas,118.636308999999997,-23.146695000000001,667525,7439299,50,Fe,Iron,IRON ORE,Dep C – West Angelas,N,,Y,,Operating Mine,Public,2651,GOVERNOR,SF50-16,NEWMAN,"EAST PILBARA, SHIRE OF","PILBARA, Development Region",47,WEST PILBARA M.F.,Hamersley Basin,20260112
S0003722,Deposit E,West Angelas Deposit E,Mine,Openpit,Operating,J00706,West Angelas,118.789989000000006,-23.198039000000001,683193,7433430,50,Fe,Iron,IRON ORE,West Angelas Deposit E,N,,N,,Operating Mine,Public,2651,GOVERNOR,SF50-16,NEWMAN,"EAST PILBARA, SHIRE OF","PILBARA, Development Region",47,WEST PILBARA M.F.,Hamersley Basin,20260112
S0003723,F-Central,West Angelas Deposit F - Central Pit,Mine,Openpit,Operating,J00706,West Angelas,118.846598999999998,-23.197869000000001,688988,7433376,50,Fe,Iron,IRON ORE,Dep F - West Angelas,N,,N,,Operating Mine,Public,2651,GOVERNOR,SF50-16,NEWMAN,"EAST PILBARA, SHIRE OF","PILBARA, Development Region",47,WEST PILBARA M.F.,Hamersley Basin,20260112
S0003738,Hill 60 UG,Hill 60 Underground,Mine,Decline,Operating,J00156,Mt Magnet,117.833887000000004,-28.073260000000001,581936,6894401,50,Au Ag,Precious metal,GOLD,Hill 60,N,,Y,,Operating Mine,Public,2441,MOUNT MAGNET,SH50-03,KIRKALOCKA,"MOUNT MAGNET, SHIRE OF","MID-WEST, Development Region",58,MT. MAGNET,Youanmi Terrane,20260112
S0003745,Paulsens UG Portal,Paulsens Underground,Mine,Decline,Operating,J00242,Paulsens,116.242304000000004,-22.579153000000002,422110,7502869,50,Au Ag,Precious metal,GOLD,Paulsens Underground,N,,Y,,Operating Mine,Public,2152,WYLOO,SF50-10,WYLOO,"ASHBURTON, SHIRE OF","PILBARA, Development Region",8,ASHBURTON M.F.,South Pilbara Sub-basin,20260112
S0003746,Wattleup Rd Lots 25-31 / Italia,Wattleup Rd Lots 25-31 Wattleup / Italia,Mine,Openpit,Operating,J02658,Wattleup / Italia,115.809420000000003,-32.179917000000003,387760,6439000,50,Lst Dst,Construction material,LIMESTONE - LIMESAND,,N,,,,,Public,2033,FREMANTLE,SI50-02,PINJARRA,"COCKBURN, CITY OF",METRO,70,SOUTH WEST M.F.,Mandurah Terrace,20260112
S0003756,Golden Pike,Golden Pike,Mine,Openpit,Operating,J00102,Golden Mile / KCGM,121.502076000000002,-30.776539000000000,356658,6594203,51,Au Ag,Precious metal,GOLD,Golden Pike,N,,N,,Operating Mine,Public,3236,KANOWNA,SH51-10,KURNALPI,"KALGOORLIE-BOULDER, CITY OF","GOLDFIELDS-ESPERANCE, Development Region",26,EAST COOLGARDIE,Eastern Goldfields Superterrane,20260112
S0003820,Tank,Tank,Mine,Openpit,Operating,J00184,Aldiss - Karonie,122.559451999999993,-31.071010999999999,457973,6562445,51,Au Ag,Precious metal,GOLD,Tank,N,,N,,Operating Mine,Public,3435,ERAYINIA,SH51-14,WIDGIEMOOLTHA,"KALGOORLIE-BOULDER, CITY OF","GOLDFIELDS-ESPERANCE, Development Region",28,KURNALPI,Eastern Goldfields Superterrane,20260112
S0003850,Santa OP,Santa Open Pit,Mine,Openpit,Operating,J00251,Randalls - Mt Monger,122.209992000000000,-31.040925000000001,424612,6565595,51,Au Ag,Precious metal,GOLD,Santa OP,N,,N,,Operating Mine,Public,3335,MOUNT BELCHES,SH51-14,WIDGIEMOOLTHA,"KALGOORLIE-BOULDER, CITY OF","GOLDFIELDS-ESPERANCE, Development Region",25,BULONG,Eastern Goldfields Superterrane,20260112
S0003866,Pippingarra / Young,Pippingarra Sand / Young,Mine,Openpit,Operating,J01534,Port Hedland Sand and Gravel / Young,118.626491000000001,-20.431245000000001,669689,7739955,50,Sd,Construction material,CONSTRUCTION MATERIALS,,N,,,,,Public,2657,PORT HEDLAND,SF50-04,PORT HEDLAND,"PORT HEDLAND, TOWN OF","PILBARA, Development Region",45,MARBLE BAR,Split Rock Supersuite,20260112
S0003882,Nillibubbaca A,Nillibubbaca-Yeeda (Part A - Resources Safety),Mine,Openpit,Operating,J01542,Nillibubbaca - Yeeda / Kimberley Quarry,123.078755000000001,-17.713646000000001,508351,8041493,51,Agg,Construction material,CONSTRUCTION MATERIALS,,N,,,,,Public,3562,CLARKSON,SE51-07,DERBY,"DERBY/WEST KIMBERLEY, SHIRE OF","KIMBERLEY, Development Region",4,WEST KIMBERLEY M.F.,Fitzroy Trough,20260112
S0003892,Nickol Bay/Holcim,Nickol Bay / Holcim,Mine,Openpit,Operating,J00959,Nickol Bay / Holcim,116.739564999999999,-20.672597000000000,472875,7714065,50,Agg Aggc Aggm Gran Sd,Construction material,CONSTRUCTION MATERIALS,,N,,,,,Public,2256,DAMPIER,SF50-02,DAMPIER,"KARRATHA, CITY OF","PILBARA, Development Region",47,WEST PILBARA M.F.,Maitland River Supersuite,20260112
S0003903,Nickol Bay Main East/Karratha Earthmoving,Nickol Bay Main East / Karratha Earthmoving,Mine,Openpit,Operating,J01549,Nickol Bay / Karratha Earthmoving,116.906812000000002,-20.733004000000001,490298,7707398,50,Sd,Construction material,CONSTRUCTION MATERIALS,,N,,,,,Public,2256,DAMPIER,SF50-02,DAMPIER,"KARRATHA, CITY OF","PILBARA, Development Region",47,WEST PILBARA M.F.,Gorge Creek Basin,20260112
S0003923,Rose East,Rose East,Mine,Openpit,Operating,J00292,Paddington - Mt Pleasant,121.267124999999993,-30.533134000000000,333756,6620859,51,Au Ag,Precious metal,GOLD,Rose East,N,,N,,Operating Mine,Public,3136,KALGOORLIE,SH51-09,KALGOORLIE,"KALGOORLIE-BOULDER, CITY OF","GOLDFIELDS-ESPERANCE, Development Region",24,BROAD ARROW M.F.,Eastern Goldfields Superterrane,20260112
S0003937,Sunrise,Sunrise,Mine,Openpit,Operating,J01703,Sunrise Dam,122.424485000000004,-29.077411000000001,443986,6783301,51,Au,Precious metal,GOLD,Sunrise,N,,N,,Operating Mine,Public,3339,LAKE CAREY,SH51-06,EDJUDINA,"LAVERTON, SHIRE OF","GOLDFIELDS-ESPERANCE, Development Region",39,MT. MORGANS,Eastern Goldfields Superterrane,20260112
S0003942,Westralia UG,Westralia Deeps - Mt Morgans Underground,Mine,Decline,Operating,J00256,Mt Morgans,122.067909999999998,-28.769608000000002,409012,6817183,51,Au Ag,Precious metal,GOLD,Westralia,N,,Y,,Operating Mine,Public,3340,LAVERTON,SH51-02,LAVERTON,"LAVERTON, SHIRE OF","GOLDFIELDS-ESPERANCE, Development Region",39,MT. MORGANS,Eastern Goldfields Superterrane,20260112
S0003946,Gordon-Sirdar,Gordon-Sirdar Openpit,Mine,Openpit,Operating,J01307,Gordon - Sirdar,121.594506999999993,-30.450334000000002,365053,6630474,51,Au Ag,Precious metal,GOLD,Sirdar,N,,Y,,Operating Mine,Public,3237,GINDALBIE,SH51-10,KURNALPI,"KALGOORLIE-BOULDER, CITY OF","GOLDFIELDS-ESPERANCE, Development Region",27,KANOWNA,Eastern Goldfields Superterrane,20260112
S0003983,Mt Regal/Boral,Mt Regal / Boral,Mine,Openpit,Operating,J01849,Mt Regal / Boral,116.727329999999995,-20.824581999999999,471629,7697242,50,Agg Aggc Brck Sd Bas,Construction material,CONSTRUCTION MATERIALS,,N,,,,,Public,2256,DAMPIER,SF50-02,DAMPIER,"KARRATHA, CITY OF","PILBARA, Development Region",47,WEST PILBARA M.F.,Regal Terrane,20260112
S0003986,Boodalin - Pertha M,Boodalin - Pertha M,Mine,Openpit,Operating,J01576,Boodalin Soak - Westonia,118.649862999999996,-31.271844000000002,657067,6539096,50,Clay Cydo Dol MgCO3,Industrial mineral,CLAYS,Boodalin Soak,N,,N,,Operating Mine,Public,2635,WESTONIA,SH50-16,SOUTHERN CROSS,"WESTONIA, SHIRE OF","WHEATBELT, Development Region",77,YILGARN M.F.,South West Terrane,20260112
S0003994,Fingals,Fingals,Mine,Openpit,Under Development,J02818,North Monger - Kal East Gold Project,121.896962000000002,-30.969449999999998,394660,6573261,51,Au Ag,Precious metal,GOLD,,N,,,,,Public,3236,KANOWNA,SH51-10,KURNALPI,"KALGOORLIE-BOULDER, CITY OF","GOLDFIELDS-ESPERANCE, Development Region",26,EAST COOLGARDIE,Eastern Goldfields Superterrane,20260112
S0004026,Kemerton Silica Sand,Kemerton Silica Sand,Mine,Openpit,Operating,J01591,Kemerton Silica Sand,115.788543000000004,-33.131255000000003,386995,6333509,50,Sisd,Industrial mineral,SILICA - SILICA SAND,Kemerton,Y,Sisd,Y,,Operating Mine,Public,2031,BUNBURY,SI50-06,COLLIE,"HARVEY, SHIRE OF","SOUTH WEST, Development Region",70,SOUTH WEST M.F.,Mandurah Terrace,20260112
S0004061,Abercrombie Rd 1/WA Lmst,Postans - Abercrombie Rd 1 / WA Limestone,Mine,Openpit,Operating,J01602,Postans - Abercrombie Rd / WA Limestone,115.803309999999996,-32.215085000000002,387227,6435095,50,Lst Agg Lst-Lsd,Construction material,LIMESTONE - LIMESAND,,N,,,,,Public,2033,FREMANTLE,SI50-02,PINJARRA,"KWINANA, CITY OF",METRO,70,SOUTH WEST M.F.,Mandurah Terrace,20260112
S0004135,Watheroo Lake A,Watheroo Clays Lake A,Mine,Openpit,Operating,J00985,Watheroo Clays,115.978684999999999,-30.124479999999998,401617,6666981,50,Spn Bent,Industrial mineral,CLAYS,Watheroo Lake,Y,"Spn, Bent",Y,,Operating Mine,Public,2037,BADGINGARRA,SH50-10,MOORA,"COOROW, SHIRE OF","MID-WEST, Development Region",70,SOUTH WEST M.F.,Moora Basin,20260112
S0004193,Koolyanobbing S,Koolyanobbing South,Mine,Openpit,Operating,J01631,Koolyanobbing South,119.522807000000000,-30.885145999999999,741167,6580400,50,Agg Gran,Construction material,CONSTRUCTION MATERIALS,,N,,,,,Public,2836,SEABROOK,SH50-12,JACKSON,"YILGARN, SHIRE OF","WHEATBELT, Development Region",77,YILGARN M.F.,Youanmi Terrane,20260112
S0004213,Windmills,Windmills,Mine,Openpit,Operating,J00226,Marvel Loch - Southern Cross,119.549807000000001,-31.509526999999999,742152,6511109,50,Au Ag,Precious metal,GOLD,Windmills,N,,Y,,Operating Mine,Public,2834,CHERITONS FIND,SH50-16,SOUTHERN CROSS,"YILGARN, SHIRE OF","WHEATBELT, Development Region",77,YILGARN M.F.,Youanmi Terrane,20260112
S0004220,Napoleon,Napoleon,Mine,Openpit,Operating,J00152,Higginsville,121.882570000000001,-31.662344999999998,394065,6496448,51,Au Ag,Precious metal,GOLD,Napoleon,N,,N,,Operating Mine,Public,3234,COWAN,SH51-14,WIDGIEMOOLTHA,"COOLGARDIE, SHIRE OF","GOLDFIELDS-ESPERANCE, Development Region",15,COOLGARDIE,Widgiemooltha Large Igneous Province,20260112
S0004238,Menari,Menari,Mine,Openpit,Operating,J01644,Lucky Bay Garnet,114.183065999999997,-28.029367000000001,223044,6896343,50,Grt HM Leu Ilm Zrn Rt,Industrial mineral,HEAVY MINERAL SANDS,Menari,Y,"Grt, HM, Leu, Ilm, Zrn, Rt",Y,,Operating Mine,Public,1741,HUTT,SH50-01,GERALDTON,"NORTHAMPTON, SHIRE OF","MID-WEST, Development Region",70,SOUTH WEST M.F.,Gascoyne Platform,20260112
S0004242,L'Haridon Bight North,L'Haridon Bight North,Mine,Openpit,Operating,J01645,L'Haridon Bight,113.850258999999994,-26.115348000000001,785041,7108419,49,Lsd Shell Lst Lst-Lsd,Construction material,LIMESTONE - LIMESAND,,N,,,,,Public,1645,PERON,SG49-12,EDEL,"SHARK BAY, SHIRE OF","GASCOYNE, Development Region",9,GASCOYNE M.F.,Gascoyne Platform,20260112
S0004261,Extension Hill Hem,Extension Hill Hematite,Mine,Openpit,Operating,J00596,Mt Gibson Iron,117.161112000000003,-29.575845999999999,515604,6728201,50,Fe,Iron,IRON ORE,,N,,,,,Public,2338,MOUNT GIBSON,SH50-07,NINGHAN,"YALGOO, SHIRE OF","MID-WEST, Development Region",59,YALGOO M.F.,Youanmi Terrane,20260112
S0004288,Beta Hunt,Beta Hunt Underground Nickel,Mine,Decline,Operating,J02719,Kambalda Nickel / RNC,121.689971000000000,-31.242540999999999,375249,6542778,51,Ni Cu,Steel alloy metal,NICKEL,Beta Hunt,Y,"Ni, Cu",Y,,Operating Mine,Public,3235,LAKE LEFROY,SH51-14,WIDGIEMOOLTHA,"COOLGARDIE, SHIRE OF","GOLDFIELDS-ESPERANCE, Development Region",15,COOLGARDIE,Eastern Goldfields Superterrane,20260112
S0004294,Ubini E,Ubini East / Shire,Mine,Openpit,Operating,J02568,Ubini East Sand / Shire of Coolgardie,120.975925000000004,-30.977428000000000,306705,6571142,51,Sd,Construction material,CONSTRUCTION MATERIALS,,N,,,,,Public,3036,DUNNSVILLE,SH51-09,KALGOORLIE,"COOLGARDIE, SHIRE OF","GOLDFIELDS-ESPERANCE, Development Region",15,COOLGARDIE,Yilgarn Craton granites,20260112
S0004316,Mindijup/TT Sand,Mindijup / TT Sand,Mine,Openpit,Operating,J01658,Mindijup / TT Sand,118.076796999999999,-34.768850999999998,598537,6152062,50,Sisd,Industrial mineral,SILICA - SILICA SAND,Mindijup,Y,Sisd,Y,,Operating Mine,Public,2528,MANYPEAKS,SI50-11,MOUNT BARKER,"ALBANY, CITY OF","GREAT SOUTHERN, Development Region",70,SOUTH WEST M.F.,Esperance Shelf,20260112
S0004356,Ben Hur Central,Ben Hur Central,Mine,Openpit,Operating,J00009,Duketon / Regis Resources,122.367211999999995,-28.167235999999999,437878,6884110,51,Au Ag,Precious metal,GOLD,Ben Hur,N,,Y,,Operating Mine,Public,3341,MOUNT VARDEN,SH51-02,LAVERTON,"LAVERTON, SHIRE OF","GOLDFIELDS-ESPERANCE, Development Region",38,MT. MARGARET,Burtville Terrane,20260112
S0004377,Mt Dimer,Mt Dimer / Taipan,Mine,Openpit,Operating,J01671,Mt Dimer / Taipan,119.895808000000002,-30.390636000000001,778251,6634369,50,Au Ag,Precious metal,GOLD,,N,,,,,Public,2837,BUNGALBIN,SH50-12,JACKSON,"YILGARN, SHIRE OF","WHEATBELT, Development Region",77,YILGARN M.F.,Youanmi Terrane,20260112
S0004398,Blue Bar,Blue Bar,Mine,Openpit,Operating,J01290,Blue Bar,119.704211000000001,-21.398997000000001,780369,7631278,50,Au,Precious metal,GOLD,Blue Bar,N,,Y,,Operating Mine,Public,2855,MARBLE BAR,SF50-08,MARBLE BAR,"EAST PILBARA, SHIRE OF","PILBARA, Development Region",45,MARBLE BAR,Marble Bar Sub-basin,20260112
S0004457,Admiral,Admiral - Admiral South and West Open Pit,Mine,Openpit,Operating,J02010,Ulysses Gold,121.366720999999998,-29.198571999999999,341212,6768910,51,Au Ag,Precious metal,GOLD,Admiral,N,,Y,,Operating Mine,Public,3139,MELITA,SH51-05,MENZIES,"MENZIES, SHIRE OF","GOLDFIELDS-ESPERANCE, Development Region",40,NIAGARA,Eastern Goldfields Superterrane,20260112
S0004462,Cobra,Cobra - Marda,Mine,Openpit,Operating,J02854,Marda / Southern Cross,119.247812999999994,-30.193406000000000,716402,6657648,50,Au Ag,Precious metal,GOLD,Cobra,N,,Y,,Operating Mine,Public,2737,JACKSON,SH50-12,JACKSON,"YILGARN, SHIRE OF","WHEATBELT, Development Region",77,YILGARN M.F.,Youanmi Terrane,20260112
S0004494,Halls Creek North/Guerinoni,Halls Creek North / Guerinoni,Mine,Openpit,Operating,J01700,Halls Creek North / Guerinoni,127.685967000000005,-18.184812000000001,361029,7988870,52,Sd,Construction material,CONSTRUCTION MATERIALS,,N,,,,,Public,4461,HALLS CREEK,SE52-10,GORDON DOWNS,"HALLS CREEK, SHIRE OF","KIMBERLEY, Development Region",80,KIMBERLEY M.F.,"Lamboo Province, Central Zone",20260112
S0004504,Cleo - Sunrise,Cleo - Sunrise,Mine,Openpit,Operating,J01703,Sunrise Dam,122.419413000000006,-29.079464999999999,443494,6783072,51,Au Ag,Precious metal,GOLD,Cleo - Sunrise,N,,N,,Operating Mine,Public,3339,LAKE CAREY,SH51-06,EDJUDINA,"LAVERTON, SHIRE OF","GOLDFIELDS-ESPERANCE, Development Region",39,MT. MORGANS,Eastern Goldfields Superterrane,20260112
S0004508,Royal Slipper,Royal Slipper - Slippers,Mine,Openpit,Operating,J00056,Central Norseman,121.807612000000006,-32.136187000000000,387535,6443845,51,Au Ag,Precious metal,GOLD,,N,,,,,Public,3233,NORSEMAN,SI51-02,NORSEMAN,"DUNDAS, SHIRE OF","GOLDFIELDS-ESPERANCE, Development Region",63,DUNDAS M.F.,Eastern Goldfields Superterrane,20260112
S0004524,Shark Bay Rock 1 / Shire,Shark Bay Rock 1 / Shire of Shark Bay,Mine,Openpit,Operating,J01707,GBRM / Shire of Shark Bay,113.659519000000003,-26.113455999999999,765961,7109033,49,Aggc Lst,Construction material,CONSTRUCTION MATERIALS,,N,,,,,Public,1645,PERON,SG49-12,EDEL,"SHARK BAY, SHIRE OF","GASCOYNE, Development Region",9,GASCOYNE M.F.,Gascoyne Platform,20260112
S0004579,Big Mack,Big Mack,Mine,Openpit,Operating,J00725,Woodie Woodie (Mining Corridor) / ConsMin,121.227074000000002,-21.602868999999998,316470,7610083,51,Mn,Steel alloy metal,MANGANESE ORE,Big Mack,N,,N,,Operating Mine,Public,3154,PEARANA,SF51-05,NULLAGINE,"EAST PILBARA, SHIRE OF","PILBARA, Development Region",45,MARBLE BAR,Hamersley Basin,20260112
S0004623,Turner River M45/707,Turner River M45/707 / Heidelberg,Mine,Openpit,Operating,J01724,Turner River / Heidelberg Materials,118.518568000000002,-20.608391000000001,658245,7720454,50,Gvl Sd,Construction material,CONSTRUCTION MATERIALS,,N,,,,,Public,2656,WALLARINGA,SF50-04,PORT HEDLAND,"PORT HEDLAND, TOWN OF","PILBARA, Development Region",45,MARBLE BAR,Mallina Basin,20260112
S0004627,Apache,Apache,Mine,Openpit,Under Development,J00019,Binduli,121.409707999999995,-30.825807000000001,347897,6588621,51,Au Ag,Precious metal,GOLD,,N,,,,,Public,3136,KALGOORLIE,SH51-09,KALGOORLIE,"KALGOORLIE-BOULDER, CITY OF","GOLDFIELDS-ESPERANCE, Development Region",26,EAST COOLGARDIE,Eastern Goldfields Superterrane,20260112
S0004631,Vettersberg Sand Hill,Vettersberg Sand Hill,Mine,Openpit,Operating,J01727,Vettersberg Sand Hill,121.225881000000001,-30.282608000000000,329364,6648566,51,Sd,Construction material,CONSTRUCTION MATERIALS,,N,,,,,Public,3137,BARDOC,SH51-09,KALGOORLIE,"KALGOORLIE-BOULDER, CITY OF","GOLDFIELDS-ESPERANCE, Development Region",24,BROAD ARROW M.F.,Eastern Goldfields Superterrane,20260112
S0004708,Flynn Drive/Lmst Bld Block,Flynn Drive Neerabup / Limestone Building Block,Mine,Openpit,Operating,J01743,Flynn Drive Neerabup / Limestone Bld Block,115.771213000000003,-31.687058000000000,383537,6493595,50,Lst,Construction material,LIMESTONE - LIMESAND,,N,,,,,Public,2034,PERTH,SH50-14,PERTH,"WANNEROO, CITY OF",METRO,70,SOUTH WEST M.F.,Mandurah Terrace,20260112
S0004739,Geraldton-Mount Magnet Rd Lot 20 / Kimberley Quarry,Geraldton-Mount Magnet Rd East Chapman Lot 20 / Kimberley Quarry,Mine,Openpit,Operating,J01745,Chapman Valley - Beatenally Hill,114.791933000000000,-28.690705999999999,284268,6824284,50,Agg Aggm,Construction material,CONSTRUCTION MATERIALS,,N,,,,,Public,1840,GERALDTON,SH50-01,GERALDTON,"GREATER GERALDTON, CITY OF","MID-WEST, Development Region",70,SOUTH WEST M.F.,"Pinjarra Orogen, Northampton Inlier",20260112
S0004765,Merredin/Holcim,Merredin / Holcim,Mine,Openpit,Operating,J01762,Merredin / Holcim,118.302013000000002,-31.445696000000002,623721,6520268,50,Agg Gvl Aggc,Construction material,CONSTRUCTION MATERIALS,,N,,,,,Public,2535,MERREDIN,SH50-15,KELLERBERRIN,"MERREDIN, SHIRE OF","WHEATBELT, Development Region",70,SOUTH WEST M.F.,Yilgarn Craton granites,20260112
S0004771,Sandy Hill/Holcim,Sandy Hill / Holcim,Mine,Openpit,Operating,J04450,Turner River Dune Sand / Holcim,118.473905000000002,-20.450533000000000,653748,7737970,50,Sd Gvl,Construction material,CONSTRUCTION MATERIALS,,N,,,,,Public,2557,THOUIN,SF50-03,ROEBOURNE,"PORT HEDLAND, TOWN OF","PILBARA, Development Region",45,MARBLE BAR,Sisters Supersuite,20260112
S0004775,Turner River / Boral,Turner River / Boral,Mine,Openpit,Operating,J01764,Turner River East Sand / Boral,118.479472999999999,-20.451091999999999,654328,7737903,50,Sd,Construction material,CONSTRUCTION MATERIALS,,N,,,,,Public,2557,THOUIN,SF50-03,ROEBOURNE,"PORT HEDLAND, TOWN OF","PILBARA, Development Region",45,MARBLE BAR,Sisters Supersuite,20260112
S0004779,Tabba Tabba/Boral,Tabba Tabba / Boral,Mine,Openpit,Operating,J01415,Pilbara Area / Boral,118.992857999999998,-20.368387999999999,708006,7746493,50,Agg Aggc Brck Gran Sd,Construction material,CONSTRUCTION MATERIALS,,N,,,,,Public,2657,PORT HEDLAND,SF50-04,PORT HEDLAND,"PORT HEDLAND, TOWN OF","PILBARA, Development Region",45,MARBLE BAR,Sisters Supersuite,20260112
S0004780,Wickham Sand/RWAC,Wickham Sand / RWAC,Mine,Openpit,Operating,J01769,Wickham Sand / RWAC,117.146722999999994,-20.648706000000001,515284,7716723,50,Sd,Construction material,CONSTRUCTION MATERIALS,,N,,,,,Public,2356,ROEBOURNE,SF50-03,ROEBOURNE,"KARRATHA, CITY OF","PILBARA, Development Region",47,WEST PILBARA M.F.,Gorge Creek Basin,20260112
S0004791,Darlot UG,Darlot Underground,Mine,Decline,Operating,J00082,Darlot,121.268907999999996,-27.887515000000000,329604,6914054,51,Au Ag,Precious metal,GOLD,Darlot,N,,Y,,Operating Mine,Public,3142,DARLOT,SG51-13,SIR SAMUEL,"LEONORA, SHIRE OF","GOLDFIELDS-ESPERANCE, Development Region",37,MT. MALCOLM,Eastern Goldfields Superterrane,20260112
S0004793,Wattleup South / Italia,Wattleup - Moylan Road Southern Extension / Italia and Cockburn,Mine,Openpit,Operating,J00848,Coogee / Cockburn,115.804185000000004,-32.181491999999999,387268,6438820,50,Lst Sd,Construction material,LIMESTONE - LIMESAND,,N,,,,,Public,2033,FREMANTLE,SI50-02,PINJARRA,"KWINANA, CITY OF",METRO,70,SOUTH WEST M.F.,Mandurah Terrace,20260112
S0004796,Maralla Rd Silica,Maralla Road Silica Sand,Mine,Openpit,Operating,J03812,Maralla Road Silica Sand,115.970426000000003,-31.738796000000001,402474,6488055,50,Sisd Sd,Industrial mineral,SILICA - SILICA SAND,Maralla,Y,"Sisd, Sd",Y,,Operating Mine,Public,2034,PERTH,SH50-14,PERTH,"SWAN, CITY OF",METRO,70,SOUTH WEST M.F.,Mandurah Terrace,20260112
S0004798,Gibbs Rd Lot 12 / Meteor Stone,Gibbs Rd Nowergup Lot 12 Pit 4-5 / Meteor Stone,Mine,Openpit,Operating,J02386,Wesco Rd - Nowergup (EIL) / Meteor Stone,115.749604000000005,-31.631622000000000,381419,6499716,50,Lst,Construction material,LIMESTONE - LIMESAND,,N,,,,,Public,2034,PERTH,SH50-14,PERTH,"WANNEROO, CITY OF",METRO,70,SOUTH WEST M.F.,Mandurah Terrace,20260112
S0004813,Kiln Rd Cardup Lot 50-101 / Austral,Kiln Rd Cardup Lot 50-101 / Austral Bricks,Mine,Openpit,Operating,J01794,Cardup - Keysbrook - Toodyay / Austral Bricks,116.018417999999997,-32.240338000000001,407525,6432502,50,Shale,Construction material,CLAYS,,N,,,,,Public,2133,JARRAHDALE,SI50-02,PINJARRA,"SERPENTINE-JARRAHDALE, SHIRE OF","PEEL, Development Region",70,SOUTH WEST M.F.,Cardup Basin,20260112
S0004815,King Rd Lot 422 / CIM,King Rd Oldbury Lot 422 / Cook Industrial Minerals,Mine,Openpit,Operating,J01796,Peel Estate / Cook Industrial Minerals,115.912610999999998,-32.246186999999999,397563,6431757,50,Sd,Construction material,CONSTRUCTION MATERIALS,,N,,,,,Public,2033,FREMANTLE,SI50-02,PINJARRA,"SERPENTINE-JARRAHDALE, SHIRE OF","PEEL, Development Region",70,SOUTH WEST M.F.,Mandurah Terrace,20260112
S0004820,Walyunga Rd Lot 5 Stages 1-2 / Stargaze,Walyunga Rd Bullsbrook Lot 5 Stages 1-2 / Stargaze,Mine,Openpit,Operating,J01801,Upper Swan - Walyunga / Stargaze,116.038376000000000,-31.730194000000001,408903,6489068,50,Sd Clay,Construction material,CONSTRUCTION MATERIALS,,N,,,,,Public,2134,WOOROLOO,SH50-14,PERTH,"SWAN, CITY OF",METRO,70,SOUTH WEST M.F.,South West Terrane,20260112
S0004836,Millar Rd Lot 2170 Limestone Pit / WA Lst,Millar Rd Lot 2170 Baldivis Limestone Pit / WA Limestone,Mine,Openpit,Operating,J01814,Baldivis - Millar Rd / WA Limestone,115.821428999999995,-32.288499000000002,389024,6426976,50,Lst Sd,Construction material,LIMESTONE - LIMESAND,,N,,,,,Public,2033,FREMANTLE,SI50-02,PINJARRA,"ROCKINGHAM, CITY OF",METRO,70,SOUTH WEST M.F.,Mandurah Terrace,20260112
S0004837,Kerosene Lane Lot 800/WA Lmst,Kerosene Lane Lot 800 Baldivis / WA Limestone,Mine,Openpit,Operating,J01814,Baldivis - Millar Rd / WA Limestone,115.815719999999999,-32.295997999999997,388496,6426139,50,Lst Sd,Construction material,LIMESTONE - LIMESAND,,N,,,,,Public,2033,FREMANTLE,SI50-02,PINJARRA,"ROCKINGHAM, CITY OF",METRO,70,SOUTH WEST M.F.,Mandurah Terrace,20260112
S0004839,Paganoni Rd Lot 500 / Heidelberg,Paganoni Rd Karnup Lot 500 / Heidelberg,Mine,Openpit,Operating,J01816,Paganoni Rd Karnup / Heidelberg Materials,115.788267000000005,-32.430773000000002,386080,6411169,50,Sd,Construction material,CONSTRUCTION MATERIALS,,N,,,,,Public,2033,FREMANTLE,SI50-02,PINJARRA,"ROCKINGHAM, CITY OF",METRO,70,SOUTH WEST M.F.,Mandurah Terrace,20260112
S0004840,Postans Rd Lot 571-572 Mathews Quarry,Postans Rd Lot 571-572 Mathews Quarry,Mine,Openpit,Operating,J02266,Postans / Stoneridge,115.806894999999997,-32.187345000000001,387531,6438174,50,Lst,Construction material,LIMESTONE - LIMESAND,,N,,,,,Public,2033,FREMANTLE,SI50-02,PINJARRA,"KWINANA, CITY OF",METRO,70,SOUTH WEST M.F.,Mandurah Terrace,20260112
S0004841,Postans Rd Lot 501 / Italia Stone,Postans Rd Hope Valley Lot 501 / Italia Stone,Mine,Openpit,Operating,J01512,Wattleup / WA Limestone,115.808835999999999,-32.196133000000003,387725,6437202,50,Lst Lsd,Construction material,LIMESTONE - LIMESAND,,N,,,,,Public,2033,FREMANTLE,SI50-02,PINJARRA,"KWINANA, CITY OF",METRO,70,SOUTH WEST M.F.,Mandurah Terrace,20260112
S0004877,Santa,Santa,Mine,Decline,Operating,J00251,Randalls - Mt Monger,122.209745999999996,-31.040600999999999,424588,6565630,51,Au Ag,Precious metal,GOLD,Santa,N,,Y,,Operating Mine,Public,3335,MOUNT BELCHES,SH51-14,WIDGIEMOOLTHA,"KALGOORLIE-BOULDER, CITY OF","GOLDFIELDS-ESPERANCE, Development Region",25,BULONG,Eastern Goldfields Superterrane,20260112
S0004878,Boundary,Boundary - Bulong,Mine,Openpit,Operating,J01837,New Bulong - Boundary - Kal East Gold Project,121.777002999999993,-30.718634999999999,382899,6600941,51,Au Ag,Precious metal,GOLD,,N,,,,,Public,3236,KANOWNA,SH51-10,KURNALPI,"KALGOORLIE-BOULDER, CITY OF","GOLDFIELDS-ESPERANCE, Development Region",25,BULONG,Eastern Goldfields Superterrane,20260112
S0004886,Janet Ivy,Janet Ivy,Mine,Openpit,Operating,J00019,Binduli,121.383337999999995,-30.774453999999999,345292,6594277,51,Au Ag,Precious metal,GOLD,Janet Ivy,N,,Y,,Operating Mine,Public,3136,KALGOORLIE,SH51-09,KALGOORLIE,"KALGOORLIE-BOULDER, CITY OF","GOLDFIELDS-ESPERANCE, Development Region",26,EAST COOLGARDIE,Eastern Goldfields Superterrane,20260112
S0004910,Nickol Bay Northwest / Karratha Earthmoving,Nickol Bay Northwest / Karratha Earthmoving,Mine,Openpit,Operating,J01549,Nickol Bay / Karratha Earthmoving,116.898707000000002,-20.726787999999999,489454,7708086,50,Sd,Construction material,CONSTRUCTION MATERIALS,,N,,,,,Public,2256,DAMPIER,SF50-02,DAMPIER,"KARRATHA, CITY OF","PILBARA, Development Region",47,WEST PILBARA M.F.,Gorge Creek Basin,20260112
S0004924,Karratha Stone/North,Karratha Stone / North,Mine,Openpit,Operating,J01855,Karratha Stone / North,116.942837999999995,-21.071224000000001,494062,7669969,50,Sdst Dst,Construction material,DIMENSION STONE,,N,,,,,Public,2255,PINDERI HILLS,SF50-06,YARRALOOLA,"KARRATHA, CITY OF","PILBARA, Development Region",47,WEST PILBARA M.F.,Northwest Pilbara Sub-basin,20260112
S0004954,Moonbeam,Moonbeam,Mine,Openpit,Operating,J00358,Kundana - White Flag,121.243807000000004,-30.721285999999999,331845,6599970,51,Au Ag,Precious metal,GOLD,Moonbeam,N,,N,,Operating Mine,Public,3136,KALGOORLIE,SH51-09,KALGOORLIE,"COOLGARDIE, SHIRE OF","GOLDFIELDS-ESPERANCE, Development Region",16,KUNANALLING,Eastern Goldfields Superterrane,20260112
S0005001,Marillana Ck Central 1,Marillana Creek Central Mesa 1,Mine,Openpit,Operating,J00571,Marillana Creek - Yandi / BHPB,119.065507999999994,-22.718624999999999,712145,7486150,50,Fe,Iron,IRON ORE,Marillana Creek Central Mesa 1,N,,N,,Operating Mine,Public,2752,WEELI WOLLI,SF50-12,ROY HILL,"EAST PILBARA, SHIRE OF","PILBARA, Development Region",47,WEST PILBARA M.F.,Hamersley Basin,20260112
S0005030,Maxwells,Maxwells,Mine,Decline,Operating,J00251,Randalls - Mt Monger,122.198942000000002,-31.080995999999999,423590,6561146,51,Au Ag,Precious metal,GOLD,Maxwells,N,,Y,,Operating Mine,Public,3335,MOUNT BELCHES,SH51-14,WIDGIEMOOLTHA,"KALGOORLIE-BOULDER, CITY OF","GOLDFIELDS-ESPERANCE, Development Region",25,BULONG,Eastern Goldfields Superterrane,20260112
S0005034,Sparks ,Sparks - Wickepin,Mine,Openpit,Operating,J01890,Wickepin Kaolin,117.728637000000006,-32.829583000000000,568197,6367370,50,Clay-white Kln,Industrial mineral,CLAYS,Sparks,Y,"Clay-white, Kln",Y,,Operating Mine,Public,2432,YEALERING,SI50-03,CORRIGIN,"WICKEPIN, SHIRE OF","WHEATBELT, Development Region",70,SOUTH WEST M.F.,Yilgarn Craton granites,20260112
S0005036,Cawse Sand-Gravel,Cawse Sand-Gravel,Mine,Openpit,Operating,J01891,Cawse / Scorpion,121.230568000000005,-30.422772999999999,330057,6633036,51,Sd Gvl,Construction material,CONSTRUCTION MATERIALS,,N,,,,,Public,3137,BARDOC,SH51-09,KALGOORLIE,"KALGOORLIE-BOULDER, CITY OF","GOLDFIELDS-ESPERANCE, Development Region",24,BROAD ARROW M.F.,Yilgarn Craton granites,20260112
S0005037,Pellew Rd Lots 947-950 Carbarup / Hanson,Pellew Rd Kendenup Lots 947-950 Carbarup / Heidelberg,Mine,Openpit,Operating,J01892,Carbarup Aggregate / Heidelberg Materials,117.692507000000006,-34.522725000000001,563558,6179665,50,Agg,Construction material,CONSTRUCTION MATERIALS,,N,,,,,Public,2428,MOUNT BARKER,SI50-11,MOUNT BARKER,"PLANTAGENET, SHIRE OF","GREAT SOUTHERN, Development Region",70,SOUTH WEST M.F.,Biranup Zone,20260112
S0005040,Murrin North,Murrin North (PAN Production),Mine,Openpit,Operating,J00480,Murrin Murrin / Minara,121.895510000000002,-28.747154999999999,392158,6819527,51,Ni Co,Steel alloy metal,NICKEL,Murrin North,Y,"Ni, Co",Y,,Operating Mine,Public,3240,MINERIE,SH51-02,LAVERTON,"LAVERTON, SHIRE OF","GOLDFIELDS-ESPERANCE, Development Region",39,MT. MORGANS,Eastern Goldfields Superterrane,20260112
S0005063,Otto Bore,Otto Bore,Mine,Openpit,Operating,J02419,Thunderbox Gold,121.015091999999996,-28.110992000000000,305017,6888910,51,Au Ag,Precious metal,GOLD,Otto Bore,N,,Y,,Operating Mine,Public,3141,WEEBO,SH51-01,LEONORA,"LEONORA, SHIRE OF","GOLDFIELDS-ESPERANCE, Development Region",36,LAWLERS,Eastern Goldfields Superterrane,20260112
S0005068,Iguana ,Iguana,Mine,Openpit,Under Development,J06689,Lady Ida / Lamerton Geoda,120.663011999999995,-30.494747000000000,275699,6624069,51,Au Ag,Precious metal,GOLD,,N,,,,,Public,3037,DAVYHURST,SH51-09,KALGOORLIE,"COOLGARDIE, SHIRE OF","GOLDFIELDS-ESPERANCE, Development Region",16,KUNANALLING,Eastern Goldfields Superterrane,20260112
S0005074,Cockeyed Bob Deeps,Cockeyed Bob Deeps,Mine,Decline,Operating,J00251,Randalls - Mt Monger,122.176795999999996,-31.088508000000001,421483,6560298,51,Au Ag,Precious metal,GOLD,Cockeyed Bob,N,,Y,,Operating Mine,Public,3335,MOUNT BELCHES,SH51-14,WIDGIEMOOLTHA,"KALGOORLIE-BOULDER, CITY OF","GOLDFIELDS-ESPERANCE, Development Region",25,BULONG,Eastern Goldfields Superterrane,20260112
S0005156,King of the Hills,King of the Hills Underground,Mine,Decline,Operating,J00186,Tarmoola - King of the Hills,121.163011999999995,-28.671446000000000,320498,6827034,51,Au Ag,Precious metal,GOLD,King of the Hills,N,,Y,,Operating Mine,Public,3140,LEONORA,SH51-01,LEONORA,"LEONORA, SHIRE OF","GOLDFIELDS-ESPERANCE, Development Region",37,MT. MALCOLM,Eastern Goldfields Superterrane,20260112
S0005219,Sam North,Sam North - Ridges,Mine,Openpit,Operating,J01915,Ridges Iron Ore,128.260095000000007,-16.618586000000001,421082,8162492,52,Fe Mag,Iron,IRON ORE,Sam North,N,,Y,,Operating Mine,Public,4564,BOW,SE52-02,LISSADELL,"WYNDHAM-EAST KIMBERLEY, SHIRE OF","KIMBERLEY, Development Region",80,KIMBERLEY M.F.,Carr Boyd Basin,20260112
S0005315,Gilbeys,Gilbeys - Dalgaranga,Mine,Openpit,Under Development,J02013,Dalgaranga - Gilbeys,117.265236000000002,-27.846226999999999,526116,6919803,50,Au Ag,Precious metal,GOLD,Gilbeys,N,,Y,,Operating Mine,Public,2342,DALGARANGA,SG50-15,CUE,"MOUNT MAGNET, SHIRE OF","MID-WEST, Development Region",59,YALGOO M.F.,Yilgarn Craton granites,20260112
S0005340,Jenkins Rd Lot 22 / Quarry Park,Jenkins Rd Bullsbrook Lot 22 / Quarry Park,Mine,Openpit,Operating,J02022,Bullsbrook / Quarry Park,116.050914000000006,-31.606787000000001,409971,6502757,50,Gvl,Construction material,CONSTRUCTION MATERIALS,,N,,,,,Public,2134,WOOROLOO,SH50-14,PERTH,"SWAN, CITY OF",METRO,70,SOUTH WEST M.F.,Yilgarn Craton granites,20260112
S0005344,Red Hill / Heidelberg,Red Hill / Heidelberg,Mine,Openpit,Operating,J00977,Herne Hill / Heidelberg Materials,116.078051000000002,-31.826810999999999,412752,6478391,50,Agg,Construction material,CONSTRUCTION MATERIALS,,N,,,,,Public,2134,WOOROLOO,SH50-14,PERTH,"SWAN, CITY OF",METRO,70,SOUTH WEST M.F.,Yilgarn Craton granites,20260112
S0005364,Boundary,Boundary - Dingo Range,Mine,Openpit,Operating,J01639,Dingo Range,121.434796000000006,-27.367498000000001,345205,6971888,51,Au Ag,Precious metal,GOLD,Boundary,N,,Y,,Operating Mine,Public,3143,WANGGANNOO,SG51-13,SIR SAMUEL,"LEONORA, SHIRE OF","GOLDFIELDS-ESPERANCE, Development Region",37,MT. MALCOLM,Eastern Goldfields Superterrane,20260112
S0005365,Bungarra,Bungarra,Mine,Openpit,Operating,J01639,Dingo Range,121.466848999999996,-27.400134000000001,348420,6968312,51,Au Ag,Precious metal,GOLD,Bungarra,N,,Y,,Operating Mine,Public,3143,WANGGANNOO,SG51-13,SIR SAMUEL,"LEONORA, SHIRE OF","GOLDFIELDS-ESPERANCE, Development Region",37,MT. MALCOLM,Eastern Goldfields Superterrane,20260112
S0005371,Enterprise UG,Enterprise Underground,Mine,Decline,Operating,J04664,Ora Banda / Norton,121.088657999999995,-30.372066000000000,316330,6638436,51,Au,Precious metal,GOLD,Enterprise,N,,Y,,Operating Mine,Public,3137,BARDOC,SH51-09,KALGOORLIE,"KALGOORLIE-BOULDER, CITY OF","GOLDFIELDS-ESPERANCE, Development Region",24,BROAD ARROW M.F.,Eastern Goldfields Superterrane,20260112
S0005396,Broome Road South Sand/McCorryBrown,Broome Road South Sand / McCorryBrown,Mine,Openpit,Operating,J01131,Roebuck Plains / McCorry Brown,122.357765000000001,-17.885793000000000,431966,8022333,51,Sd,Construction material,CONSTRUCTION MATERIALS,,N,,,,,Public,3362,BROOME,SE51-06,BROOME,"BROOME, SHIRE OF","KIMBERLEY, Development Region",4,WEST KIMBERLEY M.F.,Jurgurra Terrace,20260112
S0005408,Broome 70 Kilometre,Broome - Seventy Kilometre,Mine,Openpit,Operating,J02363,Collins Lagoon,122.842873999999995,-17.776876000000001,483345,8034493,51,Brck Gvl Sdc Lst,Construction material,CONSTRUCTION MATERIALS,,N,,,,,Public,3462,LAKE EDA,SE51-06,BROOME,"BROOME, SHIRE OF","KIMBERLEY, Development Region",4,WEST KIMBERLEY M.F.,Fitzroy Trough,20260112
S0005410,Wesco Rd (Sublease 1) / Meteor Stone,Wesco Rd - Nowergup (Sublease 1) / Meteor Stone,Mine,Openpit,Operating,J01694,Wesco Rd - Nowergup / Meteor Stone,115.761675999999994,-31.645356000000000,382582,6498207,50,Dst Lst,Construction material,CONSTRUCTION MATERIALS,,N,,,,,Public,2034,PERTH,SH50-14,PERTH,"WANNEROO, CITY OF",METRO,70,SOUTH WEST M.F.,Mandurah Terrace,20260112
S0005437,Atreides,Atreides,Mine,Openpit,Operating,J00152,Higginsville,121.888917000000006,-31.669374000000001,394674,6495674,51,Au Ag,Precious metal,GOLD,,N,,,,,Public,3234,COWAN,SH51-14,WIDGIEMOOLTHA,"COOLGARDIE, SHIRE OF","GOLDFIELDS-ESPERANCE, Development Region",15,COOLGARDIE,Widgiemooltha Large Igneous Province,20260112
S0005451,Great Northern Hwy Lot 202 Stage 1 / Midland Brick,Great Northern Hwy Bullsbrook South Lot 202 Stage 1 Parkes / Midland Brick,Mine,Openpit,Operating,J00879,Bullsbrook / Midland Brick,116.049014999999997,-31.690598000000001,409872,6493465,50,Cybk,Construction material,CLAYS,,N,,,,,Public,2134,WOOROLOO,SH50-14,PERTH,"SWAN, CITY OF",METRO,70,SOUTH WEST M.F.,South West Terrane,20260112
S0005456,Morangup Rd Lot 3 Squarchini Pit / Midland Brick,Morangup Rd Lot 3 Squarchini Pit / Midland Brick,Mine,Openpit,Operating,J02057,Toodyay / Midland Brick,116.340985000000003,-31.598056000000000,437481,6503927,50,Cyfi,Construction material,CLAYS,,N,,,,,Public,2134,WOOROLOO,SH50-14,PERTH,"TOODYAY, SHIRE OF","WHEATBELT, Development Region",70,SOUTH WEST M.F.,South West Terrane,20260112
S0005463,Chitty Rd Lot 11 / Austral Bricks,Chitty Rd Lot 11 Hoddys Well / Austral Bricks,Mine,Openpit,Operating,J01794,Cardup - Keysbrook - Toodyay / Austral Bricks,116.468063000000001,-31.669124000000000,449575,6496115,50,Cyfi,Construction material,CLAYS,,N,,,,,Public,2134,WOOROLOO,SH50-14,PERTH,"TOODYAY, SHIRE OF","WHEATBELT, Development Region",70,SOUTH WEST M.F.,South West Terrane,20260112
S0005467,Apple St-Almeria Pde Lot 23 and 51 / Austral Bricks,Apple St-Almeria Pde Upper Swan Lot 23 and 51 / Austral Bricks,Mine,Openpit,Operating,J02059,Muchea - Upper Swan / Austral Bricks,116.028586000000004,-31.761482000000001,408006,6485591,50,Cyfi,Construction material,CLAYS,,N,,,,,Public,2134,WOOROLOO,SH50-14,PERTH,"SWAN, CITY OF",METRO,70,SOUTH WEST M.F.,Mandurah Terrace,20260112
S0005468,Lees Pit Great Northern Hwy Lot 201 / Austral Bricks,Lees Pit Lot 201 (1528) Great Northern Hwy / Austral Bricks,Mine,Openpit,Operating,J02059,Muchea - Upper Swan / Austral Bricks,116.039016000000004,-31.759656000000000,408992,6485802,50,Cyfi,Construction material,CLAYS,,N,,,,,Public,2134,WOOROLOO,SH50-14,PERTH,"SWAN, CITY OF",METRO,70,SOUTH WEST M.F.,Yilgarn Craton granites,20260112
S0005470,Great Northern Hwy Lot 10 Parns / Austral,Great Northern Hwy Bullsbrook South Lot 10 Parns / Austral Bricks,Mine,Openpit,Operating,J02059,Muchea - Upper Swan / Austral Bricks,116.044612000000001,-31.712986000000001,409476,6490979,50,Cyfi,Construction material,CLAYS,,N,,,,,Public,2134,WOOROLOO,SH50-14,PERTH,"SWAN, CITY OF",METRO,70,SOUTH WEST M.F.,South West Terrane,20260112
S0005477,Midlands Rd Lot 600 Winchester Quarry,Midlands Rd Carnamah Lot 600 Winchester Quarry,Mine,Openpit,Operating,J02060,Winchester Quarry / Avago,115.910906999999995,-29.713546999999998,394655,6712458,50,Agg Dst,Construction material,CONSTRUCTION MATERIALS,,N,,,,,Public,2038,CARNAMAH,SH50-06,PERENJORI,"CARNAMAH, SHIRE OF","MID-WEST, Development Region",70,SOUTH WEST M.F.,Yilgarn Craton granites,20260112
S0005498,Whitby/WA Bluemetal,Whitby / WA Bluemetal,Mine,Openpit,Operating,J02075,Byford / WA Bluemetal,116.030280000000005,-32.286965000000002,408689,6427343,50,Agg Gvl Aggc,Construction material,CONSTRUCTION MATERIALS,,N,,,,,Public,2133,JARRAHDALE,SI50-02,PINJARRA,"SERPENTINE-JARRAHDALE, SHIRE OF","PEEL, Development Region",70,SOUTH WEST M.F.,Yilgarn Craton granites,20260112
S0005499,Toodyay Rd Lot 5 Sand / Avon,Toodyay Rd Lot 5 Toodyay Sand / Avon Earthworks,Mine,Openpit,Operating,J02077,Avon Earthworks Sand and Gravel,116.428415000000001,-31.603141999999998,445779,6503410,50,Sd Gvl,Construction material,CONSTRUCTION MATERIALS,,N,,,,,Public,2134,WOOROLOO,SH50-14,PERTH,"TOODYAY, SHIRE OF","WHEATBELT, Development Region",70,SOUTH WEST M.F.,South West Terrane,20260112
S0005501,Chitty Rd Lot 11 Bardya Quarry / Midland Brick,Chitty Rd Hoddys Well  Lot 11 Bardya Quarry / Midland Brick,Mine,Openpit,Operating,J03395,Bullsbrook - Toodyay / BGC,116.456900000000005,-31.660423999999999,448512,6497074,50,Cyfi Kln,Construction material,CLAYS,,N,,,,,Public,2134,WOOROLOO,SH50-14,PERTH,"TOODYAY, SHIRE OF","WHEATBELT, Development Region",70,SOUTH WEST M.F.,South West Terrane,20260112
S0005514,Old Coast Rd Lot 5 / WA Lmst,Old Coast Rd Lot 5 Herron / WA Limestone,Mine,Openpit,Operating,J02085,Lake Clifton / WA Limestone,115.672702999999998,-32.765368000000002,375678,6373944,50,Lst Lsd,Construction material,LIMESTONE - LIMESAND,,N,,,,,Public,2032,PINJARRA,SI50-02,PINJARRA,"MANDURAH, CITY OF","PEEL, Development Region",70,SOUTH WEST M.F.,Mandurah Terrace,20260112
S0005516,Mandurah Rd Lot 101 / Roadstone,Mandurah Rd Lakelands 101 / Roadstone,Mine,Openpit,Operating,J02087,Mandurah / Italia,115.768872000000002,-32.459088999999999,384292,6408009,50,Lst,Construction material,LIMESTONE - LIMESAND,,N,,,,,Public,2033,FREMANTLE,SI50-02,PINJARRA,"MANDURAH, CITY OF","PEEL, Development Region",70,SOUTH WEST M.F.,Mandurah Terrace,20260112
S0005519,Jenkins Rd Lot 9 / Congiu,Jenkins Rd Bullsbrook Lot 9 / Congiu,Mine,Openpit,Operating,J02090,Bullsbrook / Congiu,116.045908999999995,-31.614107000000001,409503,6501941,50,Sd Gvl,Construction material,CONSTRUCTION MATERIALS,,N,,,,,Public,2134,WOOROLOO,SH50-14,PERTH,"SWAN, CITY OF",METRO,70,SOUTH WEST M.F.,Yilgarn Craton granites,20260112
S0005523,Refractory Rd Loc 16016 and 21189 / Heidelberg,Refractory Rd Clackline Location 16016 and 21189 / Heidelberg,Mine,Openpit,Operating,J02092,Clackline Sand / Heidelberg Materials,116.502144000000001,-31.700042000000000,452822,6492704,50,Sd Sisd,Construction material,CONSTRUCTION MATERIALS,,N,,,,,Public,2234,NORTHAM,SH50-14,PERTH,"NORTHAM, SHIRE OF","WHEATBELT, Development Region",70,SOUTH WEST M.F.,South West Terrane,20260112
S0005532,Lilydale Rd/City of Swan,Lilydale Rd / City of Swan,Mine,Openpit,Operating,J02099,Gidgegannup / City of Swan,116.235309000000001,-31.800858000000002,427614,6481383,50,Gvl,Construction material,CONSTRUCTION MATERIALS,,N,,,,,Public,2134,WOOROLOO,SH50-14,PERTH,"SWAN, CITY OF",METRO,70,SOUTH WEST M.F.,Yilgarn Craton granites,20260112
S0005545,R43301 Tims Thicket / City of Mandurah,Reserve 43301 Tims Thicket Rd / City of Mandurah,Mine,Openpit,Operating,J02109,Mandurah / City of Mandurah,115.621913000000006,-32.651178999999999,370755,6386543,50,Lst,Construction material,LIMESTONE - LIMESAND,,N,,,,,Public,2032,PINJARRA,SI50-02,PINJARRA,"MANDURAH, CITY OF","PEEL, Development Region",70,SOUTH WEST M.F.,Mandurah Terrace,20260112
S0005546,Zone 19,Plutonic Zone 19 and Zone 550 - Baltic,Mine,Decline,Operating,J00417,Plutonic Gold,119.442605999999998,-25.293234999999999,745942,7200341,50,Au Ag,Precious metal,GOLD,Plutonic Zone 19 and Zone 550 - Baltic,N,,N,,Operating Mine,Public,2747,THREE RIVERS,SG50-08,PEAK HILL,"MEEKATHARRA, SHIRE OF","MID-WEST, Development Region",52,PEAK HILL M.F.,Eastern Goldfields Superterrane,20260112
S0005595,Langey Crossing South/Connolly,Langey Crossing South / Connolly,Mine,Openpit,Operating,J02120,Langey Crossing South / Connolly,123.567910999999995,-17.690237000000000,560225,8043994,51,Sd Gvl,Construction material,CONSTRUCTION MATERIALS,,N,,,,,Public,3662,YEEDA,SE51-07,DERBY,"DERBY/WEST KIMBERLEY, SHIRE OF","KIMBERLEY, Development Region",4,WEST KIMBERLEY M.F.,Fitzroy Trough,20260112
S0005609,Abercrombie Rd Lot 2 and 115 / WA Lmst,Abercrombie Rd Postans Lot 2 and 115 / WA Limestone,Mine,Openpit,Operating,J01602,Postans - Abercrombie Rd / WA Limestone,115.809205000000006,-32.213355999999997,387780,6435293,50,Lst,Construction material,LIMESTONE - LIMESAND,,N,,,,,Public,2033,FREMANTLE,SI50-02,PINJARRA,"KWINANA, CITY OF",METRO,70,SOUTH WEST M.F.,Mandurah Terrace,20260112
S0005660,Die Hardy Central,Die Hardy Central,Mine,Openpit,Operating,J02854,Marda / Southern Cross,119.410740000000004,-29.954415000000001,732651,6683821,50,Au Ag,Precious metal,GOLD,Die Hardy,N,,Y,,Operating Mine,Public,2738,JOHNSTON RANGE,SH50-08,BARLEE,"YILGARN, SHIRE OF","WHEATBELT, Development Region",77,YILGARN M.F.,Youanmi Terrane,20260112
S0005670,Logans Sand,Logans Sand / Cybora,Mine,Openpit,Operating,J02137,Logans Sand and Gold / Cybora,121.425539999999998,-31.378816000000000,350281,6527343,51,Sd,Construction material,CONSTRUCTION MATERIALS,,N,,,,,Public,3135,YILMIA,SH51-13,BOORABBIN,"COOLGARDIE, SHIRE OF","GOLDFIELDS-ESPERANCE, Development Region",15,COOLGARDIE,Eastern Goldfields Superterrane,20260112
S0005673,Pioneer,Pioneer - Higginsville,Mine,Unspecified,Operating,J00152,Higginsville,121.680307999999997,-31.847276000000001,375137,6475734,51,Au,Precious metal,GOLD,Higginsville,N,,Y,,Operating Mine,Public,3234,COWAN,SH51-14,WIDGIEMOOLTHA,"COOLGARDIE, SHIRE OF","GOLDFIELDS-ESPERANCE, Development Region",15,COOLGARDIE,Eastern Goldfields Superterrane,20260112
S0005694,Myara S,Huntly - Myara South,Mine,Openpit,Operating,J00779,Wagerup-Pinjarra / Alcoa,116.059481000000005,-32.498075000000000,411645,6403965,50,Bx,Alumina,BAUXITE - ALUMINA,Myara - Huntly,N,,Y,,Operating Mine,Public,2133,JARRAHDALE,SI50-02,PINJARRA,"MURRAY, SHIRE OF","PEEL, Development Region",70,SOUTH WEST M.F.,Yilgarn Craton granites,20260112
S0005724,Ewington 2,Ewington 2,Mine,Openpit,Operating,J01096,Collie / Lanco,116.259853000000007,-33.354590000000002,431136,6309157,50,Coal,Energy,COAL,Ewington 2,N,,N,,Operating Mine,Public,2131,COLLIE,SI50-06,COLLIE,"COLLIE, SHIRE OF","SOUTH WEST, Development Region",12,COLLIE RIVER M.F.,Collie Sub-basin,20260112
S0005759,Lena,Lena,Mine,Openpit,Operating,J02146,Cue Gold,117.832834000000005,-27.692582999999999,582119,6936574,50,Au Ag,Precious metal,GOLD,,N,,,,,Public,2442,AUSTIN,SG50-15,CUE,"CUE, SHIRE OF","MID-WEST, Development Region",21,DAY DAWN,Youanmi Terrane,20260112
S0005772,Havana 3,Havana Stage 3,Mine,Openpit,Operating,J00292,Paddington - Mt Pleasant,121.397653000000005,-30.407769999999999,346083,6634940,51,Au,Precious metal,GOLD,Havana,N,,N,,Operating Mine,Public,3137,BARDOC,SH51-09,KALGOORLIE,"KALGOORLIE-BOULDER, CITY OF","GOLDFIELDS-ESPERANCE, Development Region",24,BROAD ARROW M.F.,Yilgarn Craton granites,20260112
S0005806,Coolimba Limesand/Yarra Sand,Coolimba Limesand / Yarra Sand,Mine,Openpit,Operating,J02170,Coolimba Limesand,114.984900999999994,-29.826107000000000,305290,6698780,50,Lsd Lst-Lsd Lst,Construction material,LIMESTONE - LIMESAND,,N,,,,,Public,1838,BEAGLE ISLANDS,SH50-05,DONGARA,"CARNAMAH, SHIRE OF","MID-WEST, Development Region",70,SOUTH WEST M.F.,Beagle Ridge,20260112
S0005816,Flynn Dr Lot 900 / Carramar,Flynn Dr Neerabup Lot 900 / Carramar Sand,Mine,Openpit,Operating,J02171,Flynn Drive Neerabup / Carramar Sand,115.802813999999998,-31.683686999999999,386529,6494002,50,Sd,Construction material,CONSTRUCTION MATERIALS,,N,,,,,Public,2034,PERTH,SH50-14,PERTH,"WANNEROO, CITY OF",METRO,70,SOUTH WEST M.F.,Mandurah Terrace,20260112
S0005831,Christmas Island Phosphate,Christmas Island Phosphate,Mine,Openpit,Operating,J02179,Christmas Island Phosphate,105.651588000000004,-10.498459000000000,571301,8839401,48,Phos,Industrial mineral,PHOSPHATE,Christmas Island,Y,Phos,Y,,Operating Mine,Public,,,,,"CHRISTMAS ISLAND, SHIRE OF",,,,,20260112
S0005841,Centenary,Centenary - Oval,Mine,Decline,Operating,J00082,Darlot,121.285779000000005,-27.886132000000000,331262,6914230,51,Au Ag,Precious metal,GOLD,Centenary,N,,Y,,Operating Mine,Public,3142,DARLOT,SG51-13,SIR SAMUEL,"LEONORA, SHIRE OF","GOLDFIELDS-ESPERANCE, Development Region",37,MT. MALCOLM,Eastern Goldfields Superterrane,20260112
S0005842,New Holland S UG,New Holland South Underground,Mine,Decline,Operating,J00098,Agnew - Emu,120.497388000000001,-27.985004000000000,253859,6901935,51,Au Ag,Precious metal,GOLD,Lawlers,N,,Y,,Operating Mine,Public,2942,DEPOT SPRINGS,SG51-13,SIR SAMUEL,"LEONORA, SHIRE OF","GOLDFIELDS-ESPERANCE, Development Region",36,LAWLERS,Yilgarn Craton,20260112
S0005860,Sheela Bore East,Sheela Bore East quarry,Mine,Openpit,Operating,J02183,Sheela Bore Green Marble,115.797640000000001,-23.527782999999999,377258,7397539,50,Marb Dst Dol,Construction material,DIMENSION STONE,,N,,,,,Public,2050,MANGAROON,SF50-14,EDMUND,"ASHBURTON, SHIRE OF","PILBARA, Development Region",8,ASHBURTON M.F.,Edmund Basin,20260112
S0005909,Bulletin U/G,Bulletin Underground,Mine,Decline,Operating,J02624,Matilda,120.246706000000003,-26.611436000000001,225835,7053648,51,Au Ag,Precious metal,GOLD,Bulletin Underground,N,,N,,Operating Mine,Public,2944,WILUNA,SG51-09,WILUNA,"WILUNA, SHIRE OF","MID-WEST, Development Region",53,WILUNA,Eastern Goldfields Superterrane,20260112
S0006397,Gabbro Hill,Gabbro Hill,Mine,Unspecified,Operating,J01718,Kundana East,121.223612000000003,-30.701356000000001,329876,6602148,51,Au Ag,Precious metal,GOLD,,N,,,,,Public,3136,KALGOORLIE,SH51-09,KALGOORLIE,"COOLGARDIE, SHIRE OF","GOLDFIELDS-ESPERANCE, Development Region",16,KUNANALLING,Eastern Goldfields Superterrane,20260112
S0006415,French Kiss,French Kiss,Mine,Openpit,Operating,J00184,Aldiss - Karonie,122.579342999999994,-31.223903000000000,459935,6545507,51,Au Ag,Precious metal,GOLD,French Kiss,N,,N,,Operating Mine,Public,3435,ERAYINIA,SH51-14,WIDGIEMOOLTHA,"KALGOORLIE-BOULDER, CITY OF","GOLDFIELDS-ESPERANCE, Development Region",28,KURNALPI,Eastern Goldfields Superterrane,20260112
S0006416,Federal,Federal,Mine,Openpit,Operating,J00292,Paddington - Mt Pleasant,121.413309999999996,-30.412607000000001,347594,6634425,51,Au Ag,Precious metal,GOLD,Federal,N,,Y,,Operating Mine,Public,3137,BARDOC,SH51-09,KALGOORLIE,"KALGOORLIE-BOULDER, CITY OF","GOLDFIELDS-ESPERANCE, Development Region",24,BROAD ARROW M.F.,Yilgarn Craton granites,20260112
S0006420,HD1 Flat Top,Hope Downs 1 Flat Top,Mine,Openpit,Operating,J00685,Hope Downs Joint Venture,119.117974000000004,-22.959192000000002,717153,7459431,50,Fe,Iron,IRON ORE,Hope Downs 1,N,,Y,,Operating Mine,Public,2752,WEELI WOLLI,SF50-12,ROY HILL,"EAST PILBARA, SHIRE OF","PILBARA, Development Region",47,WEST PILBARA M.F.,Hamersley Basin,20260112
S0006424,Coyle Rd Lot 1304,Coyle Rd Oldbury Lot 1304,Mine,Openpit,Operating,J02219,Byford - Coyle Rd / NLG Sands,115.892493999999999,-32.255316000000001,395678,6430726,50,Sd,Construction material,CONSTRUCTION MATERIALS,,N,,,,,Public,2033,FREMANTLE,SI50-02,PINJARRA,"SERPENTINE-JARRAHDALE, SHIRE OF","PEEL, Development Region",70,SOUTH WEST M.F.,Mandurah Terrace,20260112
S0006427,Exmouth Lst/Alcoa,Exmouth Limestone / Alcoa,Mine,Openpit,Operating,J02221,Exmouth Limestone / Alcoa,114.093799000000004,-21.993679000000000,199913,7565021,50,Lst,Construction material,LIMESTONE - LIMESAND,,N,,,,,Public,1754,EXMOUTH,SF50-05,ONSLOW,"EXMOUTH, SHIRE OF","GASCOYNE, Development Region",8,ASHBURTON M.F.,Exmouth Sub-basin,20260112
S0006435,Arctic Zone,Arctic Zone,Mine,Openpit,Operating,J00358,Kundana - White Flag,121.220309000000000,-30.693687000000001,329546,6602993,51,Au,Precious metal,GOLD,Arctic Zone,N,,N,,Operating Mine,Public,3136,KALGOORLIE,SH51-09,KALGOORLIE,"COOLGARDIE, SHIRE OF","GOLDFIELDS-ESPERANCE, Development Region",16,KUNANALLING,Eastern Goldfields Superterrane,20260112
S0006447,Cawse Sand-Gravel North 1,Cawse Sand-Gravel North 1,Mine,Openpit,Operating,J01891,Cawse / Scorpion,121.221773999999996,-30.397461000000000,329168,6635830,51,Gvl Sd,Construction material,CONSTRUCTION MATERIALS,,N,,,,,Public,3137,BARDOC,SH51-09,KALGOORLIE,"KALGOORLIE-BOULDER, CITY OF","GOLDFIELDS-ESPERANCE, Development Region",24,BROAD ARROW M.F.,Yilgarn Craton granites,20260112
S0006471,Wesco Rd (Sublease 2 and 3) / Italia,Wesco Rd - Nowergup (Subleases 2 and 3) / Italia,Mine,Openpit,Operating,J02240,Wesco Rd - Nowergup / Italia - Roadstone,115.766220000000004,-31.643985000000001,383011,6498364,50,Dst Lst Agg,Construction material,CONSTRUCTION MATERIALS,,N,,,,,Public,2034,PERTH,SH50-14,PERTH,"WANNEROO, CITY OF",METRO,70,SOUTH WEST M.F.,Mandurah Terrace,20260112
S0006485,Windarra Calcrete,Windarra Calcrete (PACW),Mine,Openpit,Operating,J02291,Mt Zephyr Calcrete,122.120124000000004,-28.486059000000001,413878,6848637,51,Cali CaO Lst,Industrial mineral,LIMESTONE - LIMESAND,Windarra,Y,"Cali, CaO, Lst",Y,,Operating Mine,Public,3341,MOUNT VARDEN,SH51-02,LAVERTON,"LAVERTON, SHIRE OF","GOLDFIELDS-ESPERANCE, Development Region",39,MT. MORGANS,Yilgarn Craton granites,20260112
S0006486,Porphyry,Porphyry - Ora Banda,Mine,Openpit,Operating,J00292,Paddington - Mt Pleasant,121.023311000000007,-30.492536999999999,310283,6624974,51,Au Ag,Precious metal,GOLD,Porphyry - Ora Banda,N,,N,,Operating Mine,Public,3137,BARDOC,SH51-09,KALGOORLIE,"COOLGARDIE, SHIRE OF","GOLDFIELDS-ESPERANCE, Development Region",16,KUNANALLING,Eastern Goldfields Superterrane,20260112
S0006491,Quarry Rd Lot 202 / Castle,Quarry Rd Mingin Lot 202 / Castle Equipment,Mine,Openpit,Operating,J02245,Quarry Rd Narrogin / Castle Equipment,117.109549000000001,-32.939838000000002,510240,6355377,50,Agg Dlt,Construction material,CONSTRUCTION MATERIALS,,N,,,,,Public,2332,NARROGIN,SI50-03,CORRIGIN,"NARROGIN, SHIRE OF","WHEATBELT, Development Region",70,SOUTH WEST M.F.,Widgiemooltha Large Igneous Province,20260112
S0006504,Rosemont,Rosemont,Mine,Openpit,Operating,J00009,Duketon / Regis Resources,122.274539000000004,-27.838971000000001,428564,6920424,51,Au Ag,Precious metal,GOLD,Rosemont,N,,Y,,Operating Mine,Public,3342,DUKETON,SG51-14,DUKETON,"LAVERTON, SHIRE OF","GOLDFIELDS-ESPERANCE, Development Region",38,MT. MARGARET,Eastern Goldfields Superterrane,20260112
S0006538,Mandogalup Rd Lot 501 and 615 / WA Lst,Mandogalup Road Lot 501 and 615 Mandogalup / WA Limestone,Mine,Openpit,Operating,J02264,Mandogalup Road / WA Limestone,115.836842000000004,-32.182561000000000,390348,6438736,50,Sd,Construction material,CONSTRUCTION MATERIALS,,N,,,,,Public,2033,FREMANTLE,SI50-02,PINJARRA,"KWINANA, CITY OF",METRO,70,SOUTH WEST M.F.,Mandurah Terrace,20260112
S0006551,Postans Rd Lot 569-572 / Stoneridge,Postans Rd Lot 569-572 / Stoneridge,Mine,Openpit,Operating,J02266,Postans / Stoneridge,115.807188999999994,-32.181936999999998,387552,6438774,50,Lst Lsd Agg Sd,Construction material,LIMESTONE - LIMESAND,,N,,,,,Public,2033,FREMANTLE,SI50-02,PINJARRA,"KWINANA, CITY OF",METRO,70,SOUTH WEST M.F.,Mandurah Terrace,20260112
S0006553,Klondyke,Klondyke,Mine,Openpit,Operating,J02267,Warrawoona Gold / Calidus,119.892312000000004,-21.338096000000000,800007,7637676,50,Au Ag,Precious metal,GOLD,Klondyke,N,,Y,,Operating Mine,Public,2855,MARBLE BAR,SF50-08,MARBLE BAR,"EAST PILBARA, SHIRE OF","PILBARA, Development Region",45,MARBLE BAR,Warrawoona  Large Igneous Province,20260112
S0006557,Karafil,Karafil,Mine,Openpit,Operating,J00776,Worsley,116.424428000000006,-32.910131000000000,446178,6358529,50,Bx,Alumina,BAUXITE - ALUMINA,Karafil,N,,N,,Operating Mine,Public,2132,DWELLINGUP,SI50-02,PINJARRA,"BODDINGTON, SHIRE OF","PEEL, Development Region",70,SOUTH WEST M.F.,South West Terrane,20260112
S0006570,Fort William,Fort William,Mine,Openpit,Operating,J00019,Binduli,121.384112000000002,-30.788705000000000,345389,6592699,51,Au Ag,Precious metal,GOLD,Fort William,N,,N,,Operating Mine,Public,3136,KALGOORLIE,SH51-09,KALGOORLIE,"KALGOORLIE-BOULDER, CITY OF","GOLDFIELDS-ESPERANCE, Development Region",26,EAST COOLGARDIE,Eastern Goldfields Superterrane,20260112
S0006592,Koolyanobbing B,Koolyanobbing B,Mine,Openpit,Operating,J00559,Koolyanobbing Iron,119.543865999999994,-30.837834999999998,743301,6585600,50,Fe,Iron,IRON ORE,,N,,,,,Public,2836,SEABROOK,SH50-12,JACKSON,"YILGARN, SHIRE OF","WHEATBELT, Development Region",77,YILGARN M.F.,Youanmi Terrane,20260112
S0006595,Rowley Road Lot 10 Mandogalup,Rowley Road Lot 10 Mandogalup,Mine,Openpit,Operating,J05430,Frankland Park Sand,115.839555000000004,-32.185254000000000,390607,6438440,50,Sd,Construction material,CONSTRUCTION MATERIALS,,N,,,,,Public,2033,FREMANTLE,SI50-02,PINJARRA,"KWINANA, CITY OF",METRO,70,SOUTH WEST M.F.,Mandurah Terrace,20260112
S0006621,Sunrise Dam Underground,Sunrise Dam Underground,Mine,Decline,Operating,J01703,Sunrise Dam,122.419363000000004,-29.079391000000001,443489,6783079,51,Au Ag As,Precious metal,GOLD,Sunrise Dam,N,,Y,,Operating Mine,Public,3339,LAKE CAREY,SH51-06,EDJUDINA,"LAVERTON, SHIRE OF","GOLDFIELDS-ESPERANCE, Development Region",39,MT. MORGANS,Eastern Goldfields Superterrane,20260112
S0006645,A-Cap,A-Cap,Mine,Openpit,Operating,J00229,Coolgardie Gold,121.195071999999996,-30.999026000000001,327675,6569108,51,Au Ag,Precious metal,GOLD,A-Cap,N,,N,,Operating Mine,Public,3136,KALGOORLIE,SH51-09,KALGOORLIE,"COOLGARDIE, SHIRE OF","GOLDFIELDS-ESPERANCE, Development Region",15,COOLGARDIE,Eastern Goldfields Superterrane,20260112
S0006651,Zone 124,Plutonic Zone 124,Mine,Decline,Operating,J00417,Plutonic Gold,119.442308999999995,-25.301946000000001,745894,7199377,50,Au Ag,Precious metal,GOLD,Plutonic Zone 124,N,,N,,Operating Mine,Public,2747,THREE RIVERS,SG50-08,PEAK HILL,"MEEKATHARRA, SHIRE OF","MID-WEST, Development Region",52,PEAK HILL M.F.,Yilgarn Craton granites,20260112
S0006652,Plutonic NW,Plutonic Northwest,Mine,Decline,Operating,J00417,Plutonic Gold,119.438013999999995,-25.314515000000000,745436,7197991,50,Au Ag,Precious metal,GOLD,Plutonic Northwest,N,,N,,Operating Mine,Public,2747,THREE RIVERS,SG50-08,PEAK HILL,"MEEKATHARRA, SHIRE OF","MID-WEST, Development Region",52,PEAK HILL M.F.,Eastern Goldfields Superterrane,20260112
S0006664,Fitzroy River Sand/Carthy,Fitzroy River Sand / Carthy,Mine,Openpit,Operating,J02295,Fitzroy River - Willare / Carthy,123.643213000000003,-17.723686000000001,568199,8040268,51,Sd Gvl,Construction material,CONSTRUCTION MATERIALS,,N,,,,,Public,3662,YEEDA,SE51-07,DERBY,"DERBY/WEST KIMBERLEY, SHIRE OF","KIMBERLEY, Development Region",4,WEST KIMBERLEY M.F.,Fitzroy Trough,20260112
S0006668,The Mount,The Mount,Mine,Decline,Operating,J01339,The Mount,121.569479999999999,-31.528290999999999,364186,6510961,51,Au Ag,Precious metal,GOLD,The Mount,N,,Y,,Operating Mine,Public,3234,COWAN,SH51-14,WIDGIEMOOLTHA,"COOLGARDIE, SHIRE OF","GOLDFIELDS-ESPERANCE, Development Region",15,COOLGARDIE,Eastern Goldfields Superterrane,20260112
S0006687,Golden Orb,Golden Orb,Mine,Openpit,Operating,J02854,Marda / Southern Cross,119.182306999999994,-30.285627000000002,709898,6647548,50,Au Ag,Precious metal,GOLD,Golden Orb,N,,Y,,Operating Mine,Public,2737,JACKSON,SH50-12,JACKSON,"YILGARN, SHIRE OF","WHEATBELT, Development Region",77,YILGARN M.F.,Youanmi Terrane,20260112
S0006691,Fitzroy Crossing North,Fitzroy Crossing North / Lorice-Loo,Mine,Openpit,Operating,J02304,Fitzroy Crossing / Lorice-Loo,125.585573999999994,-18.191984000000001,773493,7986646,51,Sd Gvl,Construction material,CONSTRUCTION MATERIALS,,N,,,,,Public,4061,FITZROY CROSSING,SE51-12,NOONKANBAH,"DERBY/WEST KIMBERLEY, SHIRE OF","KIMBERLEY, Development Region",4,WEST KIMBERLEY M.F.,Lennard Shelf,20260112
S0006746,Starlight UG,Starlight Underground,Mine,Decline,Operating,J00109,Fortnum,118.358508000000000,-25.321885999999999,636735,7198715,50,Au Ag,Precious metal,GOLD,Starlight-Fortnum,N,,Y,,Operating Mine,Public,2547,MILGUN,SG50-07,ROBINSON RANGE,"MEEKATHARRA, SHIRE OF","MID-WEST, Development Region",52,PEAK HILL M.F.,Bryah Basin,20260112
S0016708,Roebuck Plains/Connolly,Roebuck Plains / Connolly,Mine,Openpit,Operating,J02347,Roebuck Plains / Connolly,122.699299999999994,-17.818415999999999,468135,8029878,51,Sd,Construction material,CONSTRUCTION MATERIALS,,N,,,,,Public,3462,LAKE EDA,SE51-06,BROOME,"BROOME, SHIRE OF","KIMBERLEY, Development Region",4,WEST KIMBERLEY M.F.,Fitzroy Trough,20260112
S0016963,TSF C,Wiluna TSF C,Mine,Tailings storage facility,Operating,J02624,Matilda,120.255412000000007,-26.635895999999999,226761,7050957,51,Au Ag,Precious metal,GOLD,,N,,,,,Public,2944,WILUNA,SG51-09,WILUNA,"WILUNA, SHIRE OF","MID-WEST, Development Region",53,WILUNA,Eastern Goldfields Superterrane,20260112
S0016964,Western Cell TSF D,Wiluna Western Cell TSF D,Mine,Tailings storage facility,Operating,J02624,Matilda,120.250711999999993,-26.636686000000001,226295,7050859,51,Au Ag,Precious metal,GOLD,,N,,,,,Public,2944,WILUNA,SG51-09,WILUNA,"WILUNA, SHIRE OF","MID-WEST, Development Region",53,WILUNA,Eastern Goldfields Superterrane,20260112
S0017128,Hornet,Hornet,Mine,Openpit,Operating,J01718,Kundana East,121.264005999999995,-30.749642999999999,333828,6596856,51,Au Ag,Precious metal,GOLD,,N,,,,,Public,3136,KALGOORLIE,SH51-09,KALGOORLIE,"COOLGARDIE, SHIRE OF","GOLDFIELDS-ESPERANCE, Development Region",15,COOLGARDIE,Eastern Goldfields Superterrane,20260112
S0017129,Pegasus,Pegasus - Kundana East,Mine,Decline,Operating,J01718,Kundana East,121.256861999999998,-30.737957999999999,333124,6598141,51,Au Ag,Precious metal,GOLD,Pegasus,N,,Y,,Operating Mine,Public,3136,KALGOORLIE,SH51-09,KALGOORLIE,"COOLGARDIE, SHIRE OF","GOLDFIELDS-ESPERANCE, Development Region",15,COOLGARDIE,Eastern Goldfields Superterrane,20260112
S0017132,Wattle Ave West/Urbanstone 1,Wattle Avenue West / Urbanstone 1,Mine,Openpit,Operating,J02034,Wattle Avenue West Nowergup / Adelaide Brighton,115.773711000000006,-31.655697000000000,383736,6497074,50,Lst,Construction material,LIMESTONE - LIMESAND,,N,,,,,Public,2034,PERTH,SH50-14,PERTH,"WANNEROO, CITY OF",METRO,70,SOUTH WEST M.F.,Mandurah Terrace,20260112
S0017159,Kimberley Colourstone 1,Kimberley Colourstone 1,Mine,Openpit,Operating,J01911,Kimberley Sandstone / Meteor Stone,123.032250000000005,-17.471502999999998,503424,8068283,51,Dst Sdst,Construction material,DIMENSION STONE,,N,,,,,Public,3563,FRASER,SE51-07,DERBY,"BROOME, SHIRE OF","KIMBERLEY, Development Region",4,WEST KIMBERLEY M.F.,Fitzroy Trough,20260112
S0017491,Kipping Rd,Kipping Road - Esperance,Mine,Openpit,Operating,J02403,Esperance Sand / Ballantyne,121.875542999999993,-33.836917999999997,395958,6255357,51,Sd Lsd,Construction material,CONSTRUCTION MATERIALS,,N,,,,,Public,3230,ESPERANCE,SI51-06,ESPERANCE,"ESPERANCE, SHIRE OF","GOLDFIELDS-ESPERANCE, Development Region",63,DUNDAS M.F.,Recherche Supersuite,20260112
S0018720,Lillydale Rd Lot 2 / Heidelberg,Lillydale Rd North Boyanup Lot 2 / Heidelberg,Mine,Openpit,Operating,J02412,Gelorup Quarry / Heidelberg Materials,115.661237999999997,-33.405892999999999,375510,6302913,50,Agg Bas Sd,Construction material,CONSTRUCTION MATERIALS,,N,,,,,Public,2031,BUNBURY,SI50-06,COLLIE,"CAPEL, SHIRE OF","SOUTH WEST, Development Region",70,SOUTH WEST M.F.,Bunbury Trough,20260112
S0018722,Marillana Ck W1,Marillana Creek Western Mesa 1,Mine,Openpit,Operating,J00571,Marillana Creek - Yandi / BHPB,119.000208000000001,-22.715585000000001,705440,7486579,50,Fe,Iron,IRON ORE,Marillana Creek Western Mesa 1,N,,N,,Operating Mine,Public,2752,WEELI WOLLI,SF50-12,ROY HILL,"EAST PILBARA, SHIRE OF","PILBARA, Development Region",47,WEST PILBARA M.F.,Hamersley Basin,20260112
S0018737,Mooka / Archer,Mooka / Archer,Mine,Openpit,Operating,J02415,Mooka Chalcedony (Mookaite) / Archer,114.954305000000005,-24.892945000000001,293363,7245353,50,Mookaite Clc,Precious mineral,GEM & SEMI-PRECIOUS STONES,Mooka,Y,"Mookaite, Clc",Y,,Operating Mine,Public,1848,BINTHALYA,SG50-01,KENNEDY RANGE,"CARNARVON, SHIRE OF","GASCOYNE, Development Region",9,GASCOYNE M.F.,Gascoyne Platform,20260112
S0018782,Axehandle,Axehandle,Mine,Openpit,Operating,J00226,Marvel Loch - Southern Cross,119.400143999999997,-31.314945999999999,728407,6533006,50,Au Ag,Precious metal,GOLD,Axehandle,N,,Y,,Operating Mine,Public,2735,SOUTHERN CROSS,SH50-16,SOUTHERN CROSS,"YILGARN, SHIRE OF","WHEATBELT, Development Region",77,YILGARN M.F.,Youanmi Terrane,20260112
S0018799,Golden Mile Rock,Golden Mile Rock,Mine,Openpit,Operating,J02431,Golden Mile Rock,121.504510999999994,-30.772556999999999,356886,6594648,51,Aggc Brck,Construction material,CONSTRUCTION MATERIALS,,N,,,,,Public,3236,KANOWNA,SH51-10,KURNALPI,"KALGOORLIE-BOULDER, CITY OF","GOLDFIELDS-ESPERANCE, Development Region",26,EAST COOLGARDIE,Eastern Goldfields Superterrane,20260112
S0018823,Wesco Rd Lot 6 / Northsands,Wesco Rd Nowergup Lot 6 / Northsands,Mine,Openpit,Operating,J02441,Nowergup Sand / Northsands Resources,115.752122999999997,-31.648057000000001,381679,6497897,50,Sd Lst,Construction material,CONSTRUCTION MATERIALS,,N,,,,,Public,2034,PERTH,SH50-14,PERTH,"WANNEROO, CITY OF",METRO,70,SOUTH WEST M.F.,Mandurah Terrace,20260112
S0018841,Mt North Creek 2,Mt North Creek 2,Mine,Openpit,Operating,J02445,Lennard and May Rivers / Martin,124.747406999999995,-17.383565000000001,685641,8077166,51,Sd Brck Gvl,Construction material,CONSTRUCTION MATERIALS,,N,,,,,Public,3863,LENNARD,SE51-08,LENNARD RIVER,"DERBY/WEST KIMBERLEY, SHIRE OF","KIMBERLEY, Development Region",4,WEST KIMBERLEY M.F.,Lennard Shelf,20260112
S0018846,Sams Creek / North,Sams Creek / North,Mine,Openpit,Operating,J02448,Point Samson / North,117.187781000000001,-20.620576000000000,519565,7719832,50,Sd Gvl,Construction material,CONSTRUCTION MATERIALS,,N,,,,,Public,2356,ROEBOURNE,SF50-03,ROEBOURNE,"KARRATHA, CITY OF","PILBARA, Development Region",47,WEST PILBARA M.F.,Gorge Creek Basin,20260112
S0018854,Paradigm,Paradigm,Mine,Openpit,Operating,J04549,Carbine / Evolution,120.938311999999996,-30.474917000000001,302088,6626781,51,Au,Precious metal,GOLD,Paradigm,N,,Y,,Operating Mine,Public,3037,DAVYHURST,SH51-09,KALGOORLIE,"COOLGARDIE, SHIRE OF","GOLDFIELDS-ESPERANCE, Development Region",16,KUNANALLING,Eastern Goldfields Superterrane,20260112
S0018860,Donnybrook Stone/Italia,Donnybrook Stone / Italia,Mine,Openpit,Operating,J04463,Donnybrook Stone / Italia,115.815310999999994,-33.608376999999997,390094,6280636,50,Sdst Dst,Construction material,DIMENSION STONE,,N,,,,,Public,2030,DONNYBROOK,SI50-06,COLLIE,"DONNYBROOK-BALINGUP, SHIRE OF","SOUTH WEST, Development Region",70,SOUTH WEST M.F.,Bunbury Trough,20260112
S0018874,Amity,Amity,Mine,Decline,Operating,J00527,Golden Grove,116.964958999999993,-28.776869000000001,496580,6816734,50,Cu Au Zn Ag Pb,Base metal,COPPER - LEAD - ZINC,Amity,N,,N,,Operating Mine,Public,2240,BADJA,SH50-02,YALGOO,"YALGOO, SHIRE OF","MID-WEST, Development Region",59,YALGOO M.F.,Youanmi Terrane,20260112
S0018895,Shale Rd Lot 6 Stage 1-2 / Austral,Shale Rd Cardup Lot 6 Stage 1-2 / Austral Bricks,Mine,Openpit,Operating,J01794,Cardup - Keysbrook - Toodyay / Austral Bricks,116.018908999999994,-32.259535000000000,407590,6430373,50,Cyfi,Construction material,CLAYS,,N,,,,,Public,2133,JARRAHDALE,SI50-02,PINJARRA,"SERPENTINE-JARRAHDALE, SHIRE OF","PEEL, Development Region",70,SOUTH WEST M.F.,Cardup Basin,20260112
S0018923,West Pit,Moora West Ridge,Mine,Openpit,Operating,J00918,Kemerton Silicon / Simcoa,116.032413000000005,-30.518677000000000,407165,6623341,50,Sisd SiO2 Chert,Industrial mineral,SILICA - SILICA SAND,Moora West Ridge,N,,N,,Operating Mine,Public,2136,MOORA,SH50-10,MOORA,"MOORA, SHIRE OF","WHEATBELT, Development Region",70,SOUTH WEST M.F.,Moora Basin,20260112
S0018938,Snakeskin Jasper,Snakeskin / Snowy Mt Jasper,Mine,Openpit,Operating,J02475,Snakeskin / Snowy Mt Jasper,118.370219000000006,-23.432652000000001,639980,7407919,50,Jasp OrnStone,Precious mineral,GEM & SEMI-PRECIOUS STONES,Snowy Mount,Y,"Jasp, OrnStone",Y,,Operating Mine,Public,2551,SNOWY MOUNT,SF50-15,TUREE CREEK,"MEEKATHARRA, SHIRE OF","MID-WEST, Development Region",52,PEAK HILL M.F.,Hamersley Basin,20260112
S0018956,Thomas Rd 1 / Waste Stream,Thomas Rd - Kwinana 1 / Waste Stream,Mine,Openpit,Operating,J02482,Thomas Rd - Kwinana / Waste Stream,115.789962000000003,-32.223716000000003,385980,6434125,50,Aggc Lst Sd Gvl,Construction material,CONSTRUCTION MATERIALS,,N,,,,,Public,2033,FREMANTLE,SI50-02,PINJARRA,"KWINANA, CITY OF",METRO,70,SOUTH WEST M.F.,Mandurah Terrace,20260112
S0018990,Christmas Island Limestone,Christmas Island Limestone - Phosphate Hill Quarry,Mine,Openpit,Operating,J02493,Christmas Island Limestone,105.694800000000001,-10.421943000000001,576048,8847851,48,Lst,Construction material,LIMESTONE - LIMESAND,,N,,,,,Public,,,,,"CHRISTMAS ISLAND, SHIRE OF",,,,,20260112
S0019060,W1 East,Windarling W1 East,Mine,Openpit,Operating,J00559,Koolyanobbing Iron,119.266700000000000,-30.011952999999998,718620,6677726,50,Fe,Iron,IRON ORE,Windarling W1 East,N,,N,,Operating Mine,Public,2737,JACKSON,SH50-12,JACKSON,"YILGARN, SHIRE OF","WHEATBELT, Development Region",77,YILGARN M.F.,Youanmi Terrane,20260112
S0019062,W3,Windarling W3,Mine,Openpit,Operating,J00559,Koolyanobbing Iron,119.289282000000000,-30.012360999999999,720798,6677638,50,Fe,Iron,IRON ORE,Windarling,N,,Y,,Operating Mine,Public,2737,JACKSON,SH50-12,JACKSON,"YILGARN, SHIRE OF","WHEATBELT, Development Region",77,YILGARN M.F.,Youanmi Terrane,20260112
S0019084,Waroonga Underground,Waroonga Underground,Mine,Decline,Operating,J00098,Agnew - Emu,120.505808000000002,-28.004484999999999,254731,6899793,51,Au Ag,Precious metal,GOLD,Agnew,N,,Y,,Operating Mine,Public,3041,WILDARA,SH51-01,LEONORA,"LEONORA, SHIRE OF","GOLDFIELDS-ESPERANCE, Development Region",36,LAWLERS,Yilgarn Craton,20260112
S0019143,Sandy Point Shellgrit,Sandy Point Shellgrit,Mine,Openpit,Operating,J01833,Jurien Lime Sands,115.004810000000006,-30.186326999999999,307910,6658886,50,Lsd Sd Shell Lst,Construction material,LIMESTONE - LIMESAND,,N,,,,,Public,1937,HILL RIVER,SH50-09,HILL RIVER,"DANDARAGAN, SHIRE OF","WHEATBELT, Development Region",70,SOUTH WEST M.F.,Beagle Ridge,20260112
S0019154,TSF H,Wiluna TSF H,Mine,Tailings storage facility,Operating,J02624,Matilda,120.246852000000004,-26.635625999999998,225907,7050968,51,Au Ag,Precious metal,GOLD,,N,,,,,Public,2944,WILUNA,SG51-09,WILUNA,"WILUNA, SHIRE OF","MID-WEST, Development Region",53,WILUNA,Eastern Goldfields Superterrane,20260112
S0019195,Three Springs Pit D,Three Springs Pit D,Mine,Openpit,Operating,J00913,Three Springs Talc,115.861194999999995,-29.506352000000000,389622,6735372,50,Tlc,Industrial mineral,TALC,Three Springs,Y,Tlc,Y,,Operating Mine,Public,2038,CARNAMAH,SH50-06,PERENJORI,"THREE SPRINGS, SHIRE OF","MID-WEST, Development Region",70,SOUTH WEST M.F.,Moora Basin,20260112
S0019204,Xmas,Christmas - Kundana,Mine,Unspecified,Operating,J00358,Kundana - White Flag,121.242509999999996,-30.719225999999999,331717,6600196,51,Au Ag,Precious metal,GOLD,Christmas - Kundana,N,,N,,Operating Mine,Public,3136,KALGOORLIE,SH51-09,KALGOORLIE,"COOLGARDIE, SHIRE OF","GOLDFIELDS-ESPERANCE, Development Region",16,KUNANALLING,Eastern Goldfields Superterrane,20260112
S0019222,4W,Paraburdoo 4 West,Mine,Openpit,Operating,J03930,Paraburdoo / Rio Tinto,117.579211000000001,-23.228255999999998,559258,7431094,50,Fe,Iron,IRON ORE,Paraburdoo,N,,Y,,Operating Mine,Public,2451,PARABURDOO,SF50-15,TUREE CREEK,"ASHBURTON, SHIRE OF","PILBARA, Development Region",47,WEST PILBARA M.F.,Hamersley Basin,20260112
S0019223,32E,Paraburdoo 32 East,Mine,Openpit,Operating,J03930,Paraburdoo / Rio Tinto,117.682208000000003,-23.253057999999999,569783,7428301,50,Fe,Iron,IRON ORE,Paraburdoo 32 East,N,,N,,Operating Mine,Public,2451,PARABURDOO,SF50-15,TUREE CREEK,"ASHBURTON, SHIRE OF","PILBARA, Development Region",47,WEST PILBARA M.F.,Hamersley Basin,20260112
S0019224,39E,Paraburdoo 39 East,Mine,Openpit,Operating,J03930,Paraburdoo / Rio Tinto,117.705209999999994,-23.258627000000001,572133,7427674,50,Fe,Iron,IRON ORE,Paraburdoo 39 East,N,,N,,Operating Mine,Public,2451,PARABURDOO,SF50-15,TUREE CREEK,"ASHBURTON, SHIRE OF","PILBARA, Development Region",47,WEST PILBARA M.F.,Hamersley Basin,20260112
S0019225,37E,Paraburdoo 37 East,Mine,Openpit,Operating,J03930,Paraburdoo / Rio Tinto,117.694010000000006,-23.262577000000000,570986,7427242,50,Fe,Iron,IRON ORE,Paraburdoo 37 East,N,,N,,Operating Mine,Public,2451,PARABURDOO,SF50-15,TUREE CREEK,"ASHBURTON, SHIRE OF","PILBARA, Development Region",47,WEST PILBARA M.F.,Hamersley Basin,20260112
S0019226,42E,Paraburdoo 42 East,Mine,Openpit,Operating,J03930,Paraburdoo / Rio Tinto,117.707110000000000,-23.265097000000001,572324,7426956,50,Fe,Iron,IRON ORE,Eastern Range,N,,Y,,Operating Mine,Public,2451,PARABURDOO,SF50-15,TUREE CREEK,"ASHBURTON, SHIRE OF","PILBARA, Development Region",47,WEST PILBARA M.F.,Hamersley Basin,20260112
S0019228,Section 6,Tom Price Section 6 Pit,Mine,Openpit,Operating,J03928,Tom Price / Rio Tinto,117.755612999999997,-22.773064999999999,577567,7481403,50,Fe,Iron,IRON ORE,Tom Price Section 6 Pit,N,,N,,Operating Mine,Public,2452,MOUNT LIONEL,SF50-11,MOUNT BRUCE,"ASHBURTON, SHIRE OF","PILBARA, Development Region",47,WEST PILBARA M.F.,Hamersley Basin,20260112
S0019230,Section 7E2,Tom Price Section 7 East 2,Mine,Openpit,Operating,J03928,Tom Price / Rio Tinto,117.725108000000006,-22.768386000000000,574437,7481937,50,Fe,Iron,IRON ORE,Tom Price Section 7 East 2,N,,N,,Operating Mine,Public,2452,MOUNT LIONEL,SF50-11,MOUNT BRUCE,"ASHBURTON, SHIRE OF","PILBARA, Development Region",47,WEST PILBARA M.F.,Hamersley Basin,20260112
S0019248,Bell Road,Bell Road Silica,Mine,Openpit,Operating,J01107,Gnangara Silica Sand / Heidelberg Materials,115.933684999999997,-31.750795000000000,399006,6486691,50,Sisd Sd,Industrial mineral,SILICA - SILICA SAND,Bell Road,Y,"Sisd, Sd",Y,,Operating Mine,Public,2034,PERTH,SH50-14,PERTH,"SWAN, CITY OF",METRO,70,SOUTH WEST M.F.,Mandurah Terrace,20260112
S0019283,4E,Paraburdoo 4 East (Main Pit),Mine,Openpit,Operating,J03930,Paraburdoo / Rio Tinto,117.601411999999996,-23.235135000000000,561527,7430323,50,Fe,Iron,IRON ORE,Paraburdoo 4 East (Main Pit),N,,N,,Operating Mine,Public,2451,PARABURDOO,SF50-15,TUREE CREEK,"ASHBURTON, SHIRE OF","PILBARA, Development Region",47,WEST PILBARA M.F.,Hamersley Basin,20260112
S0019284,Lens A,Nammuldi Lens A,Mine,Openpit,Operating,J03932,Brockman 2 - Nammuldi - Silvergrass - Homestead / Rio Tinto,117.315814000000003,-22.425844999999999,532500,7520003,50,Fe,Iron,IRON ORE,Nammuldi Lens A,N,,N,,Operating Mine,Public,2353,JEERINAH,SF50-11,MOUNT BRUCE,"ASHBURTON, SHIRE OF","PILBARA, Development Region",47,WEST PILBARA M.F.,Hamersley Basin,20260112
S0019285,Lens B,Nammuldi Lens B,Mine,Openpit,Operating,J03932,Brockman 2 - Nammuldi - Silvergrass - Homestead / Rio Tinto,117.330409000000003,-22.425816999999999,534002,7520002,50,Fe,Iron,IRON ORE,Nammuldi Lens B,N,,N,,Operating Mine,Public,2353,JEERINAH,SF50-11,MOUNT BRUCE,"ASHBURTON, SHIRE OF","PILBARA, Development Region",47,WEST PILBARA M.F.,Hamersley Basin,20260112
S0019288,Lens D,Nammuldi Lens D,Mine,Openpit,Operating,J03932,Brockman 2 - Nammuldi - Silvergrass - Homestead / Rio Tinto,117.354906999999997,-22.410416999999999,536527,7521701,50,Fe,Iron,IRON ORE,Nammuldi,N,,Y,,Operating Mine,Public,2353,JEERINAH,SF50-11,MOUNT BRUCE,"ASHBURTON, SHIRE OF","PILBARA, Development Region",47,WEST PILBARA M.F.,Hamersley Basin,20260112
S0019300,Delta Pits,Delta - Roy Hill,Mine,Openpit,Operating,J02889,Roy Hill Iron Ore,119.972082999999998,-22.470753999999999,805856,7512032,50,Fe,Iron,IRON ORE,Delta – Roy Hill,N,,Y,,Operating Mine,Public,2853,WARRIE,SF50-12,ROY HILL,"EAST PILBARA, SHIRE OF","PILBARA, Development Region",46,NULLAGINE,Hamersley Basin,20260112
S0019304,Tango Pits,Tango - Roy Hill,Mine,Openpit,Operating,J02889,Roy Hill Iron Ore,120.065633000000005,-22.572316000000001,198249,7500856,51,Fe,Iron,IRON ORE,Tango,N,,Y,,Operating Mine,Public,2952,ETHEL CREEK,SF51-09,BALFOUR DOWNS,"EAST PILBARA, SHIRE OF","PILBARA, Development Region",46,NULLAGINE,Hamersley Basin,20260112
S0019514,Barton Main Westside,Barton Main - Westside,Mine,Decline,Operating,J01726,Jundee - Nimary,120.604112999999998,-26.372534999999999,260944,7080839,51,Au Ag,Precious metal,GOLD,Barton – Jundee,N,,Y,,Operating Mine,Public,3045,MILLROSE,SG51-09,WILUNA,"WILUNA, SHIRE OF","MID-WEST, Development Region",53,WILUNA,Eastern Goldfields Superterrane,20260112
S0019520,Trig Hill Aggregate,Trig Hill - Pippingarra Rd,Mine,Openpit,Operating,J03364,Trig Hill - Pippingarra Rd / Spinifex,118.689575000000005,-20.585156000000001,676095,7722850,50,Agg Aggc Sd,Construction material,CONSTRUCTION MATERIALS,,N,,,,,Public,2656,WALLARINGA,SF50-04,PORT HEDLAND,"PORT HEDLAND, TOWN OF","PILBARA, Development Region",45,MARBLE BAR,Mallina Basin,20260112
S0019572,Tamarine Rd Limestone 2 (Central Pit),Tamarine Rd Limestone 2 / First Quantum,Mine,Openpit,Operating,J02145,Ravensthorpe - First Quantum,120.287919000000002,-33.804228999999999,248936,6256243,51,Lst Lsd,Industrial mineral,LIMESTONE - LIMESAND,Tamarine Road,Y,"Lst, Lsd",Y,,Operating Mine,Public,2930,RAVENSTHORPE,SI51-05,RAVENSTHORPE,"RAVENSTHORPE, SHIRE OF","GOLDFIELDS-ESPERANCE, Development Region",74,PHILLIPS RIVER M.F.,"Northern Foreland, Albany-Fraser Orogen",20260112
S0019624,Plutonic East,Plutonic East,Mine,Decline,Operating,J00417,Plutonic Gold,119.483062000000004,-25.317651000000001,749966,7197561,50,Au Ag,Precious metal,GOLD,Plutonic,N,,Y,,Operating Mine,Public,2747,THREE RIVERS,SG50-08,PEAK HILL,"MEEKATHARRA, SHIRE OF","MID-WEST, Development Region",52,PEAK HILL M.F.,Eastern Goldfields Superterrane,20260112
S0019642,Tarmoola N,Tarmoola North,Mine,Openpit,Operating,J00186,Tarmoola - King of the Hills,121.166076000000004,-28.663843000000000,320784,6827881,51,Au Ag,Precious metal,GOLD,Tarmoola North,N,,N,,Operating Mine,Public,3140,LEONORA,SH51-01,LEONORA,"LEONORA, SHIRE OF","GOLDFIELDS-ESPERANCE, Development Region",37,MT. MALCOLM,Eastern Goldfields Superterrane,20260112
S0019703,Big Blow,Big Blow / Focus,Mine,Openpit,Operating,J00014,Coolgardie Gold / Focus,121.172793999999996,-30.973281000000000,325501,6571927,51,Au Ag,Precious metal,GOLD,Big Blow / Focus,N,,N,,Operating Mine,Public,3136,KALGOORLIE,SH51-09,KALGOORLIE,"COOLGARDIE, SHIRE OF","GOLDFIELDS-ESPERANCE, Development Region",15,COOLGARDIE,Eastern Goldfields Superterrane,20260112
S0019710,Raleigh-Golden Hind U/G,Raleigh Underground,Mine,Decline,Operating,J01718,Kundana East,121.243609000000006,-30.727556000000000,331837,6599274,51,Au Ag,Precious metal,GOLD,Raleigh,N,,Y,,Operating Mine,Public,3136,KALGOORLIE,SH51-09,KALGOORLIE,"COOLGARDIE, SHIRE OF","GOLDFIELDS-ESPERANCE, Development Region",16,KUNANALLING,Eastern Goldfields Superterrane,20260112
S0019751,Chris D,Chris D,Mine,Openpit,Operating,J00725,Woodie Woodie (Mining Corridor) / ConsMin,121.247303000000002,-21.603563999999999,318566,7610030,51,Mn,Steel alloy metal,MANGANESE ORE,Chris D,Y,Mn,Y,,Operating Mine,Public,3154,PEARANA,SF51-05,NULLAGINE,"EAST PILBARA, SHIRE OF","PILBARA, Development Region",45,MARBLE BAR,Carawine Sub-basin,20260112
S0019771,Waihi Central,Waihi Central,Mine,Openpit,Operating,J00084,Davyhurst - Lady Ida - Mulline - Riverina - Siberia Gold,120.635110999999995,-30.039418000000001,271970,6674490,51,Au Ag,Precious metal,GOLD,,N,,,,,Public,3037,DAVYHURST,SH51-09,KALGOORLIE,"MENZIES, SHIRE OF","GOLDFIELDS-ESPERANCE, Development Region",30,ULARRING,Eastern Goldfields Superterrane,20260112
S0019774,Baldivis Rd Lots 1 2 and 825 / Italia,Baldivis Rd Lots 1 2 and 825 / Italia,Mine,Openpit,Operating,J02656,Baldivis / Italia,115.826734999999999,-32.290120000000002,389525,6426802,50,Sd,Construction material,CONSTRUCTION MATERIALS,,N,,,,,Public,2033,FREMANTLE,SI50-02,PINJARRA,"ROCKINGHAM, CITY OF",METRO,70,SOUTH WEST M.F.,Mandurah Terrace,20260112
S0019777,Eleven Bells,Eleven Bells - Wallbrook,Mine,Openpit,Operating,J00094,Porphyry - Northern Operations,122.315111999999999,-29.868357000000000,433856,6695604,51,Au Ag,Precious metal,GOLD,,N,,,,,Public,3338,EDJUDINA,SH51-06,EDJUDINA,"MENZIES, SHIRE OF","GOLDFIELDS-ESPERANCE, Development Region",31,YERILLA,Yilgarn Craton granites,20260112
S0019779,Invicta,Invicta - Deakin,Mine,Decline,Operating,J01726,Jundee - Nimary,120.588610000000003,-26.361485999999999,259374,7082034,51,Au Ag,Precious metal,GOLD,Invicta,N,,Y,,Operating Mine,Public,3045,MILLROSE,SG51-09,WILUNA,"WILUNA, SHIRE OF","MID-WEST, Development Region",53,WILUNA,Eastern Goldfields Superterrane,20260112
S0019812,Pindan sand,Pindan Sand - Derby,Mine,Openpit,Operating,J02665,Pindan Sand - Derby,123.786951999999999,-17.369785000000000,583602,8079365,51,Sd,Construction material,CONSTRUCTION MATERIALS,,N,,,,,Public,3663,DERBY,SE51-07,DERBY,"DERBY/WEST KIMBERLEY, SHIRE OF","KIMBERLEY, Development Region",4,WEST KIMBERLEY M.F.,Fitzroy Trough,20260112
S0019903,Yeeda Sandstone/McCorry Brown,Yeeda Sandstone Rock / McCorry Brown,Mine,Openpit,Operating,J01131,Roebuck Plains / McCorry Brown,123.017919000000006,-17.818583000000000,501899,8029885,51,Brck OrnStone,Construction material,CONSTRUCTION MATERIALS,,N,,,,,Public,3562,CLARKSON,SE51-07,DERBY,"BROOME, SHIRE OF","KIMBERLEY, Development Region",4,WEST KIMBERLEY M.F.,Fitzroy Trough,20260112
S0019916,Comet Hill/Boral,Comet Hill / Boral,Mine,Openpit,Operating,J00844,Comet Hill-Gnarlabine / Boral,121.050211000000004,-31.034244999999999,313911,6564970,51,Sd Gvl,Construction material,CONSTRUCTION MATERIALS,,N,,,,,Public,3135,YILMIA,SH51-13,BOORABBIN,"COOLGARDIE, SHIRE OF","GOLDFIELDS-ESPERANCE, Development Region",15,COOLGARDIE,Yilgarn Craton granites,20260112
S0019936,Mooliabeenee Rd Lot 502 / AAA Sands,Mooliabeenee Rd Mooliabeenee Lot 502 / AAA Sands,Mine,Openpit,Operating,J02680,Bindoon / AAA Sands,116.040007000000003,-31.328108000000000,408666,6533636,50,Sd,Construction material,CONSTRUCTION MATERIALS,,N,,,,,Public,2135,CHITTERING,SH50-14,PERTH,"CHITTERING, SHIRE OF","WHEATBELT, Development Region",70,SOUTH WEST M.F.,Barberton Terrace,20260112
S0020023,Seven Mile Gravel/Norwest,Seven Mile Gravel / Norwest,Mine,Openpit,Operating,J02698,Karratha Gravel / Norwest,116.756465000000006,-20.771490000000000,474651,7703123,50,Gvl,Construction material,CONSTRUCTION MATERIALS,,N,,,,,Public,2256,DAMPIER,SF50-02,DAMPIER,"KARRATHA, CITY OF","PILBARA, Development Region",47,WEST PILBARA M.F.,Maitland River Supersuite,20260112
S0020031,Moore River  Limestone 2/WA Lmst,Moore River Limestone 2 / WA Limestone,Mine,Openpit,Operating,J01594,Moore River Limestone / WA Limestone,115.522852000000000,-31.333048999999999,359468,6532545,50,Lst Dst,Construction material,LIMESTONE - LIMESAND,,N,,,,,Public,2035,GINGIN,SH50-14,PERTH,"GINGIN, SHIRE OF","WHEATBELT, Development Region",70,SOUTH WEST M.F.,Vlaming Sub-basin,20260112
S0020044,Koonoonooka Sand,Koonoonooka Sand,Mine,Openpit,Operating,J00440,Leinster,120.789507000000000,-27.768926000000000,282166,6926436,51,Sd,Construction material,CONSTRUCTION MATERIALS,,N,,,,,Public,3042,SIR SAMUEL,SG51-13,SIR SAMUEL,"LEONORA, SHIRE OF","GOLDFIELDS-ESPERANCE, Development Region",36,LAWLERS,Yilgarn Craton granites,20260112
S0020065,Clark,Clark - Kookynie,Mine,Unspecified,Operating,J02010,Ulysses Gold,121.374566999999999,-29.198582999999999,341975,6768918,51,Au Ag,Precious metal,GOLD,,N,,,,,Public,3139,MELITA,SH51-05,MENZIES,"MENZIES, SHIRE OF","GOLDFIELDS-ESPERANCE, Development Region",40,NIAGARA,Eastern Goldfields Superterrane,20260112
S0020066,Moore River Limestone 1/WA Lmst,Moore River Limestone 1 / WA Limestone,Mine,Openpit,Operating,J01594,Moore River Limestone / WA Limestone,115.517904000000001,-31.322603000000001,358981,6533696,50,Lst Dst,Construction material,LIMESTONE - LIMESAND,,N,,,,,Public,2035,GINGIN,SH50-14,PERTH,"GINGIN, SHIRE OF","WHEATBELT, Development Region",70,SOUTH WEST M.F.,Vlaming Sub-basin,20260112
S0020088,A-WPN,West Angelas Deposit A - West Pit North,Mine,Openpit,Operating,J00706,West Angelas,118.750108999999995,-23.176755000000000,679138,7435836,50,Fe,Iron,IRON ORE,West Angelas Deposit A - West Pit North,N,,N,,Operating Mine,Public,2651,GOVERNOR,SF50-16,NEWMAN,"EAST PILBARA, SHIRE OF","PILBARA, Development Region",47,WEST PILBARA M.F.,Hamersley Basin,20260112
S0020091,Nanga Brook Rd Lot 731 / Hull,Nanga Brook Rd Waroona Lot 731 / Hull,Mine,Openpit,Operating,J01177,Waroona / Charles Hull Contracting,115.981875000000002,-32.801042000000002,404676,6370310,50,Agg Gvl,Construction material,CONSTRUCTION MATERIALS,,N,,,,,Public,2032,PINJARRA,SI50-02,PINJARRA,"WAROONA, SHIRE OF","PEEL, Development Region",70,SOUTH WEST M.F.,South West Terrane,20260112
S0020129,In-Pit TSF,Golden Age In-Pit TSF,Mine,Tailings storage facility,Operating,J02624,Matilda,120.246706000000003,-26.620325999999999,225856,7052664,51,Au Ag,Precious metal,GOLD,,N,,,,,Public,2944,WILUNA,SG51-09,WILUNA,"WILUNA, SHIRE OF","MID-WEST, Development Region",53,WILUNA,Eastern Goldfields Superterrane,20260112
S0020156,Deep Creek Ferricrete,Deep Creek Ferricrete,Mine,Openpit,Operating,J02363,Collins Lagoon,122.827066000000002,-17.774296000000000,481670,8034777,51,Gvl Brck Lst,Construction material,CONSTRUCTION MATERIALS,,N,,,,,Public,3462,LAKE EDA,SE51-06,BROOME,"BROOME, SHIRE OF","KIMBERLEY, Development Region",4,WEST KIMBERLEY M.F.,Fitzroy Trough,20260112
S0020166,Cataby Pit 14,Cataby Pit 14,Mine,Openpit,Operating,J00478,Cataby / Iluka,115.523763000000002,-30.738672999999999,358679,6598428,50,HM Ilm Zrn Rt Grt Leu St Mnz IlmRt-syn,Speciality metal,HEAVY MINERAL SANDS,,N,,,,,Public,2036,DANDARAGAN,SH50-10,MOORA,"DANDARAGAN, SHIRE OF","WHEATBELT, Development Region",70,SOUTH WEST M.F.,Coomallo Trough,20260112
S0020167,Cataby Pit 8,Cataby Pit 8,Mine,Openpit,Operating,J00478,Cataby / Iluka,115.552182000000002,-30.751121999999999,361418,6597084,50,HM Ilm Leu Zrn St Rt Grt Mnz IlmRt-syn,Speciality metal,HEAVY MINERAL SANDS,Cataby Pit 8,N,,N,,Operating Mine,Public,2036,DANDARAGAN,SH50-10,MOORA,"DANDARAGAN, SHIRE OF","WHEATBELT, Development Region",70,SOUTH WEST M.F.,Coomallo Trough,20260112
S0020169,Cataby Pit 10,Cataby Pit 10,Mine,Openpit,Operating,J00478,Cataby / Iluka,115.534154999999998,-30.757010000000001,359701,6596409,50,HM Ilm Leu Zrn St Rt Grt Mnz IlmRt-syn,Speciality metal,HEAVY MINERAL SANDS,Cataby Pit 10,N,,N,,Operating Mine,Public,2036,DANDARAGAN,SH50-10,MOORA,"DANDARAGAN, SHIRE OF","WHEATBELT, Development Region",70,SOUTH WEST M.F.,Coomallo Trough,20260112
S0020172,Cataby Pit 2,Cataby Pit 2,Mine,Openpit,Operating,J00478,Cataby / Iluka,115.567310000000006,-30.798576000000001,362933,6591843,50,HM Ilm Zrn Rt Leu Grt St Mnz IlmRt-syn,Speciality metal,HEAVY MINERAL SANDS,Cataby,Y,"HM, Ilm, Zrn, Rt, Leu, Grt, St, Mnz, IlmRt-syn",Y,,Operating Mine,Public,2036,DANDARAGAN,SH50-10,MOORA,"DANDARAGAN, SHIRE OF","WHEATBELT, Development Region",70,SOUTH WEST M.F.,Coomallo Trough,20260112
S0020173,Cataby Pit 1,Cataby Pit 1,Mine,Openpit,Operating,J00478,Cataby / Iluka,115.606344000000007,-30.834008000000001,366717,6587963,50,HM Ilm Zrn Rt Grt Leu IlmRt-syn St Mnz,Speciality metal,HEAVY MINERAL SANDS,Cataby Pit 1,N,,N,,Operating Mine,Public,2036,DANDARAGAN,SH50-10,MOORA,"DANDARAGAN, SHIRE OF","WHEATBELT, Development Region",70,SOUTH WEST M.F.,Dandaragan Trough,20260112
S0020192,Kununurra 3/Northover,Kununurra 3 / Northover,Mine,Openpit,Operating,J02345,Kununurra / Northover,128.735304000000014,-15.397634999999999,471596,8297676,52,Lst Gvl Agg Sd Sdst,Construction material,LIMESTONE - LIMESAND,,N,,,,,Public,4667,CARLTON,SD52-14,CAMBRIDGE GULF,"WYNDHAM-EAST KIMBERLEY, SHIRE OF","KIMBERLEY, Development Region",80,KIMBERLEY M.F.,Carlton Shelf,20260112
S0020197,Tropicana,Tropicana,Mine,Openpit,Operating,J02723,Tropicana,124.553910999999999,-29.246065999999999,651001,6763752,51,Au Ag,Precious metal,GOLD,Tropicana,N,,Y,,Operating Mine,Public,3839,BARTLETT,SH51-08,PLUMRIDGE,"MENZIES, SHIRE OF","GOLDFIELDS-ESPERANCE, Development Region",39,MT. MORGANS,Tropicana Zone,20260112
S0020236,Hunter,Hunter - Woodie Woodie,Mine,Openpit,Operating,J00725,Woodie Woodie (Mining Corridor) / ConsMin,121.206119999999999,-21.602522000000000,314300,7610097,51,Mn,Steel alloy metal,MANGANESE ORE,,N,,,,,Public,3154,PEARANA,SF51-05,NULLAGINE,"EAST PILBARA, SHIRE OF","PILBARA, Development Region",45,MARBLE BAR,Carawine Sub-basin,20260112
S0020268,Hougoumont,Hougoumont,Mine,Decline,Operating,J00527,Golden Grove,116.963026999999997,-28.774305999999999,496391,6817018,50,Zn Cu Pb Ag Au,Base metal,COPPER - LEAD - ZINC,Hougoumont,N,,N,,Operating Mine,Public,2240,BADJA,SH50-02,YALGOO,"YALGOO, SHIRE OF","MID-WEST, Development Region",59,YALGOO M.F.,Youanmi Terrane,20260112
S0020270,Xantho,Xantho,Mine,Decline,Operating,J00527,Golden Grove,116.953159999999997,-28.775324999999999,495428,6816905,50,Zn Au,Base metal,COPPER - LEAD - ZINC,Xantho,N,,N,,Operating Mine,Public,2240,BADJA,SH50-02,YALGOO,"YALGOO, SHIRE OF","MID-WEST, Development Region",59,YALGOO M.F.,Youanmi Terrane,20260112
S0020355,A-CPN,West Angelas Deposit A - Centre Pit North,Mine,Openpit,Operating,J00706,West Angelas,118.784609000000003,-23.184926000000001,682659,7434888,50,Fe,Iron,IRON ORE,West Angelas,N,,Y,,Operating Mine,Public,2651,GOVERNOR,SF50-16,NEWMAN,"EAST PILBARA, SHIRE OF","PILBARA, Development Region",47,WEST PILBARA M.F.,Hamersley Basin,20260112
S0020371,Hairpin,Junction Central - Hairpin,Mine,Openpit,Operating,J00732,Yandicoogina / HI-Yandi,119.235011000000000,-22.755157000000001,729499,7481852,50,Fe,Iron,IRON ORE,Yandi,N,,Y,,Operating Mine,Public,2752,WEELI WOLLI,SF50-12,ROY HILL,"EAST PILBARA, SHIRE OF","PILBARA, Development Region",47,WEST PILBARA M.F.,Hamersley Basin,20260112
S0020373,JSE,Junction Southeast (JSE),Mine,Openpit,Operating,J00732,Yandicoogina / HI-Yandi,119.260812999999999,-22.795217000000001,732081,7477375,50,Fe,Iron,IRON ORE,Junction Southeast,N,,Y,,Operating Mine,Public,2752,WEELI WOLLI,SF50-12,ROY HILL,"EAST PILBARA, SHIRE OF","PILBARA, Development Region",47,WEST PILBARA M.F.,Hamersley Basin,20260112
S0020380,UG Portal,Wallaby Underground,Mine,Decline,Operating,J00134,Granny Smith,122.305126999999999,-28.852129000000001,432222,6808199,51,Au Ag,Precious metal,GOLD,Wallaby,N,,Y,,Operating Mine,Public,3340,LAVERTON,SH51-02,LAVERTON,"LAVERTON, SHIRE OF","GOLDFIELDS-ESPERANCE, Development Region",38,MT. MARGARET,Yilgarn Craton granites,20260112
S0020403,Austral Juperana,Bruce Rock Granite - Austral Juperana,Mine,Openpit,Operating,J02761,Bruce Rock Granite,118.204110000000000,-32.044687000000003,613683,6453977,50,Gran Dst,Construction material,DIMENSION STONE,,N,,,,,Public,2533,NAREMBEEN,SI50-03,CORRIGIN,"BRUCE ROCK, SHIRE OF","WHEATBELT, Development Region",70,SOUTH WEST M.F.,Yilgarn Craton granites,20260112
S0020465,Tredrea Place Lot 30 / Giacci,Tredrea Place Myalup Lot 30 / Giacci,Mine,Openpit,Operating,J03786,Harvey / Giacci,115.708980999999994,-33.124361999999998,379564,6334185,50,Lst Sd,Construction material,LIMESTONE - LIMESAND,,N,,,,,Public,2031,BUNBURY,SI50-06,COLLIE,"HARVEY, SHIRE OF","SOUTH WEST, Development Region",70,SOUTH WEST M.F.,Mandurah Terrace,20260112
S0020466,Finn Rd Lot 3618 / Omaha,Finn Rd Myalup Lot 3618 / Omaha,Mine,Openpit,Operating,J04681,Myalup / Omaha Nominees Pty Ltd,115.705461000000000,-33.019542999999999,379092,6345802,50,Aglime Lst,Industrial mineral,LIMESTONE - LIMESAND,Lake Preston,N,,Y,,Operating Mine,Public,2031,BUNBURY,SI50-06,COLLIE,"HARVEY, SHIRE OF","SOUTH WEST, Development Region",70,SOUTH WEST M.F.,Mandurah Terrace,20260112
S0020551,Rose Dam N,Rose Dam North,Mine,Openpit,Operating,J02780,Rose Dam,121.279264999999995,-30.510370000000002,334883,6623400,51,Au Ag,Precious metal,GOLD,Rose Dam North,N,,N,,Operating Mine,Public,3136,KALGOORLIE,SH51-09,KALGOORLIE,"KALGOORLIE-BOULDER, CITY OF","GOLDFIELDS-ESPERANCE, Development Region",24,BROAD ARROW M.F.,Eastern Goldfields Superterrane,20260112
S0020558,T.P. North West,Tom Price North West,Mine,Openpit,Operating,J03928,Tom Price / Rio Tinto,117.740206000000001,-22.743645999999998,576001,7484668,50,Fe,Iron,IRON ORE,Tom Price North West,N,,N,,Operating Mine,Public,2452,MOUNT LIONEL,SF50-11,MOUNT BRUCE,"ASHBURTON, SHIRE OF","PILBARA, Development Region",47,WEST PILBARA M.F.,Hamersley Basin,20260112
S0020560,T.P. Southern Ridge,Tom Price Southern Ridge,Mine,Openpit,Operating,J03928,Tom Price / Rio Tinto,117.752711000000005,-22.761154999999999,577275,7482723,50,Fe,Iron,IRON ORE,Tom Price Southern Ridge,N,,N,,Operating Mine,Public,2452,MOUNT LIONEL,SF50-11,MOUNT BRUCE,"ASHBURTON, SHIRE OF","PILBARA, Development Region",47,WEST PILBARA M.F.,Hamersley Basin,20260112
S0020563,TP SE Prong,Tom Price South East Prong,Mine,Openpit,Operating,J03928,Tom Price / Rio Tinto,117.784442999999996,-22.775917000000000,580525,7481072,50,Fe,Iron,IRON ORE,Tom Price South East Prong,N,,N,,Operating Mine,Public,2452,MOUNT LIONEL,SF50-11,MOUNT BRUCE,"ASHBURTON, SHIRE OF","PILBARA, Development Region",47,WEST PILBARA M.F.,Hamersley Basin,20260112
S0020577,Centre Pit,Marandoo Centre Pit,Mine,Openpit,Operating,J03929,Marandoo / Rio Tinto,118.140009000000006,-22.646646000000000,617137,7495147,50,Fe,Iron,IRON ORE,Marandoo Centre Pit,N,,N,,Operating Mine,Public,2552,MOUNT BRUCE,SF50-11,MOUNT BRUCE,"ASHBURTON, SHIRE OF","PILBARA, Development Region",47,WEST PILBARA M.F.,Hamersley Basin,20260112
S0020592,MAC C East,MAC - Deposit C East Pit,Mine,Openpit,Operating,J00576,Mining Area C,118.986863999999997,-22.929359999999999,703751,7462923,50,Fe,Iron,IRON ORE,MAC-C,N,,Y,,Operating Mine,Public,2652,MUNJINA,SF50-12,ROY HILL,"EAST PILBARA, SHIRE OF","PILBARA, Development Region",47,WEST PILBARA M.F.,Hamersley Basin,20260112
S0020600,Westcott Rd Lot 6 / Doral,Westcott Rd Keysbrook Lot 6 / Doral,Mine,Openpit,Operating,J02787,Keysbrook Heavy Mineral Sands EIL-MTO / Doral,115.942390000000003,-32.468646999999997,400612,6407124,50,HM Leu Ilm Zrn Rt,Speciality metal,HEAVY MINERAL SANDS,Keysbrook,Y,"HM, Leu, Ilm, Zrn, Rt",Y,,Operating Mine,Public,2033,FREMANTLE,SI50-02,PINJARRA,"SERPENTINE-JARRAHDALE, SHIRE OF","PEEL, Development Region",70,SOUTH WEST M.F.,Mandurah Terrace,20260112
S0020710,Ledge Point Central/AB,Ledge Point Central / Adelaide Brighton,Mine,Openpit,Operating,J02809,Ledge Point / Cockburn,115.365398999999996,-31.074266999999999,344062,6561019,50,Lsd,Construction material,LIMESTONE - LIMESAND,,N,,,,,Public,1935,LEDGE POINT,SH50-13,LEDGE POINT,"GINGIN, SHIRE OF","WHEATBELT, Development Region",70,SOUTH WEST M.F.,Vlaming Sub-basin,20260112
S0020711,Cookes Hill Quarry / Elazac,Cookes Hill Quarry / Elazac,Mine,Openpit,Operating,J05432,Cookes Hill Aggregate,118.667884999999998,-20.723597999999999,673677,7707547,50,Agg Aggc Brck Dlt Sd Aggm,Construction material,CONSTRUCTION MATERIALS,,N,,,,,Public,2656,WALLARINGA,SF50-04,PORT HEDLAND,"PORT HEDLAND, TOWN OF","PILBARA, Development Region",45,MARBLE BAR,Sisters Supersuite,20260112
S0020736,F3,Koolyanobbing F3,Mine,Openpit,Operating,J00559,Koolyanobbing Iron,119.613157000000001,-30.876459000000001,749830,6581164,50,Fe,Iron,IRON ORE,Koolyanobbing,N,,N,,Operating Mine,Public,2836,SEABROOK,SH50-12,JACKSON,"YILGARN, SHIRE OF","WHEATBELT, Development Region",77,YILGARN M.F.,Youanmi Terrane,20260112
S0020739,Lake Goorly M70/1079,Lake Goorly M70/1079,Mine,Openpit,Operating,J00805,Lake Goorly Gypsum / Bywaters,116.984593000000004,-29.954851999999999,498513,6686217,50,Gp,Industrial mineral,GYPSUM,Lake Goorly,Y,Gp,Y,,Operating Mine,Public,2238,MONGERS,SH50-06,PERENJORI,"DALWALLINU, SHIRE OF","WHEATBELT, Development Region",70,SOUTH WEST M.F.,Yilgarn Craton granites,20260112
S0020742,Karara Magnetite,Karara - Blue Hills Magnetite,Mine,Openpit,Operating,J02815,Karara - Blue Hills / Gindalbie,116.774437000000006,-29.187531000000000,478070,6771216,50,Fe Mag,Iron,IRON ORE,Karara,Y,"Fe, Mag",Y,,Operating Mine,Public,2239,ROTHSAY,SH50-06,PERENJORI,"PERENJORI, SHIRE OF","MID-WEST, Development Region",59,YALGOO M.F.,Youanmi Terrane,20260112
S0020798,Marillana Agate /Archer,Marillana Agate / Archer,Mine,Openpit,Operating,J02825,Marillana Agate,119.561252999999994,-22.687747999999999,763143,7488776,50,Aga,Precious mineral,GEM & SEMI-PRECIOUS STONES,Marillana,Y,Aga,Y,,Operating Mine,Public,2852,ROY HILL,SF50-12,ROY HILL,"EAST PILBARA, SHIRE OF","PILBARA, Development Region",47,WEST PILBARA M.F.,Hamersley Basin,20260112
S0020861,Tredrea Place Lot 29 / Carbone,Tredrea Place Myalup Lot 29 / Carbone,Mine,Openpit,Operating,J06341,South West Operations EIL  / Carbone,115.705546999999996,-33.121425000000002,379239,6334506,50,Lst Sd,Construction material,LIMESTONE - LIMESAND,,N,,,,,Public,2031,BUNBURY,SI50-06,COLLIE,"HARVEY, SHIRE OF","SOUTH WEST, Development Region",70,SOUTH WEST M.F.,Mandurah Terrace,20260112
S0020916,Jurien Bay North 2,Jurien Bay North Gypsum 2,Mine,Openpit,Operating,J01587,Jurien Bay North Gypsum,115.013603000000003,-30.197396999999999,308778,6657673,50,Gp,Industrial mineral,GYPSUM,Jurien Bay North Gypsum 2,N,,N,,Operating Mine,Public,1937,HILL RIVER,SH50-09,HILL RIVER,"DANDARAGAN, SHIRE OF","WHEATBELT, Development Region",70,SOUTH WEST M.F.,Beagle Ridge,20260112
S0020922,Logans Gravel,Logans Gravel / Cybora,Mine,Openpit,Operating,J02137,Logans Sand and Gold / Cybora,121.419676999999993,-31.374977000000001,349718,6527761,51,Gvl,Construction material,CONSTRUCTION MATERIALS,,N,,,,,Public,3135,YILMIA,SH51-13,BOORABBIN,"COOLGARDIE, SHIRE OF","GOLDFIELDS-ESPERANCE, Development Region",15,COOLGARDIE,Eastern Goldfields Superterrane,20260112
S0020936,L'Hardion Bight South,L'Haridon Bight South,Mine,Openpit,Operating,J01645,L'Haridon Bight,113.786715000000001,-26.210087000000001,778457,7098058,49,Lsd Shell,Construction material,LIMESTONE - LIMESAND,,N,,,,,Public,1645,PERON,SG49-12,EDEL,"SHARK BAY, SHIRE OF","GASCOYNE, Development Region",9,GASCOYNE M.F.,Gascoyne Platform,20260112
S0020977,Mt Burges Gravel East/GFSG,Mt Burges Gravel East / GFSG,Mine,Openpit,Operating,J02856,Mt Burges Gravel and Sand / GFSG,121.048805999999999,-30.807694000000001,313337,6590082,51,Gvl Sd,Construction material,CONSTRUCTION MATERIALS,,N,,,,,Public,3136,KALGOORLIE,SH51-09,KALGOORLIE,"COOLGARDIE, SHIRE OF","GOLDFIELDS-ESPERANCE, Development Region",15,COOLGARDIE,Yilgarn Craton granites,20260112
S0020981,Koolan Main,Koolan Main,Mine,Openpit,Operating,J00728,Koolan Island,123.738106999999999,-16.133013999999999,578920,8216210,51,Fe,Iron,IRON ORE,Koolan Island,N,,Y,,Operating Mine,Public,3665,YAMPI,SE51-03,YAMPI,"DERBY/WEST KIMBERLEY, SHIRE OF","KIMBERLEY, Development Region",4,WEST KIMBERLEY M.F.,Kimberley Basin,20260112
S0021008,Trident,Trident - Higginsville,Mine,Decline,Operating,J00152,Higginsville,121.731309999999993,-31.725035999999999,379805,6489342,51,Au Ag,Precious metal,GOLD,Trident,N,,Y,,Operating Mine,Public,3234,COWAN,SH51-14,WIDGIEMOOLTHA,"COOLGARDIE, SHIRE OF","GOLDFIELDS-ESPERANCE, Development Region",15,COOLGARDIE,Eastern Goldfields Superterrane,20260112
S0021076,Seven Mile Hill/Boral,Seven Mile Hill / Boral,Mine,Openpit,Operating,J02867,Seven Mile Hill / Boral,121.378287999999998,-30.846274999999999,344924,6586309,51,Agg Gran,Construction material,CONSTRUCTION MATERIALS,,N,,,,,Public,3136,KALGOORLIE,SH51-09,KALGOORLIE,"COOLGARDIE, SHIRE OF","GOLDFIELDS-ESPERANCE, Development Region",15,COOLGARDIE,Yilgarn Craton,20260112
S0021083,Kununurra 3/Guerinoni,Kununurra 3 / Guerinoni,Mine,Openpit,Operating,J01159,Kununurra / Guerinoni,128.690446000000009,-15.778788000000000,466844,8255509,52,Sd Agg Brck Gvl,Construction material,CONSTRUCTION MATERIALS,,N,,,,,Public,4666,KUNUNURRA,SD52-14,CAMBRIDGE GULF,"WYNDHAM-EAST KIMBERLEY, SHIRE OF","KIMBERLEY, Development Region",80,KIMBERLEY M.F.,Kalkarindji Large Igneous Province,20260112
S0021084,Kununurra 4/Guerinoni,Kununurra 4 / Guerinoni,Mine,Openpit,Operating,J01159,Kununurra / Guerinoni,128.700397000000009,-15.755589000000001,467906,8258077,52,Sd Gvl Agg Brck,Construction material,CONSTRUCTION MATERIALS,,N,,,,,Public,4666,KUNUNURRA,SD52-14,CAMBRIDGE GULF,"WYNDHAM-EAST KIMBERLEY, SHIRE OF","KIMBERLEY, Development Region",80,KIMBERLEY M.F.,Kalkarindji Large Igneous Province,20260112
S0021085,Kununurra 2/Guerinoni,Kununurra 2 / Guerinoni,Mine,Openpit,Operating,J01159,Kununurra / Guerinoni,128.746919999999989,-15.750514000000001,472889,8258645,52,Sd Gvl,Construction material,CONSTRUCTION MATERIALS,,N,,,,,Public,4666,KUNUNURRA,SD52-14,CAMBRIDGE GULF,"WYNDHAM-EAST KIMBERLEY, SHIRE OF","KIMBERLEY, Development Region",80,KIMBERLEY M.F.,Burt Range Shelf,20260112
S0021086,Kununurra 3/JSW,Kununurra 3 / JSW,Mine,Openpit,Operating,J00842,Kununurra / JSW,128.676049000000006,-15.769316000000000,465300,8256555,52,Gvl,Construction material,CONSTRUCTION MATERIALS,,N,,,,,Public,4666,KUNUNURRA,SD52-14,CAMBRIDGE GULF,"WYNDHAM-EAST KIMBERLEY, SHIRE OF","KIMBERLEY, Development Region",80,KIMBERLEY M.F.,Carr Boyd Basin,20260112
S0021089,Sand / JSW,Kununurra 6 / JSW,Mine,Openpit,Operating,J00842,Kununurra / JSW,128.747312999999991,-15.746452000000000,472931,8259094,52,Sd Gvl,Construction material,CONSTRUCTION MATERIALS,,N,,,,,Public,4666,KUNUNURRA,SD52-14,CAMBRIDGE GULF,"WYNDHAM-EAST KIMBERLEY, SHIRE OF","KIMBERLEY, Development Region",80,KIMBERLEY M.F.,Burt Range Shelf,20260112
S0021090,Waterbank Stn 2,Waterbank Station 2,Mine,Openpit,Operating,J00853,Waterbank Station Sand,122.233954999999995,-17.899481000000002,418857,8020769,51,Sd,Construction material,CONSTRUCTION MATERIALS,,N,,,,,Public,3362,BROOME,SE51-06,BROOME,"BROOME, SHIRE OF","KIMBERLEY, Development Region",4,WEST KIMBERLEY M.F.,Jurgurra Terrace,20260112
S0021101,Murrin South,Murrin South (PAS Production),Mine,Openpit,Operating,J00480,Murrin Murrin / Minara,121.784007000000003,-28.954816999999998,381506,6796412,51,Ni Co,Steel alloy metal,NICKEL,Murrin South,Y,"Ni, Co",Y,,Operating Mine,Public,3240,MINERIE,SH51-02,LAVERTON,"LEONORA, SHIRE OF","GOLDFIELDS-ESPERANCE, Development Region",39,MT. MORGANS,Eastern Goldfields Superterrane,20260112
S0021114,Swiftsure,Swiftsure,Mine,Openpit,Operating,J00178,Kambalda - St Ives,121.722810999999993,-31.264496000000001,378405,6540381,51,Au Ag,Precious metal,GOLD,Swiftsure,N,,N,,Operating Mine,Public,3235,LAKE LEFROY,SH51-14,WIDGIEMOOLTHA,"COOLGARDIE, SHIRE OF","GOLDFIELDS-ESPERANCE, Development Region",15,COOLGARDIE,Eastern Goldfields Superterrane,20260112
S0021119,Divide Creek Jasper 2,Divide Creek Jasper 2,Mine,Openpit,Operating,J01575,Divide Creek Jasper,118.385907000000003,-23.431121000000001,641584,7408073,50,Jasp,Precious mineral,GEM & SEMI-PRECIOUS STONES,Divde Creeek Jasper 2,N,,N,,Operating Mine,Public,2551,SNOWY MOUNT,SF50-15,TUREE CREEK,"MEEKATHARRA, SHIRE OF","MID-WEST, Development Region",52,PEAK HILL M.F.,Hamersley Basin,20260112
S0021183,Southern Detritals,Channar Southern Detritals,Mine,Openpit,Operating,J00481,Channar,117.846131000000000,-23.318349999999999,586510,7420985,50,Fe,Iron,IRON ORE,Channar Southern Detritals,N,,N,,Operating Mine,Public,2451,PARABURDOO,SF50-15,TUREE CREEK,"ASHBURTON, SHIRE OF","PILBARA, Development Region",47,WEST PILBARA M.F.,Hamersley Basin,20260112
S0021250,Neville,Neville,Mine,Openpit,Operating,J01703,Sunrise Dam,122.430712000000000,-29.067867000000000,444587,6784362,51,Au,Precious metal,GOLD,,N,,,,,Public,3339,LAKE CAREY,SH51-06,EDJUDINA,"LAVERTON, SHIRE OF","GOLDFIELDS-ESPERANCE, Development Region",39,MT. MORGANS,Eastern Goldfields Superterrane,20260112
S0021265,Eyre,Eyre,Mine,Openpit,Operating,J01407,East Pilbara Iron Ore / FMG,119.849603000000002,-22.379414000000001,793436,7522396,50,Fe,Iron,IRON ORE,Eyre,N,,Y,,Operating Mine,Public,2853,WARRIE,SF50-12,ROY HILL,"EAST PILBARA, SHIRE OF","PILBARA, Development Region",46,NULLAGINE,Hamersley Basin,20260112
S0021266,Windich,Windich - Christmas Creek,Mine,Openpit,Operating,J01407,East Pilbara Iron Ore / FMG,119.768640000000005,-22.388401000000002,785076,7521557,50,Fe,Iron,IRON ORE,Windich,N,,Y,,Operating Mine,Public,2853,WARRIE,SF50-12,ROY HILL,"EAST PILBARA, SHIRE OF","PILBARA, Development Region",46,NULLAGINE,Hamersley Basin,20260112
S0021273,Mt De Courcy,Mt De Courcy,Mine,Openpit,Operating,J02902,Mt De Courcy Amethyst,116.364097999999998,-22.790645000000001,434731,7479515,50,Qtza,Precious mineral,GEM & SEMI-PRECIOUS STONES,Mt De Courcy,Y,Qtza,Y,,Operating Mine,Public,2152,WYLOO,SF50-10,WYLOO,"ASHBURTON, SHIRE OF","PILBARA, Development Region",8,ASHBURTON M.F.,Ashburton Basin,20260112
S0021282,Flying Fox Boxcut,Flying Fox New Boxcut / Western Areas,Mine,Decline,Operating,J00757,Forrestania Nickel / Western Areas,119.695707999999996,-32.421517000000001,753492,6409641,50,Ni,Steel alloy metal,NICKEL,Flying Fox,N,,N,,Operating Mine,Public,2833,HOLLAND,SI50-04,HYDEN,"KONDININ, SHIRE OF","WHEATBELT, Development Region",77,YILGARN M.F.,Youanmi Terrane,20260112
S0021290,Boranup Limesand,Boranup Limesand,Mine,Openpit,Operating,J02910,Boranup Limesand,115.077094000000002,-34.185625999999999,322799,6215591,50,Lsd,Construction material,LIMESTONE - LIMESAND,,N,,,,,Public,1929,LEEUWIN,SI50-09,AUGUSTA,"AUGUSTA MARGARET RIVER, SHIRE OF","SOUTH WEST, Development Region",70,SOUTH WEST M.F.,"Pinjarra Orogen, Leeuwin Inlier",20260112
S0021296,South Coast Hwy Loc 635 Ravensthorpe Aggregate / RQS,South Coast Hwy Ravensthorpe Loc 635 Ravensthorpe Aggregate / RQS,Mine,Openpit,Operating,J02913,Ravensthorpe Aggregate / RQS,120.232607000000002,-33.580877000000001,243150,6280881,51,Agg,Construction material,CONSTRUCTION MATERIALS,,N,,,,,Public,2930,RAVENSTHORPE,SI51-05,RAVENSTHORPE,"RAVENSTHORPE, SHIRE OF","GOLDFIELDS-ESPERANCE, Development Region",74,PHILLIPS RIVER M.F.,Yilgarn Craton granites,20260112
S0021316,Marnigarup Rd East Lot 1 Laguna Green / Jowin,Marnigarup Rd East Lot 1 Laguna Green Granite / Jowin Resources,Mine,Openpit,Operating,J03997,Laguna Green,119.008409999999998,-34.119515999999997,685226,6222771,50,Gran Dst,Construction material,DIMENSION STONE,,N,,,,,Public,2729,BREMER,SI50-12,BREMER BAY,"JERRAMUNGUP, SHIRE OF","GREAT SOUTHERN, Development Region",70,SOUTH WEST M.F.,Yilgarn Craton granites,20260112
S0021340,Verde Lope,Watheroo Granite - Verde Lope,Mine,Openpit,Operating,J02931,Watheroo Granite / Gosford Quarries,116.085712000000001,-30.326027000000000,412106,6644732,50,Gran Dst,Construction material,DIMENSION STONE,,N,,,,,Public,2137,WATHEROO,SH50-10,MOORA,"MOORA, SHIRE OF","WHEATBELT, Development Region",70,SOUTH WEST M.F.,Yilgarn Craton granites,20260112
S0021378,W3E,Wheelarra 3 East,Mine,Openpit,Operating,J00573,Jimblebar-Wheelarra-Hashimoto / BHPB,120.115313000000000,-23.372997999999999,205105,7412242,51,Fe,Iron,IRON ORE,Wheelarra 3 East,N,,N,,Operating Mine,Public,2951,MURRAMUNDA,SF51-13,ROBERTSON,"EAST PILBARA, SHIRE OF","PILBARA, Development Region",52,PEAK HILL M.F.,Hamersley Basin,20260112
S0021406,Sand/McCorry Brown,Langey Crossing South / McCorry Brown,Mine,Openpit,Operating,J02956,Langey Crossing South / McCorry Brown,123.580408000000006,-17.703347000000001,561546,8042539,51,Sd,Construction material,CONSTRUCTION MATERIALS,,N,,,,,Public,3662,YEEDA,SE51-07,DERBY,"DERBY/WEST KIMBERLEY, SHIRE OF","KIMBERLEY, Development Region",4,WEST KIMBERLEY M.F.,Fitzroy Trough,20260112
S0021412,St George UG,St George Underground,Mine,Decline,Operating,J00156,Mt Magnet,117.833990000000000,-28.066586000000001,581951,6895141,50,Au Ag,Precious metal,GOLD,St George Underground,N,,Y,,Operating Mine,Public,2441,MOUNT MAGNET,SH50-03,KIRKALOCKA,"MOUNT MAGNET, SHIRE OF","MID-WEST, Development Region",58,MT. MAGNET,Youanmi Terrane,20260112
S0021415,Western 4,Marillana Creek Western Mesa 4,Mine,Openpit,Operating,J00571,Marillana Creek - Yandi / BHPB,119.023707000000002,-22.732585000000000,707829,7484663,50,Fe,Iron,IRON ORE,Western 4,N,,Y,,Operating Mine,Public,2752,WEELI WOLLI,SF50-12,ROY HILL,"EAST PILBARA, SHIRE OF","PILBARA, Development Region",47,WEST PILBARA M.F.,Hamersley Basin,20260112
S0021416,Marillana Ck W5,Marillana Creek Western Mesa 5,Mine,Openpit,Under Development,J00571,Marillana Creek - Yandi / BHPB,119.048608999999999,-22.729285999999998,710392,7484993,50,Fe,Iron,IRON ORE,Marillana Creek Western Mesa 5,N,,N,,Operating Mine,Public,2752,WEELI WOLLI,SF50-12,ROY HILL,"EAST PILBARA, SHIRE OF","PILBARA, Development Region",47,WEST PILBARA M.F.,Hamersley Basin,20260112
S0021419,Marillana Ck E1,Marillana Creek Eastern Mesa 1,Mine,Openpit,Operating,J00571,Marillana Creek - Yandi / BHPB,119.098710999999994,-22.737145999999999,715527,7484050,50,Fe,Iron,IRON ORE,Marillana Creek Eastern Mesa 1,N,,N,,Operating Mine,Public,2752,WEELI WOLLI,SF50-12,ROY HILL,"EAST PILBARA, SHIRE OF","PILBARA, Development Region",47,WEST PILBARA M.F.,Hamersley Basin,20260112
S0021420,Marillana Ck E3,Marillana Creek Eastern Mesa 3,Mine,Openpit,Operating,J00571,Marillana Creek - Yandi / BHPB,119.126413999999997,-22.758426000000000,718339,7481654,50,Fe,Iron,IRON ORE,Marillana Creek Eastern Mesa 3,N,,N,,Operating Mine,Public,2752,WEELI WOLLI,SF50-12,ROY HILL,"EAST PILBARA, SHIRE OF","PILBARA, Development Region",47,WEST PILBARA M.F.,Hamersley Basin,20260112
S0021422,Marillana Ck E5,Marillana Creek Eastern Mesa 5,Mine,Openpit,Operating,J00571,Marillana Creek - Yandi / BHPB,119.134508999999994,-22.764106000000002,719161,7481013,50,Fe,Iron,IRON ORE,Marillana Creek Eastern Mesa 5,N,,N,,Operating Mine,Public,2752,WEELI WOLLI,SF50-12,ROY HILL,"EAST PILBARA, SHIRE OF","PILBARA, Development Region",47,WEST PILBARA M.F.,Hamersley Basin,20260112
S0021423,Marillana Ck E6,Marillana Creek Eastern Mesa 6,Mine,Openpit,Operating,J00571,Marillana Creek - Yandi / BHPB,119.138407000000001,-22.768867000000000,719554,7480480,50,Fe,Iron,IRON ORE,Marillana Creek Eastern Mesa 6,N,,N,,Operating Mine,Public,2752,WEELI WOLLI,SF50-12,ROY HILL,"EAST PILBARA, SHIRE OF","PILBARA, Development Region",47,WEST PILBARA M.F.,Hamersley Basin,20260112
S0021487,Hook,Hook - Cloud Break,Mine,Openpit,Operating,J01407,East Pilbara Iron Ore / FMG,119.383143000000004,-22.337550000000000,745454,7527869,50,Fe,Iron,IRON ORE,Hook - Cloud Break,N,,Y,,Operating Mine,Public,2753,MOUNT MARSH,SF50-12,ROY HILL,"ASHBURTON, SHIRE OF","PILBARA, Development Region",46,NULLAGINE,Hamersley Basin,20260112
S0021520,Morangup Rd Lot 1 Schist Pit / Austral Bricks,Morangup Rd Lot 1 Schist Pit / Austral Bricks,Mine,Openpit,Operating,J01794,Cardup - Keysbrook - Toodyay / Austral Bricks,116.326176000000004,-31.600297999999999,436078,6503670,50,Clay-white Cyfi Shale Kln,Construction material,CLAYS,,N,,,,,Public,2134,WOOROLOO,SH50-14,PERTH,"TOODYAY, SHIRE OF","WHEATBELT, Development Region",70,SOUTH WEST M.F.,Yilgarn Craton granites,20260112
S0021532,Golden Age UG,Golden Age Underground,Mine,Decline,Operating,J02624,Matilda,120.246706000000003,-26.620317000000000,225856,7052665,51,Au Ag,Precious metal,GOLD,Golden Age,N,,Y,,Operating Mine,Public,2944,WILUNA,SG51-09,WILUNA,"WILUNA, SHIRE OF","MID-WEST, Development Region",53,WILUNA,Eastern Goldfields Superterrane,20260112
S0021542,Fimiston Superpit,Fimiston Superpit,Mine,Openpit,Operating,J00102,Golden Mile / KCGM,121.503529999999998,-30.777958000000002,356800,6594048,51,Au Ag,Precious metal,GOLD,Superpit,N,,Y,,Operating Mine,Public,3236,KANOWNA,SH51-10,KURNALPI,"KALGOORLIE-BOULDER, CITY OF","GOLDFIELDS-ESPERANCE, Development Region",26,EAST COOLGARDIE,Eastern Goldfields Superterrane,20260112
S0021606,24E,Paraburdoo 24 East,Mine,Openpit,Operating,J03930,Paraburdoo / Rio Tinto,117.652613000000002,-23.256307000000000,566754,7427956,50,Fe,Iron,IRON ORE,Paraburdoo 24 East,N,,N,,Operating Mine,Public,2451,PARABURDOO,SF50-15,TUREE CREEK,"ASHBURTON, SHIRE OF","PILBARA, Development Region",47,WEST PILBARA M.F.,Hamersley Basin,20260112
S0021614,Ludlow Rd Lots 4 and 5 / Catalano,Ludlow Rd Myalup Lots 4 and 5 / Catalano,Mine,Openpit,Operating,J03290,Harvey / Catalano,115.697811999999999,-32.965511999999997,378303,6351784,50,Lst Lsd Aglime,Construction material,LIMESTONE - LIMESAND,Myalup,N,,N,,Operating Mine,Public,2032,PINJARRA,SI50-02,PINJARRA,"HARVEY, SHIRE OF","SOUTH WEST, Development Region",70,SOUTH WEST M.F.,Mandurah Terrace,20260112
S0021626,Skink Rd / Boral,Skink Rd - Neerabup / Boral,Mine,Openpit,Operating,J03000,Neerabup Sand / Boral,115.827213000000000,-31.679946000000001,388837,6494441,50,Sd,Construction material,CONSTRUCTION MATERIALS,,N,,,,,Public,2034,PERTH,SH50-14,PERTH,"WANNEROO, CITY OF",METRO,70,SOUTH WEST M.F.,Mandurah Terrace,20260112
S0021675,J Channel,J Channel,Mine,Openpit,Operating,J04837,India Bore,124.904611000000003,-17.699836000000001,701996,8042002,51,Dmd,Precious mineral,DIAMOND,J Channel,Y,Dmd,Y,,Operating Mine,Public,3862,ELLENDALE,SE51-08,LENNARD RIVER,"DERBY/WEST KIMBERLEY, SHIRE OF","KIMBERLEY, Development Region",4,WEST KIMBERLEY M.F.,Lennard Shelf,20260112
S0021678,Weaner Creek,Weaner Creek - Molly Spring,Mine,Openpit,Operating,J03011,Kununurra / Boral,128.484455999999994,-15.824551000000000,444792,8250404,52,Gvl Sd Agg Aggm Bas,Construction material,CONSTRUCTION MATERIALS,,N,,,,,Public,4566,ERSKINE,SD52-14,CAMBRIDGE GULF,"WYNDHAM-EAST KIMBERLEY, SHIRE OF","KIMBERLEY, Development Region",80,KIMBERLEY M.F.,Kalkarindji Large Igneous Province,20260112
S0021718,Main Portal,Marvel Loch Underground,Mine,Decline,Operating,J00226,Marvel Loch - Southern Cross,119.492609000000002,-31.464555000000001,736832,6516221,50,Au Ag,Precious metal,GOLD,Marvel Loch,N,,Y,,Operating Mine,Public,2735,SOUTHERN CROSS,SH50-16,SOUTHERN CROSS,"YILGARN, SHIRE OF","WHEATBELT, Development Region",77,YILGARN M.F.,Youanmi Terrane,20260112
S0021820,Joyners Find - JWD,Joyners Find - JWD,Mine,Openpit,Operating,J03041,Wiluna West Iron,119.954649000000003,-26.791806999999999,793762,7033207,50,Fe,Iron,IRON ORE,JWD - Wiluna West,N,,Y,,Operating Mine,Public,2844,MEREWETHER,SG50-12,GLENGARRY,"WILUNA, SHIRE OF","MID-WEST, Development Region",53,WILUNA,Youanmi Terrane,20260112
S0021837,Rose Dam South,Rose Dam South,Mine,Openpit,Operating,J02780,Rose Dam,121.276560000000003,-30.520949000000002,334641,6622224,51,Au Ag,Precious metal,GOLD,Rose Dam,N,,Y,,Operating Mine,Public,3136,KALGOORLIE,SH51-09,KALGOORLIE,"KALGOORLIE-BOULDER, CITY OF","GOLDFIELDS-ESPERANCE, Development Region",24,BROAD ARROW M.F.,Eastern Goldfields Superterrane,20260112
S0021839,Scrubby Hill/Vandeleur,Scrubby Hill / Vandeleur,Mine,Openpit,Operating,J03046,Scrubby Hill Limestone / Vandeleur,113.732956999999999,-24.773579999999999,776354,7257360,49,Lst Agg Sd,Construction material,LIMESTONE - LIMESAND,,N,,,,,Public,1648,CARNARVON,SG49-04,QUOBBA,"CARNARVON, SHIRE OF","GASCOYNE, Development Region",9,GASCOYNE M.F.,Gascoyne Platform,20260112
S0021894,Centenary,Centenary / Gondwana,Mine,Openpit,Operating,J01053,Parker Range - Olga Rocks,119.595498000000006,-31.613838000000001,746219,6499442,50,Au Ag,Precious metal,GOLD,Centenary,N,,Y,,Operating Mine,Public,2834,CHERITONS FIND,SH50-16,SOUTHERN CROSS,"YILGARN, SHIRE OF","WHEATBELT, Development Region",77,YILGARN M.F.,Youanmi Terrane,20260112
S0021896,Brand Hwy Lot 2453 / Wilson,Brand Hwy Cape Burney Lot 2453 / Wilson,Mine,Openpit,Operating,J03071,Southgate Limesand,114.631309999999999,-28.830508999999999,268879,6808488,50,Aglime Lsd,Industrial mineral,LIMESTONE - LIMESAND,Cape Burney,Y,"Aglime, Lsd",Y,,Operating Mine,Public,1840,GERALDTON,SH50-01,GERALDTON,"GREATER GERALDTON, CITY OF","MID-WEST, Development Region",70,SOUTH WEST M.F.,Abrolhos Sub-basin,20260112
S0021923,Kununurra Shingle / JAB,Kununurra Shingle / JAB,Mine,Openpit,Operating,J04370,Kununurra Shingle / JAB,128.695370999999994,-15.761952000000001,467369,8257372,52,Gvl Sd,Construction material,CONSTRUCTION MATERIALS,,N,,,,,Public,4666,KUNUNURRA,SD52-14,CAMBRIDGE GULF,"WYNDHAM-EAST KIMBERLEY, SHIRE OF","KIMBERLEY, Development Region",80,KIMBERLEY M.F.,Kalkarindji Large Igneous Province,20260112
S0021953,Forrest Hwy Lot 122 / Hovey,Forrest Hwy Parkfield Lot 122 / Hovey,Mine,Openpit,Operating,J03096,Binningup Sand / Hovey,115.722729000000001,-33.158864000000001,380893,6330375,50,Sd,Construction material,CONSTRUCTION MATERIALS,,N,,,,,Public,2031,BUNBURY,SI50-06,COLLIE,"HARVEY, SHIRE OF","SOUTH WEST, Development Region",70,SOUTH WEST M.F.,Bunbury Trough,20260112
S0022026,Richards Rd Lot 15 / Waroona,Richards Rd Waroona Lot 15 / Waroona Resources,Mine,Openpit,Operating,J03128,Richard Rd Waroona / Waroona,115.818990999999997,-32.854624999999999,389491,6364211,50,Sd,Construction material,CONSTRUCTION MATERIALS,,N,,,,,Public,2032,PINJARRA,SI50-02,PINJARRA,"WAROONA, SHIRE OF","PEEL, Development Region",70,SOUTH WEST M.F.,Mandurah Terrace,20260112
S0022042,T5,T5 - Flying Fox Underground,Mine,Decline,Operating,J00757,Forrestania Nickel / Western Areas,119.689013000000003,-32.417768000000002,752873,6410073,50,Ni Cu Co,Steel alloy metal,NICKEL,Flying Fox,Y,"Ni, Cu, Co",Y,,Operating Mine,Public,2833,HOLLAND,SI50-04,HYDEN,"KONDININ, SHIRE OF","WHEATBELT, Development Region",77,YILGARN M.F.,Youanmi Terrane,20260112
S0022045,Extension Hill South,Extension Hill South,Mine,Openpit,Operating,J00596,Mt Gibson Iron,117.166208999999995,-29.588477000000001,516096,6726801,50,Fe Mag,Iron,IRON ORE,Extension Hill South,Y,"Fe, Mag",Y,,Operating Mine,Public,2338,MOUNT GIBSON,SH50-07,NINGHAN,"YALGOO, SHIRE OF","MID-WEST, Development Region",59,YALGOO M.F.,Youanmi Terrane,20260112
S0022052,Carisma Rd Lot 5824 / Albany Industrial,Carisma Rd Napier Lot 5824 / Albany Industrial Services,Mine,Openpit,Operating,J03141,Albany / Albany Industrial Services,117.959269000000006,-34.791220000000003,587758,6149690,50,Sd,Construction material,CONSTRUCTION MATERIALS,,N,,,,,Public,2428,MOUNT BARKER,SI50-11,MOUNT BARKER,"ALBANY, CITY OF","GREAT SOUTHERN, Development Region",70,SOUTH WEST M.F.,Esperance Shelf,20260112
S0022053,Chester Pass Rd Lot 3464 / Albany Industrial,Chester Pass Rd Lot 3464 / Albany Industrial Services,Mine,Openpit,Operating,J03141,Albany / Albany Industrial Services,117.909673999999995,-34.917721000000000,583093,6135704,50,Sd,Construction material,CONSTRUCTION MATERIALS,,N,,,,,Public,2428,MOUNT BARKER,SI50-11,MOUNT BARKER,"ALBANY, CITY OF","GREAT SOUTHERN, Development Region",70,SOUTH WEST M.F.,Esperance Shelf,20260112
S0022054,Roberts Rd Lot 66 / Albany Industrial,Roberts Rd Robinson Lot 66 / Albany Industrial,Mine,Openpit,Operating,J03141,Albany / Albany Industrial Services,117.836642999999995,-35.034193000000002,576314,6122845,50,Sd Lsd,Construction material,CONSTRUCTION MATERIALS,,N,,,,,Public,2427,ALBANY,SI50-15,ALBANY,"ALBANY, CITY OF","GREAT SOUTHERN, Development Region",70,SOUTH WEST M.F.,Esperance Shelf,20260112
S0022055,Roberts Rd Lot 67 / AD Contractors,Roberts Rd Robinson Lot 67 / AD Contractors,Mine,Openpit,Operating,J03143,Albany Construction Materials / AD Contractors,117.839298999999997,-35.035331999999997,576555,6122717,50,Sd Lsd,Construction material,CONSTRUCTION MATERIALS,,N,,,,,Public,2427,ALBANY,SI50-15,ALBANY,"ALBANY, CITY OF","GREAT SOUTHERN, Development Region",70,SOUTH WEST M.F.,Esperance Shelf,20260112
S0022058,Old Coast Rd Lot 721 / NLG,Old Coast Rd Lot 721 / NLG,Mine,Openpit,Operating,J03145,Old Coast Road/ NLG,115.670959999999994,-32.739297000000001,375477,6376833,50,Sd,Construction material,CONSTRUCTION MATERIALS,,N,,,,,Public,2032,PINJARRA,SI50-02,PINJARRA,"MANDURAH, CITY OF","PEEL, Development Region",70,SOUTH WEST M.F.,Mandurah Terrace,20260112
S0022066,Kimberley Sst - Brown,Kimberley Sandstone - Brown,Mine,Openpit,Operating,J01911,Kimberley Sandstone / Meteor Stone,123.032420999999999,-17.479348000000002,503442,8067416,51,Dst Sdst,Construction material,DIMENSION STONE,,N,,,,,Public,3563,FRASER,SE51-07,DERBY,"BROOME, SHIRE OF","KIMBERLEY, Development Region",4,WEST KIMBERLEY M.F.,Fitzroy Trough,20260112
S0022068,Buller Rd Lot 3 / AMGWA,Buller Rd Waroona  Lot 3 / AMGWA,Mine,Openpit,Operating,J03151,Buller Rd Waroona / AMGWA,115.838142000000005,-32.860019999999999,391290,6363633,50,Sd,Construction material,CONSTRUCTION MATERIALS,,N,,,,,Public,2032,PINJARRA,SI50-02,PINJARRA,"WAROONA, SHIRE OF","PEEL, Development Region",70,SOUTH WEST M.F.,Mandurah Terrace,20260112
S0022135,Wellesley Rd Lot 5 / Carbone,Wellesley Rd Wellesley Lot 5 / Carbone,Mine,Openpit,Operating,J06341,South West Operations EIL  / Carbone,115.755494999999996,-33.151871999999997,383939,6331187,50,Sd,Construction material,CONSTRUCTION MATERIALS,,N,,,,,Public,2031,BUNBURY,SI50-06,COLLIE,"HARVEY, SHIRE OF","SOUTH WEST, Development Region",70,SOUTH WEST M.F.,Mandurah Terrace,20260112
S0022139,Jurien Limestone / Astervale,Jurien East / Astervale,Mine,Openpit,Operating,J03168,Jurien East / Astervale,115.118808000000001,-30.263477999999999,319028,6650521,50,Lst Lsd,Construction material,LIMESTONE - LIMESAND,,N,,,,,Public,1937,HILL RIVER,SH50-09,HILL RIVER,"DANDARAGAN, SHIRE OF","WHEATBELT, Development Region",70,SOUTH WEST M.F.,Beagle Ridge,20260112
S0022145,Eight Mile Rock Hole Sand,Eight Mile Rock Hole Sand,Mine,Openpit,Operating,J03172,Eight Mile Rock Hole,120.977211999999994,-30.809004999999999,306489,6589815,51,Sd Sisd,Construction material,CONSTRUCTION MATERIALS,Eight Mile Rock Hole,N,,N,,Operating Mine,Public,3036,DUNNSVILLE,SH51-09,KALGOORLIE,"COOLGARDIE, SHIRE OF","GOLDFIELDS-ESPERANCE, Development Region",15,COOLGARDIE,Yilgarn Craton granites,20260112
S0022146,Eight Mile Rock Hole Gravel,Eight Mile Rock Hole Gravel,Mine,Openpit,Operating,J03172,Eight Mile Rock Hole,121.005382999999995,-30.802498000000000,309172,6590584,51,Gvl Agg Brck,Construction material,CONSTRUCTION MATERIALS,,N,,,,,Public,3136,KALGOORLIE,SH51-09,KALGOORLIE,"COOLGARDIE, SHIRE OF","GOLDFIELDS-ESPERANCE, Development Region",15,COOLGARDIE,Yilgarn Craton granites,20260112
S0022224,Boodarie Sand/Young,Boodarie Sand / Young,Mine,Openpit,Operating,J01534,Port Hedland Sand and Gravel / Young,118.509013999999993,-20.408992999999999,657453,7742535,50,Sd,Construction material,CONSTRUCTION MATERIALS,,N,,,,,Public,2657,PORT HEDLAND,SF50-04,PORT HEDLAND,"PORT HEDLAND, TOWN OF","PILBARA, Development Region",45,MARBLE BAR,Sisters Supersuite,20260112
S0022225,Southern Cross / Stephen,Southern Cross / Stephen,Mine,Openpit,Operating,J03192,Southern Cross Gypsum / Stephen,119.281986000000003,-31.248909000000001,717311,6540567,50,Gp,Industrial mineral,GYPSUM,Southern Cross,Y,Gp,Y,,Operating Mine,Public,2735,SOUTHERN CROSS,SH50-16,SOUTHERN CROSS,"YILGARN, SHIRE OF","WHEATBELT, Development Region",77,YILGARN M.F.,Yilgarn Craton granites,20260112
S0022230,Brockman 2 Pit 7,Brockman 2 - Pit 7 (Detritals),Mine,Openpit,Operating,J03932,Brockman 2 - Nammuldi - Silvergrass - Homestead / Rio Tinto,117.369310999999996,-22.441096999999999,538001,7518302,50,Fe,Iron,IRON ORE,Brockman 2 - Pit 7 (Detritals),N,,N,,Operating Mine,Public,2353,JEERINAH,SF50-11,MOUNT BRUCE,"ASHBURTON, SHIRE OF","PILBARA, Development Region",47,WEST PILBARA M.F.,Hamersley Basin,20260112
S0022265,Split Rock,Split Rock,Mine,Openpit,Operating,J03673,Sanjiv Ridge,119.666145000000000,-21.473676999999999,776279,7623073,50,Fe,Iron,IRON ORE,Split Rock,N,,Y,,Operating Mine,Public,2855,MARBLE BAR,SF50-08,MARBLE BAR,"EAST PILBARA, SHIRE OF","PILBARA, Development Region",45,MARBLE BAR,Gorge Creek Basin,20260112
S0022289,Windarra Sand/Ryles,Windarra Sand / Ryles,Mine,Openpit,Operating,J03199,Windarra Northeast Sand / Ryles,122.290351000000001,-28.459478000000001,430523,6851692,51,Sd,Construction material,CONSTRUCTION MATERIALS,,N,,,,,Public,3341,MOUNT VARDEN,SH51-02,LAVERTON,"LAVERTON, SHIRE OF","GOLDFIELDS-ESPERANCE, Development Region",38,MT. MARGARET,Yilgarn Craton granites,20260112
S0022323,Onslow Main 1/NTC,Onslow Main 1 / NTC,Mine,Openpit,Operating,J03206,Onslow / NTC,115.087916000000007,-21.689070000000001,302179,7600368,50,Gvl Sd,Construction material,CONSTRUCTION MATERIALS,,N,,,,,Public,1954,ONSLOW,SF50-05,ONSLOW,"ASHBURTON, SHIRE OF","PILBARA, Development Region",8,ASHBURTON M.F.,Peedamullah Shelf,20260112
S0022381,Lake Goorly M70/1191,Lake Goorly M70/1191,Mine,Openpit,Operating,J00805,Lake Goorly Gypsum / Bywaters,116.903171000000000,-29.966249999999999,490658,6684950,50,Gp,Industrial mineral,GYPSUM,Lake Goorly M70/1191,N,,N,,Operating Mine,Public,2238,MONGERS,SH50-06,PERENJORI,"DALWALLINU, SHIRE OF","WHEATBELT, Development Region",70,SOUTH WEST M.F.,Yilgarn Craton granites,20260112
S0022386,Burma Rd Bailup Gravel,Burma Road Bailup Gravel,Mine,Openpit,Operating,J03217,Burma Road,116.336630999999997,-31.758461000000000,437177,6486145,50,Gvl,Construction material,CONSTRUCTION MATERIALS,,N,,,,,Public,2134,WOOROLOO,SH50-14,PERTH,"MUNDARING, SHIRE OF",METRO,70,SOUTH WEST M.F.,South West Terrane,20260112
S0022414,King Rd Lots 200 441 713 1242 / LWP,King Rd Oldbury Lots 200 441 713 1242 / LWP,Mine,Openpit,Operating,J03219,King Rd / Caversham,115.903959000000000,-32.249321000000002,396751,6431401,50,Sd,Construction material,CONSTRUCTION MATERIALS,,N,,,,,Public,2033,FREMANTLE,SI50-02,PINJARRA,"SERPENTINE-JARRAHDALE, SHIRE OF","PEEL, Development Region",70,SOUTH WEST M.F.,Mandurah Terrace,20260112
S0022436,Abercrombie Rd 2/WA Lmst,Postans - Abercrombie Rd 2 / WA Limestone,Mine,Openpit,Operating,J01602,Postans - Abercrombie Rd / WA Limestone,115.801721000000001,-32.216707000000000,387080,6434914,50,Sd Agg Lst,Construction material,CONSTRUCTION MATERIALS,,N,,,,,Public,2033,FREMANTLE,SI50-02,PINJARRA,"KWINANA, CITY OF",METRO,70,SOUTH WEST M.F.,Mandurah Terrace,20260112
S0022437,Abercrombie Rd 3/WA Lmst,Postans - Abercrombie Rd 3 / WA Limestone,Mine,Openpit,Operating,J01602,Postans - Abercrombie Rd / WA Limestone,115.800426000000002,-32.213984000000004,386954,6435214,50,Lst Sd Agg,Construction material,LIMESTONE - LIMESAND,,N,,,,,Public,2033,FREMANTLE,SI50-02,PINJARRA,"KWINANA, CITY OF",METRO,70,SOUTH WEST M.F.,Mandurah Terrace,20260112
S0022458,Vause Laterite,Vause Laterite,Mine,Openpit,Operating,J01726,Jundee - Nimary,120.816012000000001,-26.611566000000000,282544,7054730,51,Au Ag,Precious metal,GOLD,Vause,N,,Y,,Operating Mine,Public,3044,LAKE VIOLET,SG51-09,WILUNA,"WILUNA, SHIRE OF","MID-WEST, Development Region",53,WILUNA,Eastern Goldfields Superterrane,20260112
S0022465,Lake Hillman M70/248,Lake Hillman M70/248,Mine,Openpit,Operating,J00825,Lake Hillman Gypsum / Lake Hillman,117.162915999999996,-30.306341000000000,515664,6647258,50,Gp,Industrial mineral,GYPSUM,Lake Hillman M70/248,N,,N,,Operating Mine,Public,2337,KALANNIE,SH50-11,BENCUBBIN,"DALWALLINU, SHIRE OF","WHEATBELT, Development Region",70,SOUTH WEST M.F.,Yilgarn Craton granites,20260112
S0022466,Lake Hillman M70/342,Lake Hillman M70/342,Mine,Openpit,Operating,J00825,Lake Hillman Gypsum / Lake Hillman,117.163657999999998,-30.322047999999999,515733,6645517,50,Gp,Industrial mineral,GYPSUM,Lake Hillman M70/342,N,,N,,Operating Mine,Public,2337,KALANNIE,SH50-11,BENCUBBIN,"DALWALLINU, SHIRE OF","WHEATBELT, Development Region",70,SOUTH WEST M.F.,Yilgarn Craton granites,20260112
S0022467,Harewoods Rd Lots 2 and 3  / Piacentini,Harewoods Rd Lots 2 and 3 Dalyellup / Piacentini,Mine,Openpit,Operating,J03234,Capel / Piacentini,115.614123000000006,-33.412548000000001,371138,6302118,50,Sd Lsd Lst,Construction material,CONSTRUCTION MATERIALS,,N,,,,,Public,2031,BUNBURY,SI50-06,COLLIE,"CAPEL, SHIRE OF","SOUTH WEST, Development Region",70,SOUTH WEST M.F.,Bunbury Trough,20260112
S0022486,Johnston Rd Lot 2 / Heidelberg,Johnston Rd Wagerup Lot 2 / Heidelberg,Mine,Openpit,Operating,J03240,Johnston Rd / Heidelberg Materials,115.764816999999994,-32.909185000000001,384493,6358104,50,Sd,Construction material,CONSTRUCTION MATERIALS,,N,,,,,Public,2032,PINJARRA,SI50-02,PINJARRA,"WAROONA, SHIRE OF","PEEL, Development Region",70,SOUTH WEST M.F.,Mandurah Terrace,20260112
S0022487,Ludlow Rd Lot 2 / Catalano,Ludlow Rd Myalup Lot 2 / Catalano,Mine,Openpit,Operating,J03290,Harvey / Catalano,115.692846000000003,-32.957847999999998,377829,6352628,50,Lst Lsd,Construction material,LIMESTONE - LIMESAND,,N,,,,,Public,2032,PINJARRA,SI50-02,PINJARRA,"HARVEY, SHIRE OF","SOUTH WEST, Development Region",70,SOUTH WEST M.F.,Mandurah Terrace,20260112
S0022524,Kununurra Gravel M80/572,Kununurra Gravel M80/572,Mine,Openpit,Operating,J05144,Kununurra Gravel / Cooke,128.612587999999988,-15.761862000000001,458501,8257368,52,Gvl Sd,Construction material,CONSTRUCTION MATERIALS,,N,,,,,Public,4666,KUNUNURRA,SD52-14,CAMBRIDGE GULF,"WYNDHAM-EAST KIMBERLEY, SHIRE OF","KIMBERLEY, Development Region",80,KIMBERLEY M.F.,Speewah Basin,20260112
S0022532,Cardo Bore East,Cardo Bore East,Mine,Openpit,Operating,J00753,West Pilbara - Red Hill / API,116.228780000000000,-22.193964999999999,420501,7545501,50,Fe,Iron,IRON ORE,Cardo Bore East,N,,Y,,Operating Mine,Public,2153,MOUNT STUART,SF50-10,WYLOO,"ASHBURTON, SHIRE OF","PILBARA, Development Region",8,ASHBURTON M.F.,Ashburton Basin,20260112
S0022534,Yalyalup/Doral,Yalyalup / Doral,Mine,Openpit,Operating,J04330,Yalyalup - Yoongarillup / Doral,115.468721000000002,-33.694527000000001,358078,6270661,50,HM Leu Ilm Zrn Rt,Speciality metal,HEAVY MINERAL SANDS,Yalyalup,Y,"HM, Leu, Ilm, Zrn, Rt",Y,,Operating Mine,Public,1930,BUSSELTON,SI50-05,BUSSELTON,"BUSSELTON, CITY OF","SOUTH WEST, Development Region",70,SOUTH WEST M.F.,Bunbury Trough,20260112
S0022539,Aquarius - Corona,Aquarius - Higginsville,Mine,Decline,Operating,J00152,Higginsville,121.728216000000003,-31.755153000000000,379550,6486000,51,Au,Precious metal,GOLD,Aquarius,N,,N,,Operating Mine,Public,3234,COWAN,SH51-14,WIDGIEMOOLTHA,"COOLGARDIE, SHIRE OF","GOLDFIELDS-ESPERANCE, Development Region",15,COOLGARDIE,Eastern Goldfields Superterrane,20260112
S0022601,Hopetown Ravensthorpe Rd Lot 6382 Hopetoun Lst / HomeLime,Hopetoun Ravensthorpe Rd Lot 6382 Hopetoun Limestone / HopeLime,Mine,Openpit,Operating,J03270,Hopetoun / HopeLime,120.120857999999998,-33.909472999999998,233793,6244148,51,Aglime Lst Gvl Sd,Industrial mineral,LIMESTONE - LIMESAND,Hopetoun,Y,"Aglime, Lst, Gvl, Sd",Y,,Operating Mine,Public,2930,RAVENSTHORPE,SI51-05,RAVENSTHORPE,"RAVENSTHORPE, SHIRE OF","GOLDFIELDS-ESPERANCE, Development Region",74,PHILLIPS RIVER M.F.,"Northern Foreland, Albany-Fraser Orogen",20260112
S0022663,Roelands Quarry,Roelands Quarry,Mine,Openpit,Operating,J03278,Roelands Quarry,115.853722000000005,-33.287135999999997,393265,6316294,50,Aggm Agg Gran,Construction material,CONSTRUCTION MATERIALS,,N,,,,,Public,2031,BUNBURY,SI50-06,COLLIE,"HARVEY, SHIRE OF","SOUTH WEST, Development Region",70,SOUTH WEST M.F.,South West Terrane,20260112
S0022686,C4,C4 - Wiluna West,Mine,Openpit,Operating,J03041,Wiluna West Iron,119.937312000000006,-26.680347000000001,792322,7045602,50,Fe,Iron,IRON ORE,C4 – Wiluna West,N,,Y,,Operating Mine,Public,2844,MEREWETHER,SG50-12,GLENGARRY,"WILUNA, SHIRE OF","MID-WEST, Development Region",53,WILUNA,Youanmi Terrane,20260112
S0022716,Atlas,Atlas / Image,Mine,Openpit,Operating,J00748,Atlas - North Perth Basin,115.248907000000003,-30.538150999999999,332017,6620276,50,HM Ilm Leu Rt Zrn Grt St Mnz,Speciality metal,HEAVY MINERAL SANDS,,N,,,,,Public,1936,WEDGE ISLAND,SH50-09,HILL RIVER,"DANDARAGAN, SHIRE OF","WHEATBELT, Development Region",70,SOUTH WEST M.F.,Cadda Terrace,20260112
S0022743,Havana,Havana,Mine,Openpit,Operating,J02723,Tropicana,124.540109000000001,-29.263345000000001,649634,6761855,51,Au Ag,Precious metal,GOLD,Havana,N,,Y,,Operating Mine,Public,3839,BARTLETT,SH51-08,PLUMRIDGE,"MENZIES, SHIRE OF","GOLDFIELDS-ESPERANCE, Development Region",39,MT. MORGANS,Tropicana Zone,20260112
S0022785,Forrest Highway Lot 5/Carbone,Forrest Highway Myalup Lot 5 / Carbone,Mine,Openpit,Operating,J06341,South West Operations EIL  / Carbone,115.715596000000005,-33.092737999999997,380138,6337698,50,Lst Aglime,Construction material,CONSTRUCTION MATERIALS,Myalup,N,,N,,Operating Mine,Public,2031,BUNBURY,SI50-06,COLLIE,"HARVEY, SHIRE OF","SOUTH WEST, Development Region",70,SOUTH WEST M.F.,Mandurah Terrace,20260112
S0022792,Blenheim,Blenheim Oxide,Mine,Openpit,Operating,J00009,Duketon / Regis Resources,122.345406999999994,-27.594885999999999,435399,6947502,51,Au Ag,Precious metal,GOLD,Blenheim Oxide,N,,N,,Operating Mine,Public,3342,DUKETON,SG51-14,DUKETON,"LAVERTON, SHIRE OF","GOLDFIELDS-ESPERANCE, Development Region",38,MT. MARGARET,Burtville Terrane,20260112
S0022801,Lake Disappointment Pilot Ponds,Lake Disappointment Pilot Ponds Potash,Mine,Pond,Under Development,J03309,Kumpupintil Lake,122.814736999999994,-23.281753999999999,481054,7425277,51,K K2SO4 Salt,Industrial mineral,POTASH,Kumpupintil Lake,Y,"K, K2SO4, Salt",Y,,Operating Mine,Public,3451,GUNANYA,SF51-14,GUNANYA,"EAST PILBARA, SHIRE OF","PILBARA, Development Region",45,MARBLE BAR,Salt-ruptured Zone (Phase 1),20260112
S0022809,Coconut Wells New,Coconut Wells New,Mine,Openpit,Operating,J00942,Coconut Wells - Broome,122.223327999999995,-17.846267000000001,417706,8026652,51,Gvl Sd,Construction material,CONSTRUCTION MATERIALS,,N,,,,,Public,3362,BROOME,SE51-06,BROOME,"BROOME, SHIRE OF","KIMBERLEY, Development Region",4,WEST KIMBERLEY M.F.,Fitzroy Trough,20260112
S0022821,North MM East Pits,North Marra Mamba East Pits 1-4,Mine,Openpit,Operating,J03313,Wonmunna Iron,119.074186999999995,-23.127001000000000,712399,7440911,50,Fe,Iron,IRON ORE,North Marra Mamba East Pits 1-4,N,,Y,,Operating Mine,Public,2751,OPHTHALMIA,SF50-16,NEWMAN,"EAST PILBARA, SHIRE OF","PILBARA, Development Region",47,WEST PILBARA M.F.,South Pilbara Sub-basin,20260112
S0022843,Kens Bore,Kens Bore,Mine,Openpit,Operating,J00753,West Pilbara - Red Hill / API,116.195803999999995,-22.055675000000001,417021,7560792,50,Fe,Iron,IRON ORE,Kens Bore - Red Hill JV,N,,Y,,Operating Mine,Public,2153,MOUNT STUART,SF50-10,WYLOO,"ASHBURTON, SHIRE OF","PILBARA, Development Region",8,ASHBURTON M.F.,Turee Creek Basin,20260112
S0022884,Utcha-Hose North/GMA,Utcha - Hose North/GMA,Mine,Openpit,Operating,J00788,Port Gregory Garnet/GMA,114.206643999999997,-28.084796000000001,225504,6890253,50,Grt Ilm Zrn,Industrial mineral,HEAVY MINERAL SANDS,Port Gregory,Y,"Grt, Ilm, Zrn",Y,,Operating Mine,Public,1741,HUTT,SH50-01,GERALDTON,"NORTHAMPTON, SHIRE OF","MID-WEST, Development Region",70,SOUTH WEST M.F.,Gascoyne Platform,20260112
S0022894,Ducane Rd Lot 1 (Stage 2) / Dean,Ducane Rd North Boyanup Lot 1 (Stage 2) / Dean,Mine,Openpit,Operating,J03336,Gelorup - Ducane Road / Geographe Civil,115.678061000000000,-33.413614000000003,377085,6302077,50,Sd,Construction material,CONSTRUCTION MATERIALS,,N,,,,,Public,2031,BUNBURY,SI50-06,COLLIE,"CAPEL, SHIRE OF","SOUTH WEST, Development Region",70,SOUTH WEST M.F.,Bunbury Trough,20260112
S0022908,Lake Weelhamby South,Lake Weelhamby South,Mine,Openpit,Operating,J02222,Lake Weelhamby - Gingaba Well,116.457725999999994,-29.278527000000000,447324,6761033,50,Gp,Industrial mineral,GYPSUM,Lake Weelhamby,Y,Gp,Y,,Operating Mine,Public,2139,PERENJORI,SH50-06,PERENJORI,"PERENJORI, SHIRE OF","MID-WEST, Development Region",70,SOUTH WEST M.F.,Yilgarn Craton granites,20260112
S0022940,Military Rd Lot 1/Civex,Military Rd Lot 1 Wilbinga / Civex,Mine,Openpit,Operating,J03346,Wilbinga / Civex,115.683413999999999,-31.401347000000001,374835,6525167,50,Lst,Construction material,LIMESTONE - LIMESAND,,N,,,,,Public,2035,GINGIN,SH50-14,PERTH,"GINGIN, SHIRE OF","WHEATBELT, Development Region",70,SOUTH WEST M.F.,Mandurah Terrace,20260112
S0022974,Julius,Julius - Yandal,Mine,Openpit,Operating,J01726,Jundee - Nimary,120.948640999999995,-26.763112000000000,296023,7038157,51,Au Ag,Precious metal,GOLD,Julius,N,,Y,,Operating Mine,Public,3044,LAKE VIOLET,SG51-09,WILUNA,"WILUNA, SHIRE OF","MID-WEST, Development Region",53,WILUNA,Eastern Goldfields Superterrane,20260112
S0023009,Turner River Dune Sand South/Holcim,Turner River Dune Sand South / Holcim,Mine,Openpit,Operating,J04450,Turner River Dune Sand / Holcim,118.466410999999994,-20.496645999999998,652920,7732873,50,Sd,Construction material,CONSTRUCTION MATERIALS,,N,,,,,Public,2557,THOUIN,SF50-03,ROEBOURNE,"PORT HEDLAND, TOWN OF","PILBARA, Development Region",45,MARBLE BAR,Split Rock Supersuite,20260112
S0023051,Brampton South,Brampton South,Mine,Openpit,Operating,J01407,East Pilbara Iron Ore / FMG,119.364947999999998,-22.322303999999999,743606,7529588,50,Fe,Iron,IRON ORE,Brampton South,N,,Y,,Operating Mine,Public,2753,MOUNT MARSH,SF50-12,ROY HILL,"ASHBURTON, SHIRE OF","PILBARA, Development Region",45,MARBLE BAR,Hamersley Basin,20260112
S0023052,Kangaroo,Kangaroo - Main Break - Cloudbreak,Mine,Openpit,Operating,J01407,East Pilbara Iron Ore / FMG,119.260408999999996,-22.285506999999999,732895,7533828,50,Fe,Iron,IRON ORE,Kangaroo - Main Break,N,,Y,,Operating Mine,Public,2753,MOUNT MARSH,SF50-12,ROY HILL,"ASHBURTON, SHIRE OF","PILBARA, Development Region",45,MARBLE BAR,Hamersley Basin,20260112
S0023054,Hayman,Hayman - Three Bears,Mine,Openpit,Operating,J01407,East Pilbara Iron Ore / FMG,119.402377000000001,-22.333625999999999,747443,7528273,50,Fe,Iron,IRON ORE,Hayman,N,,Y,,Operating Mine,Public,2753,MOUNT MARSH,SF50-12,ROY HILL,"ASHBURTON, SHIRE OF","PILBARA, Development Region",46,NULLAGINE,Hamersley Basin,20260112
S0023087,Old Coast Rd Lot 1 / Hull,Old Coast Rd Lake Clifton Lot 1 / Hull,Mine,Openpit,Operating,J01177,Waroona / Charles Hull Contracting,115.705012999999994,-32.855535000000003,378827,6363985,50,Lst,Construction material,LIMESTONE - LIMESAND,,N,,,,,Public,2032,PINJARRA,SI50-02,PINJARRA,"WAROONA, SHIRE OF","PEEL, Development Region",70,SOUTH WEST M.F.,Mandurah Terrace,20260112
S0023090,Main Pit,Moora Silica - Coomberdale,Mine,Openpit,Operating,J00918,Kemerton Silicon / Simcoa,116.036510000000007,-30.518787000000000,407559,6623332,50,Sisd SiO2 Chert,Industrial mineral,SILICA - SILICA SAND,Moora,Y,"Sisd, SiO2, Chert",Y,,Operating Mine,Public,2136,MOORA,SH50-10,MOORA,"MOORA, SHIRE OF","WHEATBELT, Development Region",70,SOUTH WEST M.F.,Moora Basin,20260112
S0023091,Jonah Bore Sand,Jonah Bore Sand,Mine,Openpit,Operating,J03376,Jonah Bore,120.443064000000007,-27.946303000000000,248424,6906114,51,Sd Gvl,Construction material,CONSTRUCTION MATERIALS,,N,,,,,Public,2942,DEPOT SPRINGS,SG51-13,SIR SAMUEL,"LEONORA, SHIRE OF","GOLDFIELDS-ESPERANCE, Development Region",36,LAWLERS,Yilgarn Craton granites,20260112
S0023098,W11,W11 - Beebyn,Mine,Openpit,Operating,J00755,Weld Range Iron Ore,117.837012000000001,-26.873566000000000,583138,7027293,50,Fe,Iron,IRON ORE,,N,,,,,Public,2444,MADOONGA,SG50-11,BELELE,"CUE, SHIRE OF","MID-WEST, Development Region",51,MEEKATHARRA,Youanmi Terrane,20260112
S0023105,Iron Ridge,Iron Ridge,Mine,Openpit,Operating,J05539,Iron Ridge,117.684511999999998,-26.943926000000001,567949,7019591,50,Fe Mn Ti,Iron,IRON ORE,Iron Ridge,N,,Y,,Operating Mine,Public,2444,MADOONGA,SG50-11,BELELE,"CUE, SHIRE OF","MID-WEST, Development Region",20,CUE,Youanmi Terrane,20260112
S0023160,Walyunga Rd Lot5/Brikmakers,Walyunga Road Lot 5 Bullsbrook / Brikmakers,Mine,Openpit,Operating,J03395,Bullsbrook - Toodyay / BGC,116.042276999999999,-31.729068000000002,409271,6489196,50,Agg Sd Cyfi,Construction material,CONSTRUCTION MATERIALS,,N,,,,,Public,2134,WOOROLOO,SH50-14,PERTH,"SWAN, CITY OF",METRO,70,SOUTH WEST M.F.,South West Terrane,20260112
S0023166,Wandoo N,Wandoo North,Mine,Openpit,Operating,J00026,Boddington Gold,116.341910999999996,-32.741331000000002,438345,6377197,50,Au Cu As Bi,Precious metal,GOLD,Wandoo North,N,,N,,Operating Mine,Public,2132,DWELLINGUP,SI50-02,PINJARRA,"BODDINGTON, SHIRE OF","PEEL, Development Region",70,SOUTH WEST M.F.,South West Terrane,20260112
S0023170,Shine,Shine,Mine,Openpit,Operating,J04475,Shine,116.936541000000005,-28.851520000000001,493810,6808463,50,Fe Mag Ti Mn,Iron,IRON ORE,Shine,N,,Y,,Operating Mine,Public,2240,BADJA,SH50-02,YALGOO,"YALGOO, SHIRE OF","MID-WEST, Development Region",59,YALGOO M.F.,Youanmi Terrane,20260112
S0023218,Upper Cane,Upper Cane,Mine,Openpit,Operating,J00753,West Pilbara - Red Hill / API,116.270017999999993,-22.191897000000001,424751,7545751,50,Fe,Iron,IRON ORE,,N,,,,,Public,2153,MOUNT STUART,SF50-10,WYLOO,"ASHBURTON, SHIRE OF","PILBARA, Development Region",8,ASHBURTON M.F.,Turee Creek Basin,20260112
S0023220,Jewel CID,Jewel CID,Mine,Openpit,Under Development,J00753,West Pilbara - Red Hill / API,116.138195999999994,-21.935146000000000,411001,7574101,50,Fe,Iron,IRON ORE,Jewel,N,,N,,Operating Mine,Public,2154,PANNAWONICA,SF50-06,YARRALOOLA,"ASHBURTON, SHIRE OF","PILBARA, Development Region",8,ASHBURTON M.F.,Ashburton Basin,20260112
S0023226,Wellesley Rd Lot 70 / APH,Wellesley Rd Wellesley Lot 70 / APH,Mine,Openpit,Operating,J03420,Wellesley Road Sand / APH,115.745690999999994,-33.153131000000002,383027,6331036,50,Sd,Construction material,CONSTRUCTION MATERIALS,,N,,,,,Public,2031,BUNBURY,SI50-06,COLLIE,"HARVEY, SHIRE OF","SOUTH WEST, Development Region",70,SOUTH WEST M.F.,Mandurah Terrace,20260112
S0023237,Carina,Carina Iron,Mine,Openpit,Operating,J03423,Carina,119.998712999999995,-30.456336000000000,787950,6626825,50,Fe,Iron,IRON ORE,Carina Iron,N,,N,,Operating Mine,Public,2837,BUNGALBIN,SH50-12,JACKSON,"YILGARN, SHIRE OF","WHEATBELT, Development Region",77,YILGARN M.F.,Youanmi Terrane,20260112
S0023261,Trigg,Trigg - S4,Mine,Openpit,Operating,J03432,Abydos,119.105806999999999,-21.143806999999999,718680,7660486,50,Fe,Iron,IRON ORE,,N,,,,,Public,2755,NORTH SHAW,SF50-08,MARBLE BAR,"EAST PILBARA, SHIRE OF","PILBARA, Development Region",45,MARBLE BAR,Gorge Creek Basin,20260112
S0023281,West End,Eliwana West End,Mine,Openpit,Operating,J03436,Western Hub / FMG,116.830563999999995,-22.493673000000001,482572,7512519,50,Fe,Iron,IRON ORE,Eliwana,N,,Y,,Operating Mine,Public,2253,FARQUHAR,SF50-10,WYLOO,"ASHBURTON, SHIRE OF","PILBARA, Development Region",47,WEST PILBARA M.F.,Hamersley Basin,20260112
S0023312,R34704 Moore River Hill / Shire,Reserve 34704 Lot 9415 Moore River Hill / Shire of Gingin,Mine,Openpit,Operating,J03445,GBRM / Shire of Gingin,115.511807000000005,-31.329021999999998,358411,6532977,50,Lst,Construction material,LIMESTONE - LIMESAND,,N,,,,,Public,2035,GINGIN,SH50-14,PERTH,"GINGIN, SHIRE OF","WHEATBELT, Development Region",70,SOUTH WEST M.F.,Vlaming Sub-basin,20260112
S0023314,Paraburdoo Sand 3 / Heidelberg,Paraburdoo Sand 3 / Heidelberg,Mine,Openpit,Operating,J00847,Paraburdoo Sand and Gravel / Heidelberg Materials,117.576615000000004,-23.119997999999999,559041,7443080,50,Sd Gvl,Construction material,CONSTRUCTION MATERIALS,,N,,,,,Public,2451,PARABURDOO,SF50-15,TUREE CREEK,"ASHBURTON, SHIRE OF","PILBARA, Development Region",47,WEST PILBARA M.F.,South Pilbara Sub-basin,20260112
S0023322,Weaber Plain North,Weaber Plain North,Mine,Openpit,Operating,J03286,Weaber Plain,128.743361999999991,-15.738903000000001,472506,8259929,52,Sd,Construction material,CONSTRUCTION MATERIALS,,N,,,,,Public,4666,KUNUNURRA,SD52-14,CAMBRIDGE GULF,"WYNDHAM-EAST KIMBERLEY, SHIRE OF","KIMBERLEY, Development Region",80,KIMBERLEY M.F.,Burt Range Shelf,20260112
S0023325,Runnymede Rd Lot 4 / Catalano,Runnymede Rd Wellesley Lot 4 / Catalano,Mine,Openpit,Operating,J03290,Harvey / Catalano,115.744587999999993,-33.145195999999999,382913,6331915,50,Sd,Construction material,CONSTRUCTION MATERIALS,,N,,,,,Public,2031,BUNBURY,SI50-06,COLLIE,"HARVEY, SHIRE OF","SOUTH WEST, Development Region",70,SOUTH WEST M.F.,Mandurah Terrace,20260112
S0023326,Indian Ocean Drive Lots 104-106 / Meteor Stone,Indian Ocean Drive Lots 104-106 Breton Bay / Meteor Stone,Mine,Openpit,Operating,J03448,Lancelin Road / Meteor Stone,115.473141999999996,-31.211440000000000,354551,6545960,50,Lst LStDSt Sd,Construction material,CONSTRUCTION MATERIALS,,N,,,,,Public,1935,LEDGE POINT,SH50-13,LEDGE POINT,"GINGIN, SHIRE OF","WHEATBELT, Development Region",70,SOUTH WEST M.F.,Vlaming Sub-basin,20260112
S0023339,Mt Gould Iron Pit 1,Mt Gould Iron Pit 1,Mine,Openpit,Operating,J03454,Mt Gould Iron,117.338510999999997,-25.802437000000001,533933,7146150,50,Fe,Iron,IRON ORE,,N,,,,,Public,2346,GOULD,SG50-07,ROBINSON RANGE,"MEEKATHARRA, SHIRE OF","MID-WEST, Development Region",52,PEAK HILL M.F.,Narryer Terrane,20260112
S0023347,Mungada East Ext,Mungada East Extension,Mine,Openpit,Operating,J02673,Koolanooka & Blue Hills - Mungada / Sinosteel,116.888660999999999,-29.140211000000001,489170,6776474,50,Fe,Iron,IRON ORE,Mungada East Extension,N,,Y,,Operating Mine,Public,2239,ROTHSAY,SH50-06,PERENJORI,"PERENJORI, SHIRE OF","MID-WEST, Development Region",59,YALGOO M.F.,Youanmi Terrane,20260112
S0023351,Lake MacLeod Crystalliser Pond,Lake MacLeod Main Crystalliser Pond,Mine,Pond,Operating,J00870,Lake MacLeod Salt,113.551608000000002,-24.446487999999999,758680,7293955,49,Salt,Industrial mineral,SALT,Lake MacLeod,Y,Salt,Y,,Operating Mine,Public,1649,MACLEOD,SG49-04,QUOBBA,"CARNARVON, SHIRE OF","GASCOYNE, Development Region",9,GASCOYNE M.F.,Gascoyne Platform,20260112
S0023352,Onslow Salt Condenser PND,Onslow Salt Condenser Ponds,Mine,Pond,Operating,J00982,Onslow Salt,115.156121999999996,-21.706287000000000,309259,7598546,50,Salt,Industrial mineral,SALT,Onslow,Y,Salt,Y,,Operating Mine,Public,1954,ONSLOW,SF50-05,ONSLOW,"ASHBURTON, SHIRE OF","PILBARA, Development Region",8,ASHBURTON M.F.,Peedamullah Shelf,20260112
S0023370,Dunham River,Dunham River Gravel,Mine,Openpit,Operating,J03461,Dunham River Gravel,128.603832000000011,-15.832229999999999,457578,8249582,52,Gvl Sd,Construction material,CONSTRUCTION MATERIALS,,N,,,,,Public,4666,KUNUNURRA,SD52-14,CAMBRIDGE GULF,"WYNDHAM-EAST KIMBERLEY, SHIRE OF","KIMBERLEY, Development Region",80,KIMBERLEY M.F.,Carr Boyd Basin,20260112
S0023372,Brockman Hwy Loc 8443 / Orange Grove,Brockman Hwy Wandillup Loc 8443 / Orange Grove,Mine,Openpit,Operating,J03463,Orange Grove - Bridgetown,116.076942000000003,-33.981765000000003,414738,6239482,50,Dst BlackGran Dlt,Construction material,DIMENSION STONE,,N,,,,,Public,2130,BRIDGETOWN,SI50-06,COLLIE,"BRIDGETOWN-GREENBUSHES, SHIRE OF","SOUTH WEST, Development Region",70,SOUTH WEST M.F.,South West Terrane,20260112
S0023373,Rama,Rama,Mine,Openpit,Operating,J05486,Rama Gold,119.825834999999998,-32.754873000000003,764750,6372352,50,Au Ag,Precious metal,GOLD,Kat Gap,N,,Y,,Operating Mine,Public,2832,IRONCAP,SI50-04,HYDEN,"KONDININ, SHIRE OF","WHEATBELT, Development Region",74,PHILLIPS RIVER M.F.,Youanmi Terrane,20260112
S0023425,Green,Green - Cloud Break,Mine,Openpit,Operating,J01407,East Pilbara Iron Ore / FMG,119.416016999999997,-22.327725999999998,748859,7528904,50,Fe,Iron,IRON ORE,Green - Cloud Break,N,,Y,,Operating Mine,Public,2753,MOUNT MARSH,SF50-12,ROY HILL,"ASHBURTON, SHIRE OF","PILBARA, Development Region",46,NULLAGINE,Hamersley Basin,20260112
S0023498,Lounge Lizard Ni,Lounge Lizard Nickel Underground,Mine,Decline,Operating,J00757,Forrestania Nickel / Western Areas,119.692200000000000,-32.425564999999999,753151,6409201,50,Ni,Steel alloy metal,NICKEL,Lounge Lizard,N,,N,,Operating Mine,Public,2833,HOLLAND,SI50-04,HYDEN,"KONDININ, SHIRE OF","WHEATBELT, Development Region",77,YILGARN M.F.,Youanmi Terrane,20260112
S0023522,Baldivis Sand/Holcim,Baldivis Sand / Holcim,Mine,Openpit,Operating,J03490,Baldivis Sand / Holcim,115.814931000000001,-32.392507000000002,388540,6415439,50,Sd,Construction material,CONSTRUCTION MATERIALS,,N,,,,,Public,2033,FREMANTLE,SI50-02,PINJARRA,"ROCKINGHAM, CITY OF",METRO,70,SOUTH WEST M.F.,Mandurah Terrace,20260112
S0023552,Trinity Bore Iron,Trinity Bore Iron,Mine,Openpit,Under Development,J00753,West Pilbara - Red Hill / API,116.336670999999996,-22.354341000000002,431701,7527801,50,Fe,Iron,IRON ORE,Trinity Bore,N,,N,,Operating Mine,Public,2153,MOUNT STUART,SF50-10,WYLOO,"ASHBURTON, SHIRE OF","PILBARA, Development Region",47,WEST PILBARA M.F.,Ashburton Basin,20260112
S0023559,Kings,Kings-Solomon,Mine,Openpit,Operating,J01646,Solomon - Greater Solomon,117.869836000000006,-22.159454000000000,589687,7549267,50,Fe,Iron,IRON ORE,Kings,N,,Y,,Operating Mine,Public,2453,MCRAE,SF50-11,MOUNT BRUCE,"ASHBURTON, SHIRE OF","PILBARA, Development Region",47,WEST PILBARA M.F.,Hamersley Basin,20260112
S0023560,Abbattoir Rd Lot 4 Sand 1 / Pirone,Abbattoir Rd Lot 4 Moonyoonooka Sand 1 / Pirone,Mine,Openpit,Operating,J03498,Moonyoonooka / Pirone,114.749382999999995,-28.785533000000001,280309,6813697,50,Sd,Construction material,CONSTRUCTION MATERIALS,,N,,,,,Public,1840,GERALDTON,SH50-01,GERALDTON,"GREATER GERALDTON, CITY OF","MID-WEST, Development Region",70,SOUTH WEST M.F.,"Pinjarra Orogen, Northampton Inlier",20260112
S0023569,Mt Caudan Central,Mt Caudan Central Open Pit,Mine,Openpit,Operating,J03500,Parker Range - Mt Caudan Iron,119.555631000000005,-31.614554999999999,742433,6499450,50,Fe,Iron,IRON ORE,Mt Caudan - Parker Range,N,,N,,Operating Mine,Public,2834,CHERITONS FIND,SH50-16,SOUTHERN CROSS,"YILGARN, SHIRE OF","WHEATBELT, Development Region",77,YILGARN M.F.,Youanmi Terrane,20260112
S0023591,R50106 Redgate Rd Sand / AMR Shire,Reserve 50106 Redgate Rd Sand / AMR Shire,Mine,Openpit,Operating,J03506,GBRM / Shire of Augusta Margaret River,115.013912000000005,-34.031447000000000,316642,6232578,50,Lst Sd,Construction material,LIMESTONE - LIMESAND,,N,,,,,Public,1929,LEEUWIN,SI50-09,AUGUSTA,"AUGUSTA MARGARET RIVER, SHIRE OF","SOUTH WEST, Development Region",70,SOUTH WEST M.F.,"Pinjarra Orogen, Leeuwin Inlier",20260112
S0023594,Redgate Rd Lot 2 Redgate Lime / Redgate,Redgate Rd Lot 2 Redgate Lime / Redgate Holdings,Mine,Openpit,Operating,J03507,Redgate Lime / Redgate Holdings,115.017313999999999,-34.032507000000003,316959,6232467,50,Aglime Lsd,Industrial mineral,LIMESTONE - LIMESAND,Redgate,Y,"Aglime, Lsd",Y,,Operating Mine,Public,1929,LEEUWIN,SI50-09,AUGUSTA,"AUGUSTA MARGARET RIVER, SHIRE OF","SOUTH WEST, Development Region",70,SOUTH WEST M.F.,"Pinjarra Orogen, Leeuwin Inlier",20260112
S0023597,Lot 1197 Caves Road / Glenbourne 3,Lot 1197 Caves Road / Glenbourne Sand 3,Mine,Openpit,Operating,J03508,Glenbourne Sand,115.019908000000001,-33.895178000000001,316904,6247702,50,Sd,Construction material,CONSTRUCTION MATERIALS,,N,,,,,Public,1930,BUSSELTON,SI50-05,BUSSELTON,"AUGUSTA MARGARET RIVER, SHIRE OF","SOUTH WEST, Development Region",70,SOUTH WEST M.F.,"Pinjarra Orogen, Leeuwin Inlier",20260112
S0023598,Lot 4 Caves Road / Glenbourne 4,Lot 4 Caves Road / Glenbourne Sand 4,Mine,Openpit,Operating,J03508,Glenbourne Sand,115.015711999999994,-33.898088999999999,316522,6247371,50,Sd,Construction material,CONSTRUCTION MATERIALS,,N,,,,,Public,1930,BUSSELTON,SI50-05,BUSSELTON,"AUGUSTA MARGARET RIVER, SHIRE OF","SOUTH WEST, Development Region",70,SOUTH WEST M.F.,"Pinjarra Orogen, Leeuwin Inlier",20260112
S0023604,Brand Hwy Lot 1 / City of G-G,Brand Hwy Rudds Gully Lot 1 / City of Greater Geraldton,Mine,Openpit,Operating,J04892,Geraldton-Greenough / City of Greater Geraldton,114.661608999999999,-28.866686000000001,271915,6804537,50,Lst,Construction material,LIMESTONE - LIMESAND,,N,,,,,Public,1840,GERALDTON,SH50-01,GERALDTON,"GREATER GERALDTON, CITY OF","MID-WEST, Development Region",70,SOUTH WEST M.F.,Abrolhos Sub-basin,20260112
S0023605,Hampton Rd Lots 2668 2356 2580 2347 / WA Limestone,Hampton Rd Rudds Gully Lots 2668 2356 2580 2347  / WA Limestone,Mine,Openpit,Operating,J01181,Greenough / Royce-Central,114.691226000000000,-28.870899000000001,274814,6804126,50,Sd Lst,Construction material,CONSTRUCTION MATERIALS,,N,,,,,Public,1840,GERALDTON,SH50-01,GERALDTON,"GREATER GERALDTON, CITY OF","MID-WEST, Development Region",70,SOUTH WEST M.F.,Abrolhos Sub-basin,20260112
S0023620,Jurien Bay North 3,Jurien Bay North Gypsum 3,Mine,Openpit,Operating,J01587,Jurien Bay North Gypsum,115.012952999999996,-30.199266000000001,308719,6657465,50,Gp,Industrial mineral,GYPSUM,Jurien Bay North,Y,Gp,Y,,Operating Mine,Public,1937,HILL RIVER,SH50-09,HILL RIVER,"DANDARAGAN, SHIRE OF","WHEATBELT, Development Region",70,SOUTH WEST M.F.,Beagle Ridge,20260112
S0023636,Salt Concentrator Ponds,Port Hedland Salt Concentrator Ponds,Mine,Pond,Operating,J00869,Port Hedland Salt,118.936610000000002,-20.257086000000001,702278,7758885,50,Salt,Industrial mineral,SALT,Port Hedland,Y,Salt,Y,,Operating Mine,Public,2657,PORT HEDLAND,SF50-04,PORT HEDLAND,"PORT HEDLAND, TOWN OF","PILBARA, Development Region",45,MARBLE BAR,Sisters Supersuite,20260112
S0023644,Firetail North,Firetail North,Mine,Openpit,Operating,J01646,Solomon - Greater Solomon,117.925762000000006,-22.117664999999999,595482,7553859,50,Fe,Iron,IRON ORE,Firetail,N,,Y,,Operating Mine,Public,2453,MCRAE,SF50-11,MOUNT BRUCE,"ASHBURTON, SHIRE OF","PILBARA, Development Region",47,WEST PILBARA M.F.,Hamersley Basin,20260112
S0024157,Orelia,Orelia - Cockburn,Mine,Openpit,Operating,J00250,Yandal - Bronzewing,120.939014999999998,-27.419212999999999,296257,6965444,51,Au Ag,Precious metal,GOLD,Orelia - Cockburn,N,,N,,Operating Mine,Public,3043,MOUNT KEITH,SG51-13,SIR SAMUEL,"LEONORA, SHIRE OF","GOLDFIELDS-ESPERANCE, Development Region",36,LAWLERS,Eastern Goldfields Superterrane,20260112
S0025702,North Cascade,North Cascade - Geordie Rock Gypsum,Mine,Openpit,Operating,J05323,Geordie Rock Gypsum,121.384452999999993,-32.862302000000000,348840,6362822,51,Gp,Industrial mineral,GYPSUM,North Cascade,Y,Gp,Y,,Operating Mine,Public,3132,PEAK CHARLES,SI51-01,LAKE JOHNSTON,"ESPERANCE, SHIRE OF","GOLDFIELDS-ESPERANCE, Development Region",63,DUNDAS M.F.,Scaddan Embayment,20260112
S0026049,Golden Gate,Golden Gate - Nullagine,Mine,Unspecified,Operating,J01913,Nullagine / Millenium,120.416499000000002,-21.808212999999999,232906,7586163,51,Au Sb Ag,Precious metal,GOLD,,N,,,,,Public,2954,NULLAGINE,SF51-05,NULLAGINE,"EAST PILBARA, SHIRE OF","PILBARA, Development Region",46,NULLAGINE,Mosquito Creek Basin,20260112
S0027359,Gee's Reward,Poondano West - Gee's Reward,Mine,Openpit,Operating,J03006,Poondano Iron Ore,118.793040000000005,-20.455786000000000,687039,7737057,50,Fe,Iron,IRON ORE,,N,,,,,Public,2657,PORT HEDLAND,SF50-04,PORT HEDLAND,"PORT HEDLAND, TOWN OF","PILBARA, Development Region",45,MARBLE BAR,Split Rock Supersuite,20260112
S0027780,Winning Pool Diatomite,Winning Pool Diatomite,Mine,Openpit,Operating,J04320,Winning Pool Diatomite,114.533619000000002,-23.135971000000001,247441,7439291,50,Diat SiO2 Qtz,Industrial mineral,DIATOMITE - SPONGOLITE,Winning Pool,Y,"Diat, SiO2, Qtz",Y,,Operating Mine,Public,1851,WINNING,SF50-13,WINNING POOL,"CARNARVON, SHIRE OF","GASCOYNE, Development Region",8,ASHBURTON M.F.,Merlinleigh Sub-basin,20260112
S0027825,R19530 Pioneer Rd Lot 3134 Site 1 / Shire,Reserve 19530 Pioneer Rd Lot 3134 Site 1/ AMR Shire,Mine,Openpit,Operating,J03506,GBRM / Shire of Augusta Margaret River,115.087681000000003,-33.841107000000001,323060,6253817,50,Gvl,Construction material,CONSTRUCTION MATERIALS,,N,,,,,Public,1930,BUSSELTON,SI50-05,BUSSELTON,"AUGUSTA MARGARET RIVER, SHIRE OF","SOUTH WEST, Development Region",70,SOUTH WEST M.F.,"Pinjarra Orogen, Leeuwin Inlier",20260112
S0028081,South,South-Pilgangoora,Mine,Openpit,Operating,J04512,Pilgangoora / Pilbara Minerals,118.905519999999996,-21.066067000000000,697978,7669356,50,Li Ta Sn,Speciality metal,TIN - TANTALUM - LITHIUM,South Pilgangoora,Y,"Li, Ta, Sn",Y,,Operating Mine,Public,2655,WODGINA,SF50-08,MARBLE BAR,"EAST PILBARA, SHIRE OF","PILBARA, Development Region",45,MARBLE BAR,Kelly Large Igneous Province,20260112
S0028158,Richardson Road Lot 6 / Shire of Harvey,Richardson Road Lot 6 / Shire of Harvey,Mine,Openpit,Operating,J06173,GBRM / Shire of Harvey,115.797489999999996,-33.058714999999999,387738,6341561,50,Sd,Construction material,CONSTRUCTION MATERIALS,,N,,,,,Public,2031,BUNBURY,SI50-06,COLLIE,"HARVEY, SHIRE OF","SOUTH WEST, Development Region",70,SOUTH WEST M.F.,Mandurah Terrace,20260112
S0028271,R19996 Donnybrook East 1 / Shire,Reserve 19996 Donnybrook East 1 Sand / Shire of Donnybrook Balingup,Mine,Openpit,Operating,J04726,GBRM / Shire of Donnybrook-Balingup,115.851202999999998,-33.573819999999998,393381,6284505,50,Sd,Construction material,CONSTRUCTION MATERIALS,,N,,,,,Public,2030,DONNYBROOK,SI50-06,COLLIE,"DONNYBROOK-BALINGUP, SHIRE OF","SOUTH WEST, Development Region",70,SOUTH WEST M.F.,Bunbury Trough,20260112
S0028272,R22860 Donnybrook East 2 / Shire,Reserve 22860 Donnybrook East 2 Sand / Shire of Donnybrook Balingup,Mine,Openpit,Operating,J04726,GBRM / Shire of Donnybrook-Balingup,115.874605000000003,-33.573839999999997,395553,6284527,50,Sd,Construction material,CONSTRUCTION MATERIALS,,N,,,,,Public,2030,DONNYBROOK,SI50-06,COLLIE,"DONNYBROOK-BALINGUP, SHIRE OF","SOUTH WEST, Development Region",70,SOUTH WEST M.F.,Bunbury Trough,20260112
S0028285,Bussell Hwy Loc 2711 Lot 1 McLeod Creek / Shire,Bussell Hwy Loc 2711 Lot 1 McLeod Creek / AMR Shire,Mine,Openpit,Operating,J03506,GBRM / Shire of Augusta Margaret River,115.113252000000003,-34.127121000000002,326011,6222141,50,Sd,Construction material,CONSTRUCTION MATERIALS,,N,,,,,Public,1929,LEEUWIN,SI50-09,AUGUSTA,"AUGUSTA MARGARET RIVER, SHIRE OF","SOUTH WEST, Development Region",70,SOUTH WEST M.F.,"Pinjarra Orogen, Leeuwin Inlier",20260112
S0028335,Bullabulling Sand/Scorpion,Bullabulling Sand / Scorpion,Mine,Openpit,Operating,J03714,Bullabulling Sand / Scorpion Mining,120.962258000000006,-30.983608000000000,305412,6570433,51,Sd,Construction material,CONSTRUCTION MATERIALS,,N,,,,,Public,3036,DUNNSVILLE,SH51-09,KALGOORLIE,"COOLGARDIE, SHIRE OF","GOLDFIELDS-ESPERANCE, Development Region",15,COOLGARDIE,Yilgarn Craton granites,20260112
S0029437,Rosemont North,Rosemont North,Mine,Openpit,Operating,J00009,Duketon / Regis Resources,122.268232999999995,-27.831198000000001,427938,6921282,51,Au Ag,Precious metal,GOLD,Rosemont North,N,,N,,Operating Mine,Public,3342,DUKETON,SG51-14,DUKETON,"LAVERTON, SHIRE OF","GOLDFIELDS-ESPERANCE, Development Region",38,MT. MARGARET,Eastern Goldfields Superterrane,20260112
S0031074,Cooljarloo 20500,Cooljarloo 20500,Mine,Openpit,Operating,J00485,Cooljarloo / Tronox,115.360692000000000,-30.593292000000002,342831,6614326,50,HM Ilm Zrn Leu Rt Mnz St Slimes,Speciality metal,HEAVY MINERAL SANDS,Cooljarloo 20500,N,,N,,Operating Mine,Public,1936,WEDGE ISLAND,SH50-09,HILL RIVER,"DANDARAGAN, SHIRE OF","WHEATBELT, Development Region",70,SOUTH WEST M.F.,Coomallo Trough,20260112
S0031250,Carnarvon South/Sweetman,Carnarvon South / Sweetman,Mine,Openpit,Operating,J04207,Carnarvon Red Sand / Sweetman,113.715738000000002,-24.931894000000000,774262,7239852,49,Sd HM,Construction material,CONSTRUCTION MATERIALS,,N,,,,,Public,1648,CARNARVON,SG49-04,QUOBBA,"CARNARVON, SHIRE OF","GASCOYNE, Development Region",9,GASCOYNE M.F.,Gascoyne Platform,20260112
S0032004,Kens Bore East,Kens Bore East,Mine,Openpit,Under Development,J00753,West Pilbara - Red Hill / API,116.228525000000005,-22.083720000000000,420412,7557704,50,Fe,Iron,IRON ORE,Kens Bore East,N,,N,,Operating Mine,Public,2153,MOUNT STUART,SF50-10,WYLOO,"ASHBURTON, SHIRE OF","PILBARA, Development Region",8,ASHBURTON M.F.,Hamersley Basin,20260112
S0032538,Turnberry Central,Turnberry,Mine,Openpit,Operating,J03245,Murchison Gold - Andy Well - Gnaweeda,118.785759999999996,-26.325496000000001,678237,7087036,50,Au Ag,Precious metal,GOLD,,N,,,,,Public,2645,GLENGARRY,SG50-12,GLENGARRY,"MEEKATHARRA, SHIRE OF","MID-WEST, Development Region",51,MEEKATHARRA,Youanmi Terrane,20260112
S0032543,St Annes North,St Annes,Mine,Openpit,Operating,J03245,Murchison Gold - Andy Well - Gnaweeda,118.779039999999995,-26.358046000000002,677516,7083439,50,Au Ag,Precious metal,GOLD,,N,,,,,Public,2645,GLENGARRY,SG50-12,GLENGARRY,"MEEKATHARRA, SHIRE OF","MID-WEST, Development Region",51,MEEKATHARRA,Youanmi Terrane,20260112
S0033008,Gossan Valley,Gossan Valley,Mine,Decline,Under Development,J00527,Golden Grove,117.012286000000003,-28.827375000000000,501198,6811138,50,Zn Cu Au Pb Ag,Base metal,COPPER - LEAD - ZINC,,N,,,,,Public,2340,THUNDELARRA,SH50-03,KIRKALOCKA,"YALGOO, SHIRE OF","MID-WEST, Development Region",59,YALGOO M.F.,Youanmi Terrane,20260112
S0033045,Glen Herring,Glen Herring Iron,Mine,Openpit,Operating,J03673,Sanjiv Ridge,119.654160000000005,-21.393464000000002,775187,7631979,50,Fe,Iron,IRON ORE,Glen Herring Iron,N,,Y,,Operating Mine,Public,2855,MARBLE BAR,SF50-08,MARBLE BAR,"EAST PILBARA, SHIRE OF","PILBARA, Development Region",45,MARBLE BAR,Gorge Creek Basin,20260112
S0222904,Marandoo MMP2 Pit,Marandoo MMP2 Pit,Mine,Openpit,Operating,J03929,Marandoo / Rio Tinto,118.167901999999998,-22.649519999999999,620001,7494806,50,Fe,Iron,IRON ORE,Marandoo,N,,Y,,Operating Mine,Public,2552,MOUNT BRUCE,SF50-11,MOUNT BRUCE,"ASHBURTON, SHIRE OF","PILBARA, Development Region",47,WEST PILBARA M.F.,Hamersley Basin,20260112
S0222917,Canegrass Sand,Canegrass Sand,Mine,Openpit,Operating,J03562,Canegrass Sand,121.096329999999995,-30.204248000000000,316756,6657050,51,Sd Gvl,Construction material,CONSTRUCTION MATERIALS,,N,,,,,Public,3137,BARDOC,SH51-09,KALGOORLIE,"KALGOORLIE-BOULDER, CITY OF","GOLDFIELDS-ESPERANCE, Development Region",24,BROAD ARROW M.F.,Yilgarn Craton granites,20260112
S0222918,Coondiner HD4 Central,Coondiner HD4 Central,Mine,Openpit,Operating,J00685,Hope Downs Joint Venture,119.539130000000000,-23.132999000000002,760018,7439493,50,Fe,Iron,IRON ORE,Coondiner HD4 Central,N,,N,,Operating Mine,Public,2851,NEWMAN,SF50-16,NEWMAN,"EAST PILBARA, SHIRE OF","PILBARA, Development Region",47,WEST PILBARA M.F.,Hamersley Basin,20260112
S0222919,Coondiner HD4 South,Coondiner HD4 South,Mine,Openpit,Operating,J00685,Hope Downs Joint Venture,119.519632999999999,-23.146791000000000,757994,7437999,50,Fe,Iron,IRON ORE,Coondiner HD4 South,N,,N,,Operating Mine,Public,2851,NEWMAN,SF50-16,NEWMAN,"EAST PILBARA, SHIRE OF","PILBARA, Development Region",47,WEST PILBARA M.F.,Hamersley Basin,20260112
S0222920,Coondiner HD4 West,Coondiner HD4 West,Mine,Openpit,Operating,J00685,Hope Downs Joint Venture,119.504046000000002,-23.136205000000000,756417,7439200,50,Fe,Iron,IRON ORE,Coondiner HD4 West,N,,N,,Operating Mine,Public,2851,NEWMAN,SF50-16,NEWMAN,"EAST PILBARA, SHIRE OF","PILBARA, Development Region",47,WEST PILBARA M.F.,Hamersley Basin,20260112
S0222923,Big Mack South,Big Mack South,Mine,Openpit,Operating,J00725,Woodie Woodie (Mining Corridor) / ConsMin,121.226343999999997,-21.604576999999999,316397,7609893,51,Mn,Steel alloy metal,MANGANESE ORE,Big Mack South,N,,N,,Operating Mine,Public,3154,PEARANA,SF51-05,NULLAGINE,"EAST PILBARA, SHIRE OF","PILBARA, Development Region",45,MARBLE BAR,Hamersley Basin,20260112
S0222929,Russell Rd Wattleup / WA Limestone,Russell Rd Wattleup / WA Limestone,Mine,Openpit,Operating,J03566,Wattleup - Russell Road / WA Limestone,115.805937000000000,-32.158231999999998,387405,6441401,50,Sdc Lsd Lst Sd,Construction material,CONSTRUCTION MATERIALS,,N,,,,,Public,2033,FREMANTLE,SI50-02,PINJARRA,"COCKBURN, CITY OF",METRO,70,SOUTH WEST M.F.,Mandurah Terrace,20260112
S0222968,Carina Extended,Carina Extended,Mine,Openpit,Operating,J03423,Carina,119.977789000000001,-30.434909000000001,786003,6629255,50,Fe,Iron,IRON ORE,Carina Extended,N,,N,,Operating Mine,Public,2837,BUNGALBIN,SH50-12,JACKSON,"YILGARN, SHIRE OF","WHEATBELT, Development Region",77,YILGARN M.F.,Youanmi Terrane,20260112
S0223292,Corio Rd Lot 242 / Bronzewing,Corio Rd Nambeelup Lot 242 / Bronzewing,Mine,Openpit,Operating,J03606,Murray / Bronzewing Investments,115.868059000000002,-32.540166999999997,393710,6399123,50,Sd,Construction material,CONSTRUCTION MATERIALS,,N,,,,,Public,2032,PINJARRA,SI50-02,PINJARRA,"MURRAY, SHIRE OF","PEEL, Development Region",70,SOUTH WEST M.F.,Mandurah Terrace,20260112
S0223307,R37619 Forrest St Lot 332 / Shire,Reserve 37619 Forrest St Quairading Lot 332 / Shire of Quairading,Mine,Openpit,Operating,J03630,GBRM / Shire of Quairading,117.400194999999997,-31.999034000000002,537801,6459601,50,Sd,Construction material,CONSTRUCTION MATERIALS,,N,,,,,Public,2334,CUNDERDIN,SH50-15,KELLERBERRIN,"QUAIRADING, SHIRE OF","WHEATBELT, Development Region",70,SOUTH WEST M.F.,Yilgarn Craton granites,20260112
S0223343,Mooka / Pas-Kapitany,Mooka / Pas-Kapitany,Mine,Openpit,Operating,J03634,Mooka Chalcedony (Mookaite) / Pas - Kapitany,114.955522000000002,-24.891095000000000,293482,7245560,50,Mookaite Clc,Precious mineral,GEM & SEMI-PRECIOUS STONES,,N,,,,,Public,1848,BINTHALYA,SG50-01,KENNEDY RANGE,"CARNARVON, SHIRE OF","GASCOYNE, Development Region",9,GASCOYNE M.F.,Gascoyne Platform,20260112
S0223384,Mettams,Mettams,Mine,Openpit,Operating,J03432,Abydos,119.086611000000005,-21.148222000000001,716680,7660024,50,Fe,Iron,IRON ORE,,N,,,,,Public,2755,NORTH SHAW,SF50-08,MARBLE BAR,"EAST PILBARA, SHIRE OF","PILBARA, Development Region",45,MARBLE BAR,Gorge Creek Basin,20260112
S0223385,Mullaloo,Mullaloo,Mine,Openpit,Operating,J03432,Abydos,119.113574000000000,-21.141645000000000,719490,7660715,50,Fe,Iron,IRON ORE,Mullaloo,N,,Y,,Operating Mine,Public,2755,NORTH SHAW,SF50-08,MARBLE BAR,"EAST PILBARA, SHIRE OF","PILBARA, Development Region",45,MARBLE BAR,Gorge Creek Basin,20260112
S0223386,Scarborough,Scarborough,Mine,Openpit,Operating,J03432,Abydos,119.127216000000004,-21.134246999999998,720919,7661516,50,Fe,Iron,IRON ORE,,N,,,,,Public,2755,NORTH SHAW,SF50-08,MARBLE BAR,"EAST PILBARA, SHIRE OF","PILBARA, Development Region",45,MARBLE BAR,Gorge Creek Basin,20260112
S0223387,Contacio,Contacio,Mine,Openpit,Operating,J03432,Abydos,119.131165999999993,-21.130037000000002,721335,7661976,50,Fe,Iron,IRON ORE,Contacio,N,,Y,,Operating Mine,Public,2755,NORTH SHAW,SF50-08,MARBLE BAR,"EAST PILBARA, SHIRE OF","PILBARA, Development Region",45,MARBLE BAR,Gorge Creek Basin,20260112
S0223390,Cove West,Cove West,Mine,Openpit,Operating,J03432,Abydos,119.087703000000005,-21.157084999999999,716780,7659041,50,Fe,Iron,IRON ORE,,N,,,,,Public,2755,NORTH SHAW,SF50-08,MARBLE BAR,"EAST PILBARA, SHIRE OF","PILBARA, Development Region",45,MARBLE BAR,Gorge Creek Basin,20260112
S0223402,Ibanez,Ibanez - Mt Webber,Mine,Openpit,Operating,J03641,Mt Webber ,119.288847000000004,-21.536847000000002,737062,7616697,50,Fe,Iron,IRON ORE,Mt Webber,N,,Y,,Operating Mine,Public,2754,TAMBOURAH,SF50-08,MARBLE BAR,"EAST PILBARA, SHIRE OF","PILBARA, Development Region",45,MARBLE BAR,Sulphur Springs Large Igneous Province,20260112
S0223403,Fender,Fender - Mt Webber,Mine,Openpit,Operating,J03641,Mt Webber ,119.298559999999995,-21.543962000000001,738057,7615894,50,Fe,Iron,IRON ORE,Mt Webber,N,,Y,,Operating Mine,Public,2754,TAMBOURAH,SF50-08,MARBLE BAR,"EAST PILBARA, SHIRE OF","PILBARA, Development Region",45,MARBLE BAR,Sulphur Springs Large Igneous Province,20260112
S0223445,Portal,Rubicon-Hornet Underground Portal,Mine,Decline,Operating,J01718,Kundana East,121.260611999999995,-30.744021000000000,333493,6597474,51,Au Ag,Precious metal,GOLD,Rubicon-Hornet,N,,N,,Operating Mine,Public,3136,KALGOORLIE,SH51-09,KALGOORLIE,"COOLGARDIE, SHIRE OF","GOLDFIELDS-ESPERANCE, Development Region",15,COOLGARDIE,Eastern Goldfields Superterrane,20260112
S0223536,Oxbow,Oxbow,Mine,Openpit,Operating,J00732,Yandicoogina / HI-Yandi,119.128853000000007,-22.791817000000002,718537,7477953,50,Fe,Iron,IRON ORE,Oxbow,N,,N,,Operating Mine,Public,2752,WEELI WOLLI,SF50-12,ROY HILL,"EAST PILBARA, SHIRE OF","PILBARA, Development Region",47,WEST PILBARA M.F.,Hamersley Basin,20260112
S0223550,Water Tank Hill UG,Water Tank Hill Underground,Mine,Shaft,Operating,J00156,Mt Magnet,117.830005000000000,-28.064727999999999,581561,6895349,50,Au Ag,Precious metal,GOLD,Water Tank Hill,N,,Y,,Operating Mine,Public,2441,MOUNT MAGNET,SH50-03,KIRKALOCKA,"MOUNT MAGNET, SHIRE OF","MID-WEST, Development Region",58,MT. MAGNET,Youanmi Terrane,20260112
S0223601,Sandtrax - Prancer,Sandtrax - Prancer,Mine,Openpit,Under Development,J04392,Miralga Creek,119.188912000000002,-21.111383000000000,727363,7663960,50,Fe,Iron,IRON ORE,Prancer,N,,N,,Operating Mine,Public,2755,NORTH SHAW,SF50-08,MARBLE BAR,"EAST PILBARA, SHIRE OF","PILBARA, Development Region",45,MARBLE BAR,Gorge Creek Basin,20260112
S0223610,Karnup Sand/Urban-Eclipse,Karnup Sand / Urban-Eclipse,Mine,Openpit,Operating,J03669,Karnup Sand / Eclipse,115.820190999999994,-32.389360000000003,389030,6415792,50,Sd,Construction material,CONSTRUCTION MATERIALS,,N,,,,,Public,2033,FREMANTLE,SI50-02,PINJARRA,"ROCKINGHAM, CITY OF",METRO,70,SOUTH WEST M.F.,Mandurah Terrace,20260112
S0223612,Kangaroo Hills East,Kangaroo Hills East,Mine,Openpit,Operating,J02050,Kangaroo Hills - Coolgardie South,121.157335000000003,-30.987227000000001,324050,6570357,51,Sd,Construction material,CONSTRUCTION MATERIALS,,N,,,,,Public,3136,KALGOORLIE,SH51-09,KALGOORLIE,"COOLGARDIE, SHIRE OF","GOLDFIELDS-ESPERANCE, Development Region",15,COOLGARDIE,Eastern Goldfields Superterrane,20260112
S0223629,Central MM,Central Marra Mamba,Mine,Openpit,Operating,J03313,Wonmunna Iron,119.003204999999994,-23.144705999999999,705101,7439051,50,Fe,Iron,IRON ORE,Central Marra Mamba – Wonmunna,N,,Y,,Operating Mine,Public,2751,OPHTHALMIA,SF50-16,NEWMAN,"EAST PILBARA, SHIRE OF","PILBARA, Development Region",47,WEST PILBARA M.F.,South Pilbara Sub-basin,20260112
S0223630,SMM East,South Marra Mamba East,Mine,Openpit,Operating,J03313,Wonmunna Iron,118.991084999999998,-23.164221999999999,703830,7436906,50,Fe,Iron,IRON ORE,South Marra Mamba East,N,,Y,,Operating Mine,Public,2651,GOVERNOR,SF50-16,NEWMAN,"EAST PILBARA, SHIRE OF","PILBARA, Development Region",47,WEST PILBARA M.F.,South Pilbara Sub-basin,20260112
S0223643,Daltons,Daltons-Gibson,Mine,Openpit,Operating,J03641,Mt Webber ,119.308498000000000,-21.530175000000000,739110,7617406,50,Fe,Iron,IRON ORE,Daltons-Gibson – Mt Webber,N,,Y,,Operating Mine,Public,2754,TAMBOURAH,SF50-08,MARBLE BAR,"EAST PILBARA, SHIRE OF","PILBARA, Development Region",45,MARBLE BAR,Sulphur Springs Large Igneous Province,20260112
S0223665,Horsley Road Lot 21873 / Gravel Link,Horsley Rd Lot 21873 / Gravel Link,Mine,Openpit,Operating,J03687,Horsley Rd Wamenusking / Gravel Link,117.536389999999997,-32.116442999999997,550601,6446531,50,Gvl,Construction material,CONSTRUCTION MATERIALS,,N,,,,,Public,2433,CORRIGIN,SI50-03,CORRIGIN,"QUAIRADING, SHIRE OF","WHEATBELT, Development Region",70,SOUTH WEST M.F.,South West Terrane,20260112
S0223757,Western Hill,Western Hill,Mine,Openpit,Under Development,J00706,West Angelas,118.651208999999994,-23.109287999999999,669098,7443425,50,Fe,Iron,IRON ORE,,N,,,,,Public,2651,GOVERNOR,SF50-16,NEWMAN,"EAST PILBARA, SHIRE OF","PILBARA, Development Region",47,WEST PILBARA M.F.,Hamersley Basin,20260112
S0223837,Queens,Queens,Mine,Openpit,Operating,J01646,Solomon - Greater Solomon,117.769495000000006,-22.128653000000000,579358,7552732,50,Fe,Iron,IRON ORE,Queens,N,,Y,,Operating Mine,Public,2453,MCRAE,SF50-11,MOUNT BRUCE,"ASHBURTON, SHIRE OF","PILBARA, Development Region",47,WEST PILBARA M.F.,Hamersley Basin,20260112
S0223838,Trinity - Solomon,Trinity - Solomon,Mine,Openpit,Operating,J01646,Solomon - Greater Solomon,117.846862999999999,-22.122330999999999,587341,7553390,50,Fe,Iron,IRON ORE,Trinity,N,,N,,Operating Mine,Public,2453,MCRAE,SF50-11,MOUNT BRUCE,"ASHBURTON, SHIRE OF","PILBARA, Development Region",47,WEST PILBARA M.F.,Hamersley Basin,20260112
S0223927,Hamlet UG,Hamlet Underground / St Ives,Mine,Decline,Operating,J00178,Kambalda - St Ives,121.812172000000004,-31.400082000000001,387075,6525448,51,Au Ag,Precious metal,GOLD,Hamlet,N,,Y,,Operating Mine,Public,3235,LAKE LEFROY,SH51-14,WIDGIEMOOLTHA,"COOLGARDIE, SHIRE OF","GOLDFIELDS-ESPERANCE, Development Region",15,COOLGARDIE,Eastern Goldfields Superterrane,20260112
S0223940,Korbrelkulling Rd Lot 18 / Teasdale,Korbrelkulling Rd Korbel Lot 18 / Teasdale,Mine,Openpit,Operating,J03729,Korbrelkulling Road Sand,118.102339999999998,-31.615943000000001,604556,6501605,50,Sd,Construction material,CONSTRUCTION MATERIALS,,N,,,,,Public,2534,BRUCE ROCK,SH50-15,KELLERBERRIN,"MERREDIN, SHIRE OF","WHEATBELT, Development Region",70,SOUTH WEST M.F.,Yilgarn Craton granites,20260112
S0223941,Clackline-Toodyay Rd Lot 124 Chrimes Pit / Vernice,Clackline-Toodyay Rd Hoddys Well Lot 124 Chrimes Pit / Vernice,Mine,Openpit,Operating,J02081,Toodyay / Vernice,116.491032000000004,-31.671447000000001,451754,6495868,50,Sd Gvl,Construction material,CONSTRUCTION MATERIALS,,N,,,,,Public,2134,WOOROLOO,SH50-14,PERTH,"TOODYAY, SHIRE OF","WHEATBELT, Development Region",70,SOUTH WEST M.F.,South West Terrane,20260112
S0223978,Havana ,Havana - Golden Cities,Mine,Openpit,Operating,J00292,Paddington - Mt Pleasant,121.399518000000000,-30.410931000000001,346267,6634592,51,Au Ag,Precious metal,GOLD,Paddington,N,,N,,Operating Mine,Public,3137,BARDOC,SH51-09,KALGOORLIE,"KALGOORLIE-BOULDER, CITY OF","GOLDFIELDS-ESPERANCE, Development Region",24,BROAD ARROW M.F.,Yilgarn Craton granites,20260112
S0224031,Green Gums,Green Gums,Mine,Openpit,Operating,J00292,Paddington - Mt Pleasant,121.237183999999999,-30.530228999999999,330879,6621137,51,Au Ag,Precious metal,GOLD,Green Gums,N,,N,,Operating Mine,Public,3136,KALGOORLIE,SH51-09,KALGOORLIE,"KALGOORLIE-BOULDER, CITY OF","GOLDFIELDS-ESPERANCE, Development Region",24,BROAD ARROW M.F.,Eastern Goldfields Superterrane,20260112
S0224035,Hopetoun-Ravensthorpe Rd Lot 49 Hopetoun Limestone 2,Hopetoun-Ravensthorpe Rd Lot 49 Hopetoun Limestone 2,Mine,Openpit,Operating,J03270,Hopetoun / HopeLime,120.127579999999995,-33.912342000000002,234424,6243847,51,Lst Lsd,Construction material,LIMESTONE - LIMESAND,,N,,,,,Public,2930,RAVENSTHORPE,SI51-05,RAVENSTHORPE,"RAVENSTHORPE, SHIRE OF","GOLDFIELDS-ESPERANCE, Development Region",74,PHILLIPS RIVER M.F.,"Northern Foreland, Albany-Fraser Orogen",20260112
S0224042,Caraban Rd Lot 222 / Caraban Limestone,Caraban Rd Caraban Lot 222 / Caraban Limestone,Mine,Openpit,Operating,J03753,Caraban Limestone / Caraban Limestone and Sand,115.561650999999998,-31.323941000000001,363146,6533603,50,Lst Sd Aglime Aggm,Construction material,LIMESTONE - LIMESAND,,N,,,,,Public,2035,GINGIN,SH50-14,PERTH,"GINGIN, SHIRE OF","WHEATBELT, Development Region",70,SOUTH WEST M.F.,Vlaming Sub-basin,20260112
S0224060,R18816 Carbarup Rd / Shire,Reserve 18816 Carbarup Rd / Shire of Plantagenet,Mine,Openpit,Operating,J03759,GBRM / Shire of Plantagenet,117.708676999999994,-34.580075000000001,564997,6173295,50,Gvl,Construction material,CONSTRUCTION MATERIALS,,N,,,,,Public,2428,MOUNT BARKER,SI50-11,MOUNT BARKER,"PLANTAGENET, SHIRE OF","GREAT SOUTHERN, Development Region",70,SOUTH WEST M.F.,Biranup Zone,20260112
S0224065,Divide Creek Jasper 3,Divide Creek Jasper 3,Mine,Openpit,Operating,J01575,Divide Creek Jasper,118.386898000000002,-23.433495000000001,641683,7407809,50,Jasp,Precious mineral,GEM & SEMI-PRECIOUS STONES,Divide Creek,Y,Jasp,Y,,Operating Mine,Public,2551,SNOWY MOUNT,SF50-15,TUREE CREEK,"MEEKATHARRA, SHIRE OF","MID-WEST, Development Region",52,PEAK HILL M.F.,Hamersley Basin,20260112
S0224131,Lodge Rd Lot 676-677,Lodge Rd Mayanup Lot 676-677,Mine,Openpit,Operating,J06364,Lodge Rd Mayanup / Maddams,116.359330999999997,-33.953412999999998,440803,6242825,50,Sto,Construction material,CONSTRUCTION MATERIALS,,N,,,,,Public,2130,BRIDGETOWN,SI50-06,COLLIE,"BOYUP BROOK, SHIRE OF","SOUTH WEST, Development Region",70,SOUTH WEST M.F.,South West Terrane,20260112
S0224142,Binningup Rd Lot 4 / Giacci,Binningup Rd Parkfield Lot 4 / Giacci,Mine,Openpit,Operating,J03786,Harvey / Giacci,115.705211000000006,-33.161786999999997,379263,6330031,50,Lst,Construction material,LIMESTONE - LIMESAND,,N,,,,,Public,2031,BUNBURY,SI50-06,COLLIE,"HARVEY, SHIRE OF","SOUTH WEST, Development Region",70,SOUTH WEST M.F.,Bunbury Trough,20260112
S0224171,Gascoyne River M09/130,Gascoyne River M09/130 / Sweetman,Mine,Openpit,Operating,J03792,Gascoyne River / Sweetman,114.033771000000002,-24.744682999999998,199975,7260070,50,Gvl Sd,Construction material,CONSTRUCTION MATERIALS,,N,,,,,Public,1748,DOORAWARRAH,SG50-01,KENNEDY RANGE,"CARNARVON, SHIRE OF","GASCOYNE, Development Region",9,GASCOYNE M.F.,Gascoyne Platform,20260112
S0224200,Firetail South,Firetail South,Mine,Openpit,Operating,J01646,Solomon - Greater Solomon,117.918009999999995,-22.140986000000002,594667,7551282,50,Fe,Iron,IRON ORE,Firetail South,N,,Y,,Operating Mine,Public,2453,MCRAE,SF50-11,MOUNT BRUCE,"ASHBURTON, SHIRE OF","PILBARA, Development Region",47,WEST PILBARA M.F.,Hamersley Basin,20260112
S0224244,Murray,McPhee Creek - Murray,Mine,Openpit,Under Development,J02511,McPhee Creek,120.114752999999993,-21.582037000000000,201225,7610666,51,Fe,Iron,IRON ORE,,N,,,,,Public,2954,NULLAGINE,SF51-05,NULLAGINE,"EAST PILBARA, SHIRE OF","PILBARA, Development Region",45,MARBLE BAR,Gorge Creek Basin,20260112
S0224257,Sheen Rd Lot M488/BGC,Sheen Road Lot M488 Mumberkine / BGC,Mine,Openpit,Operating,J03395,Bullsbrook - Toodyay / BGC,116.613748999999999,-31.429839999999999,463292,6522695,50,Clay,Construction material,CLAYS,,N,,,,,Public,2235,GOOMALLING,SH50-14,PERTH,"GOOMALLING, SHIRE OF","WHEATBELT, Development Region",70,SOUTH WEST M.F.,South West Terrane,20260112
S0224314,Beebingarra Ck/Brookdale-Buckski,Port Hedland - Beebingarra Creek / Brookdale-Buckski,Mine,Openpit,Operating,J01389,Port Hedland / Brookdale-Buckski,118.697512000000003,-20.390103000000000,677147,7744434,50,Sd Gvl,Construction material,CONSTRUCTION MATERIALS,,N,,,,,Public,2657,PORT HEDLAND,SF50-04,PORT HEDLAND,"PORT HEDLAND, TOWN OF","PILBARA, Development Region",45,MARBLE BAR,Split Rock Supersuite,20260112
S0224325,Ajana-Kalbarri Rd Lot 4676,Ajana-Kalbarri Rd Lot 4676,Mine,Openpit,Operating,J03824,Ajana Location 4676 Gravel,114.650811000000004,-27.985586999999999,268955,6902171,50,Gvl,Construction material,CONSTRUCTION MATERIALS,,N,,,,,Public,1842,AJANA,SG50-13,AJANA,"NORTHAMPTON, SHIRE OF","MID-WEST, Development Region",66,NORTHAMPTON M.F.,"Pinjarra Orogen, Northampton Inlier",20260112
S0224361,Ballast Quarry 232,Rail Ballast Quarry Chainage 232,Mine,Openpit,Operating,J01407,East Pilbara Iron Ore / FMG,119.276032000000001,-22.182821000000001,734676,7545177,50,Ball Dlt,Construction material,CONSTRUCTION MATERIALS,,N,,,,,Public,2753,MOUNT MARSH,SF50-12,ROY HILL,"EAST PILBARA, SHIRE OF","PILBARA, Development Region",45,MARBLE BAR,Northeast Pilbara Sub-basin,20260112
S0224380,Iron Valley (Central),Iron Valley Stage 1,Mine,Openpit,Operating,J03682,Iron Valley,119.312624000000000,-22.731700000000000,737513,7484328,50,Fe,Iron,IRON ORE,Iron Valley,N,,Y,,Operating Mine,Public,2752,WEELI WOLLI,SF50-12,ROY HILL,"EAST PILBARA, SHIRE OF","PILBARA, Development Region",47,WEST PILBARA M.F.,Hamersley Basin,20260112
S0224385,Ridge Rd Channybearup,Ridge Road Channybearup,Mine,Openpit,Operating,J03831,Manjimup Concrete,116.066024999999996,-34.343499000000001,414097,6199362,50,Sdc Sd,Construction material,CONSTRUCTION MATERIALS,,N,,,,,Public,2129,MANJIMUP,SI50-10,PEMBERTON,"MANJIMUP, SHIRE OF","SOUTH WEST, Development Region",70,SOUTH WEST M.F.,"Northern Foreland, Albany-Fraser Orogen",20260112
S0224438,Bray Rd Lot 6751 / Tremor Sarb,Bray Rd Yetna Lot 6751 / Tremor Sarb,Mine,Openpit,Operating,J03839,Chapman Valley / Tremor Sarb,114.685210999999995,-28.598787000000002,273641,6834274,50,Gvl,Construction material,CONSTRUCTION MATERIALS,,N,,,,,Public,1840,GERALDTON,SH50-01,GERALDTON,"CHAPMAN VALLEY, SHIRE OF","MID-WEST, Development Region",66,NORTHAMPTON M.F.,Greenough Shelf,20260112
S0224441,Bibra,Bibra,Mine,Openpit,Operating,J03488,Karlawinda Gold,120.095899000000003,-23.765131000000000,204001,7368752,51,Au Ag,Precious metal,GOLD,Bibra,N,,Y,,Operating Mine,Public,2950,MUNDIWINDI,SF51-13,ROBERTSON,"MEEKATHARRA, SHIRE OF","MID-WEST, Development Region",52,PEAK HILL M.F.,Collier Basin,20260112
S0224457,Irishtown Rd Central Quarry,Irishtown Road Central Quarry,Mine,Openpit,Operating,J01292,Donnybrook Sandstone / Cosmic,115.831242000000003,-33.536524999999997,391482,6288620,50,Sdst Dst Brck,Construction material,DIMENSION STONE,,N,,,,,Public,2030,DONNYBROOK,SI50-06,COLLIE,"DONNYBROOK-BALINGUP, SHIRE OF","SOUTH WEST, Development Region",70,SOUTH WEST M.F.,Bunbury Trough,20260112
S0224504,Gilgering Gravel 3,Great Southern Highway Lot 1 Gilgering Pit 3,Mine,Openpit,Operating,J03851,Gilgering Gravel,116.766339000000002,-32.059238999999998,477944,6452974,50,Gvl,Construction material,CONSTRUCTION MATERIALS,,N,,,,,Public,2233,BEVERLEY,SI50-02,PINJARRA,"YORK, SHIRE OF","WHEATBELT, Development Region",70,SOUTH WEST M.F.,Yilgarn Craton granites,20260112
S0224513,Garden Well,Garden Well,Mine,Openpit,Operating,J00009,Duketon / Regis Resources,122.356009999999998,-27.906381000000000,436626,6913002,51,Au Ag,Precious metal,GOLD,Garden Well,N,,Y,,Operating Mine,Public,3342,DUKETON,SG51-14,DUKETON,"LAVERTON, SHIRE OF","GOLDFIELDS-ESPERANCE, Development Region",38,MT. MARGARET,Burtville Terrane,20260112
S0224596,Windarra Sand/Flesser-Hanna,Windarra Sand / Flesser and Hanna,Mine,Openpit,Operating,J03867,Windarra Sand / Flesser and Hanna,122.300377999999995,-28.460094999999999,431505,6851630,51,Sd,Construction material,CONSTRUCTION MATERIALS,,N,,,,,Public,3341,MOUNT VARDEN,SH51-02,LAVERTON,"LAVERTON, SHIRE OF","GOLDFIELDS-ESPERANCE, Development Region",38,MT. MARGARET,Yilgarn Craton granites,20260112
S0224627,Flinders,Flinders - Christmas Creek,Mine,Openpit,Operating,J01407,East Pilbara Iron Ore / FMG,119.720236000000000,-22.371196999999999,780124,7523554,50,Fe,Iron,IRON ORE,Flinders,N,,Y,,Operating Mine,Public,2853,WARRIE,SF50-12,ROY HILL,"EAST PILBARA, SHIRE OF","PILBARA, Development Region",46,NULLAGINE,Hamersley Basin,20260112
S0224628,Mokare,Mokare - Christmas Creek,Mine,Openpit,Operating,J01407,East Pilbara Iron Ore / FMG,119.763949999999994,-22.363292999999999,784644,7524347,50,Fe,Iron,IRON ORE,Mokare,N,,Y,,Operating Mine,Public,2853,WARRIE,SF50-12,ROY HILL,"EAST PILBARA, SHIRE OF","PILBARA, Development Region",46,NULLAGINE,Hamersley Basin,20260112
S0224636,Leviticus,Leviticus,Mine,Openpit,Operating,J02146,Cue Gold,117.825261999999995,-27.714979000000000,581356,6934098,50,Au Ag,Precious metal,GOLD,,N,,,,,Public,2442,AUSTIN,SG50-15,CUE,"MOUNT MAGNET, SHIRE OF","MID-WEST, Development Region",58,MT. MAGNET,Youanmi Terrane,20260112
S0224650,OB 18 East,Mt Newman Orebody 18 East - Shovelanna Hill,Mine,Openpit,Operating,J00623,Newman / BHPB,120.057312999999994,-23.320571999999999,199054,7417931,51,Fe,Iron,IRON ORE,Mt Newman Orebody 18 East - Shovelanna Hill,N,,N,,Operating Mine,Public,2951,MURRAMUNDA,SF51-13,ROBERTSON,"EAST PILBARA, SHIRE OF","PILBARA, Development Region",52,PEAK HILL M.F.,Hamersley Basin,20260112
S0224652,OB 25 - Pit 4,Mt Newman Orebody 25 - Pit 4,Mine,Openpit,Operating,J00623,Newman / BHPB,119.784368000000001,-23.332037000000000,784721,7416981,50,Fe,Iron,IRON ORE,Orebody 25 - Pit 4,N,,N,,Operating Mine,Public,2851,NEWMAN,SF50-16,NEWMAN,"EAST PILBARA, SHIRE OF","PILBARA, Development Region",52,PEAK HILL M.F.,Hamersley Basin,20260112
S0224700,West Dukin Area 1,West Dukin-Lake Cowcowing North Area 1,Mine,Openpit,Operating,J01451,Lake Cowcowing North - West Dukin / Lake Hillman,117.386844999999994,-30.941645000000001,536953,6576801,50,Gp,Industrial mineral,GYPSUM,Lake Cowcowing North,Y,Gp,Y,,Operating Mine,Public,2336,KOORDA,SH50-11,BENCUBBIN,"KOORDA, SHIRE OF","WHEATBELT, Development Region",70,SOUTH WEST M.F.,Yilgarn Craton granites,20260112
S0224710,Deception,Deception / Cliffs,Mine,Openpit,Operating,J00559,Koolyanobbing Iron,119.280925999999994,-29.850384999999999,720348,6695609,50,Fe Hem,Iron,IRON ORE,Deception,N,,N,,Operating Mine,Public,2738,JOHNSTON RANGE,SH50-08,BARLEE,"MENZIES, SHIRE OF","GOLDFIELDS-ESPERANCE, Development Region",77,YILGARN M.F.,Youanmi Terrane,20260112
S0224729,Mt Burges Sand 1/Bellin,Mt Burges Sand 1 / Bellin,Mine,Openpit,Operating,J02306,Mt Burges Gravel and Sand / Bellin,121.026757000000003,-30.818845000000000,311249,6588809,51,Sd,Construction material,CONSTRUCTION MATERIALS,,N,,,,,Public,3136,KALGOORLIE,SH51-09,KALGOORLIE,"COOLGARDIE, SHIRE OF","GOLDFIELDS-ESPERANCE, Development Region",15,COOLGARDIE,Yilgarn Craton granites,20260112
S0224730,Mt Burges Sand 2/Bellin,Mt Burges Sand 2 / Bellin,Mine,Openpit,Operating,J02306,Mt Burges Gravel and Sand / Bellin,120.996288000000007,-30.803764999999999,308304,6590428,51,Sd,Construction material,CONSTRUCTION MATERIALS,,N,,,,,Public,3036,DUNNSVILLE,SH51-09,KALGOORLIE,"COOLGARDIE, SHIRE OF","GOLDFIELDS-ESPERANCE, Development Region",15,COOLGARDIE,Yilgarn Craton granites,20260112
S0224758,West Dukin Area 3,West Dukin-Lake Cowcowing North Area 3,Mine,Unspecified,Operating,J01451,Lake Cowcowing North - West Dukin / Lake Hillman,117.388397999999995,-30.943622999999999,537101,6576581,50,Gp,Industrial mineral,GYPSUM,,N,,,,,Public,2336,KOORDA,SH50-11,BENCUBBIN,"KOORDA, SHIRE OF","WHEATBELT, Development Region",70,SOUTH WEST M.F.,Yilgarn Craton granites,20260112
S0224776,Poondano Central Mesa 1,Poondano Central Mesa 1,Mine,Openpit,Operating,J03006,Poondano Iron Ore,118.845776999999998,-20.453538000000002,692544,7737245,50,Fe,Iron,IRON ORE,Poondano Central Mesa 1,N,,N,,Operating Mine,Public,2657,PORT HEDLAND,SF50-04,PORT HEDLAND,"PORT HEDLAND, TOWN OF","PILBARA, Development Region",45,MARBLE BAR,Split Rock Supersuite,20260112
S0224784,Cockleshell Gully Road Yellow Sand,Cockleshell Gully Road Yellow Sand / Green Head,Mine,Openpit,Operating,J01388,Coorow / Green Head Sands,115.122354999999999,-30.070094000000001,319017,6671961,50,Sd,Construction material,CONSTRUCTION MATERIALS,,N,,,,,Public,1937,HILL RIVER,SH50-09,HILL RIVER,"COOROW, SHIRE OF","MID-WEST, Development Region",70,SOUTH WEST M.F.,Cadda Terrace,20260112
S0224785,Cockleshell Gully Road East Sand,Cockleshell Gully Road East / Green Head,Mine,Openpit,Operating,J01388,Coorow / Green Head Sands,115.126628999999994,-30.069918999999999,319428,6671988,50,Sd Gvl,Construction material,CONSTRUCTION MATERIALS,,N,,,,,Public,1937,HILL RIVER,SH50-09,HILL RIVER,"COOROW, SHIRE OF","MID-WEST, Development Region",70,SOUTH WEST M.F.,Cadda Terrace,20260112
S0224836,North Star magnetite,North Star magnetite (Stage 2),Mine,Openpit,Operating,J03644,Iron Bridge,119.053597999999994,-21.250174000000001,713104,7648779,50,Fe Mag,Iron,IRON ORE,Iron Bridge,Y,"Fe, Mag",Y,,Operating Mine,Public,2755,NORTH SHAW,SF50-08,MARBLE BAR,"EAST PILBARA, SHIRE OF","PILBARA, Development Region",45,MARBLE BAR,Sulphur Springs Large Igneous Province,20260112
S0224897,Toy Rd Lot 7-Area 2,Toy Rd Bindoon Lot 7-Area 2,Mine,Openpit,Operating,J02697,Bindoon Hill Gravel Supply,116.137916000000004,-31.328354999999998,417982,6533686,50,Gvl Agg,Construction material,CONSTRUCTION MATERIALS,,N,,,,,Public,2135,CHITTERING,SH50-14,PERTH,"CHITTERING, SHIRE OF","WHEATBELT, Development Region",70,SOUTH WEST M.F.,Yilgarn Craton granites,20260112
S0224933,Moylan Rd New / Stoneridge,Wattleup - Moylan Road New / Stoneridge,Mine,Openpit,Operating,J00848,Coogee / Cockburn,115.803931000000006,-32.185741999999998,387250,6438349,50,Lst,Construction material,LIMESTONE - LIMESAND,,N,,,,,Public,2033,FREMANTLE,SI50-02,PINJARRA,"KWINANA, CITY OF",METRO,70,SOUTH WEST M.F.,Mandurah Terrace,20260112
S0224940,Kimberley Sst - Multicolour,Kimberley Sandstone - Multicolour,Mine,Openpit,Operating,J01911,Kimberley Sandstone / Meteor Stone,123.032347000000001,-17.477703999999999,503434,8067597,51,Dst Sdst,Construction material,DIMENSION STONE,,N,,,,,Public,3563,FRASER,SE51-07,DERBY,"BROOME, SHIRE OF","KIMBERLEY, Development Region",4,WEST KIMBERLEY M.F.,Fitzroy Trough,20260112
S0224987,Jules Rd Lot 348 Gelorup 2 / Holcim,Jules Rd Geolorup Lot 348 Gelorup 2 / Holcim,Mine,Openpit,Operating,J00971,Gelorup - Bunbury / Holcim,115.652736000000004,-33.406410999999999,374720,6302846,50,Agg Bas,Construction material,CONSTRUCTION MATERIALS,,N,,,,,Public,2031,BUNBURY,SI50-06,COLLIE,"CAPEL, SHIRE OF","SOUTH WEST, Development Region",70,SOUTH WEST M.F.,Bunbury Trough,20260112
S0224999,Tooheys Well,Tooheys Well,Mine,Openpit,Operating,J00009,Duketon / Regis Resources,122.368131000000005,-27.939945000000002,437838,6909290,51,Au Ag,Precious metal,GOLD,Tooheys Well,N,,N,,Operating Mine,Public,3342,DUKETON,SG51-14,DUKETON,"LAVERTON, SHIRE OF","GOLDFIELDS-ESPERANCE, Development Region",38,MT. MARGARET,Burtville Terrane,20260112
S0225020,Cutler Rd East/Lmst BBCo,Cutler Rd East / Limestone Building Blocks Co,Mine,Openpit,Operating,J00891,Cutler Rd Nowergup / WA Limestone,115.754039000000006,-31.608302999999999,381810,6502306,50,Lst Dst Lst-Lsd Aglime,Construction material,LIMESTONE - LIMESAND,,N,,,,,Public,2034,PERTH,SH50-14,PERTH,"WANNEROO, CITY OF",METRO,70,SOUTH WEST M.F.,Mandurah Terrace,20260112
S0225070,Useless Loop Salt Crystalsn Ponds,Useless Loop Salt Crystallisation Ponds,Mine,Pond,Operating,J00871,Shark Bay Salt,113.402602000000002,-26.130230999999998,740224,7107675,49,Salt,Industrial mineral,SALT,Useless Loop Salt Crystallisation Ponds,N,,N,,Operating Mine,Public,1545,EDEL,SG49-12,EDEL,"SHARK BAY, SHIRE OF","GASCOYNE, Development Region",9,GASCOYNE M.F.,Gascoyne Platform,20260112
S0225107,Nickol Bay Area B / Norwest,Nickol Bay Area B / Norwest,Mine,Openpit,Operating,J01396,Nickol Bay / Norwest,116.913149000000004,-20.737162999999999,490958,7706938,50,Sd,Construction material,CONSTRUCTION MATERIALS,,N,,,,,Public,2256,DAMPIER,SF50-02,DAMPIER,"KARRATHA, CITY OF","PILBARA, Development Region",47,WEST PILBARA M.F.,Regal Terrane,20260112
S0225180,Central Laterite,Moolart Well - Central Laterite,Mine,Openpit,Operating,J00009,Duketon / Regis Resources,122.346300999999997,-27.602181000000002,435491,6946694,51,Au Ag,Precious metal,GOLD,Moolart Well,N,,Y,,Operating Mine,Public,3342,DUKETON,SG51-14,DUKETON,"LAVERTON, SHIRE OF","GOLDFIELDS-ESPERANCE, Development Region",38,MT. MARGARET,Burtville Terrane,20260112
S0225185,Great Central Gravel 1,Great Central Road Gravel 1,Mine,Openpit,Operating,J03992,GBRM / Shire of Laverton,124.027456999999998,-27.760351000000000,601248,6928921,51,Gvl,Construction material,CONSTRUCTION MATERIALS,,N,,,,,Public,3742,LAKE THROSSELL,SG51-15,THROSSELL,"LAVERTON, SHIRE OF","GOLDFIELDS-ESPERANCE, Development Region",38,MT. MARGARET,Boodie Boodie Shelf,20260112
S0225186,Great Central Gravel 2,Great Central Road Gravel 2,Mine,Openpit,Operating,J03992,GBRM / Shire of Laverton,124.028694000000002,-27.757849000000000,601372,6929198,51,Gvl,Construction material,CONSTRUCTION MATERIALS,,N,,,,,Public,3742,LAKE THROSSELL,SG51-15,THROSSELL,"LAVERTON, SHIRE OF","GOLDFIELDS-ESPERANCE, Development Region",38,MT. MARGARET,Boodie Boodie Shelf,20260112
S0225187,Great Central Gravel 3,Great Central Road Gravel 3,Mine,Openpit,Operating,J03992,GBRM / Shire of Laverton,124.059304999999995,-27.745028000000001,604401,6930592,51,Gvl,Construction material,CONSTRUCTION MATERIALS,,N,,,,,Public,3742,LAKE THROSSELL,SG51-15,THROSSELL,"LAVERTON, SHIRE OF","GOLDFIELDS-ESPERANCE, Development Region",38,MT. MARGARET,Boodie Boodie Shelf,20260112
S0225188,Great Central Gravel 4,Great Central Road Gravel 4,Mine,Openpit,Operating,J03992,GBRM / Shire of Laverton,124.158772999999997,-27.713674999999999,614238,6933977,51,Gvl,Construction material,CONSTRUCTION MATERIALS,,N,,,,,Public,3742,LAKE THROSSELL,SG51-15,THROSSELL,"LAVERTON, SHIRE OF","GOLDFIELDS-ESPERANCE, Development Region",38,MT. MARGARET,Boodie Boodie Shelf,20260112
S0225189,Great Central Gravel 5,Great Central Road Gravel 5,Mine,Openpit,Operating,J03992,GBRM / Shire of Laverton,124.402108999999996,-27.310486000000001,638734,6978396,51,Gvl,Construction material,CONSTRUCTION MATERIALS,,N,,,,,Public,3743,BULDYA,SG51-15,THROSSELL,"LAVERTON, SHIRE OF","GOLDFIELDS-ESPERANCE, Development Region",38,MT. MARGARET,Westwood Shelf,20260112
S0225190,Great Central Gravel 7,Great Central Road Gravel 7,Mine,Openpit,Operating,J03992,GBRM / Shire of Laverton,124.384466000000003,-27.342383999999999,636949,6974882,51,Gvl,Construction material,CONSTRUCTION MATERIALS,,N,,,,,Public,3743,BULDYA,SG51-15,THROSSELL,"LAVERTON, SHIRE OF","GOLDFIELDS-ESPERANCE, Development Region",38,MT. MARGARET,Boodie Boodie Shelf,20260112
S0225191,Great Central Gravel 8 ,Great Central Road Gravel 8,Mine,Openpit,Operating,J03992,GBRM / Shire of Laverton,124.790634999999995,-27.054250000000000,677590,7006294,51,Gvl,Construction material,CONSTRUCTION MATERIALS,,N,,,,,Public,3843,TERHAN,SG51-16,WESTWOOD,"LAVERTON, SHIRE OF","GOLDFIELDS-ESPERANCE, Development Region",38,MT. MARGARET,Sherriff Shelf,20260112
S0225192,Great Central Gravel 9,Great Central Road Gravel 9,Mine,Openpit,Operating,J03992,GBRM / Shire of Laverton,124.841987000000003,-27.027674000000001,682727,7009165,51,Gvl,Construction material,CONSTRUCTION MATERIALS,,N,,,,,Public,3843,TERHAN,SG51-16,WESTWOOD,"LAVERTON, SHIRE OF","GOLDFIELDS-ESPERANCE, Development Region",38,MT. MARGARET,Sherriff Shelf,20260112
S0225224,Abercorn Rd Lot 5 Sand / SGS,Abercorn Rd Lot 5 Sand / SGS,Mine,Openpit,Operating,J03999,Abercorn Rd / Great Sand Supplies,116.408372000000000,-31.916260000000001,444066,6468693,50,Sd Gvl,Construction material,CONSTRUCTION MATERIALS,,N,,,,,Public,2134,WOOROLOO,SH50-14,PERTH,"MUNDARING, SHIRE OF",METRO,70,SOUTH WEST M.F.,Yilgarn Craton granites,20260112
S0225255,Flynn Dr Lot 22 / Italia Stone,Flynn Dr Neerabup Lot 22 / Italia Stone Group,Mine,Openpit,Operating,J01494,Flynn Dr Neerabup Lot 22 / WA Land Authority,115.782486000000006,-31.675090999999998,384592,6494933,50,Lst Lsd Agg,Construction material,LIMESTONE - LIMESAND,,N,,,,,Public,2034,PERTH,SH50-14,PERTH,"WANNEROO, CITY OF",METRO,70,SOUTH WEST M.F.,Mandurah Terrace,20260112
S0225278,Pattersons Hut Well/KE,Pattersons Hut Well / Karratha Earthmoving,Mine,Openpit,Operating,J01608,Pattersons Hut Well,116.940798000000001,-20.814772999999999,493840,7698351,50,Gvl Sd,Construction material,CONSTRUCTION MATERIALS,,N,,,,,Public,2256,DAMPIER,SF50-02,DAMPIER,"KARRATHA, CITY OF","PILBARA, Development Region",47,WEST PILBARA M.F.,Nickol River Basin,20260112
S0225288,Gateway Underground,Gateway Underground,Mine,Decline,Operating,J01726,Jundee - Nimary,120.593476999999993,-26.385793000000000,259910,7079349,51,Au Ag,Precious metal,GOLD,Gateway Underground,N,,Y,,Operating Mine,Public,3045,MILLROSE,SG51-09,WILUNA,"WILUNA, SHIRE OF","MID-WEST, Development Region",53,WILUNA,Eastern Goldfields Superterrane,20260112
S0225294,Cossack/Norwest,Cossack / Norwest,Mine,Openpit,Operating,J04328,Cossack-Wickham Aggregate / Norwest,117.156690999999995,-20.688966000000001,516318,7712266,50,Gvl Clay,Construction material,CONSTRUCTION MATERIALS,,N,,,,,Public,2356,ROEBOURNE,SF50-03,ROEBOURNE,"KARRATHA, CITY OF","PILBARA, Development Region",47,WEST PILBARA M.F.,Regal Terrane,20260112
S0225356,Lennard River M04/445,Lennard River M04/445,Mine,Openpit,Operating,J02445,Lennard and May Rivers / Martin,124.851410000000001,-17.402400000000000,696673,8074978,51,Gvl Sd,Construction material,CONSTRUCTION MATERIALS,,N,,,,,Public,3863,LENNARD,SE51-08,LENNARD RIVER,"DERBY/WEST KIMBERLEY, SHIRE OF","KIMBERLEY, Development Region",4,WEST KIMBERLEY M.F.,Lennard Shelf,20260112
S0225361,White Cliffs Rd Lot 116 / Seaview,White Cliffs Rd Sandy Gully Lot 11 / Seaview Farms,Mine,Openpit,Operating,J03826,Seaview Farm Limesand,114.419777999999994,-28.348147999999998,247079,6861525,50,Lsd,Construction material,LIMESTONE - LIMESAND,,N,,,,,Public,1741,HUTT,SH50-01,GERALDTON,"NORTHAMPTON, SHIRE OF","MID-WEST, Development Region",70,SOUTH WEST M.F.,Greenough Shelf,20260112
S0225370,Maitland River Coastal Dune Sand,Maitland River Coastal Dune Sand,Mine,Openpit,Operating,J04032,Maitland River Sand / Karratha Earthmoving,116.512855000000002,-20.785169000000000,449299,7701552,50,Sdc Sd,Construction material,CONSTRUCTION MATERIALS,,N,,,,,Public,2256,DAMPIER,SF50-02,DAMPIER,"KARRATHA, CITY OF","PILBARA, Development Region",47,WEST PILBARA M.F.,Maitland River Supersuite,20260112
S0225404,Yanneri Ridge East,Yanneri Ridge East,Mine,Openpit,Operating,J00733,Butcherbird - Yanneri Ridge,119.705468999999994,-24.408892999999999,774367,7297823,50,Mn MnOre,Steel alloy metal,MANGANESE ORE,Yanneri Ridge East,Y,"Mn, MnOre",Y,,Operating Mine,Public,2849,ILGARARI,SG50-04,COLLIER,"MEEKATHARRA, SHIRE OF","MID-WEST, Development Region",52,PEAK HILL M.F.,Collier Basin,20260112
S0225461,Pindan Sand 1 / Stirling-Swan,Pindan Sand 1 / Stirling-Swan,Mine,Openpit,Operating,J04041,Port Hedland / Stirling-Swan,118.722504999999998,-20.413430999999999,679729,7741825,50,Sd Gvl,Construction material,CONSTRUCTION MATERIALS,,N,,,,,Public,2657,PORT HEDLAND,SF50-04,PORT HEDLAND,"PORT HEDLAND, TOWN OF","PILBARA, Development Region",45,MARBLE BAR,Split Rock Supersuite,20260112
S0225515,Farmers Ave Lot 8795,Farmers Ave Boddington Lot 8795,Mine,Openpit,Operating,J04051,Farmers Avenue - Palmer Road Sand,116.433263999999994,-32.802962000000001,446940,6370414,50,Sd,Construction material,CONSTRUCTION MATERIALS,,N,,,,,Public,2132,DWELLINGUP,SI50-02,PINJARRA,"BODDINGTON, SHIRE OF","PEEL, Development Region",70,SOUTH WEST M.F.,Yilgarn Craton granites,20260112
S0225517,The Claw,The Claw,Mine,Openpit,Operating,J00559,Koolyanobbing Iron,119.267700000000005,-29.857505000000000,719055,6694845,50,Fe,Iron,IRON ORE,The Claw,N,,N,,Operating Mine,Public,2738,JOHNSTON RANGE,SH50-08,BARLEE,"MENZIES, SHIRE OF","GOLDFIELDS-ESPERANCE, Development Region",77,YILGARN M.F.,Youanmi Terrane,20260112
S0225571,Mt Regal West 1 / Heidelberg,Mt Regal West 1 / Heidelberg,Mine,Openpit,Operating,J00850,Mt Regal / Heidelberg Materials,116.746680999999995,-20.828479999999999,473643,7696814,50,Agg Dlt Brck,Construction material,CONSTRUCTION MATERIALS,,N,,,,,Public,2256,DAMPIER,SF50-02,DAMPIER,"KARRATHA, CITY OF","PILBARA, Development Region",47,WEST PILBARA M.F.,Regal Terrane,20260112
S0225575,Wesco Rd/Cockburn,Wesco Rd - Nowergup / Cockburn Cement,Mine,Openpit,Operating,J02290,Wesco Rd - Nowergup / Adelaide Brighton,115.769013000000001,-31.645750000000000,383278,6498171,50,Lst Dst,Construction material,LIMESTONE - LIMESAND,,N,,,,,Public,2034,PERTH,SH50-14,PERTH,"WANNEROO, CITY OF",METRO,70,SOUTH WEST M.F.,Mandurah Terrace,20260112
S0225706,W3W,Wheelarra 3 West,Mine,Openpit,Operating,J00573,Jimblebar-Wheelarra-Hashimoto / BHPB,120.106105999999997,-23.373000000000001,204164,7412223,51,Fe,Iron,IRON ORE,Wheelarra 3 West,N,,N,,Operating Mine,Public,2951,MURRAMUNDA,SF51-13,ROBERTSON,"EAST PILBARA, SHIRE OF","PILBARA, Development Region",52,PEAK HILL M.F.,Hamersley Basin,20260112
S0225712,Spanish Galleon,Spanish Galleon,Mine,Decline,Under Development,J00147,Deflector,116.368540999999993,-28.670090999999999,438301,6828401,50,Au Cu Ag,Precious metal,GOLD,,N,,,,,Public,2140,MELLENBYE,SH50-02,YALGOO,"YALGOO, SHIRE OF","MID-WEST, Development Region",59,YALGOO M.F.,Youanmi Terrane,20260112
S0225732,Nickol River Gravel SE,Nickol River Gravel SE,Mine,Openpit,Operating,J03333,Nickol River Gravel / North,116.991118999999998,-20.748512999999999,499075,7705685,50,Gvl Au,Construction material,CONSTRUCTION MATERIALS,,N,,,,,Public,2256,DAMPIER,SF50-02,DAMPIER,"KARRATHA, CITY OF","PILBARA, Development Region",47,WEST PILBARA M.F.,Nickol River Basin,20260112
S0225753,Cocos,Cocos - Cloud Break,Mine,Openpit,Operating,J01407,East Pilbara Iron Ore / FMG,119.501632000000001,-22.343748999999999,757652,7526985,50,Fe,Iron,IRON ORE,Cocos - Cloud Break,N,,Y,,Operating Mine,Public,2853,WARRIE,SF50-12,ROY HILL,"EAST PILBARA, SHIRE OF","PILBARA, Development Region",46,NULLAGINE,Hamersley Basin,20260112
S0225754,Long,Long - Cloud Break,Mine,Openpit,Operating,J01407,East Pilbara Iron Ore / FMG,119.462963999999999,-22.343197000000000,753669,7527112,50,Fe,Iron,IRON ORE,Long,N,,Y,,Operating Mine,Public,2753,MOUNT MARSH,SF50-12,ROY HILL,"EAST PILBARA, SHIRE OF","PILBARA, Development Region",46,NULLAGINE,Hamersley Basin,20260112
S0225755,Baudin,Baudin,Mine,Openpit,Operating,J01407,East Pilbara Iron Ore / FMG,119.862701999999999,-22.380844000000000,794783,7522212,50,Fe,Iron,IRON ORE,Baudin,N,,Y,,Operating Mine,Public,2853,WARRIE,SF50-12,ROY HILL,"EAST PILBARA, SHIRE OF","PILBARA, Development Region",46,NULLAGINE,Hamersley Basin,20260112
S0225764,Eatha Rd Lot 41 / Austral Bricks,Eatha Rd Chittering Lot 41/ Austral Bricks,Mine,Openpit,Operating,J02059,Muchea - Upper Swan / Austral Bricks,116.052559000000002,-31.471347999999999,409997,6517770,50,Clay-white,Construction material,CLAYS,,N,,,,,Public,2135,CHITTERING,SH50-14,PERTH,"CHITTERING, SHIRE OF","WHEATBELT, Development Region",70,SOUTH WEST M.F.,South West Terrane,20260112
S0225771,Willowdale Rd Lot 2143 Stage 3 / Catalano,Willowdale Rd Wagerup Lot 2143 Stage 3 / Catalano,Mine,Openpit,Operating,J03274,Waroona / Catalano,115.999930000000006,-32.937958999999999,406510,6355147,50,Gvl,Construction material,CONSTRUCTION MATERIALS,,N,,,,,Public,2032,PINJARRA,SI50-02,PINJARRA,"WAROONA, SHIRE OF","PEEL, Development Region",70,SOUTH WEST M.F.,Yilgarn Craton granites,20260112
S0225775,Shale Rd Lot 6 Stage 4 / Austral,Shale Rd Cardup Lot 6 Stage 4 / Austral Bricks,Mine,Openpit,Operating,J01794,Cardup - Keysbrook - Toodyay / Austral Bricks,116.020315999999994,-32.258139999999997,407722,6430530,50,Cyfi,Construction material,CLAYS,,N,,,,,Public,2133,JARRAHDALE,SI50-02,PINJARRA,"SERPENTINE-JARRAHDALE, SHIRE OF","PEEL, Development Region",70,SOUTH WEST M.F.,Yilgarn Craton granites,20260112
S0225828,Mt Regal/Archipelago-Spinifex,Mt Regal / Archipelago-Spinifex,Mine,Openpit,Operating,J04101,Mt Regal / Archipelago-Spinifex,116.728697999999994,-20.818310000000000,471769,7697936,50,Agg Bas,Construction material,CONSTRUCTION MATERIALS,,N,,,,,Public,2256,DAMPIER,SF50-02,DAMPIER,"KARRATHA, CITY OF","PILBARA, Development Region",47,WEST PILBARA M.F.,Regal Terrane,20260112
S0225955,Morawa-Yalgoo Rd Lot 6643 Mt Marvel Quarry,Morawa-Yalgoo Rd Lot 6643 Mt Marvel Quarry,Mine,Openpit,Operating,J04128,Mt Marvel,116.091712999999999,-29.105336000000001,411621,6780003,50,Agg Gran,Construction material,CONSTRUCTION MATERIALS,,N,,,,,Public,2139,PERENJORI,SH50-06,PERENJORI,"MORAWA, SHIRE OF","MID-WEST, Development Region",70,SOUTH WEST M.F.,Yilgarn Craton,20260112
S0225984,Jurien East Rd Lot 501 Sand / Avago,Jurien East Rd Lot 501 Sand / Avago,Mine,Openpit,Operating,J04130,Jurien East Road / Avago,115.121666000000005,-30.251255000000000,319281,6651880,50,Sd,Construction material,CONSTRUCTION MATERIALS,,N,,,,,Public,1937,HILL RIVER,SH50-09,HILL RIVER,"DANDARAGAN, SHIRE OF","WHEATBELT, Development Region",70,SOUTH WEST M.F.,Beagle Ridge,20260112
S0225985,Jurien East Rd Lot 501 Limestone / Avago,Jurien East Rd Lot 501 Limestone / Avago,Mine,Openpit,Operating,J04130,Jurien East Road / Avago,115.125145000000003,-30.249334000000001,319612,6652099,50,Lst,Construction material,LIMESTONE - LIMESAND,,N,,,,,Public,1937,HILL RIVER,SH50-09,HILL RIVER,"DANDARAGAN, SHIRE OF","WHEATBELT, Development Region",70,SOUTH WEST M.F.,Beagle Ridge,20260112
S0226092,Ashburton M08/458,Ashburton Sand and Shingle M08/458,Mine,Openpit,Operating,J04144,Ashburton Sand and Shingle / Wyloo Metals,115.028632999999999,-21.961914000000000,296431,7570079,50,Sd Gvl,Construction material,CONSTRUCTION MATERIALS,,N,,,,,Public,1954,ONSLOW,SF50-05,ONSLOW,"ASHBURTON, SHIRE OF","PILBARA, Development Region",8,ASHBURTON M.F.,Peedamullah Shelf,20260112
S0226096,Havana South,Havana South,Mine,Openpit,Operating,J02723,Tropicana,124.536129000000003,-29.271346999999999,649236,6760973,51,Au Ag,Precious metal,GOLD,Havana South,N,,N,,Operating Mine,Public,3839,BARTLETT,SH51-08,PLUMRIDGE,"MENZIES, SHIRE OF","GOLDFIELDS-ESPERANCE, Development Region",39,MT. MORGANS,Tropicana Zone,20260112
S0226102,Lovers Lane Lot 6 / Rural Stone,Lovers Lane Toodyay Lot 6 / Rural Stone,Mine,Openpit,Operating,J04145,Toodyay Quartzite / Rural Stone,116.400608000000005,-31.598994000000001,443138,6503855,50,Qtze Dst,Construction material,DIMENSION STONE,,N,,,,,Public,2134,WOOROLOO,SH50-14,PERTH,"TOODYAY, SHIRE OF","WHEATBELT, Development Region",70,SOUTH WEST M.F.,South West Terrane,20260112
S0226145,Ambergate Rd Lot 2332,Ambergate Rd Ambergate Lot 2332,Mine,Openpit,Operating,J04155,Ambergate Road Sand,115.310579000000004,-33.711781000000002,343452,6268519,50,Sd,Construction material,CONSTRUCTION MATERIALS,,N,,,,,Public,1930,BUSSELTON,SI50-05,BUSSELTON,"BUSSELTON, CITY OF","SOUTH WEST, Development Region",70,SOUTH WEST M.F.,Bunbury Trough,20260112
S0226156,Scahill Sand,Scahill Sand,Mine,Openpit,Operating,J04158,Scahill Sand-Gravel,121.269537000000000,-31.191959000000001,335120,6547834,51,Sd,Construction material,CONSTRUCTION MATERIALS,,N,,,,,Public,3135,YILMIA,SH51-13,BOORABBIN,"COOLGARDIE, SHIRE OF","GOLDFIELDS-ESPERANCE, Development Region",15,COOLGARDIE,Yilgarn Craton granites,20260112
S0226181,Dowerin Quarry,Dowerin Quarry,Mine,Openpit,Operating,J04516,Dowerin Quarry,117.138636000000005,-30.979351000000001,513237,6572677,50,Agg Gran Ball,Construction material,CONSTRUCTION MATERIALS,,N,,,,,Public,2336,KOORDA,SH50-11,BENCUBBIN,"DOWERIN, SHIRE OF","WHEATBELT, Development Region",70,SOUTH WEST M.F.,Yilgarn Craton granites,20260112
S0226212,Tom Price Aggregate 1970,Tom Price Aggregate 1970,Mine,Openpit,Operating,J01320,Tom Price Aggregate,117.749634000000000,-22.639156000000000,577028,7496231,50,Agg Gvl Gab Bas,Construction material,CONSTRUCTION MATERIALS,,N,,,,,Public,2452,MOUNT LIONEL,SF50-11,MOUNT BRUCE,"ASHBURTON, SHIRE OF","PILBARA, Development Region",47,WEST PILBARA M.F.,South Pilbara Sub-basin,20260112
S0229250,Lot 202 Byford Quarry 2012-2032 / Heidelberg,South Western Hwy Lot 202 Byford Quarry Years 2012-2032 / Heidelberg,Mine,Openpit,Operating,J00963,Byford Quarry / Heidelberg Materials,116.032360999999995,-32.275683000000001,408874,6428595,50,Aggc Agg,Construction material,CONSTRUCTION MATERIALS,,N,,,,,Public,2133,JARRAHDALE,SI50-02,PINJARRA,"SERPENTINE-JARRAHDALE, SHIRE OF","PEEL, Development Region",70,SOUTH WEST M.F.,South West Terrane,20260112
S0229254,Luskky Rd Moylan-Lussky Quarry 2 / WA Lmst,Luskky Rd Hope Valley Moylan-Luskky Quarry 2 / WA Limestone,Mine,Openpit,Operating,J01512,Wattleup / WA Limestone,115.795041999999995,-32.189943999999997,386417,6437874,50,Lst,Construction material,LIMESTONE - LIMESAND,,N,,,,,Public,2033,FREMANTLE,SI50-02,PINJARRA,"KWINANA, CITY OF",METRO,70,SOUTH WEST M.F.,Mandurah Terrace,20260112
S0229255,Water Reserve East,Water Reserve East - Broome,Mine,Openpit,Operating,J00942,Coconut Wells - Broome,122.272458000000000,-17.883443000000000,422928,8022559,51,Sd,Construction material,CONSTRUCTION MATERIALS,,N,,,,,Public,3362,BROOME,SE51-06,BROOME,"BROOME, SHIRE OF","KIMBERLEY, Development Region",4,WEST KIMBERLEY M.F.,Jurgurra Terrace,20260112
S0229266,Old Onslow Road Sand/Quarry Park,Old Onslow Road Sand / Quarry Park,Mine,Openpit,Operating,J04263,Ashburton River North / Quarry Park,114.936150999999995,-21.733049000000001,286538,7595296,50,Gvl Sd,Construction material,CONSTRUCTION MATERIALS,,N,,,,,Public,1854,TUBRIDGI,SF50-05,ONSLOW,"ASHBURTON, SHIRE OF","PILBARA, Development Region",8,ASHBURTON M.F.,Peedamullah Shelf,20260112
S0229267,Limestone Hill/Quarry Park,Limestone Hill / Quarry Park,Mine,Openpit,Operating,J04263,Ashburton River North / Quarry Park,114.931574999999995,-21.745861999999999,286083,7593871,50,Lst Cali,Construction material,LIMESTONE - LIMESAND,,N,,,,,Public,1854,TUBRIDGI,SF50-05,ONSLOW,"ASHBURTON, SHIRE OF","PILBARA, Development Region",8,ASHBURTON M.F.,Peedamullah Shelf,20260112
S0229268,Onslow Camp Dune Sand 1,Onslow Camp Dune Sand Stage 1,Mine,Openpit,Operating,J04369,Onslow Camp Dunes / Onslow Resources,115.097836999999998,-21.783604000000000,303334,7589913,50,Sd,Construction material,CONSTRUCTION MATERIALS,,N,,,,,Public,1954,ONSLOW,SF50-05,ONSLOW,"ASHBURTON, SHIRE OF","PILBARA, Development Region",8,ASHBURTON M.F.,Peedamullah Shelf,20260112
S0229274,Break of Day,Break of Day,Mine,Openpit,Operating,J02146,Cue Gold,117.831788000000003,-27.697293999999999,582013,6936053,50,Au Ag,Precious metal,GOLD,,N,,,,,Public,2442,AUSTIN,SG50-15,CUE,"CUE, SHIRE OF","MID-WEST, Development Region",58,MT. MAGNET,Youanmi Terrane,20260112
S0229291,R29266 Poondano Gravel / MRWA,Reserve 29266 Lot 117 Poondano Gravel / Main Roads,Mine,Openpit,Operating,J04190,GBRM Pilbara / Main Roads,118.780602999999999,-20.451073999999998,685747,7737593,50,Gvl,Construction material,CONSTRUCTION MATERIALS,,N,,,,,Public,2657,PORT HEDLAND,SF50-04,PORT HEDLAND,"PORT HEDLAND, TOWN OF","PILBARA, Development Region",45,MARBLE BAR,Split Rock Supersuite,20260112
S0229352,Exmouth Rock/Exmouth Civil,Exmouth Rock / Exmouth Civil,Mine,Openpit,Operating,J04201,Exmouth Sand / Exmouth Civil,114.126413999999997,-21.870097000000001,203026,7578776,50,Lst Sd Brck,Construction material,LIMESTONE - LIMESAND,,N,,,,,Public,1754,EXMOUTH,SF50-05,ONSLOW,"EXMOUTH, SHIRE OF","GASCOYNE, Development Region",8,ASHBURTON M.F.,Exmouth Sub-basin,20260112
S0229353,Exmouth Pindan 1/Exmouth Civil,Exmouth Pindan 1 / Exmouth Civil,Mine,Openpit,Operating,J04201,Exmouth Sand / Exmouth Civil,114.123290999999995,-21.868855000000000,202701,7578907,50,Sd,Construction material,CONSTRUCTION MATERIALS,,N,,,,,Public,1754,EXMOUTH,SF50-05,ONSLOW,"EXMOUTH, SHIRE OF","GASCOYNE, Development Region",8,ASHBURTON M.F.,Exmouth Sub-basin,20260112
S0229354,R41975 Murat Rd Lot 197 / Shire,Reserve 41975 Murat Rd Exmouth Lot 197 / Shire of Exmouth,Mine,Openpit,Operating,J04203,GBRM / Shire of Exmouth,114.125827000000001,-21.864079000000000,202953,7579441,50,Sd Lst Agg,Construction material,CONSTRUCTION MATERIALS,,N,,,,,Public,1754,EXMOUTH,SF50-05,ONSLOW,"EXMOUTH, SHIRE OF","GASCOYNE, Development Region",8,ASHBURTON M.F.,Exmouth Sub-basin,20260112
S0229387,Mt Minnie Granite,Mt Minnie Granite,Mine,Openpit,Operating,J04206,Mt Minnie Granite,115.511317000000005,-22.137129999999999,346472,7551243,50,Aggm Agg Gran,Construction material,CONSTRUCTION MATERIALS,,N,,,,,Public,2053,CANE RIVER,SF50-10,WYLOO,"ASHBURTON, SHIRE OF","PILBARA, Development Region",8,ASHBURTON M.F.,Ashburton Basin,20260112
S0229389,Range Aggregate,Range Aggregate,Mine,Openpit,Operating,J04208,Range Aggregate / MCS,115.419210000000007,-22.203251000000002,337048,7543826,50,Agg,Construction material,CONSTRUCTION MATERIALS,,N,,,,,Public,1953,KOORDARRIE,SF50-09,YANREY,"ASHBURTON, SHIRE OF","PILBARA, Development Region",8,ASHBURTON M.F.,Gascoyne Province,20260112
S0229395,Wilga Granite 1,Wilga Granite 1,Mine,Openpit,Operating,J04041,Port Hedland / Stirling-Swan,118.937658999999996,-20.407658999999999,702192,7742214,50,Brck Gran Agg Sd Aggm,Construction material,CONSTRUCTION MATERIALS,,N,,,,,Public,2657,PORT HEDLAND,SF50-04,PORT HEDLAND,"PORT HEDLAND, TOWN OF","PILBARA, Development Region",45,MARBLE BAR,Split Rock Supersuite,20260112
S0229396,Brookton Hwy Lot 814 / Tianco,Brookton Hwy Brookton Lot 814 / Tianco,Mine,Openpit,Operating,J04210,Tianco Sand,117.037839000000005,-32.356943999999999,503560,6419998,50,Sd Gvl,Construction material,CONSTRUCTION MATERIALS,,N,,,,,Public,2333,BROOKTON,SI50-03,CORRIGIN,"BROOKTON, SHIRE OF","WHEATBELT, Development Region",70,SOUTH WEST M.F.,Yilgarn Craton granites,20260112
S0229399,Clackline-Toodyay Rd Lot 3/Jones,Clackline-Toodyay Rd Lot 3 Hoddys Well / Jones,Mine,Openpit,Operating,J04213,Clackline-Toodyay Road Gravel / Jones,116.503517000000002,-31.641480999999999,452923,6499195,50,Gvl,Construction material,CONSTRUCTION MATERIALS,,N,,,,,Public,2234,NORTHAM,SH50-14,PERTH,"TOODYAY, SHIRE OF","WHEATBELT, Development Region",70,SOUTH WEST M.F.,South West Terrane,20260112
S0229471,Kununurra 5B/JSW,Kununurra 5B / JSW,Mine,Openpit,Operating,J00842,Kununurra / JSW,128.787896999999987,-15.824672000000000,477287,8250447,52,Gvl Sd,Construction material,CONSTRUCTION MATERIALS,,N,,,,,Public,4666,KUNUNURRA,SD52-14,CAMBRIDGE GULF,"WYNDHAM-EAST KIMBERLEY, SHIRE OF","KIMBERLEY, Development Region",80,KIMBERLEY M.F.,Burt Range Shelf,20260112
S0229481,Urch Rd Lot 12 Gravel / Ward,Urch Rd Yetna Lot 12 Gravel / Ward,Mine,Openpit,Operating,J04226,Urch Road Gravel and Sand,114.749211000000003,-28.629287000000001,279965,6831014,50,Gvl,Construction material,CONSTRUCTION MATERIALS,,N,,,,,Public,1840,GERALDTON,SH50-01,GERALDTON,"CHAPMAN VALLEY, SHIRE OF","MID-WEST, Development Region",66,NORTHAMPTON M.F.,Greenough Shelf,20260112
S0229483,Great Northern Hwy Lot 601 Sand,Great Northern Hwy Muchea Lot 601 Sand,Mine,Openpit,Operating,J04227,Muchea Sand and Gravel / Fewster,115.999746000000002,-31.554331000000001,405064,6508528,50,Sd,Construction material,CONSTRUCTION MATERIALS,,N,,,,,Public,2034,PERTH,SH50-14,PERTH,"CHITTERING, SHIRE OF","WHEATBELT, Development Region",70,SOUTH WEST M.F.,Beermullah Trough,20260112
S0229564,R42028 Lot 193 / MRWA,Reserve 42028 Lot 193 / Main Roads,Mine,Openpit,Operating,J04190,GBRM Pilbara / Main Roads,118.554910000000007,-21.059086000000001,661551,7670525,50,Gvl,Construction material,CONSTRUCTION MATERIALS,,N,,,,,Public,2655,WODGINA,SF50-08,MARBLE BAR,"PORT HEDLAND, TOWN OF","PILBARA, Development Region",45,MARBLE BAR,Sisters Supersuite,20260112
S0229570,R27422 Great Eastern Hwy Lot 400 Gravel 1 / Unvested,Reserve 27422 Great Eastern Hwy Lot 400 Moorine Rock Gravel 1 / DPLH,Mine,Openpit,Operating,J06624,GBRM Reserves unvested - Wheatbelt / DPLH,119.093653000000003,-31.312083000000001,699239,6533918,50,Gvl Sd,Construction material,CONSTRUCTION MATERIALS,,N,,,,,Public,2735,SOUTHERN CROSS,SH50-16,SOUTHERN CROSS,"YILGARN, SHIRE OF","WHEATBELT, Development Region",77,YILGARN M.F.,Yilgarn Craton granites,20260112
S0229626,Wattle Ave Lot 8 / WA Limestone,Wattle Ave Nowergup Lot 8 / WA Limestone,Mine,Openpit,Operating,J04257,Wattle Avenue / WA Limestone,115.764312000000004,-31.655175000000000,382844,6497122,50,Sd Lst,Construction material,CONSTRUCTION MATERIALS,,N,,,,,Public,2034,PERTH,SH50-14,PERTH,"WANNEROO, CITY OF",METRO,70,SOUTH WEST M.F.,Mandurah Terrace,20260112
S0229634,Nova,Nova - Bollinger Underground,Mine,Decline,Operating,J04167,Nova-Bollinger,123.192423000000005,-31.819872000000000,518211,6479514,51,Ni Cu Co,Steel alloy metal,NICKEL,Nova,Y,"Ni, Cu, Co",Y,,Operating Mine,Public,3534,SYMONS HILL,SH51-15,ZANTHUS,"DUNDAS, SHIRE OF","GOLDFIELDS-ESPERANCE, Development Region",28,KURNALPI,Fraser Zone,20260112
S0229648,Bush Bay Red Sand/KBF,Bush Bay Red Sand / KBF,Mine,Openpit,Operating,J04262,Carnarvon Red Sand / KBF,113.716418000000004,-24.936048000000000,774321,7239391,49,Sd,Construction material,CONSTRUCTION MATERIALS,,N,,,,,Public,1648,CARNARVON,SG49-04,QUOBBA,"CARNARVON, SHIRE OF","GASCOYNE, Development Region",9,GASCOYNE M.F.,Gascoyne Platform,20260112
S0229651,Transit Road Lot 4 to 7 / Redire,Transit Rd Mardella Lot 4 to 7 / Redire,Mine,Openpit,Operating,J04265,Jarrahdale / Redire,116.007110999999995,-32.314287000000000,406536,6424294,50,Sd,Construction material,CONSTRUCTION MATERIALS,,N,,,,,Public,2133,JARRAHDALE,SI50-02,PINJARRA,"SERPENTINE-JARRAHDALE, SHIRE OF","PEEL, Development Region",70,SOUTH WEST M.F.,Cardup Basin,20260112
S0229673,Nickol Bay North / Karratha Earthmoving,Nickol Bay North / Karratha Earthmoving,Mine,Openpit,Operating,J01549,Nickol Bay / Karratha Earthmoving,116.903627000000000,-20.728062999999999,489966,7707945,50,Sd,Construction material,CONSTRUCTION MATERIALS,,N,,,,,Public,2256,DAMPIER,SF50-02,DAMPIER,"KARRATHA, CITY OF","PILBARA, Development Region",47,WEST PILBARA M.F.,Gorge Creek Basin,20260112
S0229717,Norseman Rd North,Norseman Road North,Mine,Openpit,Operating,J01625,Hyden East,119.985517000000002,-32.334367999999998,781025,6418583,50,Sd,Construction material,CONSTRUCTION MATERIALS,,N,,,,,Public,2833,HOLLAND,SI50-04,HYDEN,"KONDININ, SHIRE OF","WHEATBELT, Development Region",77,YILGARN M.F.,Yilgarn Craton granites,20260112
S0229735,Thunderbird,Thunderbird,Mine,Openpit,Operating,J04280,Thunderbird - Kimberley Mineral Sands,122.967888000000002,-17.431701000000000,496590,8072687,51,HM Zrn Ilm Leu Grt Rt Mnz Ce,Speciality metal,HEAVY MINERAL SANDS,Thunderbird,Y,"HM, Zrn, Ilm, Leu, Grt, Rt, Mnz, Ce",Y,,Operating Mine,Public,3463,JOWLAENGA,SE51-06,BROOME,"BROOME, SHIRE OF","KIMBERLEY, Development Region",4,WEST KIMBERLEY M.F.,Fitzroy Trough,20260112
S0229745,Boora Pool Sand,Boora Pool Sand,Mine,Openpit,Operating,J00944,Gascoyne River / Gascoyne Industrial Sands,114.182197000000002,-24.762241000000000,215037,7258442,50,Sd Gvl,Construction material,CONSTRUCTION MATERIALS,,N,,,,,Public,1748,DOORAWARRAH,SG50-01,KENNEDY RANGE,"CARNARVON, SHIRE OF","GASCOYNE, Development Region",9,GASCOYNE M.F.,Gascoyne Platform,20260112
S0229769,Teatree Rd Lot M1899 / Heidelberg,Teatree Rd Lennard Brook Lot M1899 / Heidelberg,Mine,Openpit,Operating,J04286,Lennard Brook / Heidelberg Materials,115.970320000000001,-31.392754000000000,402103,6526412,50,Sdc,Construction material,CONSTRUCTION MATERIALS,,N,,,,,Public,2035,GINGIN,SH50-14,PERTH,"GINGIN, SHIRE OF","WHEATBELT, Development Region",70,SOUTH WEST M.F.,Beermullah Trough,20260112
S0229771,Horton Road Lot M1822 / Capital,Horton Road Woottating Lot M1822 / Capital,Mine,Openpit,Operating,J04287,Horton Road Gravel / Curtis,116.356620000000007,-31.844058000000000,439126,6476669,50,Gvl,Construction material,CONSTRUCTION MATERIALS,,N,,,,,Public,2134,WOOROLOO,SH50-14,PERTH,"NORTHAM, SHIRE OF","WHEATBELT, Development Region",70,SOUTH WEST M.F.,Yilgarn Craton granites,20260112
S0229772,Voyager II / Swan Materials,Voyager II / Swan Materials,Mine,Openpit,Operating,J01299,The Lakes / Swan Materials,116.350369000000001,-31.868276999999999,438551,6473981,50,Agg,Construction material,CONSTRUCTION MATERIALS,,N,,,,,Public,2134,WOOROLOO,SH50-14,PERTH,"NORTHAM, SHIRE OF","WHEATBELT, Development Region",70,SOUTH WEST M.F.,Yilgarn Craton granites,20260112
S0229816,Abercorn Rd Lot 5 North / Midland Brick,Abercorn Rd Lot 5 North / Midland Brick,Mine,Openpit,Operating,J04290,Abercorn Road Chidlow / Brikmakers,116.412205999999998,-31.910983000000002,444426,6469280,50,Cyfi Cybk Clay-white,Construction material,CLAYS,,N,,,,,Public,2134,WOOROLOO,SH50-14,PERTH,"MUNDARING, SHIRE OF",METRO,70,SOUTH WEST M.F.,Yilgarn Craton granites,20260112
S0229817,Abercorn Rd Lot 5 South / Midland Brick,Abercorn Rd Lot 5 South / Midland Brick,Mine,Openpit,Operating,J04290,Abercorn Road Chidlow / Brikmakers,116.413511000000000,-31.917286000000001,444553,6468582,50,Cyfi Cybk Clay-white,Construction material,CLAYS,,N,,,,,Public,2134,WOOROLOO,SH50-14,PERTH,"MUNDARING, SHIRE OF",METRO,70,SOUTH WEST M.F.,Yilgarn Craton granites,20260112
S0229822,Premier Pit 1 Deep,Premier Coal Pit 1 Deep,Mine,Openpit,Operating,J01095,Collie / Premier,116.300010999999998,-33.386265000000002,434896,6305671,50,Coal Char Shale,Energy,COAL,Premier,N,,Y,,Operating Mine,Public,2131,COLLIE,SI50-06,COLLIE,"COLLIE, SHIRE OF","SOUTH WEST, Development Region",12,COLLIE RIVER M.F.,Collie Sub-basin,20260112
S0229824,Premier Pit 3,Premier Coal Pit 3,Mine,Openpit,Operating,J01095,Collie / Premier,116.308526000000001,-33.405166000000001,435702,6303581,50,Coal,Energy,COAL,Premier Coal Pit 3,N,,N,,Operating Mine,Public,2131,COLLIE,SI50-06,COLLIE,"COLLIE, SHIRE OF","SOUTH WEST, Development Region",12,COLLIE RIVER M.F.,Collie Sub-basin,20260112
S0229858,West Dome Main,Telfer West Dome Main,Mine,Openpit,Operating,J00338,Telfer / Newcrest,122.185080999999997,-21.720120000000001,415717,7597929,51,Au,Precious metal,GOLD,West Dome,N,,Y,,Operating Mine,Public,3354,PATERSON,SF51-06,PATERSON RANGE,"EAST PILBARA, SHIRE OF","PILBARA, Development Region",45,MARBLE BAR,Yeneena Basin,20260112
S0229866,Alicia,Alicia - Coolgardie,Mine,Openpit,Operating,J00014,Coolgardie Gold / Focus,121.172630999999996,-30.988536000000000,325513,6570236,51,Au Ag,Precious metal,GOLD,Alicia,N,,N,,Operating Mine,Public,3136,KALGOORLIE,SH51-09,KALGOORLIE,"COOLGARDIE, SHIRE OF","GOLDFIELDS-ESPERANCE, Development Region",15,COOLGARDIE,Eastern Goldfields Superterrane,20260112
S0229897,Wilber - Andy Well Underground,Wilber Underground,Mine,Decline,Under Development,J03245,Murchison Gold - Andy Well - Gnaweeda,118.677789000000004,-26.227281999999999,667599,7098061,50,Au Ag,Precious metal,GOLD,,N,,,,,Public,2645,GLENGARRY,SG50-12,GLENGARRY,"MEEKATHARRA, SHIRE OF","MID-WEST, Development Region",51,MEEKATHARRA,Youanmi Terrane,20260112
S0229922,Murrin Murrin East Calcrete,Murrin Murrin East Calcrete,Mine,Openpit,Operating,J02291,Mt Zephyr Calcrete,122.139404999999996,-28.487998000000001,415767,6848436,51,Cali CaO Lst Lsd,Industrial mineral,LIMESTONE - LIMESAND,Murrin Murrin East,Y,"Cali, CaO, Lst, Lsd",Y,,Operating Mine,Public,3341,MOUNT VARDEN,SH51-02,LAVERTON,"LAVERTON, SHIRE OF","GOLDFIELDS-ESPERANCE, Development Region",39,MT. MORGANS,Yilgarn Craton granites,20260112
S0229942,Apple St Lot 2 / Austral Bricks,Apple St Upper Swan Lot 2 / Austral Bricks,Mine,Openpit,Operating,J02059,Muchea - Upper Swan / Austral Bricks,116.026414000000003,-31.764005999999998,407802,6485310,50,Cybk Cyfi,Construction material,CLAYS,,N,,,,,Public,2134,WOOROLOO,SH50-14,PERTH,"SWAN, CITY OF",METRO,70,SOUTH WEST M.F.,Mandurah Terrace,20260112
S0229943,Apple St Lot 43 / Austral Bricks,Apple St Upper Swan Lot 43 / Austral Bricks,Mine,Openpit,Operating,J02059,Muchea - Upper Swan / Austral Bricks,116.031640999999993,-31.761741000000001,408296,6485565,50,Cybk Cyfi,Construction material,CLAYS,,N,,,,,Public,2134,WOOROLOO,SH50-14,PERTH,"SWAN, CITY OF",METRO,70,SOUTH WEST M.F.,Mandurah Terrace,20260112
S0229955,Sandy Cape Lsd,Sandy Cape Limesand,Mine,Openpit,Operating,J01833,Jurien Lime Sands,115.005122999999998,-30.181861999999999,307931,6659381,50,Lsd Lst,Construction material,LIMESTONE - LIMESAND,,N,,,,,Public,1937,HILL RIVER,SH50-09,HILL RIVER,"DANDARAGAN, SHIRE OF","WHEATBELT, Development Region",70,SOUTH WEST M.F.,Beagle Ridge,20260112
S0229969,Jandabup Sand 1 / Urban Resources,Jandabup Sand 1 / Urban Resources,Mine,Openpit,Operating,J04314,Jandabup Sand / Urban Resources,115.859572000000000,-31.725764999999999,391958,6489395,50,Sd Gvl,Construction material,CONSTRUCTION MATERIALS,,N,,,,,Public,2034,PERTH,SH50-14,PERTH,"WANNEROO, CITY OF",METRO,70,SOUTH WEST M.F.,Mandurah Terrace,20260112
S0229979,Nickol Bay Sand 1,Nickol Bay Sand 1 / Nickol River Enterprises,Mine,Openpit,Operating,J04317,Nickol Bay Sand / Nickol River Enterprises,116.923141999999999,-20.749186999999999,491999,7705608,50,Sd,Construction material,CONSTRUCTION MATERIALS,,N,,,,,Public,2256,DAMPIER,SF50-02,DAMPIER,"KARRATHA, CITY OF","PILBARA, Development Region",47,WEST PILBARA M.F.,Nickol River Basin,20260112
S0230003,Ninghan Black Jade ,Ninghan Black Jade / Soklich,Mine,Openpit,Operating,J04321,Ninghan Black Jade / Soklich,117.272334000000001,-29.243293000000001,526463,6765028,50,BlackJade,Precious mineral,GEM & SEMI-PRECIOUS STONES,Ninghan,Y,BlackJade,Y,,Operating Mine,Public,2339,NINGHAN,SH50-07,NINGHAN,"YALGOO, SHIRE OF","MID-WEST, Development Region",59,YALGOO M.F.,Youanmi Terrane,20260112
S0230004,Mulligans Lagoon/JAB,Mulligans Lagoon / JAB,Mine,Openpit,Operating,J01872,Kununurra / JAB,128.800120999999990,-15.660942000000000,478579,8268559,52,Gvl,Construction material,CONSTRUCTION MATERIALS,,N,,,,,Public,4666,KUNUNURRA,SD52-14,CAMBRIDGE GULF,"WYNDHAM-EAST KIMBERLEY, SHIRE OF","KIMBERLEY, Development Region",80,KIMBERLEY M.F.,Burt Range Shelf,20260112
S0230017,Yanchep Sand / Duffy,Yanchep Sand / Duffy,Mine,Openpit,Operating,J04325,Yanchep Sand / Duffy,115.731955999999997,-31.584370000000000,379685,6504935,50,Sdc,Construction material,CONSTRUCTION MATERIALS,,N,,,,,Public,2034,PERTH,SH50-14,PERTH,"WANNEROO, CITY OF",METRO,70,SOUTH WEST M.F.,Mandurah Terrace,20260112
S0230026,Enterprise West,Enterprise West - Paddington,Mine,Openpit,Operating,J04664,Ora Banda / Norton,121.079847000000001,-30.374870000000001,315489,6638111,51,Au Ag,Precious metal,GOLD,Enterprise West - Paddington,N,,N,,Operating Mine,Public,3137,BARDOC,SH51-09,KALGOORLIE,"KALGOORLIE-BOULDER, CITY OF","GOLDFIELDS-ESPERANCE, Development Region",24,BROAD ARROW M.F.,Eastern Goldfields Superterrane,20260112
S0230074,Hopetoun-Ravensthorpe Rd Lot 333,Hopetoun-Ravensthorpe Rd Lot 333 Hopetoun Limestone 3,Mine,Openpit,Operating,J04335,Hopetoun Limestone,120.137535999999997,-33.915501999999996,235354,6243522,51,Lsd Lst,Construction material,LIMESTONE - LIMESAND,,N,,,,,Public,2930,RAVENSTHORPE,SI51-05,RAVENSTHORPE,"RAVENSTHORPE, SHIRE OF","GOLDFIELDS-ESPERANCE, Development Region",74,PHILLIPS RIVER M.F.,"Northern Foreland, Albany-Fraser Orogen",20260112
S0230111,Bollinger,Bollinger - Fraser Range Underground,Mine,Decline,Operating,J04167,Nova-Bollinger,123.194395999999998,-31.819873999999999,518398,6479513,51,Ni Cu Co,Steel alloy metal,NICKEL,Bollinger,Y,"Ni, Cu, Co",Y,,Operating Mine,Public,3534,SYMONS HILL,SH51-15,ZANTHUS,"DUNDAS, SHIRE OF","GOLDFIELDS-ESPERANCE, Development Region",28,KURNALPI,Fraser Zone,20260112
S0230167,Ceramics Pit,Ceramics Pit,Mine,Openpit,Operating,J01890,Wickepin Kaolin,117.720617000000004,-32.820256000000001,567453,6368409,50,Kln,Industrial mineral,CLAYS,,N,,,,,Public,2432,YEALERING,SI50-03,CORRIGIN,"WICKEPIN, SHIRE OF","WHEATBELT, Development Region",70,SOUTH WEST M.F.,Yilgarn Craton granites,20260112
S0230266,Taranto Rd Lot 24/Carbone,Taranto Rd Myalup Lot 24 / Carbone,Mine,Openpit,Operating,J06341,South West Operations EIL  / Carbone,115.713048000000001,-33.122259000000000,379940,6334422,50,Sd,Construction material,CONSTRUCTION MATERIALS,,N,,,,,Public,2031,BUNBURY,SI50-06,COLLIE,"HARVEY, SHIRE OF","SOUTH WEST, Development Region",70,SOUTH WEST M.F.,Mandurah Terrace,20260112
S0230268,Creighton Rd Lot M2119 / El Paso,Creighton Rd Lennard Brook Lot M2119 / El Paso,Mine,Openpit,Operating,J04374,Creighton Rd / El Paso,115.952286000000001,-31.403352000000002,400400,6525221,50,Sd,Construction material,CONSTRUCTION MATERIALS,,N,,,,,Public,2035,GINGIN,SH50-14,PERTH,"GINGIN, SHIRE OF","WHEATBELT, Development Region",70,SOUTH WEST M.F.,Beermullah Trough,20260112
S0230271,Reserve Rd Lot 22 Sand / Wright,Reserve Rd Muchea Lot 22 Sand / Wright,Mine,Openpit,Operating,J04377,Muchea Sand and Gravel / Wright,115.993404999999996,-31.541291000000001,404449,6509967,50,Sd,Construction material,CONSTRUCTION MATERIALS,,N,,,,,Public,2034,PERTH,SH50-14,PERTH,"CHITTERING, SHIRE OF","WHEATBELT, Development Region",70,SOUTH WEST M.F.,Beermullah Trough,20260112
S0230272,Reserve Rd Lot 22 Gravel / Wright,Reserve Rd Muchea Lot 22 Gravel / Wright,Mine,Openpit,Operating,J04377,Muchea Sand and Gravel / Wright,115.996556999999996,-31.541264000000002,404748,6509973,50,Sd,Construction material,CONSTRUCTION MATERIALS,,N,,,,,Public,2034,PERTH,SH50-14,PERTH,"CHITTERING, SHIRE OF","WHEATBELT, Development Region",70,SOUTH WEST M.F.,Beermullah Trough,20260112
S0230299,Young,Young,Mine,Openpit,Operating,J01407,East Pilbara Iron Ore / FMG,119.803090999999995,-22.397807000000000,788606,7520449,50,Fe Mn,Iron,IRON ORE,Young,N,,Y,,Operating Mine,Public,2853,WARRIE,SF50-12,ROY HILL,"EAST PILBARA, SHIRE OF","PILBARA, Development Region",46,NULLAGINE,Hamersley Basin,20260112
S0230311,Mogumber Rd West Lot 5 West / Shire,Mogumber Rd West Red Gully Lot 5 West / Shire of Gingin,Mine,Openpit,Operating,J03445,GBRM / Shire of Gingin,115.739213000000007,-30.992263000000001,379623,6570573,50,Gvl,Construction material,CONSTRUCTION MATERIALS,,N,,,,,Public,2036,DANDARAGAN,SH50-10,MOORA,"GINGIN, SHIRE OF","WHEATBELT, Development Region",70,SOUTH WEST M.F.,Dandaragan Trough,20260112
S0230313,Mogumber Rd West Lot 106 North / Catalano,Mogumber Rd West  Red Gully Lot 106  North / Catalano,Mine,Openpit,Operating,J04381,Gingin / Catalano,115.753439999999998,-30.992540999999999,380982,6570558,50,Gvl,Construction material,CONSTRUCTION MATERIALS,,N,,,,,Public,2036,DANDARAGAN,SH50-10,MOORA,"GINGIN, SHIRE OF","WHEATBELT, Development Region",70,SOUTH WEST M.F.,Dandaragan Trough,20260112
S0230314,Calinup Rd Lot 677 and 679 / Carbone,Calinup Rd Gelorup Lot 677 and 679 / Carbone,Mine,Openpit,Operating,J06341,South West Operations EIL  / Carbone,115.622653999999997,-33.442065999999997,371974,6298856,50,Sd,Construction material,CONSTRUCTION MATERIALS,,N,,,,,Public,2031,BUNBURY,SI50-06,COLLIE,"CAPEL, SHIRE OF","SOUTH WEST, Development Region",70,SOUTH WEST M.F.,Bunbury Trough,20260112
S0230335,Second Fortune U/G,Second Fortune Underground,Mine,Decline,Operating,J02325,Linden Gold,122.435872000000003,-29.375744999999998,445253,6750252,51,Au Ag,Precious metal,GOLD,,N,,,,,Public,3339,LAKE CAREY,SH51-06,EDJUDINA,"MENZIES, SHIRE OF","GOLDFIELDS-ESPERANCE, Development Region",39,MT. MORGANS,Eastern Goldfields Superterrane,20260112
S0230393,HD1 NW,Hope Downs 1 North West,Mine,Openpit,Operating,J00685,Hope Downs Joint Venture,119.099802999999994,-22.951848999999999,715301,7460271,50,Fe,Iron,IRON ORE,Hope Downs 1 North West,N,,N,,Operating Mine,Public,2752,WEELI WOLLI,SF50-12,ROY HILL,"EAST PILBARA, SHIRE OF","PILBARA, Development Region",47,WEST PILBARA M.F.,Hamersley Basin,20260112
S0230394,HD1 NE3,Hope Downs 1 North East 3,Mine,Openpit,Operating,J00685,Hope Downs Joint Venture,119.137395999999995,-22.953693999999999,719154,7460012,50,Fe,Iron,IRON ORE,Hope Downs 1 North East 3,N,,N,,Operating Mine,Public,2752,WEELI WOLLI,SF50-12,ROY HILL,"EAST PILBARA, SHIRE OF","PILBARA, Development Region",47,WEST PILBARA M.F.,Hamersley Basin,20260112
S0230398,A-CPs,West Angelas Deposit A - Centre Pit South,Mine,Openpit,Operating,J00706,West Angelas,118.775702999999993,-23.190210000000000,681741,7434315,50,Fe,Iron,IRON ORE,West Angelas Deposit A - Centre Pit South,N,,N,,Operating Mine,Public,2651,GOVERNOR,SF50-16,NEWMAN,"EAST PILBARA, SHIRE OF","PILBARA, Development Region",47,WEST PILBARA M.F.,Hamersley Basin,20260112
S0230405,Section 6 South,Tom Price Section 6 South,Mine,Openpit,Operating,J03928,Tom Price / Rio Tinto,117.744884999999996,-22.780166000000001,576462,7480623,50,Fe,Iron,IRON ORE,Tom Price Section 6 South,N,,N,,Operating Mine,Public,2452,MOUNT LIONEL,SF50-11,MOUNT BRUCE,"ASHBURTON, SHIRE OF","PILBARA, Development Region",47,WEST PILBARA M.F.,Hamersley Basin,20260112
S0230406,Section 7C2,Tom Price Section 7 Central 2,Mine,Openpit,Operating,J03928,Tom Price / Rio Tinto,117.718511000000007,-22.767702000000000,573761,7482016,50,Fe,Iron,IRON ORE,Tom Price,N,,Y,,Operating Mine,Public,2452,MOUNT LIONEL,SF50-11,MOUNT BRUCE,"ASHBURTON, SHIRE OF","PILBARA, Development Region",47,WEST PILBARA M.F.,Hamersley Basin,20260112
S0230408,Tail Extension Pit,Marandoo Tail Extension Pit,Mine,Openpit,Operating,J03929,Marandoo / Rio Tinto,118.172922000000000,-22.661068000000000,620507,7493524,50,Fe,Iron,IRON ORE,Marandoo,N,,N,,Operating Mine,Public,2552,MOUNT BRUCE,SF50-11,MOUNT BRUCE,"ASHBURTON, SHIRE OF","PILBARA, Development Region",47,WEST PILBARA M.F.,Hamersley Basin,20260112
S0230415,Miralga East - Comet,Miralga East-Comet Pit,Mine,Openpit,Operating,J04392,Miralga Creek,119.424791999999997,-20.972145000000001,752108,7679024,50,Fe,Iron,IRON ORE,Miralga East,N,,N,,Operating Mine,Public,2756,CARLINDIE,SF50-04,PORT HEDLAND,"EAST PILBARA, SHIRE OF","PILBARA, Development Region",45,MARBLE BAR,Gorge Creek Basin,20260112
S0230432,Ducane Rd Lot 265/Giacci,Ducane Rd North Boyanup Lot 265 / Giacci,Mine,Openpit,Operating,J04394,Bunbury - Boyanup / Giacci,115.675951999999995,-33.424542000000002,376904,6300863,50,Sdc,Construction material,CONSTRUCTION MATERIALS,,N,,,,,Public,2031,BUNBURY,SI50-06,COLLIE,"CAPEL, SHIRE OF","SOUTH WEST, Development Region",70,SOUTH WEST M.F.,Bunbury Trough,20260112
S0230471,Wadrah Plateau 4,Wadrah Plateau Dimension Stone 4,Mine,Openpit,Operating,J04400,Parry Range–Maroonah Marbles / Huau Stone,115.728491000000005,-22.693732000000001,369394,7489824,50,Marb Dol Dst,Construction material,CONSTRUCTION MATERIALS,,N,,,,,Public,2052,BOOLALOO,SF50-10,WYLOO,"ASHBURTON, SHIRE OF","PILBARA, Development Region",8,ASHBURTON M.F.,Edmund Basin,20260112
S0230533,Gregory West 2,Gregory West 2 - Andover,Mine,Openpit,Operating,J01427,Gregory West - Andover / WA Limestone,117.070318999999998,-20.852965000000001,507315,7694123,50,Aggm Agg Aggc Gran,Construction material,CONSTRUCTION MATERIALS,,N,,,,,Public,2356,ROEBOURNE,SF50-03,ROEBOURNE,"KARRATHA, CITY OF","PILBARA, Development Region",47,WEST PILBARA M.F.,Orpheus Supersuite,20260112
S0230541,Turner River M45/1193,Turner River M45/1193 / Heidelberg,Mine,Openpit,Operating,J01724,Turner River / Heidelberg Materials,118.486782000000005,-20.530061000000000,655011,7729155,50,Sd Gvl,Construction material,CONSTRUCTION MATERIALS,,N,,,,,Public,2556,YULE,SF50-03,ROEBOURNE,"PORT HEDLAND, TOWN OF","PILBARA, Development Region",45,MARBLE BAR,Mallina Basin,20260112
S0230542,Turner River M45/1174,Turner River M45/1174 / Heidelberg,Mine,Openpit,Operating,J01724,Turner River / Heidelberg Materials,118.517760999999993,-20.609881999999999,658159,7720289,50,Sd Gvl,Construction material,CONSTRUCTION MATERIALS,,N,,,,,Public,2656,WALLARINGA,SF50-04,PORT HEDLAND,"PORT HEDLAND, TOWN OF","PILBARA, Development Region",45,MARBLE BAR,Mallina Basin,20260112
S0230545,Bardies Well 2,Bardies Well Quarry,Mine,Openpit,Operating,J01514,Bardies Well Aggregate,116.912450000000007,-20.833707000000000,490890,7696254,50,Agg,Construction material,CONSTRUCTION MATERIALS,,N,,,,,Public,2256,DAMPIER,SF50-02,DAMPIER,"KARRATHA, CITY OF","PILBARA, Development Region",47,WEST PILBARA M.F.,Regal Terrane,20260112
S0230566,Topvar,Topvar,Mine,Openpit,Operating,J00725,Woodie Woodie (Mining Corridor) / ConsMin,121.232375000000005,-21.601475000000001,317018,7610244,51,Mn,Steel alloy metal,MANGANESE ORE,Topvar,N,,N,,Operating Mine,Public,3154,PEARANA,SF51-05,NULLAGINE,"EAST PILBARA, SHIRE OF","PILBARA, Development Region",45,MARBLE BAR,Wells Sub-basin,20260112
S0230572,Iron Valley N,Iron Valley Stage 2 / Pit N,Mine,Openpit,Under Development,J03682,Iron Valley,119.317350000000005,-22.719691000000001,738019,7485650,50,Fe,Iron,IRON ORE,Iron Valley Stage 2 / Pit N,N,,N,,Operating Mine,Public,2752,WEELI WOLLI,SF50-12,ROY HILL,"EAST PILBARA, SHIRE OF","PILBARA, Development Region",47,WEST PILBARA M.F.,Hamersley Basin,20260112
S0230577,Wagin/GSQ,Wagin Quarry / Great Southern Quarries,Mine,Openpit,Operating,J04409,Wagin / Great Southern Quarries,117.309562000000000,-33.223475999999998,528845,6323895,50,Agg Gran,Construction material,CONSTRUCTION MATERIALS,,N,,,,,Public,2331,WAGIN,SI50-07,DUMBLEYUNG,"WAGIN, SHIRE OF","WHEATBELT, Development Region",70,SOUTH WEST M.F.,Yilgarn Craton granites,20260112
S0230587,McCoy,Huntly - McCoy,Mine,Openpit,Operating,J00779,Wagerup-Pinjarra / Alcoa,116.163610000000006,-32.559851000000002,421481,6397198,50,Bx,Alumina,BAUXITE - ALUMINA,Huntly - McCoy,N,,N,,Operating Mine,Public,2132,DWELLINGUP,SI50-02,PINJARRA,"MURRAY, SHIRE OF","PEEL, Development Region",70,SOUTH WEST M.F.,Yilgarn Craton granites,20260112
S0230599,South Western Hwy Lot 287/Giacci,South Western Hwy Gwindinup Lot 287 / Giacci,Mine,Openpit,Operating,J04394,Bunbury - Boyanup / Giacci,115.735772999999995,-33.519362999999998,382594,6290419,50,Sdc Gvl,Construction material,CONSTRUCTION MATERIALS,,N,,,,,Public,2030,DONNYBROOK,SI50-06,COLLIE,"CAPEL, SHIRE OF","SOUTH WEST, Development Region",70,SOUTH WEST M.F.,Bunbury Trough,20260112
S0230602,Green Rd Lot 8198 Sand / Payne,Green Rd Channybearup Lot 8198 Sand / Payne,Mine,Openpit,Operating,J04410,Channybearup / Payne,115.929550000000006,-34.442129000000001,401659,6188300,50,Sd,Construction material,CONSTRUCTION MATERIALS,,N,,,,,Public,2029,DONNELLY,SI50-10,PEMBERTON,"MANJIMUP, SHIRE OF","SOUTH WEST, Development Region",70,SOUTH WEST M.F.,Biranup Zone,20260112
S0230603,Nybo Rd Lots 202 and 333/APH,Nybo Rd Lots 202 and 333 Gwindinup / APH,Mine,Openpit,Operating,J04941,Gwindinup / APH,115.771085999999997,-33.511943000000002,385864,6291281,50,Gvl,Construction material,CONSTRUCTION MATERIALS,,N,,,,,Public,2030,DONNYBROOK,SI50-06,COLLIE,"CAPEL, SHIRE OF","SOUTH WEST, Development Region",70,SOUTH WEST M.F.,Bunbury Trough,20260112
S0230607,Neptune,Neptune / St Ives,Mine,Openpit,Operating,J00178,Kambalda - St Ives,121.745530000000002,-31.300004000000001,380613,6536470,51,Au Ag,Precious metal,GOLD,Neptune,N,,Y,,Operating Mine,Public,3235,LAKE LEFROY,SH51-14,WIDGIEMOOLTHA,"COOLGARDIE, SHIRE OF","GOLDFIELDS-ESPERANCE, Development Region",15,COOLGARDIE,Eastern Goldfields Superterrane,20260112
S0230645,Nillibubbacca Quartzite,Nillibubbacca Quartzite – Quartz Sandstone,Mine,Openpit,Operating,J01542,Nillibubbaca - Yeeda / Kimberley Quarry,123.079297999999994,-17.715067999999999,508408,8041336,51,Sdst Dst,Construction material,DIMENSION STONE,,N,,,,,Public,3562,CLARKSON,SE51-07,DERBY,"DERBY/WEST KIMBERLEY, SHIRE OF","KIMBERLEY, Development Region",4,WEST KIMBERLEY M.F.,Fitzroy Trough,20260112
S0230661,Indee Sand,Indee Sand,Mine,Openpit,Operating,J04433,Indee Sand,118.522957000000005,-20.758832999999999,658546,7703796,50,Sd,Construction material,CONSTRUCTION MATERIALS,,N,,,,,Public,2656,WALLARINGA,SF50-04,PORT HEDLAND,"PORT HEDLAND, TOWN OF","PILBARA, Development Region",45,MARBLE BAR,Mallina Basin,20260112
S0230688,Grosse Rd Lot 61 Hamelin Bay / Doust,Grosse Rd Hamelin Bay Lot 61/ Doust,Mine,Openpit,Operating,J04436,Grosse Road Limesand / Doust,115.066578000000007,-34.240364999999997,321945,6209502,50,Lsd Aglime Lst,Industrial mineral,LIMESTONE - LIMESAND,Grosse Road,Y,"Lsd, Aglime, Lst",Y,,Operating Mine,Public,1929,LEEUWIN,SI50-09,AUGUSTA,"AUGUSTA MARGARET RIVER, SHIRE OF","SOUTH WEST, Development Region",70,SOUTH WEST M.F.,"Pinjarra Orogen, Leeuwin Inlier",20260112
S0230725,Turner River M45/80,Turner River M45/80 / Heidelberg,Mine,Openpit,Operating,J01724,Turner River / Heidelberg Materials,118.517875000000004,-20.603441000000000,658178,7721002,50,Sd Gvl,Construction material,CONSTRUCTION MATERIALS,,N,,,,,Public,2656,WALLARINGA,SF50-04,PORT HEDLAND,"PORT HEDLAND, TOWN OF","PILBARA, Development Region",45,MARBLE BAR,Split Rock Supersuite,20260112
S0230727,South Dongara Aglime,South Dongara Aglime,Mine,Openpit,Operating,J05098,South Dongara / Westdeen Aglime,114.945717999999999,-29.314464999999998,300499,6755422,50,Aglime Lsd Lst,Industrial mineral,LIMESTONE - LIMESAND,South Dongara,Y,"Aglime, Lsd, Lst",Y,,Operating Mine,Public,1839,DONGARA,SH50-05,DONGARA,"IRWIN, SHIRE OF","MID-WEST, Development Region",70,SOUTH WEST M.F.,Dongara Terrace,20260112
S0230767,Beaufort River Dolomite,Beaufort River Dolomite,Mine,Openpit,Operating,J04526,Beaufort River Dolomite,117.053433999999996,-33.574941000000003,504959,6284971,50,Aglime Dol,Industrial mineral,LIMESTONE - LIMESAND,Beaufort River,Y,"Aglime, Dol",Y,,Operating Mine,Public,2330,KOJONUP,SI50-07,DUMBLEYUNG,"WOODANILLING, SHIRE OF","GREAT SOUTHERN, Development Region",70,SOUTH WEST M.F.,Yilgarn Craton granites,20260112
S0230772,Springdale Rd Lot 835 North / Mason Bay Lime,Springdale Rd Jerdacuttup Lot 835 North / Mason Bay Lime,Mine,Openpit,Operating,J04523,Mason Bay Lime / Hanrahan,120.372112000000001,-33.892994999999999,256984,6246599,51,Aglime Lst,Industrial mineral,LIMESTONE - LIMESAND,Mason Bay,Y,"Aglime, Lst",Y,,Operating Mine,Public,2930,RAVENSTHORPE,SI51-05,RAVENSTHORPE,"RAVENSTHORPE, SHIRE OF","GOLDFIELDS-ESPERANCE, Development Region",74,PHILLIPS RIVER M.F.,Scaddan Embayment,20260112
S0230773,Hopetoun-Ravensthorpe Rd Lot 8 South,Hopetoun-Ravensthorpe Rd Lot 8 South,Mine,Openpit,Operating,J04335,Hopetoun Limestone,120.135733000000002,-33.909101999999997,235168,6244228,51,Sd Lsd,Construction material,CONSTRUCTION MATERIALS,,N,,,,,Public,2930,RAVENSTHORPE,SI51-05,RAVENSTHORPE,"RAVENSTHORPE, SHIRE OF","GOLDFIELDS-ESPERANCE, Development Region",74,PHILLIPS RIVER M.F.,"Northern Foreland, Albany-Fraser Orogen",20260112
S0230800,Borden-Bremer Bay Rd Lot 1566 Lime / Buckenara,Borden-Bremer Bay Rd Bremer Bay Lot 1566 Lime / Buckenara,Mine,Openpit,Operating,J04525,Bremer Lime / Buckenara,119.237054999999998,-34.369906000000000,705707,6194561,50,CaO Gvl Sd,Industrial mineral,CONSTRUCTION MATERIALS,Bremer Bay,Y,"CaO, Gvl, Sd",Y,,Operating Mine,Public,2729,BREMER,SI50-12,BREMER BAY,"JERRAMUNGUP, SHIRE OF","GREAT SOUTHERN, Development Region",70,SOUTH WEST M.F.,Esperance Shelf,20260112
S0230803,Homestead Rd Lot 1 Manypeaks Lime/WALCO,Homestead Rd Loc 5310 Lot 1 Manypeaks Lime / WALCO,Mine,Openpit,Operating,J04522,Manypeaks Lime / WALCO,118.199881000000005,-34.892491999999997,609637,6138222,50,Aglime Lst Lsd,Industrial mineral,LIMESTONE - LIMESAND,Manypeaks,Y,"Aglime, Lst, Lsd",Y,,Operating Mine,Public,2528,MANYPEAKS,SI50-11,MOUNT BARKER,"ALBANY, CITY OF","GREAT SOUTHERN, Development Region",70,SOUTH WEST M.F.,Esperance Shelf,20260112
S0230805,Nanarup Rd Lot 101 / Nanarup AgLime,Nanarup Road Lots 101 and A7 Nanarup / Nanarup AgLime,Mine,Openpit,Operating,J04560,Nanarup Limesand / Watkins,118.046946000000005,-34.976666000000002,595564,6129044,50,Lst,Construction material,LIMESTONE - LIMESAND,,N,,,,,Public,2528,MANYPEAKS,SI50-11,MOUNT BARKER,"ALBANY, CITY OF","GREAT SOUTHERN, Development Region",70,SOUTH WEST M.F.,Esperance Shelf,20260112
S0230809,Bindaree Rd Lots 28-29 / AD Contractors,Bindaree Rd Lots 28-29 Cuthbert / AD Contractors,Mine,Openpit,Operating,J03143,Albany Construction Materials / AD Contractors,117.770889999999994,-35.028599000000000,570321,6123514,50,Lst Gvl,Construction material,LIMESTONE - LIMESAND,,N,,,,,Public,2427,ALBANY,SI50-15,ALBANY,"ALBANY, CITY OF","GREAT SOUTHERN, Development Region",70,SOUTH WEST M.F.,Esperance Shelf,20260112
S0230813,R48574 Lot 314 Albany Limestone/ CoA,Reserve 48574 Lot 314 Albany Limestone / City of Albany,Mine,Openpit,Operating,J04579,GBRM / City of Albany,117.817434000000006,-35.040087999999997,574557,6122206,50,Lst,Construction material,LIMESTONE - LIMESAND,,N,,,,,Public,2427,ALBANY,SI50-15,ALBANY,"ALBANY, CITY OF","GREAT SOUTHERN, Development Region",70,SOUTH WEST M.F.,Esperance Shelf,20260112
S0230816,R37684 Lot 7488 Albany Limestone / MRWA,Reserve 37684 Lot 7488 Albany Limestone / Main Roads WA,Mine,Openpit,Operating,J04575,GBRM Great Southern / Main Roads WA,117.814049999999995,-35.042977000000000,574245,6121888,50,Lst,Construction material,LIMESTONE - LIMESAND,,N,,,,,Public,2427,ALBANY,SI50-15,ALBANY,"ALBANY, CITY OF","GREAT SOUTHERN, Development Region",70,SOUTH WEST M.F.,Esperance Shelf,20260112
S0230824,Princess Ave Lot 302 / Rainbow Coast Lst,Princess Ave Robinson Lot 302 / Rainbow Coast Lst,Mine,Openpit,Operating,J06536,Rainbow Coast Limestone,117.827986999999993,-35.051383999999999,575509,6120945,50,Lst,Construction material,LIMESTONE - LIMESAND,,N,,,,,Public,2427,ALBANY,SI50-15,ALBANY,"ALBANY, CITY OF","GREAT SOUTHERN, Development Region",70,SOUTH WEST M.F.,Esperance Shelf,20260112
S0230893,Brealey - Hose North/GMA,Brealey - Hose North/GMA,Mine,Openpit,Operating,J00788,Port Gregory Garnet/GMA,114.202107999999996,-28.077262000000001,225039,6891078,50,Grt Ilm Zrn,Industrial mineral,HEAVY MINERAL SANDS,Brealey - Hose North/GMA,N,,N,,Operating Mine,Public,1741,HUTT,SH50-01,GERALDTON,"NORTHAMPTON, SHIRE OF","MID-WEST, Development Region",70,SOUTH WEST M.F.,Gascoyne Platform,20260112
S0230898,Gruyere,Gruyere,Mine,Openpit,Operating,J04673,Yamarna - Gruyere JV,123.845224000000002,-27.984416000000000,583118,6904236,51,Au Ag,Precious metal,GOLD,Gruyere,N,,Y,,Operating Mine,Public,3642,YAMARNA,SG51-15,THROSSELL,"LAVERTON, SHIRE OF","GOLDFIELDS-ESPERANCE, Development Region",38,MT. MARGARET,Yamarna Terrane,20260112
S0230900,Douglas Rd Lot 31/ WCR,Douglas Rd Beeramullah Lot 31  / WCR,Mine,Openpit,Operating,J04826,Gingin /  WCR,115.759810000000002,-31.144577999999999,381779,6553713,50,Sd,Construction material,CONSTRUCTION MATERIALS,,N,,,,,Public,2035,GINGIN,SH50-14,PERTH,"GINGIN, SHIRE OF","WHEATBELT, Development Region",70,SOUTH WEST M.F.,Beermullah Trough,20260112
S0230918,Shepherds Lagoon Rd Bornholm Lot 2011,Shepherds Lagoon Rd Bornholm Lot 2011,Mine,Openpit,Operating,J04521,Bornholm Lime / Wolfe,117.585665000000006,-35.062213999999997,553403,6119901,50,Lst Lsd,Construction material,LIMESTONE - LIMESAND,,N,,,,,Public,2427,ALBANY,SI50-15,ALBANY,"ALBANY, CITY OF","GREAT SOUTHERN, Development Region",70,SOUTH WEST M.F.,Nornalup Zone,20260112
S0230919,Shepherds Lagoon Rd Lot 250 Old ,Shepherds Lagoon Rd Lot 250 Bornholm Old / Ayres,Mine,Openpit,Operating,J04565,Bornholm Lime / Ayres,117.585003000000000,-35.063271999999998,553342,6119784,50,Lst,Construction material,LIMESTONE - LIMESAND,,N,,,,,Public,2427,ALBANY,SI50-15,ALBANY,"ALBANY, CITY OF","GREAT SOUTHERN, Development Region",70,SOUTH WEST M.F.,Nornalup Zone,20260112
S0230920,Shepherds Lagoon Rd Lot 250/Ayres,Shepherds Lagoon Rd Lot 250 Bornholm  / Ayres,Mine,Openpit,Operating,J04565,Bornholm Lime / Ayres,117.583967000000001,-35.066403000000001,553245,6119437,50,Lst,Construction material,LIMESTONE - LIMESAND,,N,,,,,Public,2427,ALBANY,SI50-15,ALBANY,"ALBANY, CITY OF","GREAT SOUTHERN, Development Region",70,SOUTH WEST M.F.,Nornalup Zone,20260112
S0230957,Crown Jewel - Boorara,Crown Jewel - Boorara,Mine,Openpit,Operating,J02851,Boorara / Horizon,121.641924000000003,-30.803847000000001,370079,6591348,51,Au Ag,Precious metal,GOLD,,N,,,,,Public,3236,KANOWNA,SH51-10,KURNALPI,"KALGOORLIE-BOULDER, CITY OF","GOLDFIELDS-ESPERANCE, Development Region",26,EAST COOLGARDIE,Eastern Goldfields Superterrane,20260112
S0230961,Lynton North/GMA,Lynton North - Port Gregory/GMA,Mine,Openpit,Operating,J00788,Port Gregory Garnet/GMA,114.256259999999997,-28.146616000000002,230537,6883511,50,Grt Ilm Zrn,Industrial mineral,HEAVY MINERAL SANDS,Lynton,Y,"Grt, Ilm, Zrn",Y,,Operating Mine,Public,1741,HUTT,SH50-01,GERALDTON,"NORTHAMPTON, SHIRE OF","MID-WEST, Development Region",70,SOUTH WEST M.F.,Gascoyne Platform,20260112
S0231031,Runway North,Runway North,Mine,Openpit,Operating,J03673,Sanjiv Ridge,119.679263000000006,-21.420490999999998,777740,7628942,50,Fe,Iron,IRON ORE,Runway North,N,,N,,Operating Mine,Public,2855,MARBLE BAR,SF50-08,MARBLE BAR,"EAST PILBARA, SHIRE OF","PILBARA, Development Region",45,MARBLE BAR,Gorge Creek Basin,20260112
S0231032,Shark Gully,Shark Gully / Atlas,Mine,Openpit,Operating,J03673,Sanjiv Ridge,119.669621000000006,-21.450793000000001,776683,7625602,50,Fe,Iron,IRON ORE,Shark Gully / Atlas,N,,N,,Operating Mine,Public,2855,MARBLE BAR,SF50-08,MARBLE BAR,"EAST PILBARA, SHIRE OF","PILBARA, Development Region",45,MARBLE BAR,Gorge Creek Basin,20260112
S0231033,Bandys Rd Sand/Ryles,Bandys Road Sand / Ryles,Mine,Openpit,Operating,J03199,Windarra Northeast Sand / Ryles,122.398143000000005,-28.252832999999999,440962,6874643,51,Sd,Construction material,CONSTRUCTION MATERIALS,,N,,,,,Public,3341,MOUNT VARDEN,SH51-02,LAVERTON,"LAVERTON, SHIRE OF","GOLDFIELDS-ESPERANCE, Development Region",38,MT. MARGARET,Eastern Goldfields Superterrane,20260112
S0231045,Die Hardy North,Die Hardy North,Mine,Openpit,Operating,J02854,Marda / Southern Cross,119.409970999999999,-29.953251999999999,732580,6683952,50,Au Ag,Precious metal,GOLD,Die Hardy North,N,,N,,Operating Mine,Public,2738,JOHNSTON RANGE,SH50-08,BARLEE,"YILGARN, SHIRE OF","WHEATBELT, Development Region",77,YILGARN M.F.,Youanmi Terrane,20260112
S0231046,Die Hardy South,Die Hardy South,Mine,Openpit,Operating,J02854,Marda / Southern Cross,119.412504999999996,-29.956643000000000,732816,6683570,50,Au Ag,Precious metal,GOLD,Die Hardy South,N,,N,,Operating Mine,Public,2738,JOHNSTON RANGE,SH50-08,BARLEE,"YILGARN, SHIRE OF","WHEATBELT, Development Region",77,YILGARN M.F.,Youanmi Terrane,20260112
S0231056,Lake Carmody,Lake Carmody,Mine,Openpit,Operating,J04478,Lake Carmody Gypsum,119.363923999999997,-32.531182000000001,722015,6398221,50,Gp,Industrial mineral,GYPSUM,Lake Carmody,Y,Gp,Y,,Operating Mine,Public,2732,HURLSTONE,SI50-04,HYDEN,"KONDININ, SHIRE OF","WHEATBELT, Development Region",70,SOUTH WEST M.F.,Yilgarn Craton granites,20260112
S0231120,Murrin East ,Murrin East (PAE Production),Mine,Openpit,Operating,J00480,Murrin Murrin / Minara,122.176130000000001,-29.073470000000000,419811,6783594,51,Ni Co,Steel alloy metal,NICKEL,Murrin East,Y,"Ni, Co",Y,,Operating Mine,Public,3339,LAKE CAREY,SH51-06,EDJUDINA,"LEONORA, SHIRE OF","GOLDFIELDS-ESPERANCE, Development Region",39,MT. MORGANS,Eastern Goldfields Superterrane,20260112
S0231154,Piavanini Rd Lot 4477 Gravel / Cannaponics,Piavanini Rd Collie Burn Lot 4477 Gravel / Cannaponics,Mine,Openpit,Operating,J03503,Piavanini Rd / Cannaponics,116.222898000000001,-33.399371000000002,427734,6304167,50,Gvl Sd,Construction material,CONSTRUCTION MATERIALS,,N,,,,,Public,2131,COLLIE,SI50-06,COLLIE,"COLLIE, SHIRE OF","SOUTH WEST, Development Region",12,COLLIE RIVER M.F.,Collie Sub-basin,20260112
S0231157,Coalfields Hwy Lot 501 Granite Shenton Pit / Catalano,Coalfields Hwy Lot 501 Granite Shenton Pit / Catalano,Mine,Openpit,Operating,J03290,Harvey / Catalano,115.903147000000004,-33.303983000000002,397887,6314476,50,Agg Gran,Construction material,CONSTRUCTION MATERIALS,,N,,,,,Public,2031,BUNBURY,SI50-06,COLLIE,"HARVEY, SHIRE OF","SOUTH WEST, Development Region",70,SOUTH WEST M.F.,South West Terrane,20260112
S0231270,R25883 Quarry Rd Esperance Granite / Esperance Shire,Reserve 25883 Quarry Rd Esperance Granite / Esperance Shire,Mine,Openpit,Operating,J04498,GBRM / Shire of Esperance,121.919815999999997,-33.772750000000002,399980,6262516,51,Agg Aggm,Construction material,CONSTRUCTION MATERIALS,,N,,,,,Public,3230,ESPERANCE,SI51-06,ESPERANCE,"ESPERANCE, SHIRE OF","GOLDFIELDS-ESPERANCE, Development Region",63,DUNDAS M.F.,Nornalup Zone,20260112
S0231291,Mulgarrie Well,Mulgarrie Well,Mine,Openpit,Operating,J00292,Paddington - Mt Pleasant,121.508410999999995,-30.375202000000002,356676,6638695,51,Au,Precious metal,GOLD,Mulgarrie Well,N,,N,,Operating Mine,Public,3237,GINDALBIE,SH51-10,KURNALPI,"KALGOORLIE-BOULDER, CITY OF","GOLDFIELDS-ESPERANCE, Development Region",27,KANOWNA,Eastern Goldfields Superterrane,20260112
S0231333,Warrawanda South/Mallett,Warrawanda South / Mallett,Mine,Openpit,Operating,J04503,Warrawanda / Mallett,119.873795000000001,-23.630721000000001,793209,7383708,50,Sd Gvl,Construction material,CONSTRUCTION MATERIALS,,N,,,,,Public,2850,WARRAWANDA,SF50-16,NEWMAN,"MEEKATHARRA, SHIRE OF","MID-WEST, Development Region",52,PEAK HILL M.F.,"Pilbara Craton, Sylvania Inlier",20260112
S0231334,Warrawanda Ck / Mallett,Warrawanda Creek / Mallett,Mine,Openpit,Operating,J04503,Warrawanda / Mallett,119.879700000000000,-23.493110999999999,794118,7398942,50,Sd Gvl,Construction material,CONSTRUCTION MATERIALS,,N,,,,,Public,2851,NEWMAN,SF50-16,NEWMAN,"MEEKATHARRA, SHIRE OF","MID-WEST, Development Region",52,PEAK HILL M.F.,"Pilbara Craton, Sylvania Inlier",20260112
S0231377,Guilderton Rd Lot 900 Limestone / Moore River Sand,Guilderton Rd Lot 900 Limestone / Moore River Sand,Mine,Openpit,Operating,J02071,Moore River Sand and Limestone / Moore River Sand,115.534279999999995,-31.319842999999999,360535,6534023,50,Lst Sd,Construction material,LIMESTONE - LIMESAND,,N,,,,,Public,2035,GINGIN,SH50-14,PERTH,"GINGIN, SHIRE OF","WHEATBELT, Development Region",70,SOUTH WEST M.F.,Vlaming Sub-basin,20260112
S0231378,Guilderton Rd Lot 900 White Sand / Moore River Sand,Guilderton Rd Lot 900 White Sand / Moore River Sand,Mine,Openpit,Operating,J02071,Moore River Sand and Limestone / Moore River Sand,115.538100999999997,-31.317865999999999,360896,6534247,50,Sd,Construction material,CONSTRUCTION MATERIALS,,N,,,,,Public,2035,GINGIN,SH50-14,PERTH,"GINGIN, SHIRE OF","WHEATBELT, Development Region",70,SOUTH WEST M.F.,Vlaming Sub-basin,20260112
S0231379,Guilderton Rd Lot 900 Yellow Sand / Moore River Sand,Guilderton Rd Lot 900 Yellow Sand / Moore River Sand,Mine,Openpit,Operating,J02071,Moore River Sand and Limestone / Moore River Sand,115.532705000000007,-31.320226000000002,360386,6533979,50,Sd,Construction material,CONSTRUCTION MATERIALS,,N,,,,,Public,2035,GINGIN,SH50-14,PERTH,"GINGIN, SHIRE OF","WHEATBELT, Development Region",70,SOUTH WEST M.F.,Vlaming Sub-basin,20260112
S0231390,Gravel Lot 4677,North West Coastal Highway Binnu Lot 4677,Mine,Openpit,Operating,J04511,Binnu Gravel / Simpkin,114.668750000000003,-27.979156000000000,270706,6902917,50,Gvl,Construction material,CONSTRUCTION MATERIALS,,N,,,,,Public,1842,AJANA,SG50-13,AJANA,"NORTHAMPTON, SHIRE OF","MID-WEST, Development Region",66,NORTHAMPTON M.F.,"Pinjarra Orogen, Northampton Inlier",20260112
S0231391,North West Coastal Hwy Lot 6603,North West Coastal Hwy Binnu Lot 6603,Mine,Openpit,Operating,J04511,Binnu Gravel / Simpkin,114.689171999999999,-28.009342000000000,272778,6899610,50,Gvl,Construction material,CONSTRUCTION MATERIALS,,N,,,,,Public,1841,NORTHAMPTON,SH50-01,GERALDTON,"NORTHAMPTON, SHIRE OF","MID-WEST, Development Region",66,NORTHAMPTON M.F.,"Pinjarra Orogen, Northampton Inlier",20260112
S0231429,Invincible South - St Ives,Invincible - St Ives,Mine,Openpit,Operating,J00178,Kambalda - St Ives,121.670727999999997,-31.279900999999999,373467,6538615,51,Au Ag,Precious metal,GOLD,Invincible - St Ives,N,,N,,Operating Mine,Public,3235,LAKE LEFROY,SH51-14,WIDGIEMOOLTHA,"COOLGARDIE, SHIRE OF","GOLDFIELDS-ESPERANCE, Development Region",15,COOLGARDIE,Eastern Goldfields Superterrane,20260112
S0231433,Coalfields Hwy Lots 501 and 21 Stages 9-12 / Catalano,Coalfields Hwy Lots 501 and 21 Stages 9-12 / Catalano,Mine,Openpit,Operating,J03290,Harvey / Catalano,115.901929999999993,-33.280822000000001,397747,6317043,50,Gvl,Construction material,CONSTRUCTION MATERIALS,,N,,,,,Public,2031,BUNBURY,SI50-06,COLLIE,"HARVEY, SHIRE OF","SOUTH WEST, Development Region",70,SOUTH WEST M.F.,South West Terrane,20260112
S0231503,Razorback,Razorback / Atlas,Mine,Openpit,Operating,J03673,Sanjiv Ridge,119.670355999999998,-21.468211000000000,776726,7623671,50,Fe,Iron,IRON ORE,Sanjiv Ridge,N,,Y,,Operating Mine,Public,2855,MARBLE BAR,SF50-08,MARBLE BAR,"EAST PILBARA, SHIRE OF","PILBARA, Development Region",45,MARBLE BAR,Gorge Creek Basin,20260112
S0231535,Pivot Hill PH-Z1/Z2,Pivot Hill PH-Z1/Z2 / JAB,Mine,Openpit,Operating,J04336,Pivot Hill / JAB,128.271226000000013,-15.606529000000000,421875,8274454,52,Agg Bas,Construction material,CONSTRUCTION MATERIALS,,N,,,,,Public,4566,ERSKINE,SD52-14,CAMBRIDGE GULF,"WYNDHAM-EAST KIMBERLEY, SHIRE OF","KIMBERLEY, Development Region",80,KIMBERLEY M.F.,Kalkarindji Large Igneous Province,20260112
S0231546,Shark Bay Rock 2 / Shire,Shark Bay Rock 2 / Shire of Shark Bay,Mine,Openpit,Operating,J01707,GBRM / Shire of Shark Bay,113.656672999999998,-26.110904999999999,765682,7109322,49,Aggc Lst,Construction material,CONSTRUCTION MATERIALS,,N,,,,,Public,1645,PERON,SG49-12,EDEL,"SHARK BAY, SHIRE OF","GASCOYNE, Development Region",9,GASCOYNE M.F.,Gascoyne Platform,20260112
S0231550,R34062 Keenan Rd Lot 1937 / Shire,Reserve 34062 Keenan Rd Monjingup Lot 1937 / Shire of Esperance,Mine,Openpit,Operating,J04498,GBRM / Shire of Esperance,121.831501000000003,-33.819101000000003,391861,6257288,51,Sdc Lsd,Construction material,CONSTRUCTION MATERIALS,,N,,,,,Public,3230,ESPERANCE,SI51-06,ESPERANCE,"ESPERANCE, SHIRE OF","GOLDFIELDS-ESPERANCE, Development Region",63,DUNDAS M.F.,Nornalup Zone,20260112
S0231562,Lime Rd Lot 2 / Ballantyne,Lime Rd Boyatup Lot 2 / Ballantyne,Mine,Openpit,Operating,,,122.281548000000001,-33.850299999999997,433536,6254210,51,Lsd,Construction material,LIMESTONE - LIMESAND,,N,,,,,Public,3330,MERIVALE,SI51-06,ESPERANCE,"ESPERANCE, SHIRE OF","GOLDFIELDS-ESPERANCE, Development Region",63,DUNDAS M.F.,Scaddan Embayment,20260112
S0231569,Mindijup Rd Lot 102 Sand Pit / Armogedin,Mindijup Rd Palmdale Lot 102 Sand Pit / Armogedin,Mine,Openpit,Operating,J04532,Albany / Armogedin (Great Southern Sands/Spinifex),118.071374000000006,-34.762197999999998,598049,6152805,50,Sd Sisd,Construction material,CONSTRUCTION MATERIALS,,N,,,,,Public,2528,MANYPEAKS,SI50-11,MOUNT BARKER,"ALBANY, CITY OF","GREAT SOUTHERN, Development Region",70,SOUTH WEST M.F.,Esperance Shelf,20260112
S0231572,Rocky Crossing Rd Lot 104 West/Armogedin,Rocky Crossing Rd Lot 104 Willyung - West / Armogedin,Mine,Openpit,Operating,J04532,Albany / Armogedin (Great Southern Sands/Spinifex),117.849913000000001,-34.955596999999997,577598,6131550,50,Sd Gvl,Construction material,CONSTRUCTION MATERIALS,,N,,,,,Public,2428,MOUNT BARKER,SI50-11,MOUNT BARKER,"ALBANY, CITY OF","GREAT SOUTHERN, Development Region",70,SOUTH WEST M.F.,Nornalup Zone,20260112
S0231573,Sandpatch Rd Lot 301/Armogedin,Sandpatch Rd Lot 301 Torndirrup / Armogedin,Mine,Openpit,Operating,J04532,Albany / Armogedin (Great Southern Sands/Spinifex),117.823329000000001,-35.051523000000003,575084,6120933,50,Sd Lsd,Construction material,CONSTRUCTION MATERIALS,,N,,,,,Public,2427,ALBANY,SI50-15,ALBANY,"ALBANY, CITY OF","GREAT SOUTHERN, Development Region",70,SOUTH WEST M.F.,Esperance Shelf,20260112
S0231601,Wadrah Plateau 3,Wadrah Plateau Dimension Stone 3,Mine,Openpit,Operating,J04400,Parry Range–Maroonah Marbles / Huau Stone,115.730839000000003,-22.705990000000000,369647,7488469,50,Marb Dol Dst,Construction material,CONSTRUCTION MATERIALS,,N,,,,,Public,2052,BOOLALOO,SF50-10,WYLOO,"ASHBURTON, SHIRE OF","PILBARA, Development Region",8,ASHBURTON M.F.,Edmund Basin,20260112
S0231605,Wadrah Plateau 8,Wadrah Plateau Dimension Stone 8,Mine,Openpit,Operating,J04400,Parry Range–Maroonah Marbles / Huau Stone,115.729658999999998,-22.699535999999998,369519,7489182,50,Marb Dol Dst,Construction material,CONSTRUCTION MATERIALS,,N,,,,,Public,2052,BOOLALOO,SF50-10,WYLOO,"ASHBURTON, SHIRE OF","PILBARA, Development Region",8,ASHBURTON M.F.,Edmund Basin,20260112
S0231621,Brookton Hwy Lot 20 / Bassett,Brookton Hwy Brookton Lot 20 / Bassett,Mine,Openpit,Operating,J04540,Brookton Sand / Bassett,117.037296999999995,-32.361848999999999,503509,6419454,50,Sd,Construction material,CONSTRUCTION MATERIALS,,N,,,,,Public,2333,BROOKTON,SI50-03,CORRIGIN,"BROOKTON, SHIRE OF","WHEATBELT, Development Region",70,SOUTH WEST M.F.,Yilgarn Craton granites,20260112
S0231635,B1 Sat,Turner Syncline B1 Satellite,Mine,Openpit,Operating,J00609,Turner Syncline West,117.472472999999994,-22.678746000000000,548534,7491965,50,Fe,Iron,IRON ORE,Turner Syncline B1 Satellite,N,,N,,Operating Mine,Public,2352,ROCKLEA,SF50-11,MOUNT BRUCE,"ASHBURTON, SHIRE OF","PILBARA, Development Region",47,WEST PILBARA M.F.,Hamersley Basin,20260112
S0231670,L'Haridon Bight South 2,L'Haridon Bight South 2,Mine,Openpit,Operating,J01645,L'Haridon Bight,113.819440000000000,-26.168735999999999,781829,7102570,49,Lsd Shell,Construction material,LIMESTONE - LIMESAND,,N,,,,,Public,1645,PERON,SG49-12,EDEL,"SHARK BAY, SHIRE OF","GASCOYNE, Development Region",9,GASCOYNE M.F.,Gascoyne Platform,20260112
S0231689,Finn Rd Lot 1504 Pit A/Letto,Finn Rd Myalup Lot 1504 Pit A / Letto,Mine,Openpit,Operating,J04543,Myalup Limestone / Letto,115.698891000000003,-32.992815999999998,378441,6348758,50,Lst Sd,Construction material,CONSTRUCTION MATERIALS,,N,,,,,Public,2032,PINJARRA,SI50-02,PINJARRA,"HARVEY, SHIRE OF","SOUTH WEST, Development Region",70,SOUTH WEST M.F.,Mandurah Terrace,20260112
S0231743,Green Head/Yarra Sand,Green Head / Yarra Sand,Mine,Openpit,Operating,J02031,Green Head Limesand,115.003703999999999,-30.103802000000002,307643,6668031,50,Lsd Lst-Lsd Lst,Construction material,LIMESTONE - LIMESAND,,N,,,,,Public,1937,HILL RIVER,SH50-09,HILL RIVER,"COOROW, SHIRE OF","MID-WEST, Development Region",70,SOUTH WEST M.F.,Beagle Ridge,20260112
S0231751,North Kweda Rd Lot 19556,North Kweda Rd Brookton Lot 19556 / Wilkinson,Mine,Openpit,Operating,J04558,Brookton Gravel / Wilkinson,117.411535000000001,-32.295805000000001,538746,6426701,50,Gvl,Construction material,CONSTRUCTION MATERIALS,,N,,,,,Public,2333,BROOKTON,SI50-03,CORRIGIN,"BROOKTON, SHIRE OF","WHEATBELT, Development Region",70,SOUTH WEST M.F.,Yilgarn Craton granites,20260112
S0231755,Corberding Rd Lot 442 and 3387,Corberding Rd Lot 442 and 3387 / Woodbine,Mine,Openpit,Operating,J04556,Brookton Gravel / Woodbine,116.950558000000001,-32.347321000000001,495348,6421064,50,Gvl,Construction material,CONSTRUCTION MATERIALS,,N,,,,,Public,2233,BEVERLEY,SI50-02,PINJARRA,"BROOKTON, SHIRE OF","WHEATBELT, Development Region",70,SOUTH WEST M.F.,Yilgarn Craton granites,20260112
S0231758,Jandabup Sand 2 / Urban Resources,Jandabup Sand 2 / Urban Resources,Mine,Openpit,Operating,J04314,Jandabup Sand / Urban Resources,115.864554999999996,-31.721083000000000,392425,6489919,50,Sd Gvl,Construction material,CONSTRUCTION MATERIALS,,N,,,,,Public,2034,PERTH,SH50-14,PERTH,"WANNEROO, CITY OF",METRO,70,SOUTH WEST M.F.,Mandurah Terrace,20260112
S0231766,Karari UG,Karari Underground Main and Exploration Declines,Mine,Decline,Operating,J02241,Carosue Dam - Khartoum,122.359244000000004,-30.159158999999999,438299,6663405,51,Au Ag,Precious metal,GOLD,Karari,N,,Y,,Operating Mine,Public,3337,MULGABBIE,SH51-10,KURNALPI,"KALGOORLIE-BOULDER, CITY OF","GOLDFIELDS-ESPERANCE, Development Region",28,KURNALPI,Eastern Goldfields Superterrane,20260112
S0231780,Homestead Rd Lot 1 Manypeaks Lime 2/WALCO,Homestead Rd Loc 5310 Lot 1 Manypeaks Lime 2 / WALCO,Mine,Openpit,Operating,J04522,Manypeaks Lime / WALCO,118.207633000000001,-34.899220000000000,610336,6137468,50,Aglime Lst Lst-Lsd,Industrial mineral,LIMESTONE - LIMESAND,Manypeaks,N,,N,,Operating Mine,Public,2528,MANYPEAKS,SI50-11,MOUNT BARKER,"ALBANY, CITY OF","GREAT SOUTHERN, Development Region",70,SOUTH WEST M.F.,Esperance Shelf,20260112
S0231801,Old Newdegate Rd Ravensthorpe Lot 1433 South,Old Newdegate Rd Ravensthorpe Lot 1433 South,Mine,Openpit,Operating,,,120.017994000000002,-33.543160000000000,223104,6284512,51,Gvl Sd,Construction material,CONSTRUCTION MATERIALS,,N,,,,,Public,2930,RAVENSTHORPE,SI51-05,RAVENSTHORPE,"RAVENSTHORPE, SHIRE OF","GOLDFIELDS-ESPERANCE, Development Region",74,PHILLIPS RIVER M.F.,Youanmi Terrane,20260112
S0231817,Cowcowing Lakes South M70/173 M70/1078,Cowcowing Lakes South M70/173 M70/1078,Mine,Openpit,Operating,J00810,Cowcowing Lakes South - Wyalkatchem / Sunnylake,117.347971000000001,-31.014282000000001,533215,6568763,50,Gp,Industrial mineral,GYPSUM,Cowcowing Lakes South,Y,Gp,Y,,Operating Mine,Public,2335,DOWERIN,SH50-15,KELLERBERRIN,"WYALKATCHEM, SHIRE OF","WHEATBELT, Development Region",70,SOUTH WEST M.F.,Yilgarn Craton granites,20260112
S0231819,Rocky Crossing Rd Lot 105 Sand 1 / AL Supplies,Rocky Crossing Rd Lot 105 Sand 1 / Albany Landscape Supplies,Mine,Openpit,Operating,J04563,Albany Sand / Albany Landscape Supplies,117.857320000000001,-34.950631999999999,578280,6132096,50,Sd,Construction material,CONSTRUCTION MATERIALS,,N,,,,,Public,2428,MOUNT BARKER,SI50-11,MOUNT BARKER,"ALBANY, CITY OF","GREAT SOUTHERN, Development Region",70,SOUTH WEST M.F.,Nornalup Zone,20260112
S0231828,Attwell Rd Lot 50/Attwell ,Attwell Rd Lot 50 Cuthbert / Attwell,Mine,Openpit,Operating,J05404,Albany Sand / Attwell,117.787570000000002,-35.027377000000001,571844,6123638,50,Lsd Sd,Construction material,LIMESTONE - LIMESAND,,N,,,,,Public,2427,ALBANY,SI50-15,ALBANY,"ALBANY, CITY OF","GREAT SOUTHERN, Development Region",70,SOUTH WEST M.F.,Esperance Shelf,20260112
S0231829,Mokerdillup Rd Lot 42,Mokerdillup Road Lot 42 Wandillup,Mine,Openpit,Operating,J04566,Wandillup / Taylor,116.096534000000005,-34.054293999999999,416619,6231456,50,Sd,Construction material,CONSTRUCTION MATERIALS,,N,,,,,Public,2129,MANJIMUP,SI50-10,PEMBERTON,"BRIDGETOWN-GREENBUSHES, SHIRE OF","SOUTH WEST, Development Region",70,SOUTH WEST M.F.,South West Terrane,20260112
S0231830,Sandalwood Rd Lot 67/Carbone,Sandalwood Rd Lot 67 Brunswick / Carbone,Mine,Openpit,Operating,J06341,South West Operations EIL  / Carbone,115.909165999999999,-33.188763000000002,398314,6327257,50,Gvl,Construction material,CONSTRUCTION MATERIALS,,N,,,,,Public,2031,BUNBURY,SI50-06,COLLIE,"HARVEY, SHIRE OF","SOUTH WEST, Development Region",70,SOUTH WEST M.F.,Yilgarn Craton granites,20260112
S0231981,Magenta Dolomite/Grant,Magenta Dolomite / Grant,Mine,Openpit,Operating,J04160,Lake Cobham Dolomite / Grant,119.259051999999997,-33.445391000000001,709986,6297053,50,Dol Aglime Cali,Industrial mineral,DOLOMITE,Magenta,Y,"Dol, Aglime, Cali",Y,,Operating Mine,Public,2731,NEWDEGATE,SI50-08,NEWDEGATE,"LAKE GRACE, SHIRE OF","WHEATBELT, Development Region",70,SOUTH WEST M.F.,Yilgarn Craton granites,20260112
S0231998,R41024 Grigg Rd Lort River Quarry / Shire,Reserve 41024 Grigg Rd Lot 2039 Lort River Quarry / Shire of Esperance,Mine,Openpit,Operating,J04498,GBRM / Shire of Esperance,121.416066999999998,-33.408960999999998,352715,6302253,51,Agg,Construction material,CONSTRUCTION MATERIALS,,N,,,,,Public,3131,LORT,SI51-05,RAVENSTHORPE,"ESPERANCE, SHIRE OF","GOLDFIELDS-ESPERANCE, Development Region",63,DUNDAS M.F.,Scaddan Embayment,20260112
S0232008,Keenan Rd Lot 1 / Sharpe,Keenan Rd Monjingup Lot 1 / Sharpe,Mine,Openpit,Operating,J02398,Esperance / Sharpe,121.821004000000002,-33.816490000000002,390886,6257566,51,Sd Lsd,Construction material,CONSTRUCTION MATERIALS,,N,,,,,Public,3230,ESPERANCE,SI51-06,ESPERANCE,"ESPERANCE, SHIRE OF","GOLDFIELDS-ESPERANCE, Development Region",63,DUNDAS M.F.,Nornalup Zone,20260112
S0232023,Boxcut,Nova-Bollinger Boxcut,Mine,Decline,Operating,J04167,Nova-Bollinger,123.174513000000005,-31.812577999999998,516517,6480325,51,Ni Cu Co,Steel alloy metal,NICKEL,Nova-Bollinger Boxcut,N,,N,,Operating Mine,Public,3534,SYMONS HILL,SH51-15,ZANTHUS,"DUNDAS, SHIRE OF","GOLDFIELDS-ESPERANCE, Development Region",28,KURNALPI,Fraser Zone,20260112
S0232049,Heffernans Syenite,Heffernans Syenite,Mine,Openpit,Operating,J00256,Mt Morgans,122.218132999999995,-28.816140000000001,423711,6812133,51,Au Ag,Precious metal,GOLD,Heffernans,N,,Y,,Operating Mine,Public,3340,LAVERTON,SH51-02,LAVERTON,"LAVERTON, SHIRE OF","GOLDFIELDS-ESPERANCE, Development Region",39,MT. MORGANS,Eastern Goldfields Superterrane,20260112
S0232062,Red Hill Dune 1 / NW Quarries,Red Hill Dune 1 / NW Quarries,Mine,Openpit,Operating,J04585,Red Hill / North West Quarries,118.088147000000006,-20.829067999999999,613223,7696387,50,Sd,Construction material,CONSTRUCTION MATERIALS,,N,,,,,Public,2556,YULE,SF50-03,ROEBOURNE,"PORT HEDLAND, TOWN OF","PILBARA, Development Region",47,WEST PILBARA M.F.,Sisters Supersuite,20260112
S0232069,Red Hill River 1/NW Quarries,Red Hill River 1 / NW Quarries,Mine,Openpit,Operating,J04585,Red Hill / North West Quarries,118.085001000000005,-20.831206999999999,612894,7696153,50,Sd,Construction material,CONSTRUCTION MATERIALS,,N,,,,,Public,2556,YULE,SF50-03,ROEBOURNE,"KARRATHA, CITY OF","PILBARA, Development Region",47,WEST PILBARA M.F.,Sisters Supersuite,20260112
S0232080,Mt Welcome South,Mt Welcome South,Mine,Openpit,Operating,J00845,Mt Welcome,117.090734999999995,-20.708331999999999,509448,7710129,50,Gvl,Construction material,CONSTRUCTION MATERIALS,,N,,,,,Public,2356,ROEBOURNE,SF50-03,ROEBOURNE,"KARRATHA, CITY OF","PILBARA, Development Region",47,WEST PILBARA M.F.,Gorge Creek Basin,20260112
S0232082,Waterbank Stn 4,Waterbank Station 4,Mine,Openpit,Operating,J00853,Waterbank Station Sand,122.231566000000001,-17.896353000000001,418602,8021114,51,Sd,Construction material,CONSTRUCTION MATERIALS,,N,,,,,Public,3362,BROOME,SE51-06,BROOME,"BROOME, SHIRE OF","KIMBERLEY, Development Region",4,WEST KIMBERLEY M.F.,Jurgurra Terrace,20260112
S0232083,Waterbank Stn 5,Waterbank Station 5,Mine,Openpit,Operating,J00853,Waterbank Station Sand,122.230868999999998,-17.894324999999998,418527,8021338,51,Sd,Construction material,CONSTRUCTION MATERIALS,,N,,,,,Public,3362,BROOME,SE51-06,BROOME,"BROOME, SHIRE OF","KIMBERLEY, Development Region",4,WEST KIMBERLEY M.F.,Jurgurra Terrace,20260112
S0232107,R41535 Victoria Hwy Kununurra Lot 688 / MRWA,Reserve 41535 Victoria Hwy Kununurra Lot 688 / Main Roads,Mine,Openpit,Operating,J04592,GBRM Kimberley / Main Roads,128.821408999999989,-15.823186000000000,480876,8250615,52,Gvl,Construction material,CONSTRUCTION MATERIALS,,N,,,,,Public,4666,KUNUNURRA,SD52-14,CAMBRIDGE GULF,"WYNDHAM-EAST KIMBERLEY, SHIRE OF","KIMBERLEY, Development Region",80,KIMBERLEY M.F.,Burt Range Shelf,20260112
S0232108,R47333 Crossing Falls Rd Lot 796 / Shire,Reserve 47333 Crossing Falls Rd Lot 796 / Shire of Wyndham East Kimberley,Mine,Openpit,Operating,J04593,GBRM / Shire of Wyndham East Kimberley,128.797056999999995,-15.823979000000000,478268,8250524,52,Gvl,Construction material,CONSTRUCTION MATERIALS,,N,,,,,Public,4666,KUNUNURRA,SD52-14,CAMBRIDGE GULF,"WYNDHAM-EAST KIMBERLEY, SHIRE OF","KIMBERLEY, Development Region",80,KIMBERLEY M.F.,Burt Range Shelf,20260112
S0232109,Gnarlbine Sand 2,Gnarlbine Plaster Sand 2,Mine,Openpit,Operating,J00844,Comet Hill-Gnarlabine / Boral,120.932250999999994,-31.133551000000001,302856,6553757,51,Sd,Construction material,CONSTRUCTION MATERIALS,,N,,,,,Public,3035,WOOLGANGIE,SH51-13,BOORABBIN,"COOLGARDIE, SHIRE OF","GOLDFIELDS-ESPERANCE, Development Region",15,COOLGARDIE,Yilgarn Craton granites,20260112
S0232119,Boundary Rd/Urban Resources,Boundary Rd / Urban Resources,Mine,Openpit,Operating,J04594,Mariginiup-Melaleuca / Urban Resources,115.881872000000001,-31.710982999999999,394053,6491054,50,Sdc Sd Sisd,Construction material,CONSTRUCTION MATERIALS,,N,,,,,Public,2034,PERTH,SH50-14,PERTH,"WANNEROO, CITY OF",METRO,70,SOUTH WEST M.F.,Mandurah Terrace,20260112
S0232120,NMM West,North Marra Mamba West,Mine,Openpit,Operating,J03313,Wonmunna Iron,119.048787000000004,-23.122631999999999,709804,7441431,50,Fe,Iron,IRON ORE,Wonmunna,N,,Y,,Operating Mine,Public,2751,OPHTHALMIA,SF50-16,NEWMAN,"EAST PILBARA, SHIRE OF","PILBARA, Development Region",47,WEST PILBARA M.F.,South Pilbara Sub-basin,20260112
S0232136,Millennium UG,Millennium,Mine,Decline,Operating,J00358,Kundana - White Flag,121.237823000000006,-30.707865000000002,331248,6601448,51,Au Ag,Precious metal,GOLD,Millennium,N,,Y,,Operating Mine,Public,3136,KALGOORLIE,SH51-09,KALGOORLIE,"COOLGARDIE, SHIRE OF","GOLDFIELDS-ESPERANCE, Development Region",16,KUNANALLING,Eastern Goldfields Superterrane,20260112
S0232150,Ludlow-Hithergreen Rd Lot 1986 / Piggott,Ludlow-Hithergreen Rd Lot 1986 Ruabon / Piggott,Mine,Openpit,Operating,J04598,Busselton Sand / Piggott,115.500155000000007,-33.643101000000001,360910,6276406,50,Sd,Construction material,CONSTRUCTION MATERIALS,,N,,,,,Public,2030,DONNYBROOK,SI50-06,COLLIE,"BUSSELTON, CITY OF","SOUTH WEST, Development Region",70,SOUTH WEST M.F.,Bunbury Trough,20260112
S0232158,Forestry Rd Lot 7 Stages1-2 / Versaci,Forestry Rd Uduc Lot 7 Stages 1-2 / Versaci,Mine,Openpit,Operating,J04600,Forestry Road Uduc / Versaci,115.804150000000007,-33.055706999999998,388356,6341902,50,Sd,Construction material,CONSTRUCTION MATERIALS,,N,,,,,Public,2031,BUNBURY,SI50-06,COLLIE,"HARVEY, SHIRE OF","SOUTH WEST, Development Region",70,SOUTH WEST M.F.,Mandurah Terrace,20260112
S0232165,Finn Rd Lot 1734/Versaci,Finn Rd Lot 1734 Myalup / Versaci,Mine,Openpit,Operating,J03443,Bunbury - Harvey / Versaci,115.703280000000007,-33.014811999999999,378882,6346324,50,Lst,Construction material,LIMESTONE - LIMESAND,,N,,,,,Public,2031,BUNBURY,SI50-06,COLLIE,"HARVEY, SHIRE OF","SOUTH WEST, Development Region",70,SOUTH WEST M.F.,Mandurah Terrace,20260112
S0232175,Pippingarra Sand / Westex Rail,Pippingarra Sand / Westex Rail,Mine,Openpit,Operating,J04605,Pippingarra Sand / Westex Rail,118.684161000000003,-20.452335000000001,675683,7737560,50,Sd,Construction material,CONSTRUCTION MATERIALS,,N,,,,,Public,2657,PORT HEDLAND,SF50-04,PORT HEDLAND,"PORT HEDLAND, TOWN OF","PILBARA, Development Region",45,MARBLE BAR,Split Rock Supersuite,20260112
S0232188,R41506 Derby-Gibb River Rd Lot 358 Gravel 1 / MRWA,Reserve 41506 Derby-Gibb River Rd Lot 358 Gravel 1 / Main Roads,Mine,Openpit,Operating,J04592,GBRM Kimberley / Main Roads,123.940710999999993,-17.382636999999999,599931,8077870,51,Gvl,Construction material,CONSTRUCTION MATERIALS,,N,,,,,Public,3663,DERBY,SE51-07,DERBY,"DERBY/WEST KIMBERLEY, SHIRE OF","KIMBERLEY, Development Region",4,WEST KIMBERLEY M.F.,Fitzroy Trough,20260112
S0232189,R41506 Derby-Gibb River Rd Lot 358 Gravel 2 / MRWA,Reserve 41506 Derby-Gibb River Rd Lot 358 Gravel 2 / Main Roads,Mine,Openpit,Operating,J04592,GBRM Kimberley / Main Roads,123.939611999999997,-17.380414999999999,599815,8078116,51,Gvl,Construction material,CONSTRUCTION MATERIALS,,N,,,,,Public,3663,DERBY,SE51-07,DERBY,"DERBY/WEST KIMBERLEY, SHIRE OF","KIMBERLEY, Development Region",4,WEST KIMBERLEY M.F.,Fitzroy Trough,20260112
S0232190,R41506 Derby-Gibb River Rd Lot 358 Gravel 3 / MRWA,Reserve 41506 Derby-Gibb River Rd Lot 358 Gravel 3 / Main Roads,Mine,Openpit,Operating,J04592,GBRM Kimberley / Main Roads,123.940850999999995,-17.377281000000000,599948,8078462,51,Gvl,Construction material,CONSTRUCTION MATERIALS,,N,,,,,Public,3663,DERBY,SE51-07,DERBY,"DERBY/WEST KIMBERLEY, SHIRE OF","KIMBERLEY, Development Region",4,WEST KIMBERLEY M.F.,Fitzroy Trough,20260112
S0232191,Meda North Gravel,Meda North Gravel,Mine,Openpit,Operating,J02445,Lennard and May Rivers / Martin,123.967011999999997,-17.386393999999999,602723,8077440,51,Gvl Brck,Construction material,CONSTRUCTION MATERIALS,,N,,,,,Public,3663,DERBY,SE51-07,DERBY,"DERBY/WEST KIMBERLEY, SHIRE OF","KIMBERLEY, Development Region",4,WEST KIMBERLEY M.F.,Fitzroy Trough,20260112
S0232198,Ellery Rd Lot 14 North / Irwin Limesands,Ellery Rd Lot 14 Yardarino - North / Irwin Limesands,Mine,Openpit,Operating,J04376,Irwin Limesands,114.982611000000006,-29.278086999999999,304013,6759516,50,Lsd,Construction material,LIMESTONE - LIMESAND,,N,,,,,Public,1839,DONGARA,SH50-05,DONGARA,"IRWIN, SHIRE OF","MID-WEST, Development Region",70,SOUTH WEST M.F.,Dongara Terrace,20260112
S0232199,Gascoyne River M09/1352,Gascoyne River M09/152 / Sweetman,Mine,Openpit,Operating,J03792,Gascoyne River / Sweetman,114.032129999999995,-24.745736000000001,199811,7259950,50,Gvl Sd,Construction material,CONSTRUCTION MATERIALS,,N,,,,,Public,1748,DOORAWARRAH,SG50-01,KENNEDY RANGE,"CARNARVON, SHIRE OF","GASCOYNE, Development Region",9,GASCOYNE M.F.,Gascoyne Platform,20260112
S0232200,Dedari Gravel,Dedari Gravel,Mine,Openpit,Operating,J04610,Dedari Gravel and Sand / Kalgoorlie Quarry Products,120.694630000000004,-31.088514000000000,280091,6558303,51,Gvl,Construction material,CONSTRUCTION MATERIALS,,N,,,,,Public,3035,WOOLGANGIE,SH51-13,BOORABBIN,"COOLGARDIE, SHIRE OF","GOLDFIELDS-ESPERANCE, Development Region",15,COOLGARDIE,Yilgarn Craton granites,20260112
S0232201,Dedari Sand,Dedari Sand,Mine,Openpit,Operating,J04610,Dedari Gravel and Sand / Kalgoorlie Quarry Products,120.700703000000004,-31.092956999999998,280681,6557823,51,Sd,Construction material,CONSTRUCTION MATERIALS,,N,,,,,Public,3035,WOOLGANGIE,SH51-13,BOORABBIN,"COOLGARDIE, SHIRE OF","GOLDFIELDS-ESPERANCE, Development Region",15,COOLGARDIE,Yilgarn Craton granites,20260112
S0232227,Lynton North Extension/GMA,Lynton North Extension - Port Gregory/GMA,Mine,Openpit,Operating,J00788,Port Gregory Garnet/GMA,114.255258999999995,-28.142623000000000,230429,6883951,50,Grt Ilm Zrn,Industrial mineral,HEAVY MINERAL SANDS,,N,,,,,Public,1741,HUTT,SH50-01,GERALDTON,"NORTHAMPTON, SHIRE OF","MID-WEST, Development Region",70,SOUTH WEST M.F.,Gascoyne Platform,20260112
S0232253,Old Bunbury Rd Lot 101/Urban Resources,Old Bunbury Rd Lot 101 West Coolup / Urban Resources,Mine,Openpit,Operating,J04615,West Coolup / Urban Resources,115.775617999999994,-32.751845000000003,385301,6375560,50,Sd,Construction material,CONSTRUCTION MATERIALS,,N,,,,,Public,2032,PINJARRA,SI50-02,PINJARRA,"MURRAY, SHIRE OF","PEEL, Development Region",70,SOUTH WEST M.F.,Mandurah Terrace,20260112
S0232256,Mindijup Rd Lot 102 Mindijup Quarry / Armogedin,Mindijup Rd Lot 102 Mindijup Quarry / Armogedin,Mine,Openpit,Operating,J04532,Albany / Armogedin (Great Southern Sands/Spinifex),118.064869000000002,-34.742382999999997,597477,6155009,50,Agg Gran,Construction material,CONSTRUCTION MATERIALS,,N,,,,,Public,2528,MANYPEAKS,SI50-11,MOUNT BARKER,"ALBANY, CITY OF","GREAT SOUTHERN, Development Region",70,SOUTH WEST M.F.,Nornalup Zone,20260112
S0232257,Mt Regal South/Archipelago-Spinifex,Mt Regal South / Archipelago-Spinifex,Mine,Openpit,Operating,J04101,Mt Regal / Archipelago-Spinifex,116.730907999999999,-20.818404000000001,472000,7697927,50,Agg Aggm Bas,Construction material,CONSTRUCTION MATERIALS,,N,,,,,Public,2256,DAMPIER,SF50-02,DAMPIER,"KARRATHA, CITY OF","PILBARA, Development Region",47,WEST PILBARA M.F.,Regal Terrane,20260112
S0232282,Bonnie Vale,Bonnie Vale,Mine,Decline,Operating,J00014,Coolgardie Gold / Focus,121.163269000000000,-30.862362999999998,324389,6584207,51,Au Ag,Precious metal,GOLD,,N,,,,,Public,3136,KALGOORLIE,SH51-09,KALGOORLIE,"COOLGARDIE, SHIRE OF","GOLDFIELDS-ESPERANCE, Development Region",15,COOLGARDIE,Yilgarn Craton granites,20260112
S0232284,Onslow Main 2/NTC,Onslow Main 2 / NTC,Mine,Openpit,Operating,J03206,Onslow / NTC,115.087976999999995,-21.687377999999999,302183,7600555,50,Sd Gvl,Construction material,CONSTRUCTION MATERIALS,,N,,,,,Public,1954,ONSLOW,SF50-05,ONSLOW,"ASHBURTON, SHIRE OF","PILBARA, Development Region",8,ASHBURTON M.F.,Peedamullah Shelf,20260112
S0232285,Onslow Main 3/NTC,Onslow Main 3 / NTC,Mine,Openpit,Operating,J03206,Onslow / NTC,115.090649999999997,-21.687479000000000,302460,7600547,50,Sd Gvl,Construction material,CONSTRUCTION MATERIALS,,N,,,,,Public,1954,ONSLOW,SF50-05,ONSLOW,"ASHBURTON, SHIRE OF","PILBARA, Development Region",8,ASHBURTON M.F.,Peedamullah Shelf,20260112
S0232288,Wadrah Plateau X,Wadrah Plateau Dimension Stone X,Mine,Openpit,Operating,J04400,Parry Range–Maroonah Marbles / Huau Stone,115.729658000000001,-22.696111999999999,369516,7489562,50,Marb Dol Dst,Construction material,CONSTRUCTION MATERIALS,,N,,,,,Public,2052,BOOLALOO,SF50-10,WYLOO,"ASHBURTON, SHIRE OF","PILBARA, Development Region",8,ASHBURTON M.F.,Edmund Basin,20260112
S0232290,Widgiemooltha East M15/234,Widgiemooltha East M15/234,Mine,Openpit,Operating,J00865,Widgiemooltha / Holcim,121.659368000000001,-31.373529999999999,372511,6528224,51,Sd,Construction material,CONSTRUCTION MATERIALS,,N,,,,,Public,3235,LAKE LEFROY,SH51-14,WIDGIEMOOLTHA,"COOLGARDIE, SHIRE OF","GOLDFIELDS-ESPERANCE, Development Region",15,COOLGARDIE,Yilgarn Craton,20260112
S0232294,J4 East,J4 East,Mine,Openpit,Operating,J03423,Carina,119.431724000000003,-30.293766999999999,733875,6646158,50,Fe,Iron,IRON ORE,,N,,,,,Public,2737,JACKSON,SH50-12,JACKSON,"YILGARN, SHIRE OF","WHEATBELT, Development Region",77,YILGARN M.F.,Youanmi Terrane,20260112
S0232305,Nickol Bay Main West/Karratha Earthmoving,Nickol Bay Main West / Karratha Earthmoving,Mine,Openpit,Operating,J01549,Nickol Bay / Karratha Earthmoving,116.902420000000006,-20.729320999999999,489840,7707806,50,Sd,Construction material,CONSTRUCTION MATERIALS,,N,,,,,Public,2256,DAMPIER,SF50-02,DAMPIER,"KARRATHA, CITY OF","PILBARA, Development Region",47,WEST PILBARA M.F.,Gorge Creek Basin,20260112
S0232306,Warrawanda Ck 2/Holcim,Warrawanda Creek 2 / Holcim,Mine,Openpit,Operating,J00864,Warrawanda Creek / Holcim,119.873693000000003,-23.474136999999999,793546,7401058,50,Sd,Construction material,CONSTRUCTION MATERIALS,,N,,,,,Public,2851,NEWMAN,SF50-16,NEWMAN,"MEEKATHARRA, SHIRE OF","MID-WEST, Development Region",52,PEAK HILL M.F.,"Pilbara Craton, Sylvania Inlier",20260112
S0232343,Calinup Rd Gelorup Lot 74 / BCP,Calinup Rd Gelorup Lot 74 / BCP,Mine,Openpit,Operating,J06581,Capel / BCP Materials,115.626411000000004,-33.444586999999999,372328,6298581,50,Sd,Construction material,CONSTRUCTION MATERIALS,,N,,,,,Public,2031,BUNBURY,SI50-06,COLLIE,"CAPEL, SHIRE OF","SOUTH WEST, Development Region",70,SOUTH WEST M.F.,Bunbury Trough,20260112
S0232353,Meda North Ext 1,Meda North Gravel Extension 1,Mine,Openpit,Operating,J02445,Lennard and May Rivers / Martin,123.965356000000000,-17.385683000000000,602547,8077520,51,Gvl,Construction material,CONSTRUCTION MATERIALS,,N,,,,,Public,3663,DERBY,SE51-07,DERBY,"DERBY/WEST KIMBERLEY, SHIRE OF","KIMBERLEY, Development Region",4,WEST KIMBERLEY M.F.,Fitzroy Trough,20260112
S0232359,Savannah,Savannah Quarry / JSW,Mine,Openpit,Operating,J00842,Kununurra / JSW,128.411314000000004,-15.862912000000000,436972,8246140,52,Agg,Construction material,CONSTRUCTION MATERIALS,,N,,,,,Public,4566,ERSKINE,SD52-14,CAMBRIDGE GULF,"WYNDHAM-EAST KIMBERLEY, SHIRE OF","KIMBERLEY, Development Region",80,KIMBERLEY M.F.,Kalkarindji Large Igneous Province,20260112
S0232361,Turner Sand / North,Turner River Sand / North,Mine,Openpit,Operating,J04625,Turner River / North,118.477609999999999,-20.515910999999999,654068,7730729,50,Sd Gvl,Construction material,CONSTRUCTION MATERIALS,,N,,,,,Public,2556,YULE,SF50-03,ROEBOURNE,"PORT HEDLAND, TOWN OF","PILBARA, Development Region",45,MARBLE BAR,Split Rock Supersuite,20260112
S0232374,South Crossman Rd Lot 92 / Lyster,South Crossman Rd Crossman Lot 92 / Lyster,Mine,Openpit,Operating,J04624,South Crossman Rd Crossman / Lyster,116.626227000000000,-32.852516000000001,465025,6365001,50,Gvl,Construction material,CONSTRUCTION MATERIALS,,N,,,,,Public,2232,CROSSMAN,SI50-02,PINJARRA,"BODDINGTON, SHIRE OF","PEEL, Development Region",70,SOUTH WEST M.F.,Yilgarn Craton granites,20260112
S0232393,Turner River South M45/1193,Turner River South M45/1193 / Heidelberg,Mine,Openpit,Operating,J01724,Turner River / Heidelberg Materials,118.486217999999994,-20.537129000000000,654945,7728372,50,Sd Gvl,Construction material,CONSTRUCTION MATERIALS,,N,,,,,Public,2556,YULE,SF50-03,ROEBOURNE,"PORT HEDLAND, TOWN OF","PILBARA, Development Region",45,MARBLE BAR,Split Rock Supersuite,20260112
S0232398,King Rd Lot 102 / Urban Resources,King Rd Oldbury Lot 102 / Urban Resources,Mine,Openpit,Operating,J04692,Oldbury / Urban Resources,115.908169000000001,-32.263033999999998,397164,6429885,50,Sdc,Construction material,CONSTRUCTION MATERIALS,,N,,,,,Public,2033,FREMANTLE,SI50-02,PINJARRA,"SERPENTINE-JARRAHDALE, SHIRE OF","PEEL, Development Region",70,SOUTH WEST M.F.,Mandurah Terrace,20260112
S0232399,Martin Rd Lot 202 / Catalano,Martin Rd Mornington Lot 202 / Catalano,Mine,Openpit,Operating,J03290,Harvey / Catalano,115.920159999999996,-33.167352000000001,399314,6329641,50,Gvl,Construction material,CONSTRUCTION MATERIALS,,N,,,,,Public,2031,BUNBURY,SI50-06,COLLIE,"HARVEY, SHIRE OF","SOUTH WEST, Development Region",70,SOUTH WEST M.F.,Yilgarn Craton granites,20260112
S0232400,Martin Rd Lot 202 and 104 / Catalano,Martin Rd Mornington Lot 202 and 104 / Catalano,Mine,Openpit,Operating,J03290,Harvey / Catalano,115.928805999999994,-33.173172000000001,400127,6329004,50,Gvl,Construction material,CONSTRUCTION MATERIALS,,N,,,,,Public,2031,BUNBURY,SI50-06,COLLIE,"HARVEY, SHIRE OF","SOUTH WEST, Development Region",70,SOUTH WEST M.F.,Yilgarn Craton granites,20260112
S0232401,Hopeland Rd Lot 371 / Goodfeel,Hopeland Rd Hopeland Lot 371 / Goodfeel,Mine,Openpit,Operating,J04691,Hopeland / Goodfeel,115.906034000000005,-32.395422000000003,397112,6415207,50,Sd,Construction material,CONSTRUCTION MATERIALS,,N,,,,,Public,2033,FREMANTLE,SI50-02,PINJARRA,"SERPENTINE-JARRAHDALE, SHIRE OF","PEEL, Development Region",70,SOUTH WEST M.F.,Mandurah Terrace,20260112
S0232407,Wilga Granite 2,Wilga Granite 2,Mine,Openpit,Operating,J04041,Port Hedland / Stirling-Swan,118.961076000000006,-20.415901000000002,704625,7741272,50,Aggm Gran Agg Sd Brck,Construction material,CONSTRUCTION MATERIALS,,N,,,,,Public,2657,PORT HEDLAND,SF50-04,PORT HEDLAND,"PORT HEDLAND, TOWN OF","PILBARA, Development Region",45,MARBLE BAR,Sisters Supersuite,20260112
S0232453,Whirling Dervish UG,Whirling Dervish Underground,Mine,Decline,Operating,J02241,Carosue Dam - Khartoum,122.357742000000002,-30.141984000000001,438143,6665307,51,Au Ag,Precious metal,GOLD,Whirling Dervish,N,,Y,,Operating Mine,Public,3337,MULGABBIE,SH51-10,KURNALPI,"MENZIES, SHIRE OF","GOLDFIELDS-ESPERANCE, Development Region",31,YERILLA,Eastern Goldfields Superterrane,20260112
S0232496,Stanley Rd Lot 43/Resource Recovery,Stanley Rd Wellesley Lot 43 / Peel Resource Recovery,Mine,Openpit,Operating,J04764,Harvey / Peel Resource Recovery,115.752104000000003,-33.246305999999997,383748,6320713,50,Sd,Construction material,CONSTRUCTION MATERIALS,,N,,,,,Public,2031,BUNBURY,SI50-06,COLLIE,"HARVEY, SHIRE OF","SOUTH WEST, Development Region",70,SOUTH WEST M.F.,Bunbury Trough,20260112
S0232501,Redmond West Road Lot 4 Loc  2785 / Walker,Redmond West Rd Redmond West Lot 4 Loc 2785 / Walker,Mine,Openpit,Operating,J04640,Redmond West / Walker,117.490032999999997,-34.916553999999998,544762,6136101,50,Gvl,Construction material,CONSTRUCTION MATERIALS,,N,,,,,Public,2328,DENMARK,SI50-11,MOUNT BARKER,"ALBANY, CITY OF","GREAT SOUTHERN, Development Region",70,SOUTH WEST M.F.,Esperance Shelf,20260112
S0232565,Waterbank Pindan,Waterbank Pindan / Gundara,Mine,Openpit,Operating,J04448,Broome Pindan Sand / Gundara,122.268084000000002,-17.884108000000001,422465,8022484,51,Sd,Construction material,CONSTRUCTION MATERIALS,,N,,,,,Public,3362,BROOME,SE51-06,BROOME,"BROOME, SHIRE OF","KIMBERLEY, Development Region",4,WEST KIMBERLEY M.F.,Jurgurra Terrace,20260112
S0232566,Wickham/Norwest,Wickham / Norwest,Mine,Openpit,Operating,J04328,Cossack-Wickham Aggregate / Norwest,117.144802999999996,-20.657795000000000,515083,7715717,50,Gvl,Construction material,CONSTRUCTION MATERIALS,,N,,,,,Public,2356,ROEBOURNE,SF50-03,ROEBOURNE,"KARRATHA, CITY OF","PILBARA, Development Region",47,WEST PILBARA M.F.,Gorge Creek Basin,20260112
S0232567,Thomas Rd 3 / Waste Stream,Thomas Rd - Kwinana 3 / Waste Stream,Mine,Openpit,Operating,J02482,Thomas Rd - Kwinana / Waste Stream,115.796529000000007,-32.225211999999999,386601,6433966,50,Sd Lst-Lsd Lst Agg,Construction material,CONSTRUCTION MATERIALS,,N,,,,,Public,2033,FREMANTLE,SI50-02,PINJARRA,"KWINANA, CITY OF",METRO,70,SOUTH WEST M.F.,Mandurah Terrace,20260112
S0232605,Lake Morris Gypsum,Lake Morris Gypsum,Mine,Openpit,Operating,J01165,Lakes Cobham-Morris Gypsum / Grant,119.238986999999995,-33.478251999999998,708042,6293449,50,Gp,Industrial mineral,GYPSUM,Lake Morris,Y,Gp,Y,,Operating Mine,Public,2731,NEWDEGATE,SI50-08,NEWDEGATE,"LAKE GRACE, SHIRE OF","WHEATBELT, Development Region",70,SOUTH WEST M.F.,Yilgarn Craton granites,20260112
S0232638,Lawson Rd Lot 1123 / ACPH,Lawson Rd Palmer Lot 1123 Britten Gravel Pit / ACPH,Mine,Openpit,Operating,J06594,Collie / Amalamagted Civil and Plant Hire,116.228555000000000,-33.294429999999998,428174,6315806,50,Gvl Sd,Construction material,CONSTRUCTION MATERIALS,,N,,,,,Public,2131,COLLIE,SI50-06,COLLIE,"COLLIE, SHIRE OF","SOUTH WEST, Development Region",70,SOUTH WEST M.F.,Yilgarn Craton granites,20260112
S0232691,Mt Regal North / Heidelberg,Mt Regal North / Heidelberg,Mine,Openpit,Operating,J00850,Mt Regal / Heidelberg Materials,116.751941000000002,-20.819113000000002,474189,7697852,50,Agg Bas Brck Sd,Construction material,CONSTRUCTION MATERIALS,,N,,,,,Public,2256,DAMPIER,SF50-02,DAMPIER,"KARRATHA, CITY OF","PILBARA, Development Region",47,WEST PILBARA M.F.,Regal Terrane,20260112
S0232704,Jindong-Treeton Road Lot 4201 Guthrie Sand / Leeuwin,Jindong-Treeton Road Kaloorup Lot 4201 Guthrie Sand / Leeuwin,Mine,Openpit,Operating,J04675,Busselton-Cowaramup / Leeuwin Civil,115.206704999999999,-33.766047999999998,333930,6262339,50,Sd,Construction material,CONSTRUCTION MATERIALS,,N,,,,,Public,1930,BUSSELTON,SI50-05,BUSSELTON,"BUSSELTON, CITY OF","SOUTH WEST, Development Region",70,SOUTH WEST M.F.,Vasse Shelf,20260112
S0232738,Harris Rd Lot 1503 / Ghasseb,Harris Rd Myalup Lot 1503 / Ghasseb,Mine,Openpit,Operating,J06188,Myalup / Ghasseb,115.699642999999995,-33.004643000000002,378528,6347447,50,Sd Lst,Construction material,CONSTRUCTION MATERIALS,,N,,,,,Public,2031,BUNBURY,SI50-06,COLLIE,"HARVEY, SHIRE OF","SOUTH WEST, Development Region",70,SOUTH WEST M.F.,Mandurah Terrace,20260112
S0232739,Midlands Rd Lot 1 Sand 2 / Forward,Midlands Rd Mt Horner Lot 1 Sand 2 / Forward,Mine,Openpit,Operating,J04682,Mingenew / Forward,115.153910999999994,-29.194386999999999,320512,6769067,50,Sd,Construction material,CONSTRUCTION MATERIALS,,N,,,,,Public,1939,MINGENEW,SH50-05,DONGARA,"IRWIN, SHIRE OF","MID-WEST, Development Region",70,SOUTH WEST M.F.,Dandaragan Trough,20260112
S0232741,Great Northern Hwy Lot M1920 Sand / Sweetman,Great Northern Hwy Muchea Lot M1920 Sand / Sweetman,Mine,Openpit,Operating,J04683,Muchea / Sweetman,116.017211000000003,-31.542387000000002,406710,6509867,50,Sd,Construction material,CONSTRUCTION MATERIALS,,N,,,,,Public,2134,WOOROLOO,SH50-14,PERTH,"CHITTERING, SHIRE OF","WHEATBELT, Development Region",70,SOUTH WEST M.F.,Beermullah Trough,20260112
S0232742,Great Northern Hwy Lot M1920 Gravel / Sweetman,Great Northern Hwy Muchea Lot M1920 Gravel / Sweetman,Mine,Openpit,Operating,J04683,Muchea / Sweetman,116.013510999999994,-31.542086999999999,406359,6509897,50,Gvl,Construction material,CONSTRUCTION MATERIALS,,N,,,,,Public,2134,WOOROLOO,SH50-14,PERTH,"CHITTERING, SHIRE OF","WHEATBELT, Development Region",70,SOUTH WEST M.F.,Beermullah Trough,20260112
S0232745,Lake Cifton Rd Lot 1001/Cougar,Lake Cifton Rd  Lake Clifton Lot 1001 / Cougar Sand Supplies,Mine,Openpit,Operating,J04685,Lake Clifton / Cougar,115.717365999999998,-32.828690000000002,379946,6366976,50,Sd,Construction material,CONSTRUCTION MATERIALS,,N,,,,,Public,2032,PINJARRA,SI50-02,PINJARRA,"WAROONA, SHIRE OF","PEEL, Development Region",70,SOUTH WEST M.F.,Mandurah Terrace,20260112
S0232765,Yates Rd Lot 828 Area 1 North / Carbone,Yates Rd Capel Lot 828 Area 1 North / Carbone,Mine,Openpit,Operating,J06341,South West Operations EIL  / Carbone,115.688955000000007,-33.632598000000002,378405,6277809,50,Gvl,Construction material,CONSTRUCTION MATERIALS,,N,,,,,Public,2030,DONNYBROOK,SI50-06,COLLIE,"CAPEL, SHIRE OF","SOUTH WEST, Development Region",70,SOUTH WEST M.F.,Bunbury Trough,20260112
S0232768,Myalup State Forest 1,Myalup State Forest Limestone / FPC 1,Mine,Openpit,Operating,J04688,Myalup State Forest Limestone / FPC,115.749319000000000,-32.943297999999999,383088,6354305,50,Lst,Construction material,LIMESTONE - LIMESAND,,N,,,,,Public,2032,PINJARRA,SI50-02,PINJARRA,"HARVEY, SHIRE OF","SOUTH WEST, Development Region",70,SOUTH WEST M.F.,Mandurah Terrace,20260112
S0232771,Myalup State Forest 4,Myalup State Forest Limestone / FPC 4,Mine,Openpit,Operating,J04688,Myalup State Forest Limestone / FPC,115.767050999999995,-33.042760999999999,384875,6343297,50,Lst,Construction material,LIMESTONE - LIMESAND,,N,,,,,Public,2031,BUNBURY,SI50-06,COLLIE,"HARVEY, SHIRE OF","SOUTH WEST, Development Region",70,SOUTH WEST M.F.,Mandurah Terrace,20260112
S0232772,Meotti Rd Lot 1000 Donnybrook,Meotti Road Lot 1000 Donnybrook,Mine,Openpit,Operating,J02453,Donnybrook Stone / Jie Yang,115.828969000000001,-33.524397000000000,391256,6289962,50,Dst Sdst,Construction material,DIMENSION STONE,,N,,,,,Public,2030,DONNYBROOK,SI50-06,COLLIE,"DONNYBROOK-BALINGUP, SHIRE OF","SOUTH WEST, Development Region",70,SOUTH WEST M.F.,Bunbury Trough,20260112
S0232793,F-East,West Angelas Deposit F- East Pit,Mine,Openpit,Operating,J00706,West Angelas,118.862342999999996,-23.191424999999999,690609,7434069,50,Fe,Iron,IRON ORE,West Angelas Deposit F- East Pit,N,,N,,Operating Mine,Public,2651,GOVERNOR,SF50-16,NEWMAN,"EAST PILBARA, SHIRE OF","PILBARA, Development Region",47,WEST PILBARA M.F.,Hamersley Basin,20260112
S0232794,F-West,West Angelas Deposit F- West Pit,Mine,Openpit,Operating,J00706,West Angelas,118.826100999999994,-23.193411000000001,686896,7433896,50,Fe,Iron,IRON ORE,West Angelas Deposit F- West Pit,N,,N,,Operating Mine,Public,2651,GOVERNOR,SF50-16,NEWMAN,"EAST PILBARA, SHIRE OF","PILBARA, Development Region",47,WEST PILBARA M.F.,Hamersley Basin,20260112
S0232795,Myalup State Forest 5,Myalup State Forest Limestone / FPC 5,Mine,Openpit,Operating,J04688,Myalup State Forest Limestone / FPC,115.731533999999996,-32.875266000000003,381335,6361828,50,Lst,Construction material,LIMESTONE - LIMESAND,,N,,,,,Public,2032,PINJARRA,SI50-02,PINJARRA,"WAROONA, SHIRE OF","PEEL, Development Region",70,SOUTH WEST M.F.,Mandurah Terrace,20260112
S0232798,Wandena Rd Lot 6/ Midland Brick,Wandena Rd Muchea Lot 6 / Midland Brick,Mine,Openpit,Operating,J02056,Muchea - Bullsbrook North / Boral,116.023162999999997,-31.571739999999998,407304,6506618,50,Cyfi Shale Gvl,Construction material,CLAYS,,N,,,,,Public,2134,WOOROLOO,SH50-14,PERTH,"CHITTERING, SHIRE OF","WHEATBELT, Development Region",70,SOUTH WEST M.F.,Beermullah Trough,20260112
S0232834,Red Hill Creek West,Red Hill Creek West,Mine,Openpit,Under Development,J00753,West Pilbara - Red Hill / API,116.292826000000005,-22.077090999999999,427043,7558471,50,Fe,Iron,IRON ORE,Red Hill Creek West,N,,N,,Operating Mine,Public,2153,MOUNT STUART,SF50-10,WYLOO,"ASHBURTON, SHIRE OF","PILBARA, Development Region",8,ASHBURTON M.F.,Hamersley Basin,20260112
S0232857,Exmouth Sand / Heidelberg,Exmouth Sand / Heidelberg,Mine,Openpit,Operating,J04703,Exmouth Sand / Heidelberg,114.122045999999997,-21.871545000000001,202577,7578607,50,Sd,Construction material,CONSTRUCTION MATERIALS,,N,,,,,Public,1754,EXMOUTH,SF50-05,ONSLOW,"EXMOUTH, SHIRE OF","GASCOYNE, Development Region",8,ASHBURTON M.F.,Exmouth Sub-basin,20260112
S0232873,W7 New,Windarling W7 New,Mine,Openpit,Operating,J00559,Koolyanobbing Iron,119.245677999999998,-30.006650000000000,716604,6678354,50,Fe,Iron,IRON ORE,Windarling W7 New,N,,N,,Operating Mine,Public,2737,JACKSON,SH50-12,JACKSON,"YILGARN, SHIRE OF","WHEATBELT, Development Region",77,YILGARN M.F.,Youanmi Terrane,20260112
S0232954,Piesse Rd Lot 4492 East / GSQ,Piesse Rd Piesseville Lot 4492 East / Great Southern Quarries,Mine,Openpit,Operating,J04409,Wagin / Great Southern Quarries,117.312310999999994,-33.215186000000003,529104,6324814,50,Sd,Construction material,CONSTRUCTION MATERIALS,,N,,,,,Public,2331,WAGIN,SI50-07,DUMBLEYUNG,"WAGIN, SHIRE OF","WHEATBELT, Development Region",70,SOUTH WEST M.F.,Yilgarn Craton granites,20260112
S0232991,Scahill Gravel,Scahill Gravel,Mine,Openpit,Operating,J04158,Scahill Sand-Gravel,121.278398999999993,-31.191203999999999,335963,6547931,51,Gvl,Construction material,CONSTRUCTION MATERIALS,,N,,,,,Public,3135,YILMIA,SH51-13,BOORABBIN,"COOLGARDIE, SHIRE OF","GOLDFIELDS-ESPERANCE, Development Region",15,COOLGARDIE,Yilgarn Craton granites,20260112
S0233004,Cataby Pit 7,Cataby Pit 7,Mine,Openpit,Operating,J00478,Cataby / Iluka,115.537772000000004,-30.765198000000002,360059,6595506,50,HM Ilm Zrn Rt Grt Leu IlmRt-syn St Mnz,Speciality metal,HEAVY MINERAL SANDS,,N,,,,,Public,2036,DANDARAGAN,SH50-10,MOORA,"DANDARAGAN, SHIRE OF","WHEATBELT, Development Region",70,SOUTH WEST M.F.,Coomallo Trough,20260112
S0233005,Cataby Pit 11,Cataby Pit 11,Mine,Openpit,Operating,J00478,Cataby / Iluka,115.527278999999993,-30.752181000000000,359035,6596936,50,HM Ilm Zrn Rt Leu St Grt Mnz,Speciality metal,HEAVY MINERAL SANDS,Cataby Pit 11,N,,N,,Operating Mine,Public,2036,DANDARAGAN,SH50-10,MOORA,"DANDARAGAN, SHIRE OF","WHEATBELT, Development Region",70,SOUTH WEST M.F.,Coomallo Trough,20260112
S0233021,Cataby Pit 13,Cataby Pit 13,Mine,Openpit,Operating,J00478,Cataby / Iluka,115.532612999999998,-30.737314000000001,359524,6598590,50,HM Ilm Zrn Leu Rt St Grt Mnz,Speciality metal,HEAVY MINERAL SANDS,Cataby Pit 13,N,,N,,Operating Mine,Public,2036,DANDARAGAN,SH50-10,MOORA,"DANDARAGAN, SHIRE OF","WHEATBELT, Development Region",70,SOUTH WEST M.F.,Coomallo Trough,20260112
S0233023,Cataby Pit 9,Cataby Pit 9,Mine,Openpit,Operating,J00478,Cataby / Iluka,115.545896999999997,-30.743228999999999,360805,6597951,50,HM Ilm Zrn Rt Leu St Grt Mnz IlmRt-syn,Speciality metal,HEAVY MINERAL SANDS,Cataby Pit 9,N,,N,,Operating Mine,Public,2036,DANDARAGAN,SH50-10,MOORA,"DANDARAGAN, SHIRE OF","WHEATBELT, Development Region",70,SOUTH WEST M.F.,Coomallo Trough,20260112
S0233045,Scrubby Hill South/Carnarvon Hardrock,Scrubby Hill South / Carnarvon Hardrock,Mine,Openpit,Operating,J02721,Scrubby Hill Limestone / Carnarvon Hardrock,113.734316000000007,-24.770420999999999,776498,7257707,49,Lst Agg,Construction material,LIMESTONE - LIMESAND,,N,,,,,Public,1648,CARNARVON,SG49-04,QUOBBA,"CARNARVON, SHIRE OF","GASCOYNE, Development Region",9,GASCOYNE M.F.,Gascoyne Platform,20260112
S0233080,Sandy Ridge / Tellus,Sandy Ridge / Tellus,Mine,Openpit,Under Development,J04723,Sandy Ridge Kaolin / Tellus,120.085353999999995,-30.356089999999998,219839,6638153,51,Kln,Industrial mineral,CLAYS,Sandy Ridge,Y,Kln,Y,,Operating Mine,Public,2937,NEARANGING,SH51-09,KALGOORLIE,"COOLGARDIE, SHIRE OF","GOLDFIELDS-ESPERANCE, Development Region",16,KUNANALLING,Youanmi Terrane,20260112
S0233081,R9607 Beelerup Gravel / Shire,Reserve 9607 Beelerup Gravel / Shire of Donnybrook Balingup,Mine,Openpit,Operating,J04726,GBRM / Shire of Donnybrook-Balingup,115.856038999999996,-33.561650999999998,393815,6285859,50,Gvl,Construction material,CONSTRUCTION MATERIALS,,N,,,,,Public,2030,DONNYBROOK,SI50-06,COLLIE,"DONNYBROOK-BALINGUP, SHIRE OF","SOUTH WEST, Development Region",70,SOUTH WEST M.F.,Bunbury Trough,20260112
S0233083,Bravo Pits,Bravo - Roy Hill,Mine,Openpit,Operating,J02889,Roy Hill Iron Ore,119.925838999999996,-22.470300000000002,801095,7512176,50,Fe,Iron,IRON ORE,Bravo,N,,Y,,Operating Mine,Public,2853,WARRIE,SF50-12,ROY HILL,"EAST PILBARA, SHIRE OF","PILBARA, Development Region",46,NULLAGINE,Hamersley Basin,20260112
S0233084,Zulu Pits,Zulu - Roy Hill,Mine,Openpit,Operating,J02889,Roy Hill Iron Ore,119.896013999999994,-22.442993000000001,798082,7515261,50,Fe,Iron,IRON ORE,Zulu,N,,Y,,Operating Mine,Public,2853,WARRIE,SF50-12,ROY HILL,"EAST PILBARA, SHIRE OF","PILBARA, Development Region",46,NULLAGINE,Hamersley Basin,20260112
S0233127,Cove East,Cove East,Mine,Openpit,Operating,J03432,Abydos,119.093221000000000,-21.152985000000001,717359,7659488,50,Fe,Iron,IRON ORE,,N,,,,,Public,2755,NORTH SHAW,SF50-08,MARBLE BAR,"EAST PILBARA, SHIRE OF","PILBARA, Development Region",45,MARBLE BAR,Gorge Creek Basin,20260112
S0233130,Collins Rd Lot 190 / Piacentini,Collins Rd Boyanup Lot 190 / Piacentini,Mine,Openpit,Operating,J03234,Capel / Piacentini,115.768953999999994,-33.467782999999997,385608,6296175,50,Gvl,Construction material,CONSTRUCTION MATERIALS,,N,,,,,Public,2031,BUNBURY,SI50-06,COLLIE,"CAPEL, SHIRE OF","SOUTH WEST, Development Region",70,SOUTH WEST M.F.,Bunbury Trough,20260112
S0233137,Bussell Hwy Lot 1062 Duggans Pit / Catalano,Bussell Hwy Lot 1062 Duggans Pit / Catalano,Mine,Openpit,Operating,J04734,Augusta-Margaret River / Catalano,115.097646999999995,-33.875214999999997,324053,6250051,50,Gvl,Construction material,CONSTRUCTION MATERIALS,,N,,,,,Public,1930,BUSSELTON,SI50-05,BUSSELTON,"AUGUSTA MARGARET RIVER, SHIRE OF","SOUTH WEST, Development Region",70,SOUTH WEST M.F.,"Pinjarra Orogen, Leeuwin Inlier",20260112
S0233167,Slippers,Slippers,Mine,Openpit,Operating,J00056,Central Norseman,121.808699000000004,-32.132364000000003,387634,6444271,51,Au Ag,Precious metal,GOLD,,N,,,,,Public,3233,NORSEMAN,SI51-02,NORSEMAN,"DUNDAS, SHIRE OF","GOLDFIELDS-ESPERANCE, Development Region",63,DUNDAS M.F.,Eastern Goldfields Superterrane,20260112
S0233202,Coopers,Coopers,Mine,Openpit,Operating,J00009,Duketon / Regis Resources,122.340477000000007,-27.712087000000000,434981,6934516,51,Au Ag,Precious metal,GOLD,Coopers,N,,N,,Operating Mine,Public,3342,DUKETON,SG51-14,DUKETON,"LAVERTON, SHIRE OF","GOLDFIELDS-ESPERANCE, Development Region",38,MT. MARGARET,Burtville Terrane,20260112
S0233235,Jandabup Sand/Holcim,Jandabup Sand / Holcim,Mine,Openpit,Operating,J04749,Jandabup Sand / Holcim,115.857505000000003,-31.733823000000001,391771,6488499,50,Sd Sdc,Construction material,CONSTRUCTION MATERIALS,,N,,,,,Public,2034,PERTH,SH50-14,PERTH,"WANNEROO, CITY OF",METRO,70,SOUTH WEST M.F.,Mandurah Terrace,20260112
S0233255,Springhill Rd Lot 2 Sand / Giacci,Springhill Rd Parkfield Lot 2 Sand / Giacci,Mine,Openpit,Operating,J03786,Harvey / Giacci,115.713866999999993,-33.171875000000000,380084,6328922,50,Sd,Construction material,CONSTRUCTION MATERIALS,,N,,,,,Public,2031,BUNBURY,SI50-06,COLLIE,"HARVEY, SHIRE OF","SOUTH WEST, Development Region",70,SOUTH WEST M.F.,Bunbury Trough,20260112
S0233260,McLarty/Carbone,McLarty / Carbone,Mine,Openpit,Operating,J03370,McLarty / Carbone,115.743319999999997,-32.920023999999998,382496,6356879,50,Sd Lst,Construction material,CONSTRUCTION MATERIALS,,N,,,,,Public,2032,PINJARRA,SI50-02,PINJARRA,"WAROONA, SHIRE OF","PEEL, Development Region",70,SOUTH WEST M.F.,Mandurah Terrace,20260112
S0233290,Burnside Rd Lot 9500 Gravel 2 / MREG,Burnside Rd Burnside Lot 9500 Gravel 2 / MREG,Mine,Openpit,Operating,J04706,Margaret River / Margaret River Earth Cartage,115.028647000000007,-33.929082999999999,317785,6243957,50,Gvl,Construction material,CONSTRUCTION MATERIALS,,N,,,,,Public,1930,BUSSELTON,SI50-05,BUSSELTON,"AUGUSTA MARGARET RIVER, SHIRE OF","SOUTH WEST, Development Region",70,SOUTH WEST M.F.,"Pinjarra Orogen, Leeuwin Inlier",20260112
S0233295,Baby Hope Central,Baby Hope Central,Mine,Openpit,Operating,J00685,Hope Downs Joint Venture,119.058943999999997,-23.016598999999999,711010,7453160,50,Fe,Iron,IRON ORE,Baby Hope Central,N,,N,,Operating Mine,Public,2751,OPHTHALMIA,SF50-16,NEWMAN,"EAST PILBARA, SHIRE OF","PILBARA, Development Region",47,WEST PILBARA M.F.,Hamersley Basin,20260112
S0233296,Baby Hope East,Baby Hope East,Mine,Openpit,Operating,J00685,Hope Downs Joint Venture,119.087427000000005,-23.013248000000001,713935,7453490,50,Fe,Iron,IRON ORE,Baby Hope East,N,,N,,Operating Mine,Public,2751,OPHTHALMIA,SF50-16,NEWMAN,"EAST PILBARA, SHIRE OF","PILBARA, Development Region",47,WEST PILBARA M.F.,Hamersley Basin,20260112
S0233297,Baby Hope West,Baby Hope West,Mine,Openpit,Operating,J00685,Hope Downs Joint Venture,119.039142999999996,-23.017208000000000,708979,7453121,50,Fe,Iron,IRON ORE,Baby Hope West,N,,N,,Operating Mine,Public,2751,OPHTHALMIA,SF50-16,NEWMAN,"EAST PILBARA, SHIRE OF","PILBARA, Development Region",47,WEST PILBARA M.F.,Hamersley Basin,20260112
S0233303,Central-Far East,Central - Far East,Mine,Openpit,Operating,J04512,Pilgangoora / Pilbara Minerals,118.905240000000006,-21.056336999999999,697962,7670435,50,Li Ta,Speciality metal,TIN - TANTALUM - LITHIUM,Central-Far East,Y,"Li, Ta",Y,,Operating Mine,Public,2655,WODGINA,SF50-08,MARBLE BAR,"EAST PILBARA, SHIRE OF","PILBARA, Development Region",45,MARBLE BAR,Kelly Large Igneous Province,20260112
S0233367,Weero Rd Shingle/JSW,Weero Road Shingle / JSW,Mine,Openpit,Operating,J00842,Kununurra / JSW,128.702019000000007,-15.737218000000000,468077,8260109,52,Gvl Sd,Construction material,CONSTRUCTION MATERIALS,,N,,,,,Public,4666,KUNUNURRA,SD52-14,CAMBRIDGE GULF,"WYNDHAM-EAST KIMBERLEY, SHIRE OF","KIMBERLEY, Development Region",80,KIMBERLEY M.F.,Kalkarindji Large Igneous Province,20260112
S0233372,R31772 Seabird Rd 1/ Shire,Reserve 31772 Seabird Road 1 / Shire of Gingin,Mine,Openpit,Operating,J03445,GBRM / Shire of Gingin,115.457386999999997,-31.251442000000001,353112,6541505,50,Lst,Construction material,LIMESTONE - LIMESAND,,N,,,,,Public,1935,LEDGE POINT,SH50-13,LEDGE POINT,"GINGIN, SHIRE OF","WHEATBELT, Development Region",70,SOUTH WEST M.F.,Vlaming Sub-basin,20260112
S0233374,Banksia Rd Lot 2 / J and P,Banksia Rd Crooked Brook Lot 2  / J and P,Mine,Openpit,Operating,J04788,Crooked Brook / J and P,115.782393999999996,-33.430365999999999,386808,6300338,50,Sd Gvl,Construction material,CONSTRUCTION MATERIALS,,N,,,,,Public,2031,BUNBURY,SI50-06,COLLIE,"DARDANUP, SHIRE OF","SOUTH WEST, Development Region",70,SOUTH WEST M.F.,Bunbury Trough,20260112
S0233377,Watheroo Dolomitic Lime/Mann,Watheroo Dolomitic Lime / Mann,Mine,Openpit,Operating,J04791,Watheroo Dolomitic Lime / Mann,116.049363000000000,-30.351811000000001,408636,6641847,50,Aglime Dol,Industrial mineral,LIMESTONE - LIMESAND,Watheroo,Y,"Aglime, Dol",Y,,Operating Mine,Public,2137,WATHEROO,SH50-10,MOORA,"MOORA, SHIRE OF","WHEATBELT, Development Region",70,SOUTH WEST M.F.,Moora Basin,20260112
S0233380,Watheroo Lime West,Watheroo Lime West / Watheroo Minerals,Mine,Openpit,Operating,J01098,Watheroo Lime / Watheroo Minerals,115.972164000000006,-30.120211000000001,400985,6667449,50,Aglime Lst Dol,Industrial mineral,LIMESTONE - LIMESAND,Watheroo Lime West,Y,"Aglime, Lst, Dol",Y,,Operating Mine,Public,2037,BADGINGARRA,SH50-10,MOORA,"COOROW, SHIRE OF","MID-WEST, Development Region",70,SOUTH WEST M.F.,Moora Basin,20260112
S0233398,Great Northern Hwy Lot 42/Catalano,Eatha Rd Lot 42 Chittering / Catalano,Mine,Openpit,Operating,J04794,Chittering / Catalano,116.051602000000003,-31.477708000000000,409912,6517065,50,Gvl,Construction material,CONSTRUCTION MATERIALS,,N,,,,,Public,2135,CHITTERING,SH50-14,PERTH,"CHITTERING, SHIRE OF","WHEATBELT, Development Region",70,SOUTH WEST M.F.,South West Terrane,20260112
S0233399,Gale Rd Lot 4205 Kaloorup/Piggott,Gale Rd Lot 4205 Kaloorup / Piggott,Mine,Openpit,Operating,J04598,Busselton Sand / Piggott,115.186910999999995,-33.787886999999998,332139,6259885,50,Sd,Construction material,CONSTRUCTION MATERIALS,,N,,,,,Public,1930,BUSSELTON,SI50-05,BUSSELTON,"BUSSELTON, CITY OF","SOUTH WEST, Development Region",70,SOUTH WEST M.F.,Treeton Terrace,20260112
S0233485,Postans2/Danehill-Italia,Postans - Kwinana 2 / Danehill-Italia,Mine,Openpit,Operating,J01770,Postans - Kwinana / Danehill-Italia,115.798512000000002,-32.219965999999999,386781,6434549,50,Sd Lst Agg,Construction material,CONSTRUCTION MATERIALS,,N,,,,,Public,2033,FREMANTLE,SI50-02,PINJARRA,"KWINANA, CITY OF",METRO,70,SOUTH WEST M.F.,Mandurah Terrace,20260112
S0233540,Orion,Orion - Willowdale,Mine,Openpit,Operating,J00779,Wagerup-Pinjarra / Alcoa,116.056980999999993,-32.842813000000000,411750,6365745,50,Bx,Alumina,BAUXITE - ALUMINA,Orion - Willowdale,N,,Y,,Operating Mine,Public,2132,DWELLINGUP,SI50-02,PINJARRA,"WAROONA, SHIRE OF","PEEL, Development Region",70,SOUTH WEST M.F.,Yilgarn Craton granites,20260112
S0233552,Orange Grove 2,Orange Grove 2 / Boral,Mine,Openpit,Operating,J01108,Maddington - Orange Grove / Boral,116.034565999999998,-32.043892000000000,408851,6454292,50,Agg Gvl Aggc,Construction material,CONSTRUCTION MATERIALS,,N,,,,,Public,2133,JARRAHDALE,SI50-02,PINJARRA,"GOSNELLS, CITY OF",METRO,70,SOUTH WEST M.F.,Yilgarn Craton granites,20260112
S0233562,Hopkins Rd 1 South/Lmst BBCo,Hopkins Road 1 South Nowergup / Limestone Building Block Co,Mine,Openpit,Operating,J00947,Hopkins Rd Nowergup / Limestone Building Block,115.759096000000000,-31.610374000000000,382293,6502082,50,Lst Lst-Lsd,Construction material,LIMESTONE - LIMESAND,,N,,,,,Public,2034,PERTH,SH50-14,PERTH,"WANNEROO, CITY OF",METRO,70,SOUTH WEST M.F.,Mandurah Terrace,20260112
S0233563,Quarries 10 and 11 / Cockburn,Quarries 10 and 11 / Cockburn,Mine,Openpit,Operating,J06355,Coogee EILs / Cockburn Cement,115.797436000000005,-32.140928000000002,386582,6443310,50,Lst Agg,Construction material,LIMESTONE - LIMESAND,,N,,,,,Public,2033,FREMANTLE,SI50-02,PINJARRA,"COCKBURN, CITY OF",METRO,70,SOUTH WEST M.F.,Mandurah Terrace,20260112
S0233565,Finn Rd Lot 55 / Omaha,Finn Rd Myalup Lot 55 / Omaha,Mine,Openpit,Operating,J04681,Myalup / Omaha Nominees Pty Ltd,115.713344000000006,-33.019894000000001,379829,6345772,50,Lst,Construction material,LIMESTONE - LIMESAND,,N,,,,,Public,2031,BUNBURY,SI50-06,COLLIE,"HARVEY, SHIRE OF","SOUTH WEST, Development Region",70,SOUTH WEST M.F.,Mandurah Terrace,20260112
S0233576,Wesco Rd Lot 6 / Meteor Stone,Wesco Rd Nowergup Lot 6 / Meteor Stone,Mine,Openpit,Operating,J02386,Wesco Rd - Nowergup (EIL) / Meteor Stone,115.758199000000005,-31.646526000000001,382253,6498074,50,Lst Lsd Sd,Construction material,LIMESTONE - LIMESAND,,N,,,,,Public,2034,PERTH,SH50-14,PERTH,"WANNEROO, CITY OF",METRO,70,SOUTH WEST M.F.,Mandurah Terrace,20260112
S0233583,Tuart Underground,Tuart Underground Mine,Mine,Decline,Operating,J00292,Paddington - Mt Pleasant,121.224428000000003,-30.527577999999998,329650,6621411,51,Au Ag,Precious metal,GOLD,Tuart,N,,Y,,Operating Mine,Public,3136,KALGOORLIE,SH51-09,KALGOORLIE,"KALGOORLIE-BOULDER, CITY OF","GOLDFIELDS-ESPERANCE, Development Region",24,BROAD ARROW M.F.,Eastern Goldfields Superterrane,20260112
S0233587,Lake Hillman M70/319,Lake Hillman M70/319,Mine,Openpit,Operating,J00825,Lake Hillman Gypsum / Lake Hillman,117.156949999999995,-30.333192000000000,515087,6644283,50,Gp,Industrial mineral,GYPSUM,Lake Hillman M70/319,N,,N,,Operating Mine,Public,2337,KALANNIE,SH50-11,BENCUBBIN,"DALWALLINU, SHIRE OF","WHEATBELT, Development Region",70,SOUTH WEST M.F.,Yilgarn Craton granites,20260112
S0233613,Wesco Rd Lot 6 Pit 2 / Northsands,Wesco Rd Lot 6 Nowergup Pit 2 / Northsands,Mine,Openpit,Operating,J02441,Nowergup Sand / Northsands Resources,115.757739000000001,-31.649010000000001,382213,6497798,50,Sd Lst,Construction material,CONSTRUCTION MATERIALS,,N,,,,,Public,2034,PERTH,SH50-14,PERTH,"WANNEROO, CITY OF",METRO,70,SOUTH WEST M.F.,Mandurah Terrace,20260112
S0233664,South Coast Hwy Lot 152 Site 2 / AD Contractors,South Coast Hwy Kalgan Loc 4791 Lot 152 Site 2  / AD Contractors,Mine,Openpit,Operating,J03143,Albany Construction Materials / AD Contractors,117.987018000000006,-34.893157000000002,590186,6138361,50,Sd Lsd Gvl,Construction material,CONSTRUCTION MATERIALS,,N,,,,,Public,2428,MOUNT BARKER,SI50-11,MOUNT BARKER,"ALBANY, CITY OF","GREAT SOUTHERN, Development Region",70,SOUTH WEST M.F.,Esperance Shelf,20260112
S0233674,Sutherland Rd Lot 466 / Carbone,Sutherland Rd Myara Lot 466 / Carbone,Mine,Openpit,Operating,J06341,South West Operations EIL  / Carbone,116.006518999999997,-32.494577999999997,406666,6404307,50,Gvl,Construction material,CONSTRUCTION MATERIALS,,N,,,,,Public,2133,JARRAHDALE,SI50-02,PINJARRA,"MURRAY, SHIRE OF","PEEL, Development Region",70,SOUTH WEST M.F.,Yilgarn Craton granites,20260112
S0233682,Price Rd Lot 2988 / Carbone,Price Rd Chapman Hill Lot 2988 / Carbone,Mine,Openpit,Operating,J06341,South West Operations EIL  / Carbone,115.309009000000003,-33.792900000000003,343454,6259521,50,Gvl,Construction material,CONSTRUCTION MATERIALS,,N,,,,,Public,1930,BUSSELTON,SI50-05,BUSSELTON,"BUSSELTON, CITY OF","SOUTH WEST, Development Region",70,SOUTH WEST M.F.,Bunbury Trough,20260112
S0233701,Gloster,Gloster,Mine,Openpit,Operating,J00009,Duketon / Regis Resources,122.074915000000004,-27.564530999999999,408678,6950694,51,Au Ag,Precious metal,GOLD,Gloster,N,,Y,,Operating Mine,Public,3342,DUKETON,SG51-14,DUKETON,"LAVERTON, SHIRE OF","GOLDFIELDS-ESPERANCE, Development Region",38,MT. MARGARET,Eastern Goldfields Superterrane,20260112
S0233751,King of the Hills,King of the Hills,Mine,Openpit,Operating,J00186,Tarmoola - King of the Hills,121.165912000000006,-28.663581000000001,320768,6827909,51,Au Ag,Precious metal,GOLD,King of the Hills,N,,N,,Operating Mine,Public,3140,LEONORA,SH51-01,LEONORA,"LEONORA, SHIRE OF","GOLDFIELDS-ESPERANCE, Development Region",37,MT. MALCOLM,Eastern Goldfields Superterrane,20260112
S0233804,Plutonic Underground,Plutonic Underground,Mine,Decline,Operating,J00417,Plutonic Gold,119.446437000000003,-25.318200999999998,746277,7197568,50,Au Ag,Precious metal,GOLD,Plutonic Underground,N,,Y,,Operating Mine,Public,2747,THREE RIVERS,SG50-08,PEAK HILL,"MEEKATHARRA, SHIRE OF","MID-WEST, Development Region",52,PEAK HILL M.F.,Eastern Goldfields Superterrane,20260112
S0233827,Edison Mill Rd Lot 28061 / Austral Bricks,Edison Mill Rd Lot 28061 Dale Pit / Austral Bricks,Mine,Openpit,Operating,J01794,Cardup - Keysbrook - Toodyay / Austral Bricks,116.577207999999999,-32.241103000000003,460170,6432761,50,Clay,Construction material,CLAYS,,N,,,,,Public,2233,BEVERLEY,SI50-02,PINJARRA,"BEVERLEY, SHIRE OF","WHEATBELT, Development Region",70,SOUTH WEST M.F.,Yilgarn Craton granites,20260112
S0233834,Cundinup-Dudinyillup Rd Lot 12 Nannup / Brown,Cundinup-Dudinyillup Rd Lot 12 Nannup / Brown,Mine,Openpit,Operating,J06197,Nannup /  Brown,115.809638000000007,-33.861367999999999,389891,6252578,50,Gvl Sd Shale,Construction material,CONSTRUCTION MATERIALS,,N,,,,,Public,2030,DONNYBROOK,SI50-06,COLLIE,"NANNUP, SHIRE OF","SOUTH WEST, Development Region",70,SOUTH WEST M.F.,South West Terrane,20260112
S0233845,Great Northern Hwy Lot 9002/Brikmakers,Great Northern Hwy Upper Swan Lot 9002 / Brikmakers,Mine,Openpit,Operating,J04843,Upper Swan / Brikmakers,116.041827999999995,-31.766211999999999,409265,6485078,50,Cybk,Construction material,CLAYS,,N,,,,,Public,2134,WOOROLOO,SH50-14,PERTH,"SWAN, CITY OF",METRO,70,SOUTH WEST M.F.,Yilgarn Craton granites,20260112
S0233853,Thomson Rd Lot 369/Bluestripe,Thomson Rd Lot 369 Beelerup / Bluestripe,Mine,Openpit,Operating,J03853,South West Operations / Bluestripe,115.873912000000004,-33.571855999999997,395487,6284746,50,Sd,Construction material,CONSTRUCTION MATERIALS,,N,,,,,Public,2030,DONNYBROOK,SI50-06,COLLIE,"DONNYBROOK-BALINGUP, SHIRE OF","SOUTH WEST, Development Region",70,SOUTH WEST M.F.,Bunbury Trough,20260112
S0233859,Boddington North,Boddington North,Mine,Openpit,Operating,J00776,Worsley,116.407509000000005,-32.811990999999999,444534,6369400,50,Bx,Alumina,BAUXITE - ALUMINA,Boddington North,N,,Y,,Operating Mine,Public,2132,DWELLINGUP,SI50-02,PINJARRA,"BODDINGTON, SHIRE OF","PEEL, Development Region",70,SOUTH WEST M.F.,South West Terrane,20260112
S0233907,W10,Windarling W10,Mine,Openpit,Operating,J00559,Koolyanobbing Iron,119.259231000000000,-30.011652999999999,717901,6677774,50,Fe,Iron,IRON ORE,Windarling W10,N,,N,,Operating Mine,Public,2737,JACKSON,SH50-12,JACKSON,"YILGARN, SHIRE OF","WHEATBELT, Development Region",77,YILGARN M.F.,Youanmi Terrane,20260112
S0233939,Harkonnen,Harkonnen Open Pit,Mine,Openpit,Operating,J00152,Higginsville,121.887536999999995,-31.670990000000000,394545,6495494,51,Au,Precious metal,GOLD,,N,,,,,Public,3234,COWAN,SH51-14,WIDGIEMOOLTHA,"COOLGARDIE, SHIRE OF","GOLDFIELDS-ESPERANCE, Development Region",15,COOLGARDIE,Eastern Goldfields Superterrane,20260112
S0233969,Echo Pits,Echo - Roy Hill,Mine,Openpit,Operating,J02889,Roy Hill Iron Ore,119.959547999999998,-22.494647000000001,804513,7509410,50,Fe,Iron,IRON ORE,Echo,N,,Y,,Operating Mine,Public,2853,WARRIE,SF50-12,ROY HILL,"EAST PILBARA, SHIRE OF","PILBARA, Development Region",46,NULLAGINE,Hamersley Basin,20260112
S0233970,Golf Pits,Golf - Roy Hill,Mine,Openpit,Operating,J02889,Roy Hill Iron Ore,119.984063000000006,-22.517935000000001,806985,7506780,50,Fe,Iron,IRON ORE,Golf,N,,Y,,Operating Mine,Public,2852,ROY HILL,SF50-12,ROY HILL,"EAST PILBARA, SHIRE OF","PILBARA, Development Region",46,NULLAGINE,Hamersley Basin,20260112
S0234031,Beaumont East Gypsum,Beaumont East Gypsum,Mine,Openpit,Operating,J02459,Beaumont Gypsum,123.320536000000004,-33.245545000000000,529860,6321446,51,Gp,Industrial mineral,GYPSUM,Beaumont,Y,Gp,Y,,Operating Mine,Public,3531,BURAMINYA,SI51-07,MALCOLM,"ESPERANCE, SHIRE OF","GOLDFIELDS-ESPERANCE, Development Region",69,WARBURTON M.F.,Recherche Supersuite,20260112
S0234033,Pit 3,Silvergrass Pit 3,Mine,Openpit,Operating,J03932,Brockman 2 - Nammuldi - Silvergrass - Homestead / Rio Tinto,117.334078000000005,-22.305402000000001,534410,7533331,50,Fe,Iron,IRON ORE,Silvergrass Pit 3,N,,N,,Operating Mine,Public,2353,JEERINAH,SF50-11,MOUNT BRUCE,"ASHBURTON, SHIRE OF","PILBARA, Development Region",47,WEST PILBARA M.F.,Hamersley Basin,20260112
S0234034,Pit 5,Silvergrass Pit 5,Mine,Openpit,Operating,J03932,Brockman 2 - Nammuldi - Silvergrass - Homestead / Rio Tinto,117.278002000000001,-22.307216000000000,528634,7533142,50,Fe,Iron,IRON ORE,Silvergrass Pit 5,N,,N,,Operating Mine,Public,2353,JEERINAH,SF50-11,MOUNT BRUCE,"ASHBURTON, SHIRE OF","PILBARA, Development Region",47,WEST PILBARA M.F.,Hamersley Basin,20260112
S0234038,Pye Rd Lot 4 Mt Adams/Patience,Pye Rd Lot 4 Mt Adams / Patience,Mine,Openpit,Operating,J04882,Geraldton / Patience Bulk Haulage,115.046910999999994,-29.311187000000000,310323,6755954,50,Sdc,Construction material,CONSTRUCTION MATERIALS,,N,,,,,Public,1939,MINGENEW,SH50-05,DONGARA,"IRWIN, SHIRE OF","MID-WEST, Development Region",70,SOUTH WEST M.F.,Beharra Springs Terrace,20260112
S0234039,Milo Rd Lot M356 / Mondarra,Milo Rd Milo Lot M356 / Mondarra,Mine,Openpit,Operating,J04940,Milo Road Sand / Mondarra ,115.099148999999997,-29.318659000000000,315410,6755209,50,Sd,Construction material,CONSTRUCTION MATERIALS,,N,,,,,Public,1939,MINGENEW,SH50-05,DONGARA,"IRWIN, SHIRE OF","MID-WEST, Development Region",70,SOUTH WEST M.F.,Dandaragan Trough,20260112
S0234042,Short South 1B/Patience,Short South 1B - Nangetty-Walkaway Rd Lot 1 Ellendale/Patience,Mine,Openpit,Operating,J04882,Geraldton / Patience Bulk Haulage,114.903311000000002,-28.899253000000002,295560,6801368,50,Gvl,Construction material,CONSTRUCTION MATERIALS,,N,,,,,Public,1840,GERALDTON,SH50-01,GERALDTON,"GREATER GERALDTON, CITY OF","MID-WEST, Development Region",70,SOUTH WEST M.F.,Greenough Shelf,20260112
S0234043,Showground Rd Sand / Patience,Showground Rd Sand / Patience,Mine,Openpit,Operating,J04882,Geraldton / Patience Bulk Haulage,114.801338000000001,-28.962202000000001,285744,6794211,50,Sd,Construction material,CONSTRUCTION MATERIALS,,N,,,,,Public,1840,GERALDTON,SH50-01,GERALDTON,"GREATER GERALDTON, CITY OF","MID-WEST, Development Region",70,SOUTH WEST M.F.,Greenough Shelf,20260112
S0234044,Showground Rd Loam / Patience,Showground Rd Loam / Patience,Mine,Openpit,Operating,J04882,Geraldton / Patience Bulk Haulage,114.794696999999999,-28.968789000000001,285111,6793469,50,Soil,Construction material,CONSTRUCTION MATERIALS,,N,,,,,Public,1840,GERALDTON,SH50-01,GERALDTON,"GREATER GERALDTON, CITY OF","MID-WEST, Development Region",70,SOUTH WEST M.F.,Greenough Shelf,20260112
S0234095,Earl Grey Lithium Pit,Earl Grey Lithium Mine Pit,Mine,Openpit,Operating,J04872,Mt Holland Lithium / Wesfarmers & SQM,119.747964999999994,-32.092627999999998,759342,6445990,50,Li,Speciality metal,TIN - TANTALUM - LITHIUM,Earl Grey,Y,Li,Y,,Operating Mine,Public,2833,HOLLAND,SI50-04,HYDEN,"YILGARN, SHIRE OF","WHEATBELT, Development Region",77,YILGARN M.F.,Youanmi Terrane,20260112
S0234116,R37133 Cockleshell Gully Rd Lot 11419 / Shire,Reserve 37133 Cockleshell Gully Rd Warradarge Lot 11419 / Shire of Coorow,Mine,Openpit,Operating,J04891,GBRM / Shire of Coorow,115.124643000000006,-30.063047999999998,319224,6672746,50,Gvl,Construction material,CONSTRUCTION MATERIALS,,N,,,,,Public,1937,HILL RIVER,SH50-09,HILL RIVER,"COOROW, SHIRE OF","MID-WEST, Development Region",70,SOUTH WEST M.F.,Cadda Terrace,20260112
S0234151,Acton Park Rd Lots 1838 1842 3982 / BCP,Acton Park Rd Kalgup Lots 1838 1842 3982 / BCP,Mine,Openpit,Operating,J04649,Busselton / BCP Materials,115.384342000000004,-33.738109999999999,350334,6265709,50,Sd,Construction material,CONSTRUCTION MATERIALS,,N,,,,,Public,1930,BUSSELTON,SI50-05,BUSSELTON,"BUSSELTON, CITY OF","SOUTH WEST, Development Region",70,SOUTH WEST M.F.,Bunbury Trough,20260112
S0234163,Mt Mann Open Pit,Mt Mann Pit,Mine,Openpit,Operating,J04902,Kathleen Valley Lithium,120.555813999999998,-27.475021999999999,258484,6958572,51,Li Ta,Speciality metal,TIN - TANTALUM - LITHIUM,Mt Mann,N,,N,,Operating Mine,Public,3043,MOUNT KEITH,SG51-13,SIR SAMUEL,"LEONORA, SHIRE OF","GOLDFIELDS-ESPERANCE, Development Region",36,LAWLERS,Eastern Goldfields Superterrane,20260112
S0234164,Kathleen Corner,Kathleen Corner Pit,Mine,Openpit,Operating,J04902,Kathleen Valley Lithium,120.558141000000006,-27.471056000000001,258705,6959016,51,Li Ta,Speciality metal,TIN - TANTALUM - LITHIUM,Kathleen Valley,Y,"Li, Ta",Y,,Operating Mine,Public,3043,MOUNT KEITH,SG51-13,SIR SAMUEL,"LEONORA, SHIRE OF","GOLDFIELDS-ESPERANCE, Development Region",36,LAWLERS,Eastern Goldfields Superterrane,20260112
S0234213,Silvergrass Pit 1,Silvergrass Pit 1,Mine,Openpit,Operating,J03932,Brockman 2 - Nammuldi - Silvergrass - Homestead / Rio Tinto,117.315944000000002,-22.301711000000001,532543,7533743,50,Fe,Iron,IRON ORE,Silvergrass Pit 1,N,,N,,Operating Mine,Public,2353,JEERINAH,SF50-11,MOUNT BRUCE,"ASHBURTON, SHIRE OF","PILBARA, Development Region",47,WEST PILBARA M.F.,Hamersley Basin,20260112
S0234218,Lake Cowcowing M70/1370,Lake Cowcowing M70/1370,Mine,Unspecified,Operating,J01451,Lake Cowcowing North - West Dukin / Lake Hillman,117.382949999999994,-30.950641999999998,536578,6575805,50,Gp,Industrial mineral,GYPSUM,Lake Cowcowing M70/1370,N,,N,,Operating Mine,Public,2336,KOORDA,SH50-11,BENCUBBIN,"KOORDA, SHIRE OF","WHEATBELT, Development Region",70,SOUTH WEST M.F.,Yilgarn Craton granites,20260112
S0234229,Geko,Geko,Mine,Openpit,Operating,J01519,Bullabulling North,120.901857000000007,-30.862362000000001,299390,6583767,51,Au Ag,Precious metal,GOLD,Geko,N,,Y,,Operating Mine,Public,3036,DUNNSVILLE,SH51-09,KALGOORLIE,"COOLGARDIE, SHIRE OF","GOLDFIELDS-ESPERANCE, Development Region",15,COOLGARDIE,Eastern Goldfields Superterrane,20260112
S0234250,Tyndall Rd Lot 3 / Nielsen,Tyndall Rd Mumberkine Lot 3 / Nielsen,Mine,Openpit,Operating,J04919,Mumberkine Sand / Nielsen,116.665874000000002,-31.401700999999999,468237,6525830,50,Sd,Construction material,CONSTRUCTION MATERIALS,,N,,,,,Public,2235,GOOMALLING,SH50-14,PERTH,"GOOMALLING, SHIRE OF","WHEATBELT, Development Region",70,SOUTH WEST M.F.,South West Terrane,20260112
S0234254,Bon Accord Rd Loc 552 Lot 110 / Palmer,Bon Accord Rd King River Loc 552 Lot 110 / Palmer Earthmoving,Mine,Openpit,Operating,J04920,Albany / Palmer Earthmoving,117.917828000000000,-34.933788999999997,583822,6133915,50,Gvl Sd,Construction material,CONSTRUCTION MATERIALS,,N,,,,,Public,2428,MOUNT BARKER,SI50-11,MOUNT BARKER,"ALBANY, CITY OF","GREAT SOUTHERN, Development Region",70,SOUTH WEST M.F.,Nornalup Zone,20260112
S0234266,Potts Rd Lots 606 2643 and 3029 / Q Stone,Potts Rd Welbungin Lots 606 2643 and 3029 / Q Stone,Mine,Openpit,Operating,J04924,Wondanning / Q Stone,118.022409999999994,-30.594685999999999,598018,6614871,50,Aggd,Construction material,CONSTRUCTION MATERIALS,,N,,,,,Public,2536,BARBALIN,SH50-11,BENCUBBIN,"MOUNT MARSHALL, SHIRE OF","WHEATBELT, Development Region",70,SOUTH WEST M.F.,Yilgarn Craton granites,20260112
S0234328,R23194 Riggs Rd Lot 5321/ CoA,Reserve 23194 Riggs Rd Lot 5321 / City of Albany,Mine,Openpit,Operating,J04579,GBRM / City of Albany,118.049925999999999,-34.742860999999998,596108,6154970,50,Gvl,Construction material,CONSTRUCTION MATERIALS,,N,,,,,Public,2528,MANYPEAKS,SI50-11,MOUNT BARKER,"ALBANY, CITY OF","GREAT SOUTHERN, Development Region",70,SOUTH WEST M.F.,Nornalup Zone,20260112
S0234331,Beta Hunt,Beta Hunt Underground Gold,Mine,Decline,Operating,J04930,Kambalda Gold / RNC,121.689952000000005,-31.242525000000001,375247,6542780,51,Au Ag Ni,Precious metal,GOLD,Beta Hunt,N,,N,,Operating Mine,Public,3235,LAKE LEFROY,SH51-14,WIDGIEMOOLTHA,"COOLGARDIE, SHIRE OF","GOLDFIELDS-ESPERANCE, Development Region",15,COOLGARDIE,Eastern Goldfields Superterrane,20260112
S0234347,Pilgangoora Pit,Pilgangoora (C1 E1 N1 S1),Mine,Openpit,Operating,J04512,Pilgangoora / Pilbara Minerals,118.901669999999996,-21.072821999999999,697569,7668614,50,Li Ta,Speciality metal,TIN - TANTALUM - LITHIUM,Pilgangoora (C1 E1 N1 S1),N,,N,,Operating Mine,Public,2655,WODGINA,SF50-08,MARBLE BAR,"EAST PILBARA, SHIRE OF","PILBARA, Development Region",45,MARBLE BAR,Soanesville Basin,20260112
S0234349,Ganymede,Ganymede,Mine,Openpit,Operating,J00256,Mt Morgans,122.215236000000004,-28.819420999999998,423430,6811768,51,Au Ag,Precious metal,GOLD,Ganymede,N,,N,,Operating Mine,Public,3340,LAVERTON,SH51-02,LAVERTON,"LAVERTON, SHIRE OF","GOLDFIELDS-ESPERANCE, Development Region",39,MT. MORGANS,Eastern Goldfields Superterrane,20260112
S0234435,Postans-Sayer-Ashley Rds/Urban Resources,Postans-Sayer-Ashley Rds Hope Valley / Urban Resources,Mine,Openpit,Operating,J04944,Hope Valley / Urban Resources,115.813090000000003,-32.183754000000000,388111,6438579,50,Lst Sd,Construction material,LIMESTONE - LIMESAND,,N,,,,,Public,2033,FREMANTLE,SI50-02,PINJARRA,"KWINANA, CITY OF",METRO,70,SOUTH WEST M.F.,Mandurah Terrace,20260112
S0234436,Ashley Rd Lot 126 / Urban,Ashley Rd Hope Valley Lot 126 / Urban Resources,Mine,Openpit,Operating,J04944,Hope Valley / Urban Resources,115.818680999999998,-32.189216999999999,388644,6437979,50,Sd,Construction material,CONSTRUCTION MATERIALS,,N,,,,,Public,2033,FREMANTLE,SI50-02,PINJARRA,"KWINANA, CITY OF",METRO,70,SOUTH WEST M.F.,Mandurah Terrace,20260112
S0234466,Invincible UG,Invincible Underground,Mine,Decline,Operating,J00178,Kambalda - St Ives,121.673409000000007,-31.283028999999999,373726,6538272,51,Au Ag As,Precious metal,GOLD,Invincible,N,,Y,,Operating Mine,Public,3235,LAKE LEFROY,SH51-14,WIDGIEMOOLTHA,"COOLGARDIE, SHIRE OF","GOLDFIELDS-ESPERANCE, Development Region",15,COOLGARDIE,Eastern Goldfields Superterrane,20260112
S0234476,Deflector UG,Deflector Underground,Mine,Decline,Operating,J00147,Deflector,116.379451000000003,-28.668979000000000,439366,6828530,50,Au Cu Ag,Precious metal,GOLD,Deflector,N,,Y,,Operating Mine,Public,2140,MELLENBYE,SH50-02,YALGOO,"YALGOO, SHIRE OF","MID-WEST, Development Region",59,YALGOO M.F.,Youanmi Terrane,20260112
S0234486,Stennet Lake East,Stennet Lake East,Mine,Openpit,Operating,J01470,Stennet Lake Gypsum,121.519103000000001,-32.632615000000001,361084,6388472,51,Gp,Industrial mineral,GYPSUM,Stennet Lake,Y,Gp,Y,,Operating Mine,Public,3232,DUNDAS,SI51-02,NORSEMAN,"ESPERANCE, SHIRE OF","GOLDFIELDS-ESPERANCE, Development Region",63,DUNDAS M.F.,Scaddan Embayment,20260112
S0234515,Lot 9500 Cheriton Rd Poison Hill Gravel,Lot 9500 Cheriton Rd Poison Hill Gravel,Mine,Openpit,Operating,,,115.910618999999997,-31.291231000000000,396316,6537610,50,Gvl,Construction material,CONSTRUCTION MATERIALS,,N,,,,,Public,2035,GINGIN,SH50-14,PERTH,"GINGIN, SHIRE OF","WHEATBELT, Development Region",70,SOUTH WEST M.F.,Beermullah Trough,20260112
S0234537,Abrolhos,Cloudbreak - Abrolhos,Mine,Openpit,Operating,J01407,East Pilbara Iron Ore / FMG,119.323763000000000,-22.268498000000001,739454,7535613,50,Fe,Iron,IRON ORE,Abrolhos,N,,N,,Operating Mine,Public,2753,MOUNT MARSH,SF50-12,ROY HILL,"ASHBURTON, SHIRE OF","PILBARA, Development Region",45,MARBLE BAR,Hamersley Basin,20260112
S0234538,Porphyry West 1,Porphyry West 1,Mine,Openpit,Operating,J00292,Paddington - Mt Pleasant,121.017807000000005,-30.491979000000001,309754,6625027,51,Au Ag,Precious metal,GOLD,Porphyry West 1,N,,N,,Operating Mine,Public,3137,BARDOC,SH51-09,KALGOORLIE,"COOLGARDIE, SHIRE OF","GOLDFIELDS-ESPERANCE, Development Region",16,KUNANALLING,Eastern Goldfields Superterrane,20260112
S0234559,Windanya West,Windanya West,Mine,Openpit,Operating,J01891,Cawse / Scorpion,121.238626999999994,-30.400169999999999,330792,6635555,51,Gvl,Construction material,CONSTRUCTION MATERIALS,,N,,,,,Public,3137,BARDOC,SH51-09,KALGOORLIE,"KALGOORLIE-BOULDER, CITY OF","GOLDFIELDS-ESPERANCE, Development Region",24,BROAD ARROW M.F.,Yilgarn Craton granites,20260112
S0234568,Jindong-Treeton Road Lot 4201 Gravel 4-7 / Leeuwin Civil,Jindong-Treeton Road Kaloorup Lot 4201 Gravel 4-7 / Leeuwin Civil,Mine,Openpit,Operating,J04675,Busselton-Cowaramup / Leeuwin Civil,115.199811999999994,-33.766834000000003,333293,6262241,50,Gvl Sd,Construction material,CONSTRUCTION MATERIALS,,N,,,,,Public,1930,BUSSELTON,SI50-05,BUSSELTON,"BUSSELTON, CITY OF","SOUTH WEST, Development Region",70,SOUTH WEST M.F.,Treeton Terrace,20260112
S0234569,Jindong-Treeton Rd Lot 4201 Gravel 1-3 / Leeuwin Civil,Jindong-Treeton Rd Kaloorup Lot 4201 Gravel 1-3 / Leeuwin Civil,Mine,Openpit,Operating,J04675,Busselton-Cowaramup / Leeuwin Civil,115.204447000000002,-33.770586999999999,333730,6261832,50,Gvl,Construction material,CONSTRUCTION MATERIALS,,N,,,,,Public,1930,BUSSELTON,SI50-05,BUSSELTON,"BUSSELTON, CITY OF","SOUTH WEST, Development Region",70,SOUTH WEST M.F.,Treeton Terrace,20260112
S0234572,Wattle Ave West/Urbanstone 2,Wattle Avenue West / Urbanstone 2,Mine,Openpit,Operating,J02034,Wattle Avenue West Nowergup / Adelaide Brighton,115.774788000000001,-31.652044000000000,383833,6497480,50,Lst Agg,Construction material,LIMESTONE - LIMESAND,,N,,,,,Public,2034,PERTH,SH50-14,PERTH,"WANNEROO, CITY OF",METRO,70,SOUTH WEST M.F.,Mandurah Terrace,20260112
S0234581,Nanutarra Marble White North,Nanutarra White Marble North,Mine,Openpit,Operating,J02225,Nanutarra Marbles ,115.728978999999995,-22.706157999999999,369456,7488449,50,Marb,Construction material,DIMENSION STONE,,N,,,,,Public,2052,BOOLALOO,SF50-10,WYLOO,"ASHBURTON, SHIRE OF","PILBARA, Development Region",8,ASHBURTON M.F.,Edmund Basin,20260112
S0234689,In-Pit TSF,PAN 9/5 In-Pit TSF,Mine,Tailings storage facility,Operating,J00480,Murrin Murrin / Minara,121.867956000000007,-28.773523999999998,389496,6816580,51,Ni Co,Steel alloy metal,NICKEL,,N,,,,,Public,3240,MINERIE,SH51-02,LAVERTON,"LAVERTON, SHIRE OF","GOLDFIELDS-ESPERANCE, Development Region",39,MT. MORGANS,Eastern Goldfields Superterrane,20260112
S0234690,In-Pit TSF,PAN 18/3 In-Pit TSF,Mine,Tailings storage facility,Operating,J00480,Murrin Murrin / Minara,121.860425000000006,-28.766423000000000,388753,6817360,51,Ni Co,Steel alloy metal,NICKEL,,N,,,,,Public,3240,MINERIE,SH51-02,LAVERTON,"LAVERTON, SHIRE OF","GOLDFIELDS-ESPERANCE, Development Region",39,MT. MORGANS,Eastern Goldfields Superterrane,20260112
S0234701,Dingup Rd Lot 739 / Dronow,Dingup Rd Dingup Lot 739 / Dronow Contracting,Mine,Openpit,Operating,J05341,Manjimup / Dronow Contracting,116.204902000000004,-34.259832000000003,426798,6208748,50,Gvl,Construction material,CONSTRUCTION MATERIALS,,N,,,,,Public,2129,MANJIMUP,SI50-10,PEMBERTON,"MANJIMUP, SHIRE OF","SOUTH WEST, Development Region",70,SOUTH WEST M.F.,"Northern Foreland, Albany-Fraser Orogen",20260112
S0234712,Kintyre ,Kintyre / Regis,Mine,Openpit,Operating,J00009,Duketon / Regis Resources,122.286895999999999,-27.868604999999999,429800,6917149,51,Au Ag,Precious metal,GOLD,,N,,,,,Public,3342,DUKETON,SG51-14,DUKETON,"LAVERTON, SHIRE OF","GOLDFIELDS-ESPERANCE, Development Region",38,MT. MARGARET,Eastern Goldfields Superterrane,20260112
S0234732,Forest Ave Lot 3031 / Whitestone,Forest Ave Karloning Lot 3031 / Whitestone,Mine,Openpit,Operating,J04991,Mukinbudin / Whitestone,118.109106999999995,-30.647856000000001,606272,6608899,50,Agg,Construction material,CONSTRUCTION MATERIALS,,N,,,,,Public,2536,BARBALIN,SH50-11,BENCUBBIN,"MUKINBUDIN, SHIRE OF","WHEATBELT, Development Region",70,SOUTH WEST M.F.,Yilgarn Craton granites,20260112
S0234733,Barbalin-Koonkoobing Rd Lot 15112-15114 / Whitestone,Barbalin-Koonkoobing Rd Welbungin Lot 15112-15114 / Whitestone,Mine,Openpit,Operating,J04991,Mukinbudin / Whitestone,118.043544999999995,-30.803367000000001,599830,6591724,50,Agg Fel Qtz,Construction material,CONSTRUCTION MATERIALS,,N,,,,,Public,2536,BARBALIN,SH50-11,BENCUBBIN,"MOUNT MARSHALL, SHIRE OF","WHEATBELT, Development Region",70,SOUTH WEST M.F.,Yilgarn Craton granites,20260112
S0234755,Westside,Eliwana Westside,Mine,Openpit,Operating,J03436,Western Hub / FMG,116.868881000000002,-22.492944000000001,486513,7512604,50,Fe,Iron,IRON ORE,Westside,N,,N,,Operating Mine,Public,2253,FARQUHAR,SF50-10,WYLOO,"ASHBURTON, SHIRE OF","PILBARA, Development Region",47,WEST PILBARA M.F.,Hamersley Basin,20260112
S0234787,R37892 Lot 300 and 994 Southern Cross Gravel / Shire,Reserve 37892 Lot 300 and 994 Southern Cross Gravel / Shire of Yilgarn,Mine,Openpit,Operating,J04999,GBRM / Shire of Yilgarn,119.287895000000006,-31.285323999999999,717790,6536517,50,Gvl,Construction material,CONSTRUCTION MATERIALS,,N,,,,,Public,2735,SOUTHERN CROSS,SH50-16,SOUTHERN CROSS,"YILGARN, SHIRE OF","WHEATBELT, Development Region",77,YILGARN M.F.,Yilgarn Craton granites,20260112
S0234788,Sand/Shire,Southern Cross Sand/ Yilgarn Shire,Mine,Openpit,Operating,J04999,GBRM / Shire of Yilgarn,119.292884000000001,-31.281410000000001,718274,6536942,50,Sd,Construction material,CONSTRUCTION MATERIALS,,N,,,,,Public,2735,SOUTHERN CROSS,SH50-16,SOUTHERN CROSS,"YILGARN, SHIRE OF","WHEATBELT, Development Region",77,YILGARN M.F.,Yilgarn Craton granites,20260112
S0234925,Tredrea Place Lot 25 Myalup / Peel Resource,Tredrea Place Lot 25 Myalup / Peel Resource Recovery,Mine,Openpit,Operating,J04764,Harvey / Peel Resource Recovery,115.712911000000005,-33.119287000000000,379924,6334752,50,Sd,Construction material,CONSTRUCTION MATERIALS,,N,,,,,Public,2031,BUNBURY,SI50-06,COLLIE,"HARVEY, SHIRE OF","SOUTH WEST, Development Region",70,SOUTH WEST M.F.,Mandurah Terrace,20260112
S0234928,Runway South,Runway South,Mine,Openpit,Operating,J03673,Sanjiv Ridge,119.679803000000007,-21.423490999999999,777790,7628608,50,Fe,Iron,IRON ORE,Runway South - Sanjiv Ridge,N,,Y,,Operating Mine,Public,2855,MARBLE BAR,SF50-08,MARBLE BAR,"EAST PILBARA, SHIRE OF","PILBARA, Development Region",45,MARBLE BAR,Gorge Creek Basin,20260112
S0234970,Runnymede Rd Lot 7 / Catalano,Runnymede Rd Wellesley Lot 7 / Catalano,Mine,Openpit,Operating,J03290,Harvey / Catalano,115.745853999999994,-33.142102000000001,383027,6332259,50,Sd,Construction material,CONSTRUCTION MATERIALS,,N,,,,,Public,2031,BUNBURY,SI50-06,COLLIE,"HARVEY, SHIRE OF","SOUTH WEST, Development Region",70,SOUTH WEST M.F.,Mandurah Terrace,20260112
S0235104,Eden Rd Lot 9005 Nullaki / Robertson,Eden Rd Lot 9005 Nullaki / Robertson,Mine,Openpit,Operating,J05101,Nullaki Aglime / Robertson,117.448999999999998,-35.053167000000002,540946,6120969,50,Aglime Lst,Industrial mineral,LIMESTONE - LIMESAND,Nullaki,Y,"Aglime, Lst",Y,,Operating Mine,Public,2327,PARRY INLET,SI50-15,ALBANY,"ALBANY, CITY OF","GREAT SOUTHERN, Development Region",70,SOUTH WEST M.F.,Nornalup Zone,20260112
S0235107,Indian Ocean Dr Lot 800 Pit 1 / Dawe,Indian Ocean Dr Cooljarloo Lot 80 Pit 1 / Dawe,Mine,Openpit,Operating,J05103,Cooljarloo Limesand / Dawe,115.290963000000005,-30.785330999999999,336469,6592940,50,Lst Agg Lsd,Construction material,LIMESTONE - LIMESAND,,N,,,,,Public,1936,WEDGE ISLAND,SH50-09,HILL RIVER,"DANDARAGAN, SHIRE OF","WHEATBELT, Development Region",70,SOUTH WEST M.F.,Beermullah Trough,20260112
S0235123,MAC F West,MAC - Deposit F West,Mine,Openpit,Operating,J00576,Mining Area C,118.847649000000004,-22.941489000000001,689454,7461766,50,Fe,Iron,IRON ORE,MAC - Deposit F West,N,,N,,Operating Mine,Public,2652,MUNJINA,SF50-12,ROY HILL,"EAST PILBARA, SHIRE OF","PILBARA, Development Region",47,WEST PILBARA M.F.,Hamersley Basin,20260112
S0235124,MAC E West,MAC - Deposit E West Pit,Mine,Openpit,Operating,J00576,Mining Area C,118.875904000000006,-22.933620000000001,692363,7462601,50,Fe,Iron,IRON ORE,MAC - Deposit E West Pit,N,,N,,Operating Mine,Public,2652,MUNJINA,SF50-12,ROY HILL,"EAST PILBARA, SHIRE OF","PILBARA, Development Region",47,WEST PILBARA M.F.,Hamersley Basin,20260112
S0235145,Brand Hwy Lot 2238/ WA Limestone,Brand Hwy Muchea Lot 2238 / WA Limestone,Mine,Openpit,Operating,J06148,Muchea/WA Limestone,115.946493000000004,-31.565079000000001,400021,6507289,50,Sd,Construction material,CONSTRUCTION MATERIALS,,N,,,,,Public,2034,PERTH,SH50-14,PERTH,"CHITTERING, SHIRE OF","WHEATBELT, Development Region",70,SOUTH WEST M.F.,Mandurah Terrace,20260112
S0235658,Walyunga Rd Lot 5 Stage 3 / Stargaze,Walyunga Rd Bullsbrook Lot 5 Stage 3 / Stargaze,Mine,Openpit,Operating,J01801,Upper Swan - Walyunga / Stargaze,116.041544999999999,-31.734010000000001,409207,6488647,50,Sd Clay,Construction material,CONSTRUCTION MATERIALS,,N,,,,,Public,2134,WOOROLOO,SH50-14,PERTH,"SWAN, CITY OF",METRO,70,SOUTH WEST M.F.,South West Terrane,20260112
S0235659,Urch Rd Lot 13 Sand / Quadrio,Urch Rd Narra Tarra Lot 13 Sand / Quadrio,Mine,Openpit,Operating,J05027,Geraldton-Greenough / Quadrio,114.736532999999994,-28.628627999999999,278723,6831062,50,Sd,Construction material,CONSTRUCTION MATERIALS,,N,,,,,Public,1840,GERALDTON,SH50-01,GERALDTON,"CHAPMAN VALLEY, SHIRE OF","MID-WEST, Development Region",66,NORTHAMPTON M.F.,Greenough Shelf,20260112
S0235660,Urch Rd Lot 13 Southern Gravel / Quadrio,Urch Rd Narra Tarra Lot 13 Southern Gravel / Quadrio,Mine,Openpit,Operating,J05027,Geraldton-Greenough / Quadrio,114.739918000000003,-28.642980999999999,279085,6829479,50,Gvl,Construction material,CONSTRUCTION MATERIALS,,N,,,,,Public,1840,GERALDTON,SH50-01,GERALDTON,"CHAPMAN VALLEY, SHIRE OF","MID-WEST, Development Region",66,NORTHAMPTON M.F.,Greenough Shelf,20260112
S0235701,Criddle Rd Lot 3745 / Lenane,Criddle Rd Walkaway Lot 3745 / Lenane,Mine,Openpit,Operating,J05135,Criddle Rd / Lenane,114.901026999999999,-28.947185999999999,295432,6796052,50,Gvl,Construction material,CONSTRUCTION MATERIALS,,N,,,,,Public,1840,GERALDTON,SH50-01,GERALDTON,"GREATER GERALDTON, CITY OF","MID-WEST, Development Region",70,SOUTH WEST M.F.,Greenough Shelf,20260112
S0235703,Criddle Rd Lot 3515/Cripps,Criddle Rd Walkaway Lot 3515 / Cripps,Mine,Openpit,Operating,J05136,Criddle Rd Walkaway / Cripps,114.896873999999997,-28.928697000000000,294991,6798094,50,Sd,Construction material,CONSTRUCTION MATERIALS,,N,,,,,Public,1840,GERALDTON,SH50-01,GERALDTON,"GREATER GERALDTON, CITY OF","MID-WEST, Development Region",70,SOUTH WEST M.F.,Greenough Shelf,20260112
S0235704,Allanooka Springs Rd Lot 2761 Gravel 2 / Catalano,Allanooka Springs Rd Walkaway Lot 2761 Gravel 2 / Catalano,Mine,Openpit,Operating,J06713,Allanooka Springs Road / Kristiansen,114.866069999999993,-28.935479000000001,292001,6797288,50,Sd Gvl,Construction material,CONSTRUCTION MATERIALS,,N,,,,,Public,1840,GERALDTON,SH50-01,GERALDTON,"GREATER GERALDTON, CITY OF","MID-WEST, Development Region",70,SOUTH WEST M.F.,Greenough Shelf,20260112
S0235715,Jurien Bay North 4,Jurien Bay North Gypsum 4,Mine,Openpit,Operating,J01587,Jurien Bay North Gypsum,115.013801999999998,-30.194756000000002,308792,6657967,50,Gp,Industrial mineral,GYPSUM,Jurien Bay North Gypsum 4,N,,N,,Operating Mine,Public,1937,HILL RIVER,SH50-09,HILL RIVER,"DANDARAGAN, SHIRE OF","WHEATBELT, Development Region",70,SOUTH WEST M.F.,Beagle Ridge,20260112
S0235740,Waterbank Stn 2 North,Waterbank Station 2 North,Mine,Openpit,Operating,J00853,Waterbank Station Sand,122.233446000000001,-17.896861000000001,418802,8021058,51,Sd,Construction material,CONSTRUCTION MATERIALS,,N,,,,,Public,3362,BROOME,SE51-06,BROOME,"BROOME, SHIRE OF","KIMBERLEY, Development Region",4,WEST KIMBERLEY M.F.,Jurgurra Terrace,20260112
S0235817,Price Rd Lot 2630 / BCP,Price Rd Boallia Lot 2630 / BCP,Mine,Openpit,Operating,J04649,Busselton / BCP Materials,115.265885999999995,-33.793930000000003,339463,6259341,50,Gvl,Construction material,CONSTRUCTION MATERIALS,,N,,,,,Public,1930,BUSSELTON,SI50-05,BUSSELTON,"BUSSELTON, CITY OF","SOUTH WEST, Development Region",70,SOUTH WEST M.F.,Vasse Shelf,20260112
S0235959,Lucky Strike,Lucky Strike / Lefroy,Mine,Unspecified,Operating,J05221,Eastern Lefroy,121.991000000000000,-31.127756999999999,403801,6555801,51,Au Ag,Precious metal,GOLD,,N,,,,,Public,3235,LAKE LEFROY,SH51-14,WIDGIEMOOLTHA,"KALGOORLIE-BOULDER, CITY OF","GOLDFIELDS-ESPERANCE, Development Region",25,BULONG,Eastern Goldfields Superterrane,20260112
S0235993,Sierra Pits,Sierra - Roy Hill,Mine,Openpit,Operating,J02889,Roy Hill Iron Ore,120.011529999999993,-22.557200999999999,192648,7502420,51,Fe,Iron,IRON ORE,Sierra,N,,Y,,Operating Mine,Public,2952,ETHEL CREEK,SF51-09,BALFOUR DOWNS,"EAST PILBARA, SHIRE OF","PILBARA, Development Region",46,NULLAGINE,Hamersley Basin,20260112
S0236025,Climie Rd Lot 8078 / Palmer,Climie Rd Cranbrook Lot 8078 / Palmer,Mine,Openpit,Operating,J05256,Cranbrook / Palmer,117.503816999999998,-34.307898000000002,546358,6203589,50,Agg Sd Gvl Gran Dlt,Construction material,CONSTRUCTION MATERIALS,,N,,,,,Public,2429,TAMBELLUP,SI50-11,MOUNT BARKER,"CRANBROOK, SHIRE OF","GREAT SOUTHERN, Development Region",70,SOUTH WEST M.F.,Yilgarn Craton granites,20260112
S0236036,Bussell Hwy Lot 201 / Piggott,Bussell Hwy Metricup Lot 201 / Piggott,Mine,Openpit,Operating,J04598,Busselton Sand / Piggott,115.139932999999999,-33.780988999999998,327776,6260572,50,Sd,Construction material,CONSTRUCTION MATERIALS,,N,,,,,Public,1930,BUSSELTON,SI50-05,BUSSELTON,"BUSSELTON, CITY OF","SOUTH WEST, Development Region",70,SOUTH WEST M.F.,Treeton Terrace,20260112
S0236042,Lowrie Rd Lot 393/Giacci,Lowrie Rd Lot 393 Gwindinup / Giacci,Mine,Openpit,Operating,J04394,Bunbury - Boyanup / Giacci,115.734066999999996,-33.519739999999999,382436,6290375,50,Gvl Sd,Construction material,CONSTRUCTION MATERIALS,,N,,,,,Public,2030,DONNYBROOK,SI50-06,COLLIE,"CAPEL, SHIRE OF","SOUTH WEST, Development Region",70,SOUTH WEST M.F.,Bunbury Trough,20260112
S0236043,Bon Accord Rd Lot 56 / Palmer,Bon Accord Rd King River Lot 56 / Palmer Earthmoving,Mine,Openpit,Operating,J04920,Albany / Palmer Earthmoving,117.934488000000002,-34.930208999999998,585347,6134298,50,Gvl Sd,Construction material,CONSTRUCTION MATERIALS,,N,,,,,Public,2428,MOUNT BARKER,SI50-11,MOUNT BARKER,"ALBANY, CITY OF","GREAT SOUTHERN, Development Region",70,SOUTH WEST M.F.,Esperance Shelf,20260112
S0236054,Yarri Rd Lot 200 Gravel/Prime,Yarri Rd Balbarrup Lot 200 Gravel/ Prime,Mine,Openpit,Operating,J04694,Nannup-Northcliffe-Pemberton / Prime,116.243234999999999,-34.180501000000000,430262,6217571,50,Gvl Sd,Construction material,CONSTRUCTION MATERIALS,,N,,,,,Public,2129,MANJIMUP,SI50-10,PEMBERTON,"MANJIMUP, SHIRE OF","SOUTH WEST, Development Region",70,SOUTH WEST M.F.,South West Terrane,20260112
S0236066,Mardie Pond 8,Mardie Evaporation Pond P8,Mine,Pond,Under Development,J05265,Mardie Salt-Potash / BCI,115.926501000000002,-21.113907000000001,388512,7664870,50,Salt K2SO4,Industrial mineral,SALT,Mardie,Y,"Salt, K2SO4",Y,,Operating Mine,Public,2055,MARDIE,SF50-06,YARRALOOLA,"KARRATHA, CITY OF","PILBARA, Development Region",8,ASHBURTON M.F.,Peedamullah Shelf,20260112
S0236170,Paganoni Rd Lot 11/Mandurah Sand,Paganoni Rd Lot 11 Karnup / Mandurah Sand,Mine,Openpit,Operating,J05299,Karnup Sand / Mandurah Sand,115.789925999999994,-32.428547999999999,386233,6411417,50,Sd,Construction material,CONSTRUCTION MATERIALS,,N,,,,,Public,2033,FREMANTLE,SI50-02,PINJARRA,"ROCKINGHAM, CITY OF",METRO,70,SOUTH WEST M.F.,Mandurah Terrace,20260112
S0236189,Thunderbox UG,Thunderbox Underground,Mine,Decline,Operating,J02419,Thunderbox Gold,121.007294999999999,-28.195990999999999,304405,6879478,51,Au Ag,Precious metal,GOLD,Thunderbox UG,N,,N,,Operating Mine,Public,3141,WEEBO,SH51-01,LEONORA,"LEONORA, SHIRE OF","GOLDFIELDS-ESPERANCE, Development Region",36,LAWLERS,Eastern Goldfields Superterrane,20260112
S0236206,Underground,Bartons Underground,Mine,Decline,Operating,J01913,Nullagine / Millenium,120.281982999999997,-21.883642999999999,219139,7577567,51,Au Ag,Precious metal,GOLD,,N,,,,,Public,2954,NULLAGINE,SF51-05,NULLAGINE,"EAST PILBARA, SHIRE OF","PILBARA, Development Region",46,NULLAGINE,Mosquito Creek Basin,20260112
S0236214,Frederick West,Frederick West,Mine,Openpit,Under Development,J01646,Solomon - Greater Solomon,117.877470000000002,-22.227398000000001,590430,7541741,50,Fe,Iron,IRON ORE,Frederick,N,,N,,Operating Mine,Public,2453,MCRAE,SF50-11,MOUNT BRUCE,"ASHBURTON, SHIRE OF","PILBARA, Development Region",47,WEST PILBARA M.F.,Hamersley Basin,20260112
S0236215,Frederick East,Frederick East,Mine,Openpit,Under Development,J01646,Solomon - Greater Solomon,117.894914000000000,-22.227613000000002,592228,7541707,50,Fe,Iron,IRON ORE,Frederick East,N,,N,,Operating Mine,Public,2453,MCRAE,SF50-11,MOUNT BRUCE,"ASHBURTON, SHIRE OF","PILBARA, Development Region",47,WEST PILBARA M.F.,Hamersley Basin,20260112
S0236281,MMN,Mt Marion North Pit,Mine,Openpit,Operating,J02285,Mt Marion Lithium,121.460085000000007,-31.077394999999999,353101,6560802,51,Li Ta,Speciality metal,TIN - TANTALUM - LITHIUM,Mt Marion,Y,"Li, Ta",Y,,Operating Mine,Public,3135,YILMIA,SH51-13,BOORABBIN,"COOLGARDIE, SHIRE OF","GOLDFIELDS-ESPERANCE, Development Region",15,COOLGARDIE,Eastern Goldfields Superterrane,20260112
S0236295,Clackline-Toodyay Rd Lot 123 / Ringa,Clackline-Toodyay Rd Lot 123 Hoddys Well / Ringa,Mine,Openpit,Operating,J05327,Toodyay Sand / Ringa,116.501064000000000,-31.678567999999999,452708,6495084,50,Sd,Construction material,CONSTRUCTION MATERIALS,,N,,,,,Public,2234,NORTHAM,SH50-14,PERTH,"TOODYAY, SHIRE OF","WHEATBELT, Development Region",70,SOUTH WEST M.F.,South West Terrane,20260112
S0236317,Clackline-Toodyay Rd Lot 3 West / Vernice,Clackline-Toodyay Rd Hoddys Well Lot 3 West / Vernice,Mine,Openpit,Operating,J02081,Toodyay / Vernice,116.487261000000004,-31.643236000000002,451382,6498994,50,Sd,Construction material,CONSTRUCTION MATERIALS,,N,,,,,Public,2134,WOOROLOO,SH50-14,PERTH,"TOODYAY, SHIRE OF","WHEATBELT, Development Region",70,SOUTH WEST M.F.,South West Terrane,20260112
S0236328,Indian Ocean Dr Lot 80 Pit 2 / Dawe,Indian Ocean Dr Cooljarloo Lot 80 Pit 2 / Dawe,Mine,Openpit,Operating,J05103,Cooljarloo Limesand / Dawe,115.294081000000006,-30.780702000000002,336759,6593457,50,Lsd,Construction material,LIMESTONE - LIMESAND,,N,,,,,Public,1936,WEDGE ISLAND,SH50-09,HILL RIVER,"DANDARAGAN, SHIRE OF","WHEATBELT, Development Region",70,SOUTH WEST M.F.,Beermullah Trough,20260112
S0236337,Nuttman Rd Lots 2 and 3 / Leeuwin,Nuttman Rd Chapman Hill Lots 2 and 3 / Leeuwin Civil,Mine,Openpit,Operating,J04675,Busselton-Cowaramup / Leeuwin Civil,115.351692000000000,-33.814298999999998,347443,6257213,50,Gvl,Construction material,CONSTRUCTION MATERIALS,,N,,,,,Public,1930,BUSSELTON,SI50-05,BUSSELTON,"BUSSELTON, CITY OF","SOUTH WEST, Development Region",70,SOUTH WEST M.F.,Bunbury Trough,20260112
S0236352,Cawse Sand-Gravel North 2,Cawse Sand-Gravel North 2,Mine,Openpit,Operating,J01891,Cawse / Scorpion,121.226383999999996,-30.400138999999999,329615,6635539,51,Gvl Sd,Construction material,CONSTRUCTION MATERIALS,,N,,,,,Public,3137,BARDOC,SH51-09,KALGOORLIE,"KALGOORLIE-BOULDER, CITY OF","GOLDFIELDS-ESPERANCE, Development Region",24,BROAD ARROW M.F.,Yilgarn Craton granites,20260112
S0236361,Ramone,Ramone,Mine,Openpit,Operating,J01726,Jundee - Nimary,120.846996000000004,-26.559073999999999,285531,7060597,51,Au Ag,Precious metal,GOLD,Ramone,N,,Y,,Operating Mine,Public,3044,LAKE VIOLET,SG51-09,WILUNA,"WILUNA, SHIRE OF","MID-WEST, Development Region",53,WILUNA,Yilgarn Craton granites,20260112
S0236372,Crown Prince W,Crown Prince West,Mine,Openpit,Operating,J01772,Garden Gully / New Murchison,118.464348000000001,-26.448723999999999,645996,7073790,50,Au Ag,Precious metal,GOLD,,N,,,,,Public,2545,TIERACO,SG50-11,BELELE,"MEEKATHARRA, SHIRE OF","MID-WEST, Development Region",51,MEEKATHARRA,Youanmi Terrane,20260112
S0236411,Bell Road West,Bell Road West Silica,Mine,Openpit,Operating,J01107,Gnangara Silica Sand / Heidelberg Materials,115.929835999999995,-31.751462000000000,398642,6486613,50,Sisd Sd,Industrial mineral,SILICA - SILICA SAND,Bell Road West Silica,N,,N,,Operating Mine,Public,2034,PERTH,SH50-14,PERTH,"SWAN, CITY OF",METRO,70,SOUTH WEST M.F.,Mandurah Terrace,20260112
S0236428,Upper Swan Old/Midland Brick,Great Northern Hwy Upper Swan Old / Midland Brick,Mine,Openpit,Operating,J01802,Upper Swan - Red Hill / Midland Brick,116.034495000000007,-31.769801000000001,408573,6484674,50,Cyfi,Construction material,CLAYS,,N,,,,,Public,2134,WOOROLOO,SH50-14,PERTH,"SWAN, CITY OF",METRO,70,SOUTH WEST M.F.,Yilgarn Craton granites,20260112
S0236460,Camelarup Rd Lot 7152 / Kangara,Camelarup Rd Perup Lot 7152 / Kangara,Mine,Openpit,Operating,J05362,Perup Gravel / Kangara,116.511314999999996,-34.197723000000003,454975,6215812,50,Gvl,Construction material,CONSTRUCTION MATERIALS,,N,,,,,Public,2229,TONEBRIDGE,SI50-10,PEMBERTON,"MANJIMUP, SHIRE OF","SOUTH WEST, Development Region",70,SOUTH WEST M.F.,"Northern Foreland, Albany-Fraser Orogen",20260112
S0236468,Karonie Main Zone South,Karonie Main Zone South,Mine,Openpit,Operating,J00184,Aldiss - Karonie,122.560084000000003,-31.039245999999999,458019,6565966,51,Au Ag,Precious metal,GOLD,Karonie South,N,,Y,,Operating Mine,Public,3435,ERAYINIA,SH51-14,WIDGIEMOOLTHA,"KALGOORLIE-BOULDER, CITY OF","GOLDFIELDS-ESPERANCE, Development Region",28,KURNALPI,Eastern Goldfields Superterrane,20260112
S0236504,Eastern Limb Central,North Star - Eastern Limb Central,Mine,Openpit,Operating,J03644,Iron Bridge,119.060194999999993,-21.249473999999999,713790,7648848,50,Fe Mag,Iron,IRON ORE,North Star - Eastern Limb Central,N,,N,,Operating Mine,Public,2755,NORTH SHAW,SF50-08,MARBLE BAR,"EAST PILBARA, SHIRE OF","PILBARA, Development Region",45,MARBLE BAR,Sulphur Springs Large Igneous Province,20260112
S0236514,Ulysses West UG,Ulysses West Underground,Mine,Decline,Operating,J02010,Ulysses Gold,121.323014999999998,-29.181142999999999,336935,6770780,51,Au Ag,Precious metal,GOLD,,N,,,,,Public,3139,MELITA,SH51-05,MENZIES,"MENZIES, SHIRE OF","GOLDFIELDS-ESPERANCE, Development Region",40,NIAGARA,Eastern Goldfields Superterrane,20260112
S0236611,Main Lode,Main Lode / Barra,Mine,Decline,Operating,J00069,Burbanks / REG,121.139869000000004,-31.024473000000000,322451,6566200,51,Au Ag,Precious metal,GOLD,Main Lode,N,,N,,Operating Mine,Public,3135,YILMIA,SH51-13,BOORABBIN,"COOLGARDIE, SHIRE OF","GOLDFIELDS-ESPERANCE, Development Region",15,COOLGARDIE,Eastern Goldfields Superterrane,20260112
S0236612,Lake Lockhart/Grant,Lake Lockhart / Grant,Mine,Openpit,Operating,J05390,Lake Lockhart Gypsum / Grant,119.048947999999996,-33.269942999999998,690835,6316914,50,Gp,Industrial mineral,GYPSUM,,N,,,,,Public,2731,NEWDEGATE,SI50-08,NEWDEGATE,"LAKE GRACE, SHIRE OF","WHEATBELT, Development Region",70,SOUTH WEST M.F.,Yilgarn Craton granites,20260112
S0236617,Havieron UG,Havieron Underground,Mine,Decline,Under Development,J05392,Paterson / Greatland Gold,122.640675999999999,-21.727803000000002,462839,7597258,51,Au Cu Ag,Precious metal,GOLD,Havieron,N,,Y,,Operating Mine,Public,3454,TERRINGA,SF51-06,PATERSON RANGE,"EAST PILBARA, SHIRE OF","PILBARA, Development Region",45,MARBLE BAR,Anketell Shelf,20260112
S0236644,Great Fingall UG,Great Fingall Underground / Westgold,Mine,Decline,Operating,J00017,Cue Gold - Central Murchison,117.858135000000004,-27.461206000000001,584791,6962186,50,Au Ag,Precious metal,GOLD,Great Fingall,N,,Y,,Operating Mine,Public,2443,CUE,SG50-15,CUE,"CUE, SHIRE OF","MID-WEST, Development Region",21,DAY DAWN,Youanmi Terrane,20260112
S0236672,Rockingham Rd Lot 1110/Italia,Rockingham Rd Lot 1110 Hope Valley / Italia,Mine,Openpit,Operating,J02658,Wattleup / Italia,115.794967999999997,-32.182991999999999,386401,6438644,50,Lst Dst,Construction material,LIMESTONE - LIMESAND,,N,,,,,Public,2033,FREMANTLE,SI50-02,PINJARRA,"KWINANA, CITY OF",METRO,70,SOUTH WEST M.F.,Mandurah Terrace,20260112
S0236678,Winning Brew,Winning Brew,Mine,Openpit,Operating,J00226,Marvel Loch - Southern Cross,119.576661999999999,-31.537818000000001,744630,6507912,50,Au Ag,Precious metal,GOLD,Winning Brew,N,,N,,Operating Mine,Public,2834,CHERITONS FIND,SH50-16,SOUTHERN CROSS,"YILGARN, SHIRE OF","WHEATBELT, Development Region",77,YILGARN M.F.,Youanmi Terrane,20260112
S0236748,Two Dees UG,Two Dees Underground / Rymer,Mine,Shaft,Operating,J05406,Two Dees / Rymer,121.334314000000006,-29.257387000000001,338153,6762347,51,Au Ag,Precious metal,GOLD,,N,,,,,Public,3139,MELITA,SH51-05,MENZIES,"MENZIES, SHIRE OF","GOLDFIELDS-ESPERANCE, Development Region",40,NIAGARA,Eastern Goldfields Superterrane,20260112
S0236856,Lake Way SWPL Pond 1,Lake Way saline water/process liquor Pond 1,Mine,Pond,Operating,J05331,Lake Way Potash / Sev.en,120.336607000000001,-26.789210000000001,235203,7034136,51,K K2SO4,Industrial mineral,POTASH,Lake Way,Y,"K, K2SO4",Y,,Operating Mine,Public,2944,WILUNA,SG51-09,WILUNA,"WILUNA, SHIRE OF","MID-WEST, Development Region",53,WILUNA,Eastern Goldfields Superterrane,20260112
S0236893,Rosemont UG,Rosemont Underground,Mine,Decline,Operating,J00009,Duketon / Regis Resources,122.278105999999994,-27.843167000000001,428918,6919961,51,Au Ag,Precious metal,GOLD,Rosemont Underground,N,,N,,Operating Mine,Public,3342,DUKETON,SG51-14,DUKETON,"LAVERTON, SHIRE OF","GOLDFIELDS-ESPERANCE, Development Region",38,MT. MARGARET,Eastern Goldfields Superterrane,20260112
S0236916,Alexander Rd Lot 246,Alexander Rd Howick Lot 246,Mine,Openpit,Operating,J05428,Esperance / Chilwell,122.768777999999998,-33.832245000000000,478605,6256420,51,Lst,Construction material,LIMESTONE - LIMESAND,,N,,,,,Public,3430,HOWICK,SI51-06,ESPERANCE,"ESPERANCE, SHIRE OF","GOLDFIELDS-ESPERANCE, Development Region",63,DUNDAS M.F.,Scaddan Embayment,20260112
S0236968,Hub,Hub,Mine,Openpit,Operating,J00342,Redcliffe,121.563430999999994,-28.462902000000000,359353,6850677,51,Au Ag,Precious metal,GOLD,Hub,N,,Y,,Operating Mine,Public,3241,NAMBI,SH51-02,LAVERTON,"LAVERTON, SHIRE OF","GOLDFIELDS-ESPERANCE, Development Region",37,MT. MALCOLM,Eastern Goldfields Superterrane,20260112
S0237002,Ludlow Park Rd Lots 3 and 237 / Forrest,Ludlow Park Rd Wonnerup Lots 3 and 237 / Forrest,Mine,Openpit,Operating,J05446,Ludlow Limestone / Forrest,115.458631999999994,-33.602007000000000,356990,6280907,50,Lst Sd,Construction material,LIMESTONE - LIMESAND,,N,,,,,Public,1930,BUSSELTON,SI50-05,BUSSELTON,"BUSSELTON, CITY OF","SOUTH WEST, Development Region",70,SOUTH WEST M.F.,Bunbury Trough,20260112
S0237036,Eridanus,Eridanus,Mine,Openpit,Operating,J00156,Mt Magnet,117.781684999999996,-28.074871999999999,576805,6894256,50,Au Ag,Precious metal,GOLD,Eridanus,N,,Y,,Operating Mine,Public,2441,MOUNT MAGNET,SH50-03,KIRKALOCKA,"MOUNT MAGNET, SHIRE OF","MID-WEST, Development Region",58,MT. MAGNET,Youanmi Terrane,20260112
S0237038,Shannon UG,Shannon Underground,Mine,Decline,Operating,J00156,Mt Magnet,117.783270000000002,-28.060410999999998,576971,6895857,50,Au Ag,Precious metal,GOLD,Shannon,N,,N,,Operating Mine,Public,2441,MOUNT MAGNET,SH50-03,KIRKALOCKA,"MOUNT MAGNET, SHIRE OF","MID-WEST, Development Region",58,MT. MAGNET,Youanmi Terrane,20260112
S0237059,Flowery Patch Rd Lot 26747 Cunderdin Quarry / Wilson Downs,Flowery Patch Rd Lot 26747 Cunderdin Quarry / Wilson Downs,Mine,Openpit,Operating,J05454,Wilson Downs Quartz,117.335274999999996,-31.410730999999998,531869,6524828,50,Agg Qtz Gran,Construction material,CONSTRUCTION MATERIALS,,N,,,,,Public,2335,DOWERIN,SH50-15,KELLERBERRIN,"WYALKATCHEM, SHIRE OF","WHEATBELT, Development Region",70,SOUTH WEST M.F.,Yilgarn Craton granites,20260112
S0237074,Boston Shaker UG,Boston Shaker Underground,Mine,Decline,Operating,J02723,Tropicana,124.563905000000005,-29.242159000000001,651977,6764171,51,Au Ag,Precious metal,GOLD,Boston Shaker,N,,Y,,Operating Mine,Public,3839,BARTLETT,SH51-08,PLUMRIDGE,"MENZIES, SHIRE OF","GOLDFIELDS-ESPERANCE, Development Region",39,MT. MORGANS,Tropicana Zone,20260112
S0237119,Doublejay,Doublejay,Mine,Openpit,Operating,J00256,Mt Morgans,122.219205000000002,-28.810927000000000,423811,6812712,51,Au Ag,Precious metal,GOLD,Doublejay,N,,N,,Operating Mine,Public,3340,LAVERTON,SH51-02,LAVERTON,"LAVERTON, SHIRE OF","GOLDFIELDS-ESPERANCE, Development Region",39,MT. MORGANS,Eastern Goldfields Superterrane,20260112
S0237161,Symes Find,Symes Find / Ramelius,Mine,Openpit,Operating,J05005,Symes Find / Mt Hampton,119.065111999999999,-31.834254999999999,695430,6476076,50,Au Ag,Precious metal,GOLD,Symes Find,N,,Y,,Operating Mine,Public,2734,HOLLETON,SH50-16,SOUTHERN CROSS,"YILGARN, SHIRE OF","WHEATBELT, Development Region",77,YILGARN M.F.,Yilgarn Craton granites,20260112
S0237254,Radio Hill Stage 1,Radio Hill Stage 1 (New)  - Woodie Woodie,Mine,Openpit,Operating,J00725,Woodie Woodie (Mining Corridor) / ConsMin,121.225714999999994,-21.575146000000000,316294,7613151,51,Mn,Steel alloy metal,MANGANESE ORE,,N,,,,,Public,3154,PEARANA,SF51-05,NULLAGINE,"EAST PILBARA, SHIRE OF","PILBARA, Development Region",45,MARBLE BAR,Hamersley Basin,20260112
S0237262,Rowes Rd Lot 3 / JAV Brown,Rowes Rd Yathroo Lot 3 / JAV Brown,Mine,Openpit,Operating,J05498,Dandaragan / JAV Brown,115.775094999999993,-30.897838000000000,382934,6581076,50,Gvl,Construction material,CONSTRUCTION MATERIALS,,N,,,,,Public,2036,DANDARAGAN,SH50-10,MOORA,"DANDARAGAN, SHIRE OF","WHEATBELT, Development Region",70,SOUTH WEST M.F.,Dandaragan Trough,20260112
S0237291,Myhree,Myhree / Black Cat,Mine,Openpit,Operating,J01837,New Bulong - Boundary - Kal East Gold Project,121.775317999999999,-30.729081999999998,382751,6599782,51,Au Ag,Precious metal,GOLD,Myhree,N,,Y,,Operating Mine,Public,3236,KANOWNA,SH51-10,KURNALPI,"KALGOORLIE-BOULDER, CITY OF","GOLDFIELDS-ESPERANCE, Development Region",25,BULONG,Eastern Goldfields Superterrane,20260112
S0237330,Jindong-Treeton Rd Lot 4202 Pit 1 / Leeuwin,Jindong-Treeton Road Kaloorup Lot 4202 Pit 1 / Leeuwin,Mine,Openpit,Operating,J04675,Busselton-Cowaramup / Leeuwin Civil,115.191547999999997,-33.774358999999997,332542,6261393,50,Sd,Construction material,CONSTRUCTION MATERIALS,,N,,,,,Public,1930,BUSSELTON,SI50-05,BUSSELTON,"BUSSELTON, CITY OF","SOUTH WEST, Development Region",70,SOUTH WEST M.F.,Treeton Terrace,20260112
S0237338,Wandena Rd Lot 203 / Swan Waste,Wandena Rd Muchea Lot 203 / Swan Waste Solutions,Mine,Openpit,Operating,J05509,Muchea / Swan Waste Solutions,116.016786999999994,-31.598714999999999,406726,6503623,50,Gvl,Construction material,CONSTRUCTION MATERIALS,,N,,,,,Public,2134,WOOROLOO,SH50-14,PERTH,"CHITTERING, SHIRE OF","WHEATBELT, Development Region",70,SOUTH WEST M.F.,Beermullah Trough,20260112
S0237340,Morangup Rd Lot 7 - Wendale Pit / Midland Brick,Morangup Rd Lot 7 Wendale Pit / Midland Brick,Mine,Openpit,Operating,J02057,Toodyay / Midland Brick,116.342648999999994,-31.608944999999999,437646,6502721,50,Cyfi,Construction material,CLAYS,,N,,,,,Public,2134,WOOROLOO,SH50-14,PERTH,"TOODYAY, SHIRE OF","WHEATBELT, Development Region",70,SOUTH WEST M.F.,Yilgarn Craton granites,20260112
S0237409,Scadden Rd Lot 4419/Campbell,Scadden Rd Courtenay Lot 4419 / Campbell,Mine,Openpit,Operating,J05517,Courtenay Sand / Campbell,115.232151999999999,-34.178970999999997,337076,6216587,50,Sd Gvl,Construction material,CONSTRUCTION MATERIALS,,N,,,,,Public,1929,LEEUWIN,SI50-09,AUGUSTA,"AUGUSTA MARGARET RIVER, SHIRE OF","SOUTH WEST, Development Region",70,SOUTH WEST M.F.,Vasse Shelf,20260112
S0237410,Depiazzi Rd Lot 4577/Catalano,Depiazzi Rd Dardanup Lot 4577 / Catalano,Mine,Openpit,Operating,J03290,Harvey / Catalano,115.794380000000004,-33.410069000000000,387896,6302602,50,Gvl,Construction material,CONSTRUCTION MATERIALS,,N,,,,,Public,2031,BUNBURY,SI50-06,COLLIE,"DARDANUP, SHIRE OF","SOUTH WEST, Development Region",70,SOUTH WEST M.F.,Bunbury Trough,20260112
S0237411,Panizza Rd Lot 80 / Shire,Panizza Rd Crooked Brook Lot 80 / Shire of Dardanup,Mine,Openpit,Operating,J05519,GBRM / Shire of Dardanup,115.787384000000003,-33.415509000000000,387253,6301991,50,Gvl Sd,Construction material,CONSTRUCTION MATERIALS,,N,,,,,Public,2031,BUNBURY,SI50-06,COLLIE,"DARDANUP, SHIRE OF","SOUTH WEST, Development Region",70,SOUTH WEST M.F.,Bunbury Trough,20260112
S0237465,Penny North UG,Penny North Underground,Mine,Decline,Operating,J05525,Penny Gold,118.810258000000005,-28.853313000000000,676583,6806919,50,Au Ag,Precious metal,GOLD,Penny North,N,,Y,,Operating Mine,Public,2640,YOUANMI,SH50-04,YOUANMI,"SANDSTONE, SHIRE OF","MID-WEST, Development Region",57,BLACK RANGE,Youanmi Terrane,20260112
S0237679,Robinson Rd Lot 6042 Dowerin Gravel / Wheeldon,Robinson Rd Lot 6042 Dowerin Gravel / Wheeldon Vale,Mine,Openpit,Operating,J05553,Dowerin Gravel / Wheeldon Vale,116.999779000000004,-31.181602999999999,499978,6550271,50,Gvl,Construction material,CONSTRUCTION MATERIALS,,N,,,,,Public,2235,GOOMALLING,SH50-14,PERTH,"DOWERIN, SHIRE OF","WHEATBELT, Development Region",70,SOUTH WEST M.F.,South West Terrane,20260112
S0237857,White Rocks Quarry 9,White Rocks Quarry 9 - White Rocks Central,Mine,Openpit,Operating,J04846,Glen Florrie White Rocks,115.702847000000006,-22.926735000000001,366986,7464004,50,Marb Dol Dst,Construction material,DIMENSION STONE,,N,,,,,Public,2052,BOOLALOO,SF50-10,WYLOO,"ASHBURTON, SHIRE OF","PILBARA, Development Region",8,ASHBURTON M.F.,Edmund Basin,20260112
S0237869,Bluebird UG,Bluebird Underground (South Junction),Mine,Decline,Operating,J00017,Cue Gold - Central Murchison,118.423441999999994,-26.722359000000001,641580,7043523,50,Au Ag,Precious metal,GOLD,Bluebird,N,,Y,,Operating Mine,Public,2544,MEEKATHARRA,SG50-11,BELELE,"MEEKATHARRA, SHIRE OF","MID-WEST, Development Region",51,MEEKATHARRA,Youanmi Terrane,20260112
S0237923,Cooljarloo 27000 E,Cooljarloo 27000 East,Mine,Openpit,Operating,J00485,Cooljarloo / Tronox,115.424226000000004,-30.635697000000000,348989,6609712,50,HM Ilm Zrn Rt Leu Mnz Slimes,Speciality metal,HEAVY MINERAL SANDS,Cooljarloo,Y,"HM, Ilm, Zrn, Rt, Leu, Mnz, Slimes",Y,,Operating Mine,Public,1936,WEDGE ISLAND,SH50-09,HILL RIVER,"DANDARAGAN, SHIRE OF","WHEATBELT, Development Region",70,SOUTH WEST M.F.,Coomallo Trough,20260112
S0237947,Stennet Lake,Stennet Lake,Mine,Openpit,Operating,J01470,Stennet Lake Gypsum,121.512880999999993,-32.640284000000001,360512,6387613,51,Gp,Industrial mineral,GYPSUM,Stennet Lake,N,,N,,Operating Mine,Public,3232,DUNDAS,SI51-02,NORSEMAN,"ESPERANCE, SHIRE OF","GOLDFIELDS-ESPERANCE, Development Region",63,DUNDAS M.F.,Scaddan Embayment,20260112
S0237963,Warrawanda Ck 3/Holcim,Warrawanda Creek 3 / Holcim,Mine,Openpit,Operating,J00864,Warrawanda Creek / Holcim,119.873861000000005,-23.444448000000001,793629,7404346,50,Sd,Construction material,CONSTRUCTION MATERIALS,,N,,,,,Public,2851,NEWMAN,SF50-16,NEWMAN,"MEEKATHARRA, SHIRE OF","MID-WEST, Development Region",52,PEAK HILL M.F.,"Pilbara Craton, Sylvania Inlier",20260112
S0238065,Eight Mile Rock Hole North Sand,Eight Mile Rock Hole North Sand,Mine,Openpit,Operating,J03172,Eight Mile Rock Hole,120.972911999999994,-30.803830000000001,306067,6590381,51,Sd Sisd Gvl,Construction material,CONSTRUCTION MATERIALS,,N,,,,,Public,3036,DUNNSVILLE,SH51-09,KALGOORLIE,"COOLGARDIE, SHIRE OF","GOLDFIELDS-ESPERANCE, Development Region",15,COOLGARDIE,Yilgarn Craton granites,20260112
S0238177,Kathleen Valley North,Kathleen Valley North,Mine,Openpit,Operating,J04902,Kathleen Valley Lithium,120.553816999999995,-27.466396000000000,258268,6959524,51,Li Ta,Speciality metal,TIN - TANTALUM - LITHIUM,,N,,,,,Public,3043,MOUNT KEITH,SG51-13,SIR SAMUEL,"LEONORA, SHIRE OF","GOLDFIELDS-ESPERANCE, Development Region",36,LAWLERS,Eastern Goldfields Superterrane,20260112
S0238233,Barren Lands,Barren Lands,Mine,Openpit,Operating,J00098,Agnew - Emu,120.491667000000007,-28.041872999999999,253425,6895621,51,Au Ag,Precious metal,GOLD,Barren Lands,N,,Y,,Operating Mine,Public,2941,MUNJEROO,SH51-01,LEONORA,"LEONORA, SHIRE OF","GOLDFIELDS-ESPERANCE, Development Region",36,LAWLERS,Yilgarn Craton,20260112
S0238239,VB North,VB North,Mine,Openpit,Operating,J00028,Bottle Creek,120.451228000000000,-29.166696000000002,252105,6770857,51,Au Ag,Precious metal,GOLD,,N,,,,,Public,2939,MOUNT MASON,SH51-05,MENZIES,"MENZIES, SHIRE OF","GOLDFIELDS-ESPERANCE, Development Region",29,MENZIES,Eastern Goldfields Superterrane,20260112
S0238243,Brookton Hwy Lot 9 / Vinci,Brookton Hwy Karragullen Lot 9 / Vinci,Mine,Openpit,Operating,,,116.119710999999995,-32.098187000000003,416939,6448342,50,Gvl,Construction material,CONSTRUCTION MATERIALS,,N,,,,,Public,2133,JARRAHDALE,SI50-02,PINJARRA,"ARMADALE, CITY OF",METRO,70,SOUTH WEST M.F.,South West Terrane,20260112
S0238275,Plantation Rd Lot 43 / BCP,Plantation Rd Ludlow Lot 43 / BCP,Mine,Openpit,Operating,J06581,Capel / BCP Materials,115.543289999999999,-33.600808000000001,364844,6281153,50,Sd,Construction material,CONSTRUCTION MATERIALS,,N,,,,,Public,2030,DONNYBROOK,SI50-06,COLLIE,"CAPEL, SHIRE OF","SOUTH WEST, Development Region",70,SOUTH WEST M.F.,Bunbury Trough,20260112
S0238276,Treeton Road North Lot 101/Wrigglesworth,Treeton Road North Lot 101 Cowaramup / Wrigglesworth,Mine,Openpit,Operating,J05646,Cowaramup Gravel / Wrigglesworth,115.126575000000003,-33.843766000000002,326665,6253588,50,Gvl,Construction material,CONSTRUCTION MATERIALS,,N,,,,,Public,1930,BUSSELTON,SI50-05,BUSSELTON,"AUGUSTA MARGARET RIVER, SHIRE OF","SOUTH WEST, Development Region",70,SOUTH WEST M.F.,Treeton Terrace,20260112
S0238303,Mt Caudan South,Mt Caudan South Open Pit,Mine,Openpit,Operating,J03500,Parker Range - Mt Caudan Iron,119.551703000000003,-31.626080000000002,742031,6498181,50,Fe,Iron,IRON ORE,Mt Caudan South Open Pit,N,,N,,Operating Mine,Public,2834,CHERITONS FIND,SH50-16,SOUTHERN CROSS,"YILGARN, SHIRE OF","WHEATBELT, Development Region",77,YILGARN M.F.,Youanmi Terrane,20260112
S0238307,Hidden Secret,Hidden Secret,Mine,Openpit,Operating,J00152,Higginsville,121.814903000000001,-31.779788000000000,387791,6483362,51,Au Ag,Precious metal,GOLD,Hidden Secret,N,,N,,Operating Mine,Public,3234,COWAN,SH51-14,WIDGIEMOOLTHA,"COOLGARDIE, SHIRE OF","GOLDFIELDS-ESPERANCE, Development Region",15,COOLGARDIE,Eastern Goldfields Superterrane,20260112
S0238330,Mardie Pond7,Mardie Evaporation Pond P7,Mine,Pond,Under Development,J05265,Mardie Salt-Potash / BCI,115.908285000000006,-21.138344000000000,386639,7662152,50,Salt K2SO4,Industrial mineral,SALT,Mardie Evaporation Pond P7,N,,N,,Operating Mine,Public,2055,MARDIE,SF50-06,YARRALOOLA,"KARRATHA, CITY OF","PILBARA, Development Region",8,ASHBURTON M.F.,Peedamullah Shelf,20260112
S0238331,Mardie Pond 6,Mardie Evaporation Pond P6,Mine,Pond,Under Development,J05265,Mardie Salt-Potash / BCI,115.915931999999998,-21.159998000000002,387449,7659760,50,Salt K2SO4,Industrial mineral,SALT,Mardie Evaporation Pond P6,N,,N,,Operating Mine,Public,2055,MARDIE,SF50-06,YARRALOOLA,"KARRATHA, CITY OF","PILBARA, Development Region",8,ASHBURTON M.F.,Peedamullah Shelf,20260112
S0238333,Mardie Primary Crystalliser,Mardie Primary Salt Crystalliser,Mine,Pond,Under Development,J05265,Mardie Salt-Potash / BCI,115.979500999999999,-21.170240000000000,394057,7658670,50,Salt K2SO4,Industrial mineral,SALT,Mardie Primary Salt Crystalliser,N,,N,,Operating Mine,Public,2055,MARDIE,SF50-06,YARRALOOLA,"KARRATHA, CITY OF","PILBARA, Development Region",8,ASHBURTON M.F.,Peedamullah Shelf,20260112
S0238425,Orion,Orion,Mine,Openpit,Operating,J00156,Mt Magnet,117.789962000000003,-28.071715999999999,577621,6894601,50,Au Ag,Precious metal,GOLD,Orion,N,,N,,Operating Mine,Public,2441,MOUNT MAGNET,SH50-03,KIRKALOCKA,"MOUNT MAGNET, SHIRE OF","MID-WEST, Development Region",58,MT. MAGNET,Youanmi Terrane,20260112
S0238484,Single Fin,Single Fin,Mine,Openpit,Operating,J00028,Bottle Creek,120.462592999999998,-29.198547999999999,253288,6767350,51,Au Ag,Precious metal,GOLD,,N,,,,,Public,2939,MOUNT MASON,SH51-05,MENZIES,"MENZIES, SHIRE OF","GOLDFIELDS-ESPERANCE, Development Region",29,MENZIES,Eastern Goldfields Superterrane,20260112
S0238514,Cathedral,Cathedral - Christmas Creek,Mine,Openpit,Operating,J01407,East Pilbara Iron Ore / FMG,119.830599000000007,-22.407875000000001,791418,7519279,50,Fe,Iron,IRON ORE,Cathedral,N,,Y,,Operating Mine,Public,2853,WARRIE,SF50-12,ROY HILL,"EAST PILBARA, SHIRE OF","PILBARA, Development Region",46,NULLAGINE,Hamersley Basin,20260112
S0238551,Cockatoo,Cockatoo - Cloudbreak,Mine,Openpit,Operating,J01407,East Pilbara Iron Ore / FMG,119.327134999999998,-22.307404999999999,739734,7531298,50,Fe,Iron,IRON ORE,Cockatoo,N,,Y,,Operating Mine,Public,2753,MOUNT MARSH,SF50-12,ROY HILL,"ASHBURTON, SHIRE OF","PILBARA, Development Region",45,MARBLE BAR,Hamersley Basin,20260112
S0238552,Norfolk,Norfolk - Cloudbreak,Mine,Openpit,Operating,J01407,East Pilbara Iron Ore / FMG,119.294335000000004,-22.313969000000000,736343,7530623,50,Fe,Iron,IRON ORE,Norfolk,N,,Y,,Operating Mine,Public,2753,MOUNT MARSH,SF50-12,ROY HILL,"ASHBURTON, SHIRE OF","PILBARA, Development Region",45,MARBLE BAR,Hamersley Basin,20260112
S0238603,Victoria,Victoria,Mine,Openpit,Operating,J00226,Marvel Loch - Southern Cross,119.416713000000001,-31.345248000000002,729910,6529612,50,Au Ag,Precious metal,GOLD,Victoria,N,,Y,,Operating Mine,Public,2735,SOUTHERN CROSS,SH50-16,SOUTHERN CROSS,"YILGARN, SHIRE OF","WHEATBELT, Development Region",77,YILGARN M.F.,Youanmi Terrane,20260112
S0238705,Swamp Rd Gravel 1 / Baileys,Swamp Rd Yallabatharra Lot 9304 Gravel 1/ Baileys,Mine,Openpit,Operating,J05709,Yallabatharra / Baileys,114.437730000000002,-28.203689000000001,248499,6877574,50,Gvl,Construction material,CONSTRUCTION MATERIALS,,N,,,,,Public,1741,HUTT,SH50-01,GERALDTON,"NORTHAMPTON, SHIRE OF","MID-WEST, Development Region",70,SOUTH WEST M.F.,Greenough Shelf,20260112
S0238706,Swamp Rd Gravel 2 / Baileys,Swamp Rd Yallabatharra Lot 9304 Gravel 2 / Baileys,Mine,Openpit,Operating,J05709,Yallabatharra / Baileys,114.436311000000003,-28.196587000000001,248344,6878359,50,Gvl,Construction material,CONSTRUCTION MATERIALS,,N,,,,,Public,1741,HUTT,SH50-01,GERALDTON,"NORTHAMPTON, SHIRE OF","MID-WEST, Development Region",70,SOUTH WEST M.F.,Gascoyne Platform,20260112
S0238707,Swamp Rd Sand / Baileys,Swamp Rd Yallabatharra Lot 9304 Sand / Baileys,Mine,Openpit,Operating,J05709,Yallabatharra / Baileys,114.434111000000001,-28.196387000000001,248127,6878377,50,Sd,Construction material,CONSTRUCTION MATERIALS,,N,,,,,Public,1741,HUTT,SH50-01,GERALDTON,"NORTHAMPTON, SHIRE OF","MID-WEST, Development Region",70,SOUTH WEST M.F.,Gascoyne Platform,20260112
S0238708,Swamp Rd Gravel 3 / Baileys,Swamp Rd Yallabatharra Lot 9304 Gravel 3 / Baileys,Mine,Openpit,Operating,J05709,Yallabatharra / Baileys,114.440111000000002,-28.200586999999999,248726,6877923,50,Gvl,Construction material,CONSTRUCTION MATERIALS,,N,,,,,Public,1741,HUTT,SH50-01,GERALDTON,"NORTHAMPTON, SHIRE OF","MID-WEST, Development Region",70,SOUTH WEST M.F.,Gascoyne Platform,20260112
S0238745,Green Lantern,Green Lantern,Mine,Openpit,Operating,J00056,Central Norseman,121.795715000000001,-32.480013999999997,386841,6405718,51,Au Ag,Precious metal,GOLD,Green Lantern,N,,Y,,Operating Mine,Public,3233,NORSEMAN,SI51-02,NORSEMAN,"DUNDAS, SHIRE OF","GOLDFIELDS-ESPERANCE, Development Region",63,DUNDAS M.F.,"Northern Foreland, Albany-Fraser Orogen",20260112
S0238758,Neta,Neta,Mine,Openpit,Operating,J04709,Edjudina / Gibb River,122.476466000000002,-29.764503999999999,449387,6707193,51,Au Ag,Precious metal,GOLD,,N,,,,,Public,3338,EDJUDINA,SH51-06,EDJUDINA,"MENZIES, SHIRE OF","GOLDFIELDS-ESPERANCE, Development Region",31,YERILLA,Eastern Goldfields Superterrane,20260112
S0238772,Elliott Rd Lots 101 and 103-105  / Doral,Elliott Rd Keysbrook Lots 101 and 103-105  / Doral,Mine,Openpit,Operating,J02787,Keysbrook Heavy Mineral Sands EIL-MTO / Doral,115.941894000000005,-32.457309000000002,400553,6408380,50,HM Leu Ilm Zrn Rt,Speciality metal,HEAVY MINERAL SANDS,,N,,,,,Public,2033,FREMANTLE,SI50-02,PINJARRA,"SERPENTINE-JARRAHDALE, SHIRE OF","PEEL, Development Region",70,SOUTH WEST M.F.,Mandurah Terrace,20260112
S0238777,Tank Underground,Tank Underground,Mine,Decline,Operating,J00184,Aldiss - Karonie,122.559438000000000,-31.070518000000000,457972,6562499,51,Au Ag,Precious metal,GOLD,Tank,N,,Y,,Operating Mine,Public,3435,ERAYINIA,SH51-14,WIDGIEMOOLTHA,"KALGOORLIE-BOULDER, CITY OF","GOLDFIELDS-ESPERANCE, Development Region",28,KURNALPI,Eastern Goldfields Superterrane,20260112
S0239002,White Heat,White Heat - Mosaic,Mine,Openpit,Operating,J02146,Cue Gold,117.830140000000000,-27.701394000000001,581846,6935599,50,Au Ag,Precious metal,GOLD,,N,,,,,Public,2442,AUSTIN,SG50-15,CUE,"MOUNT MAGNET, SHIRE OF","MID-WEST, Development Region",58,MT. MAGNET,Youanmi Terrane,20260112
S0239003,Big Sky,Big Sky Gold,Mine,Unspecified,Operating,J02146,Cue Gold,117.821045999999996,-27.730235000000000,580929,6932410,50,Au Ag,Precious metal,GOLD,,N,,,,,Public,2442,AUSTIN,SG50-15,CUE,"MOUNT MAGNET, SHIRE OF","MID-WEST, Development Region",58,MT. MAGNET,Youanmi Terrane,20260112
S0239005,Amarillo,Amarillo,Mine,Unspecified,Operating,J02146,Cue Gold,117.823777000000007,-27.688676000000001,581229,6937012,50,Au Ag,Precious metal,GOLD,,N,,,,,Public,2442,AUSTIN,SG50-15,CUE,"CUE, SHIRE OF","MID-WEST, Development Region",21,DAY DAWN,Youanmi Terrane,20260112
S0239072,Mardie Pond P5,Mardie Evaporation Pond P5,Mine,Pond,Under Development,J05265,Mardie Salt-Potash / BCI,115.901116999999999,-21.193363000000002,385936,7656057,50,Salt K2SO4,Industrial mineral,SALT,Mardie Evaporation Pond P5,N,,N,,Operating Mine,Public,2055,MARDIE,SF50-06,YARRALOOLA,"KARRATHA, CITY OF","PILBARA, Development Region",8,ASHBURTON M.F.,Peedamullah Shelf,20260112
S0239162,Garden Well UG,Garden Well Underground,Mine,Decline,Operating,J00009,Duketon / Regis Resources,122.356611000000001,-27.905684999999998,436684,6913079,51,Au Ag,Precious metal,GOLD,Garden Well Underground,N,,N,,Operating Mine,Public,3342,DUKETON,SG51-14,DUKETON,"LAVERTON, SHIRE OF","GOLDFIELDS-ESPERANCE, Development Region",38,MT. MARGARET,Burtville Terrane,20260112
S0239197,Ramone UG,Ramone Underground,Mine,Decline,Operating,J01726,Jundee - Nimary,120.847234999999998,-26.559595999999999,285556,7060540,51,Au Ag,Precious metal,GOLD,Ramone Underground,N,,N,,Operating Mine,Public,3044,LAKE VIOLET,SG51-09,WILUNA,"WILUNA, SHIRE OF","MID-WEST, Development Region",53,WILUNA,Yilgarn Craton granites,20260112
S0239212,Karen Louise,Karen Louise,Mine,Openpit,Operating,J00019,Binduli,121.374517999999995,-30.773660000000000,344446,6594353,51,Au Ag,Precious metal,GOLD,Karen Louise,N,,N,,Operating Mine,Public,3136,KALGOORLIE,SH51-09,KALGOORLIE,"KALGOORLIE-BOULDER, CITY OF","GOLDFIELDS-ESPERANCE, Development Region",26,EAST COOLGARDIE,Eastern Goldfields Superterrane,20260112
S0239230,Miralga W-Rudolph,Miralga West - Rudolph,Mine,Openpit,Operating,J04392,Miralga Creek,119.318793999999997,-21.023499000000001,741000,7673501,50,Fe,Iron,IRON ORE,Miralga West,N,,Y,,Operating Mine,Public,2755,NORTH SHAW,SF50-08,MARBLE BAR,"EAST PILBARA, SHIRE OF","PILBARA, Development Region",45,MARBLE BAR,Gorge Creek Basin,20260112
S0239242,Canover Rd Lot 290 / JBC,Canover Rd Jurien Lot 290 / JBC,Mine,Openpit,Operating,J04712,Midwest  Sand / Jurien Bay Concrete,115.109599000000003,-30.300001999999999,318209,6646458,50,Sd,Construction material,CONSTRUCTION MATERIALS,,N,,,,,Public,1937,HILL RIVER,SH50-09,HILL RIVER,"DANDARAGAN, SHIRE OF","WHEATBELT, Development Region",70,SOUTH WEST M.F.,Beagle Ridge,20260112
S0239255,Skipper Rd Lot 10213/Patmore,Skipper Rd Lot 10213 Arrowsmith East / Patmore,Mine,Openpit,Operating,J05809,Arrowsmith Gravel / Patmore,115.281509000000000,-29.627723000000000,333627,6721230,50,Gvl,Construction material,CONSTRUCTION MATERIALS,,N,,,,,Public,1938,ARROWSMITH,SH50-05,DONGARA,"THREE SPRINGS, SHIRE OF","MID-WEST, Development Region",70,SOUTH WEST M.F.,Donkey Creek Terrace,20260112
S0239264,Forrest Hwy Lot 4 / Rose,Forrest Hwy Myalup Lot 4 / Rose,Mine,Openpit,Operating,J05813,Myalup Limestone / Rose,115.718433000000005,-33.089171999999998,380397,6338097,50,Lst,Construction material,CONSTRUCTION MATERIALS,,N,,,,,Public,2031,BUNBURY,SI50-06,COLLIE,"HARVEY, SHIRE OF","SOUTH WEST, Development Region",70,SOUTH WEST M.F.,Mandurah Terrace,20260112
S0239290,Majestic UG,Majestic Underground,Mine,Decline,Under Development,J02818,North Monger - Kal East Gold Project,121.938976999999994,-30.896597000000000,398596,6581375,51,Au Ag,Precious metal,GOLD,,N,,,,,Public,3236,KANOWNA,SH51-10,KURNALPI,"KALGOORLIE-BOULDER, CITY OF","GOLDFIELDS-ESPERANCE, Development Region",25,BULONG,Yilgarn Craton granites,20260112
S0239295,Chitty Rd Lot 22 / WA Gravel,Chitty Rd Morangup Lot 22 / WA Gavel,Mine,Openpit,Operating,J05816,Toodyay / WA Gravel,116.431321999999994,-31.675007999999998,446096,6495445,50,Gvl,Construction material,CONSTRUCTION MATERIALS,,N,,,,,Public,2134,WOOROLOO,SH50-14,PERTH,"TOODYAY, SHIRE OF","WHEATBELT, Development Region",70,SOUTH WEST M.F.,Yilgarn Craton granites,20260112
S0239296,Indian Ocean Dr Lot 110 / Ledge Point Limesands,Indian Ocean Dr Breton Bay Lot 110 / Ledge Point Limesands,Mine,Openpit,Operating,J07019,Ledge Point Limesand EIL,115.397199999999998,-31.149100000000001,347216,6552768,50,Lsd,Construction material,LIMESTONE - LIMESAND,,N,,,,,Public,1935,LEDGE POINT,SH50-13,LEDGE POINT,"GINGIN, SHIRE OF","WHEATBELT, Development Region",70,SOUTH WEST M.F.,Vlaming Sub-basin,20260112
S0239308,Runnymede Rd Lot 11 North / Niroda,Runnymede Rd Binningup Lot 11 North / Niroda,Mine,Openpit,Operating,J05819,Binningup / Niroda,115.761697999999996,-33.114745999999997,384469,6335310,50,Sd Lst,Construction material,CONSTRUCTION MATERIALS,,N,,,,,Public,2031,BUNBURY,SI50-06,COLLIE,"HARVEY, SHIRE OF","SOUTH WEST, Development Region",70,SOUTH WEST M.F.,Mandurah Terrace,20260112
S0239315,Goodwood Rd Lot 102 Stage 4-5 / Catalano,Goodwood Rd Lot 102 Capel River Stage 4-5 / Catalano,Mine,Openpit,Operating,J03290,Harvey / Catalano,115.706085000000002,-33.662478000000000,380035,6274516,50,Gvl,Construction material,CONSTRUCTION MATERIALS,,N,,,,,Public,2030,DONNYBROOK,SI50-06,COLLIE,"CAPEL, SHIRE OF","SOUTH WEST, Development Region",70,SOUTH WEST M.F.,Bunbury Trough,20260112
S0239344,Sappers Rd Lot 11 / Lancelin Sands,Sappers Rd Lot 11 Nilgen / Lancelin Sands,Mine,Openpit,Operating,J05823,Nilgen / Lancelin Sands,115.496818000000005,-30.995517000000000,356482,6569924,50,Sd,Construction material,CONSTRUCTION MATERIALS,,N,,,,,Public,1936,WEDGE ISLAND,SH50-09,HILL RIVER,"GINGIN, SHIRE OF","WHEATBELT, Development Region",70,SOUTH WEST M.F.,Beermullah Trough,20260112
S0239345,Nilgen Rd Lot 3911 / Catalano,Nilgen Rd Lot 3911 Nilgen / Catalano,Mine,Openpit,Operating,J04381,Gingin / Catalano,115.374533999999997,-30.914012000000000,344674,6578795,50,Lst Sd,Construction material,LIMESTONE - LIMESAND,,N,,,,,Public,1936,WEDGE ISLAND,SH50-09,HILL RIVER,"GINGIN, SHIRE OF","WHEATBELT, Development Region",70,SOUTH WEST M.F.,Beermullah Trough,20260112
S0239346,Nilgen Rd Lot 3910,Nilgen Rd Nilgen Lot 3910,Mine,Openpit,Operating,J06340,Nilgen Rd Limestone,115.379733000000002,-30.896889000000002,345143,6580701,50,Lst,Construction material,LIMESTONE - LIMESAND,,N,,,,,Public,1936,WEDGE ISLAND,SH50-09,HILL RIVER,"GINGIN, SHIRE OF","WHEATBELT, Development Region",70,SOUTH WEST M.F.,Beermullah Trough,20260112
S0239437,Miralga East-Vixen,Miralga East - Vixen,Mine,Openpit,Operating,J04392,Miralga Creek,119.431365999999997,-20.971579999999999,752793,7679076,50,Fe,Iron,IRON ORE,Miralga East - Vixen,N,,N,,Operating Mine,Public,2756,CARLINDIE,SF50-04,PORT HEDLAND,"EAST PILBARA, SHIRE OF","PILBARA, Development Region",45,MARBLE BAR,Gorge Creek Basin,20260112
S0239438,Miralga East - Dasher,Miralga East - Dasher,Mine,Openpit,Operating,J04392,Miralga Creek,119.436306999999999,-20.971838000000002,753307,7679040,50,Fe,Iron,IRON ORE,Miralga East - Dasher,N,,Y,,Operating Mine,Public,2756,CARLINDIE,SF50-04,PORT HEDLAND,"EAST PILBARA, SHIRE OF","PILBARA, Development Region",45,MARBLE BAR,Gorge Creek Basin,20260112
S0239452,Flynn Dr Lot 503 / WA Limestone,Flynn Dr Lot 503 / WA Limestone,Mine,Openpit,Operating,J01232,Flynn Dr Neerabup Lot 21 / WA Land Authority,115.774111000000005,-31.683886999999999,383809,6493949,50,Lst Lsd Agg,Construction material,LIMESTONE - LIMESAND,,N,,,,,Public,2034,PERTH,SH50-14,PERTH,"WANNEROO, CITY OF",METRO,70,SOUTH WEST M.F.,Mandurah Terrace,20260112
S0239470,Fender UG,Fender Underground,Mine,Decline,Operating,J00017,Cue Gold - Central Murchison,117.634550000000004,-27.344474999999999,562764,6975249,50,Au Ag,Precious metal,GOLD,Fender,N,,N,,Operating Mine,Public,2443,CUE,SG50-15,CUE,"CUE, SHIRE OF","MID-WEST, Development Region",20,CUE,Youanmi Terrane,20260112
S0239588,Mindijup Rd Lot 6255 Bramwell Pit / Armogedin,Mindijup Rd Palmdale Lot 6255 Bramwell Pit / Armogedin,Mine,Openpit,Operating,J04532,Albany / Armogedin (Great Southern Sands/Spinifex),118.075911000000005,-34.780886000000002,598442,6150728,50,Sd,Construction material,CONSTRUCTION MATERIALS,,N,,,,,Public,2528,MANYPEAKS,SI50-11,MOUNT BARKER,"ALBANY, CITY OF","GREAT SOUTHERN, Development Region",70,SOUTH WEST M.F.,Esperance Shelf,20260112
S0239607,Coorow-Greenhead Rd Lot 12 / JBC,Coorow-Greenhead Rd Warradarge Lot 12 / Jurien Bay Concrete,Mine,Openpit,Operating,J04712,Midwest  Sand / Jurien Bay Concrete,115.096840999999998,-30.059597000000000,316538,6673084,50,Sd,Construction material,CONSTRUCTION MATERIALS,,N,,,,,Public,1937,HILL RIVER,SH50-09,HILL RIVER,"COOROW, SHIRE OF","MID-WEST, Development Region",70,SOUTH WEST M.F.,Beagle Ridge,20260112
S0239816,Golden Pyke UG ,Golden Pyke UG Exploration Drive,Mine,Decline,Operating,J00102,Golden Mile / KCGM,121.496836999999999,-30.771101999999999,356149,6594799,51,Au Ag,Precious metal,GOLD,,N,,,,,Public,3136,KALGOORLIE,SH51-09,KALGOORLIE,"KALGOORLIE-BOULDER, CITY OF","GOLDFIELDS-ESPERANCE, Development Region",26,EAST COOLGARDIE,Eastern Goldfields Superterrane,20260112
S0239823,Bigge,Bigge - Cloudbreak,Mine,Openpit,Operating,J01407,East Pilbara Iron Ore / FMG,119.205939000000001,-22.286145000000001,727279,7533840,50,Fe,Iron,IRON ORE,Bigge,N,,Y,,Operating Mine,Public,2753,MOUNT MARSH,SF50-12,ROY HILL,"ASHBURTON, SHIRE OF","PILBARA, Development Region",45,MARBLE BAR,Hamersley Basin,20260112
S0239824,Norfolk North,Norfolk North - Cloudbreak,Mine,Openpit,Operating,J01407,East Pilbara Iron Ore / FMG,119.318201999999999,-22.289109000000000,738845,7533339,50,Fe,Iron,IRON ORE,Norfolk North,N,,N,,Operating Mine,Public,2753,MOUNT MARSH,SF50-12,ROY HILL,"ASHBURTON, SHIRE OF","PILBARA, Development Region",45,MARBLE BAR,Hamersley Basin,20260112
S0240077,Waratah,Waratah - Cue,Mine,Openpit,Operating,J02146,Cue Gold,117.835863000000003,-27.697811000000002,582413,6935992,50,Au Ag,Precious metal,GOLD,,N,,,,,Public,2442,AUSTIN,SG50-15,CUE,"CUE, SHIRE OF","MID-WEST, Development Region",58,MT. MAGNET,Youanmi Terrane,20260112
S0240095,Galaxy UG,Galaxy Underground,Mine,Decline,Operating,J00156,Mt Magnet,117.795642000000001,-28.035067000000002,578205,6898657,50,Au Ag,Precious metal,GOLD,Galaxy,N,,Y,,Operating Mine,Public,2441,MOUNT MAGNET,SH50-03,KIRKALOCKA,"MOUNT MAGNET, SHIRE OF","MID-WEST, Development Region",58,MT. MAGNET,Youanmi Terrane,20260112
S0240152,Portal 2,Beta Hunt Portal 2,Mine,Decline,Operating,J04930,Kambalda Gold / RNC,121.675420000000003,-31.220030000000001,373833,6545257,51,Au Ni Ag,Precious metal,GOLD,,N,,,,,Public,3235,LAKE LEFROY,SH51-14,WIDGIEMOOLTHA,"COOLGARDIE, SHIRE OF","GOLDFIELDS-ESPERANCE, Development Region",15,COOLGARDIE,Eastern Goldfields Superterrane,20260112
S0240193,Mardie Pond P1,Mardie Evaporation Pond P1,Mine,Pond,Under Development,J05265,Mardie Salt-Potash / BCI,115.817445000000006,-21.281907000000000,377324,7646193,50,Salt K2SO4,Industrial mineral,SALT,Mardie Salt-Potash / BCI,N,,N,,Operating Mine,Public,2055,MARDIE,SF50-06,YARRALOOLA,"KARRATHA, CITY OF","PILBARA, Development Region",8,ASHBURTON M.F.,Peedamullah Shelf,20260112
S0240194,Mardie Pond P2,Mardie Evaporation Pond P2,Mine,Pond,Under Development,J05265,Mardie Salt-Potash / BCI,115.864408999999995,-21.279385000000001,382195,7646508,50,Salt K2SO4,Industrial mineral,SALT,Mardie Evaporation Pond P2,N,,N,,Operating Mine,Public,2055,MARDIE,SF50-06,YARRALOOLA,"KARRATHA, CITY OF","PILBARA, Development Region",8,ASHBURTON M.F.,Peedamullah Shelf,20260112
S0240195,Mardie Pond P3,Mardie Evaporation Pond P3,Mine,Pond,Under Development,J05265,Mardie Salt-Potash / BCI,115.876726000000005,-21.247451999999999,383447,7650052,50,Salt K2SO4,Industrial mineral,SALT,Mardie Evaporation Pond P3,N,,N,,Operating Mine,Public,2055,MARDIE,SF50-06,YARRALOOLA,"KARRATHA, CITY OF","PILBARA, Development Region",8,ASHBURTON M.F.,Peedamullah Shelf,20260112
S0240196,Mardie Pond P4,Mardie Evaporation Pond P4,Mine,Pond,Under Development,J05265,Mardie Salt-Potash / BCI,115.902074999999996,-21.225971000000001,386061,7652448,50,Salt K2SO4,Industrial mineral,SALT,Mardie Evaporation Pond P4,N,,N,,Operating Mine,Public,2055,MARDIE,SF50-06,YARRALOOLA,"KARRATHA, CITY OF","PILBARA, Development Region",8,ASHBURTON M.F.,Peedamullah Shelf,20260112
S0240198,Mardie Secondary Crystalliser,Mardie Secondary Salt Crystalliser,Mine,Pond,Under Development,J05265,Mardie Salt-Potash / BCI,115.938384999999997,-21.167605999999999,389786,7658934,50,Salt K2SO4,Industrial mineral,SALT,Mardie Secondary Salt Crystalliser,N,,N,,Operating Mine,Public,2055,MARDIE,SF50-06,YARRALOOLA,"KARRATHA, CITY OF","PILBARA, Development Region",8,ASHBURTON M.F.,Peedamullah Shelf,20260112
S0240235,Kalbarri Sand,Kalbarri Sand,Mine,Openpit,Operating,J06037,Kalbarri Sand / Scheffer,114.155034999999998,-27.754629999999999,219578,6926733,50,Sdc Sd,Construction material,CONSTRUCTION MATERIALS,,N,,,,,Public,1742,KALBARRI,SG50-13,AJANA,"NORTHAMPTON, SHIRE OF","MID-WEST, Development Region",70,SOUTH WEST M.F.,Gascoyne Platform,20260112
S0240236,Mather Dr Lot 9003 Stages 1-2 / Urban,Mather Dr Neerabup Lot 9003 Stages 1-2 / Urban Resources,Mine,Openpit,Operating,J06059,Mather Dr Neerabup Lot 9003 / City of Wanneroo,115.793110999999996,-31.672785999999999,385596,6495200,50,Sdc Lst,Construction material,CONSTRUCTION MATERIALS,,N,,,,,Public,2034,PERTH,SH50-14,PERTH,"WANNEROO, CITY OF",METRO,70,SOUTH WEST M.F.,Mandurah Terrace,20260112
S0240271,Castle Hill,Castle Hill,Mine,Openpit,Operating,J04814,Mungari / Evolution,121.033705999999995,-30.638217999999998,311562,6608843,51,Au Ag,Precious metal,GOLD,,N,,,,,Public,3136,KALGOORLIE,SH51-09,KALGOORLIE,"COOLGARDIE, SHIRE OF","GOLDFIELDS-ESPERANCE, Development Region",16,KUNANALLING,Eastern Goldfields Superterrane,20260112
S0240524,Stockyard Silica Sand,Warradarge Silica Sand Mine,Mine,Openpit,Operating,J06103,Warradarge Silica Sand,115.280474999999996,-30.057462000000001,334238,6673600,50,Sisd,Industrial mineral,SILICA - SILICA SAND,Warradarge,Y,Sisd,Y,,Operating Mine,Public,1937,HILL RIVER,SH50-09,HILL RIVER,"COOROW, SHIRE OF","MID-WEST, Development Region",70,SOUTH WEST M.F.,Cadda Terrace,20260112
S0240577,Yarri Rd Lot 200 Sand/Prime,Yarri Rd Balbarrup Lot 200 Sand/Prime,Mine,Openpit,Operating,J04694,Nannup-Northcliffe-Pemberton / Prime,116.240168999999995,-34.175536999999998,429975,6218119,50,Sdc,Construction material,CONSTRUCTION MATERIALS,,N,,,,,Public,2129,MANJIMUP,SI50-10,PEMBERTON,"MANJIMUP, SHIRE OF","SOUTH WEST, Development Region",70,SOUTH WEST M.F.,Yilgarn Craton granites,20260112
S0240582,Hurst Road Lot 11/ Roadstone,Hurst Road Lot 11/ Roadstone,Mine,Openpit,Operating,,,115.793910999999994,-32.154086999999997,386265,6441848,50,Lst,Construction material,LIMESTONE - LIMESAND,,N,,,,,Public,2033,FREMANTLE,SI50-02,PINJARRA,"COCKBURN, CITY OF",METRO,70,SOUTH WEST M.F.,Mandurah Terrace,20260112
S0240587,Forrest Hwy Lot 3 / Rose,Forrest Hwy Myalup Lot 3 / Rose,Mine,Openpit,Operating,J05813,Myalup Limestone / Rose,115.718511000000007,-33.080187000000002,380392,6339093,50,Lst,Construction material,CONSTRUCTION MATERIALS,,N,,,,,Public,2031,BUNBURY,SI50-06,COLLIE,"HARVEY, SHIRE OF","SOUTH WEST, Development Region",70,SOUTH WEST M.F.,Mandurah Terrace,20260112
S0240597,Donnybrook-Boyup Brook Rd Lot 100/DBCEC,Donnybrook-Boyup Brook Rd Queenwood Lot 100/DBCEC,Mine,Openpit,Operating,J06182,Donnybrook / DBCEC,115.877311000000006,-33.569586000000001,395799,6285001,50,Sdc,Construction material,CONSTRUCTION MATERIALS,,N,,,,,Public,2030,DONNYBROOK,SI50-06,COLLIE,"DONNYBROOK-BALINGUP, SHIRE OF","SOUTH WEST, Development Region",70,SOUTH WEST M.F.,South West Terrane,20260112
S0240616,Horsley Rd Lot 120 / Gravel Link,Horsley Rd Lot 120 / Gravel Link,Mine,Openpit,Operating,J03687,Horsley Rd Wamenusking / Gravel Link,117.525910999999994,-32.105486999999997,549618,6447750,50,Gvl,Construction material,CONSTRUCTION MATERIALS,,N,,,,,Public,2433,CORRIGIN,SI50-03,CORRIGIN,"QUAIRADING, SHIRE OF","WHEATBELT, Development Region",70,SOUTH WEST M.F.,South West Terrane,20260112
S0240628,Jalbarragup Rd Lot 854 Pit 1/ Payne,Jalbarragup Rd Walsall Lot 854 Pit 1 / Payne,Mine,Openpit,Operating,J06132,Jalbarragup Road Walsall / Payne,115.394110999999995,-33.809486999999997,351361,6257808,50,Gvl Sd,Construction material,CONSTRUCTION MATERIALS,,N,,,,,Public,1930,BUSSELTON,SI50-05,BUSSELTON,"BUSSELTON, CITY OF","SOUTH WEST, Development Region",70,SOUTH WEST M.F.,Bunbury Trough,20260112
S0240649,Bussell Hwy Lot 1494 / Leeuwin,Bussell Hwy Kudardup Lot 1494 / Leeuwin Civil,Mine,Openpit,Operating,J04675,Busselton-Cowaramup / Leeuwin Civil,115.120311000000001,-34.270586999999999,326955,6206243,50,Gvl Sdc,Construction material,CONSTRUCTION MATERIALS,,N,,,,,Public,1929,LEEUWIN,SI50-09,AUGUSTA,"AUGUSTA MARGARET RIVER, SHIRE OF","SOUTH WEST, Development Region",70,SOUTH WEST M.F.,"Pinjarra Orogen, Leeuwin Inlier",20260112
S0240653,Wallis Rd Lot 202/Silverthorne,Wallis Rd Witchcliffe Lot 202/Silverthorne,Mine,Openpit,Operating,J04942,Rosa Glen / Silverthorne,115.148211000000003,-33.984087000000002,328948,6238063,50,Gvl,Construction material,CONSTRUCTION MATERIALS,,N,,,,,Public,1930,BUSSELTON,SI50-05,BUSSELTON,"AUGUSTA MARGARET RIVER, SHIRE OF","SOUTH WEST, Development Region",70,SOUTH WEST M.F.,"Pinjarra Orogen, Leeuwin Inlier",20260112
S0240655,Bussell Hwy Karridale Lot 21,Bussell Hwy Karridale Lot 21,Mine,Openpit,Operating,J06147,Bussell Highway Karridale Lot 21,115.112711000000004,-34.124087000000003,325955,6222477,50,Sd,Construction material,CONSTRUCTION MATERIALS,,N,,,,,Public,1929,LEEUWIN,SI50-09,AUGUSTA,"AUGUSTA MARGARET RIVER, SHIRE OF","SOUTH WEST, Development Region",70,SOUTH WEST M.F.,"Pinjarra Orogen, Leeuwin Inlier",20260112
S0240656,Wallis Rd Lots 2826 3838,Wallis Rd Witchcliffe Lots 2826 3838,Mine,Openpit,Operating,J06344,Wallis Rd / Gale,115.122911000000002,-33.996087000000003,326635,6236690,50,Sd Gvl,Construction material,CONSTRUCTION MATERIALS,,N,,,,,Public,1930,BUSSELTON,SI50-05,BUSSELTON,"AUGUSTA MARGARET RIVER, SHIRE OF","SOUTH WEST, Development Region",70,SOUTH WEST M.F.,"Pinjarra Orogen, Leeuwin Inlier",20260112
S0240659,Twenty Four Road Lot 12,Twenty Four Road Karridale Lot 12,Mine,Openpit,Operating,J06194,Margaret River / Adamson,115.136311000000006,-34.203786999999998,328293,6213678,50,Sd,Construction material,CONSTRUCTION MATERIALS,,N,,,,,Public,1929,LEEUWIN,SI50-09,AUGUSTA,"AUGUSTA MARGARET RIVER, SHIRE OF","SOUTH WEST, Development Region",70,SOUTH WEST M.F.,"Pinjarra Orogen, Leeuwin Inlier",20260112
S0240666,Brand Hwy Lot 2233/ WA Limestone,Brand Hwy Muchea Lot 2233 / WA Limestone,Mine,Openpit,Operating,J06148,Muchea/WA Limestone,115.940837999999999,-31.565159000000001,399484,6507274,50,Sd,Construction material,CONSTRUCTION MATERIALS,,N,,,,,Public,2034,PERTH,SH50-14,PERTH,"CHITTERING, SHIRE OF","WHEATBELT, Development Region",70,SOUTH WEST M.F.,Mandurah Terrace,20260112
S0240676,Calgardup Rd Lot 3207,Calgardup Rd Forest Grove Lot 3207,Mine,Openpit,Operating,J06352,Forest Grove / Kniveton Hillocks,115.122810999999999,-34.051887000000001,326739,6230501,50,Gvl,Construction material,CONSTRUCTION MATERIALS,,N,,,,,Public,1929,LEEUWIN,SI50-09,AUGUSTA,"AUGUSTA MARGARET RIVER, SHIRE OF","SOUTH WEST, Development Region",70,SOUTH WEST M.F.,"Pinjarra Orogen, Leeuwin Inlier",20260112
S0240751,Lindberg Rd Lot 80 / Willmott,Lindberg Rd Bovell Lot 80 / Willmott,Mine,Openpit,Operating,J06353,Bovell / Willmott,115.373411000000004,-33.690787000000000,349238,6270941,50,Sd,Construction material,CONSTRUCTION MATERIALS,,N,,,,,Public,1930,BUSSELTON,SI50-05,BUSSELTON,"BUSSELTON, CITY OF","SOUTH WEST, Development Region",70,SOUTH WEST M.F.,Bunbury Trough,20260112
S0240753,Gale Rd Lot 2653 / Leeuwin Civil,Gale Rd Kaloorup Lot 2653 / Leeuwin Civil,Mine,Openpit,Operating,J04675,Busselton-Cowaramup / Leeuwin Civil,115.232810999999998,-33.795186999999999,336403,6259149,50,Sd,Construction material,CONSTRUCTION MATERIALS,,N,,,,,Public,1930,BUSSELTON,SI50-05,BUSSELTON,"BUSSELTON, CITY OF","SOUTH WEST, Development Region",70,SOUTH WEST M.F.,Vasse Shelf,20260112
S0240773,Ludlow-Hithergreen Rd Lot 61/Harbecks,Ludlow-Hithergreen Rd Lot 61/Harbecks,Mine,Openpit,Operating,J04648,Busselton / Harbecks Transport,115.510311000000002,-33.661386999999998,361880,6274392,50,Gvl,Construction material,CONSTRUCTION MATERIALS,,N,,,,,Public,2030,DONNYBROOK,SI50-06,COLLIE,"BUSSELTON, CITY OF","SOUTH WEST, Development Region",70,SOUTH WEST M.F.,Bunbury Trough,20260112
S0240786,Runnymede Rd Lot 9 / BCP,Runnymede Rd Binningup Lot 9 / BCP,Mine,Openpit,Operating,J06168,Harvey / BCP Materials,115.750810999999999,-33.133485999999998,383478,6333220,50,Sd,Construction material,CONSTRUCTION MATERIALS,,N,,,,,Public,2031,BUNBURY,SI50-06,COLLIE,"HARVEY, SHIRE OF","SOUTH WEST, Development Region",70,SOUTH WEST M.F.,Mandurah Terrace,20260112
S0240829,Mount Leewin Loop Rd Lot 101 / Worthy,Mount Leewin Loop Rd Carlotta Lot 101 / Worthy,Mine,Openpit,Operating,J02767,Carlotta Gravel / Worthy,115.818111000000002,-34.098886000000000,390978,6226249,50,Gvl,Construction material,CONSTRUCTION MATERIALS,,N,,,,,Public,2029,DONNELLY,SI50-10,PEMBERTON,"NANNUP, SHIRE OF","SOUTH WEST, Development Region",70,SOUTH WEST M.F.,South West Terrane,20260112
S0240830,Roberts Rd Lot 121 / Crouch,Roberts Rd Carlotta Lot 121 / Crouch,Mine,Openpit,Operating,J06199,Brookvale Carlotta / Crouch,115.751711000000000,-34.079386000000000,384827,6228339,50,Gvl,Construction material,CONSTRUCTION MATERIALS,,N,,,,,Public,2029,DONNELLY,SI50-10,PEMBERTON,"NANNUP, SHIRE OF","SOUTH WEST, Development Region",70,SOUTH WEST M.F.,South West Terrane,20260112
S0240831,Spring Gully Rd Location 9648 / Ferny,Spring Gully Rd Location 9648 / Ferny,Mine,Openpit,Operating,J06179,Spring Gully Road - Ferny Hollow Farm,116.005211000000003,-33.856586999999998,407977,6253300,50,Sd,Construction material,CONSTRUCTION MATERIALS,,N,,,,,Public,2130,BRIDGETOWN,SI50-06,COLLIE,"BRIDGETOWN-GREENBUSHES, SHIRE OF","SOUTH WEST, Development Region",1,GREENBUSHES M.F.,South West Terrane,20260112
S0240832,Spring Gully Rd Location 8756 / Ferny,Spring Gully Rd Location 8756 / Ferny,Mine,Openpit,Operating,J06179,Spring Gully Road - Ferny Hollow Farm,116.014311000000006,-33.866587000000003,408829,6252198,50,Gvl,Construction material,CONSTRUCTION MATERIALS,,N,,,,,Public,2130,BRIDGETOWN,SI50-06,COLLIE,"BRIDGETOWN-GREENBUSHES, SHIRE OF","SOUTH WEST, Development Region",1,GREENBUSHES M.F.,South West Terrane,20260112
S0240833,Spring Gully Rd Lot 816 / Cityworld,Spring Gully Rd Southampton Lot 816 / Cityworld,Mine,Openpit,Operating,J06290,Spring Gully Rd / Cityworld,115.995311000000001,-33.852086999999997,407056,6253790,50,PisoGravel,Construction material,CONSTRUCTION MATERIALS,,N,,,,,Public,2030,DONNYBROOK,SI50-06,COLLIE,"DONNYBROOK-BALINGUP, SHIRE OF","SOUTH WEST, Development Region",70,SOUTH WEST M.F.,South West Terrane,20260112
S0240834,Beelerup Rd Lot 102 North Pit / Henderson,Beelerup Rd Beelerup Lot 102 North Pit / Henderson,Mine,Openpit,Operating,J06180,Beelerup / Henderson,115.851111000000003,-33.540585999999998,393332,6288190,50,Dst,Construction material,DIMENSION STONE,,N,,,,,Public,2030,DONNYBROOK,SI50-06,COLLIE,"DONNYBROOK-BALINGUP, SHIRE OF","SOUTH WEST, Development Region",70,SOUTH WEST M.F.,South West Terrane,20260112
S0240835,Charley Creek Rd Lot 5 / DBCEC,Charley Creek Rd Charley Creek Lot 5 / DBCEC,Mine,Openpit,Operating,J06182,Donnybrook / DBCEC,115.896111000000005,-33.573785999999998,397549,6284554,50,Gvl,Construction material,CONSTRUCTION MATERIALS,,N,,,,,Public,2030,DONNYBROOK,SI50-06,COLLIE,"DONNYBROOK-BALINGUP, SHIRE OF","SOUTH WEST, Development Region",70,SOUTH WEST M.F.,South West Terrane,20260112
S0240837,Morrissey Rd Lot 130 / Mazza,Morrissey Rd Yabberup Lot 130 / Mazza,Mine,Openpit,Operating,J06316,Donnybrook / Wild Fig Company,116.011711000000005,-33.555686000000001,408259,6286669,50,Gvl,Construction material,CONSTRUCTION MATERIALS,,N,,,,,Public,2130,BRIDGETOWN,SI50-06,COLLIE,"DONNYBROOK-BALINGUP, SHIRE OF","SOUTH WEST, Development Region",70,SOUTH WEST M.F.,Yilgarn Craton granites,20260112
S0240852,Dixvale Rd Lot 9072 / Manjimup Pest,Dixvale Rd Dixvale Lot 9072 / Manjimup Pest,Mine,Openpit,Operating,J06196,Manjimup / Manjimup Pest Control,116.055110999999997,-34.198587000000003,412943,6215421,50,Gvl,Construction material,CONSTRUCTION MATERIALS,,N,,,,,Public,2129,MANJIMUP,SI50-10,PEMBERTON,"MANJIMUP, SHIRE OF","SOUTH WEST, Development Region",70,SOUTH WEST M.F.,South West Terrane,20260112
S0240853,Middlesex Road Lot 9 / Starkie,Middlesex Road Middlesex Lot 9 / Starkie,Mine,Openpit,Operating,J05339,Manjimup / Starkie,116.175111000000001,-34.338186999999998,424125,6200037,50,Shale,Construction material,CONSTRUCTION MATERIALS,,N,,,,,Public,2129,MANJIMUP,SI50-10,PEMBERTON,"MANJIMUP, SHIRE OF","SOUTH WEST, Development Region",70,SOUTH WEST M.F.,"Northern Foreland, Albany-Fraser Orogen",20260112
S0240854,Iredell Road Lot 452 / Red Moon,Iredell Road Beedelup Lot 452 / Red Moon,Mine,Openpit,Operating,J06195,Beedelup / Red Moon,115.994739999999993,-34.319856999999999,407514,6201920,50,Gvl,Construction material,CONSTRUCTION MATERIALS,,N,,,,,Public,2029,DONNELLY,SI50-10,PEMBERTON,"MANJIMUP, SHIRE OF","SOUTH WEST, Development Region",70,SOUTH WEST M.F.,"Northern Foreland, Albany-Fraser Orogen",20260112
S0240855,Clarke Rd Lot 12596 Gravel / Catalano,Clarke Rd Walpole Lot 12596 Gravel/ Catalano,Mine,Openpit,Operating,J05029,Manjimup / Catalano,116.739487999999994,-34.935924999999997,476209,6134031,50,Gvl,Construction material,CONSTRUCTION MATERIALS,,N,,,,,Public,2228,DEEP RIVER,SI50-10,PEMBERTON,"MANJIMUP, SHIRE OF","SOUTH WEST, Development Region",70,SOUTH WEST M.F.,Nornalup Zone,20260112
S0240858,Dewars Pool Rd Lot M1040 / Catalano,Dewars Pool Rd Chittering East Lot M1040 / Catalano,Mine,Openpit,Operating,J04794,Chittering / Catalano,116.165711000000002,-31.333286999999999,420630,6533159,50,Gvl,Construction material,CONSTRUCTION MATERIALS,,N,,,,,Public,2135,CHITTERING,SH50-14,PERTH,"CHITTERING, SHIRE OF","WHEATBELT, Development Region",70,SOUTH WEST M.F.,Yilgarn Craton granites,20260112
S0240949,Red Hill West Extension Area A / Heidelberg,Red Hill West Extension Area A / Heidelberg,Mine,Openpit,Operating,J00977,Herne Hill / Heidelberg Materials,116.072511000000006,-31.827687000000001,412229,6478291,50,Agg,Construction material,CONSTRUCTION MATERIALS,,N,,,,,Public,2134,WOOROLOO,SH50-14,PERTH,"SWAN, CITY OF",METRO,70,SOUTH WEST M.F.,Yilgarn Craton granites,20260112
S0241011,Toodyay Rd Lot 556 / Trico,Toodyay Rd Bailup Lot 556 / Trico,Mine,Openpit,Operating,J06230,Bailup / Trico,116.306310999999994,-31.721886999999999,434279,6490181,50,Gvl,Construction material,CONSTRUCTION MATERIALS,,N,,,,,Public,2134,WOOROLOO,SH50-14,PERTH,"MUNDARING, SHIRE OF",METRO,70,SOUTH WEST M.F.,South West Terrane,20260112
S0241015,Salt Valley Rd Lot 1919 Chitty Main Pit / Midland Brick,Salt Valley Rd Hoddys Well Lot 1919 Chitty Main Pit / Midland Brick,Mine,Openpit,Operating,J02057,Toodyay / Midland Brick,116.446810999999997,-31.665787000000002,447559,6496474,50,Clay,Construction material,CLAYS,,N,,,,,Public,2134,WOOROLOO,SH50-14,PERTH,"TOODYAY, SHIRE OF","WHEATBELT, Development Region",70,SOUTH WEST M.F.,South West Terrane,20260112
S0241020,Salt Valley Rd Lot 1919 Chitty Junior Pit / Midland Brick,Salt Valley Rd Hoddys Well Lot 1919 Chitty Junior Pit / Midland Brick,Mine,Openpit,Operating,J02057,Toodyay / Midland Brick,116.438811000000001,-31.657886999999999,446796,6497346,50,Clay,Construction material,CLAYS,,N,,,,,Public,2134,WOOROLOO,SH50-14,PERTH,"TOODYAY, SHIRE OF","WHEATBELT, Development Region",70,SOUTH WEST M.F.,South West Terrane,20260112
S0241021,Salt Valley Rd Lot 1919 White Schist Pit / Midland Brick,Salt Valley Rd Hoddys Well Lot 1919 White Schist Pit / Midland Brick,Mine,Openpit,Operating,J02057,Toodyay / Midland Brick,116.446111000000002,-31.662386999999999,447491,6496851,50,Clay,Construction material,CLAYS,,N,,,,,Public,2134,WOOROLOO,SH50-14,PERTH,"TOODYAY, SHIRE OF","WHEATBELT, Development Region",70,SOUTH WEST M.F.,South West Terrane,20260112
S0241024,Mount Rd Lot 402 / Goldset,Mount Rd Wattening Lot 402 / Goldset,Mine,Openpit,Operating,J06233,Toodyay / Goldset,116.407511000000000,-31.328087000000000,443631,6533884,50,Sd,Construction material,CONSTRUCTION MATERIALS,,N,,,,,Public,2135,CHITTERING,SH50-14,PERTH,"TOODYAY, SHIRE OF","WHEATBELT, Development Region",70,SOUTH WEST M.F.,Yilgarn Craton granites,20260112
S0241025,Goomalling-Toodyay Rd Lot 1 Gravel / Vernice,Goomalling-Toodyay Rd Nunile Lot 1 Gravel / Vernice,Mine,Openpit,Operating,J02081,Toodyay / Vernice,116.583710999999994,-31.507086999999999,460470,6514122,50,Gvl,Construction material,CONSTRUCTION MATERIALS,,N,,,,,Public,2234,NORTHAM,SH50-14,PERTH,"TOODYAY, SHIRE OF","WHEATBELT, Development Region",70,SOUTH WEST M.F.,South West Terrane,20260112
S0241029,Lovers Lane Lot 6 Pit 2 / Rural Stone,Lovers Lane Toodyay Lot 6 Pit 2 / Rural Stone,Mine,Openpit,Operating,J04145,Toodyay Quartzite / Rural Stone,116.398910999999998,-31.603086000000001,442980,6503401,50,Qtze Dst,Construction material,CONSTRUCTION MATERIALS,,N,,,,,Public,2134,WOOROLOO,SH50-14,PERTH,"TOODYAY, SHIRE OF","WHEATBELT, Development Region",70,SOUTH WEST M.F.,South West Terrane,20260112
S0241032,Goomalling-Toodyay Rd Lot 1 Sand / Vernice,Goomalling-Toodyay Rd Nunile Lot 1 Sand / Vernice,Mine,Openpit,Operating,J02081,Toodyay / Vernice,116.584110999999993,-31.512187000000001,460510,6513557,50,Sd,Construction material,CONSTRUCTION MATERIALS,,N,,,,,Public,2234,NORTHAM,SH50-14,PERTH,"TOODYAY, SHIRE OF","WHEATBELT, Development Region",70,SOUTH WEST M.F.,South West Terrane,20260112
S0241048,Toodyay Rd Lot 5 Gravel / Avon,Toodyay Rd Lot 5 Toodyay Gravel / Avon Earthworks,Mine,Openpit,Operating,J02077,Avon Earthworks Sand and Gravel,116.422611000000003,-31.601586999999999,445227,6503579,50,Gvl PisoGravel,Construction material,CONSTRUCTION MATERIALS,,N,,,,,Public,2134,WOOROLOO,SH50-14,PERTH,"TOODYAY, SHIRE OF","WHEATBELT, Development Region",70,SOUTH WEST M.F.,South West Terrane,20260112
S0241055,R36125 Horton Rd Lot 28654 East / Shire,Reserve 36125 Horton Rd Lot 28654 East / Shire of Mundaring,Mine,Openpit,Operating,J06752,GBRM / Shire of Mundaring,116.343911000000006,-31.859586000000000,437933,6474940,50,Gvl,Construction material,CONSTRUCTION MATERIALS,,N,,,,,Public,2134,WOOROLOO,SH50-14,PERTH,"MUNDARING, SHIRE OF",METRO,70,SOUTH WEST M.F.,Yilgarn Craton granites,20260112
S0241057,Eadine Rd Lot 10 Sand / Mitic,Eadine Rd Clackline Lot 10 Sand / Mitic,Mine,Openpit,Operating,J06244,Northam / Mitic,116.551710999999997,-31.701087000000001,457519,6492608,50,Sd Gvl,Construction material,CONSTRUCTION MATERIALS,,N,,,,,Public,2234,NORTHAM,SH50-14,PERTH,"NORTHAM, SHIRE OF","WHEATBELT, Development Region",70,SOUTH WEST M.F.,South West Terrane,20260112
S0241058,Smith Rd Lot 1096 / Warner,Smith Rd Burlong Lot 1096 / Warner,Mine,Openpit,Operating,J06343,Burlong / Warner,116.554111000000006,-31.693787000000000,457743,6493418,50,Gvl Sd,Construction material,CONSTRUCTION MATERIALS,,N,,,,,Public,2234,NORTHAM,SH50-14,PERTH,"NORTHAM, SHIRE OF","WHEATBELT, Development Region",70,SOUTH WEST M.F.,South West Terrane,20260112
S0241061,Spencers Book Rd Lot 93 / Italia,Spencers Book Rd Muluckine Lot 93 / Italia Stone,Mine,Openpit,Operating,J06246,Northam Quarry / Italia Stone Group,116.654611000000003,-31.689786999999999,467266,6493895,50,Gran,Construction material,CONSTRUCTION MATERIALS,,N,,,,,Public,2234,NORTHAM,SH50-14,PERTH,"NORTHAM, SHIRE OF","WHEATBELT, Development Region",70,SOUTH WEST M.F.,South West Terrane,20260112
S0241065,Gentle Rd Lot 16 / Marris,Gentle Rd Throssell Lot 16 / Marris,Mine,Openpit,Operating,J06265,Northam / Marris,116.827910000000003,-31.749687000000002,483701,6487295,50,Gvl,Construction material,CONSTRUCTION MATERIALS,,N,,,,,Public,2234,NORTHAM,SH50-14,PERTH,"NORTHAM, SHIRE OF","WHEATBELT, Development Region",70,SOUTH WEST M.F.,South West Terrane,20260112
S0241069,Walgy Rd Lot 11,Walgy Rd Beverley Lot 11,Mine,Openpit,Operating,,,116.938111000000006,-32.023086999999997,494155,6457003,50,Gvl,Construction material,CONSTRUCTION MATERIALS,,N,,,,,Public,2233,BEVERLEY,SI50-02,PINJARRA,"BEVERLEY, SHIRE OF","WHEATBELT, Development Region",70,SOUTH WEST M.F.,South West Terrane,20260112
S0241075,Eadine Road Lot 10 Gravel / Mitic,Eadine Rd Clackline Lot 10 Gravel / Mitic,Mine,Openpit,Operating,J06244,Northam / Mitic,116.550711000000007,-31.705387000000002,457426,6492131,50,Gvl,Construction material,CONSTRUCTION MATERIALS,,N,,,,,Public,2234,NORTHAM,SH50-14,PERTH,"NORTHAM, SHIRE OF","WHEATBELT, Development Region",70,SOUTH WEST M.F.,South West Terrane,20260112
S0241081,R13755 Gravel / Goomalling,Reserve 13755 Gravel / Shire of Goomalling,Mine,Openpit,Operating,J06263,GBRM / Shire of Goomalling,116.749211000000003,-31.497886000000001,476183,6515189,50,Gvl,Construction material,CONSTRUCTION MATERIALS,,N,,,,,Public,2235,GOOMALLING,SH50-14,PERTH,"GOOMALLING, SHIRE OF","WHEATBELT, Development Region",70,SOUTH WEST M.F.,South West Terrane,20260112
S0241110,Shingle Hill Rd Lot 191 / Shire,Shingle Hill Rd Bakers Hill Lot 191 / Shire of Northam,Mine,Openpit,Operating,J03551,GBRM / Shire of Northam,116.436811000000006,-31.727685999999999,446646,6489610,50,Gvl,Construction material,CONSTRUCTION MATERIALS,,N,,,,,Public,2134,WOOROLOO,SH50-14,PERTH,"NORTHAM, SHIRE OF","WHEATBELT, Development Region",70,SOUTH WEST M.F.,South West Terrane,20260112
S0241142,Hope Valley Rd Lot 339,Hope Valley Rd Hope Valley Lot 339,Mine,Openpit,Operating,J06342,Hope Valley Rd / Paulik,115.798111000000006,-32.193387000000001,386710,6437495,50,Sd,Construction material,CONSTRUCTION MATERIALS,,N,,,,,Public,2033,FREMANTLE,SI50-02,PINJARRA,"KWINANA, CITY OF",METRO,70,SOUTH WEST M.F.,Mandurah Terrace,20260112
S0241161,Achilles North,Achilles North and Central,Mine,Openpit,Operating,J00226,Marvel Loch - Southern Cross,119.384900999999999,-31.296395000000000,727000,6535094,50,Au,Precious metal,GOLD,Achilles North and Central,N,,N,,Operating Mine,Public,2735,SOUTHERN CROSS,SH50-16,SOUTHERN CROSS,"YILGARN, SHIRE OF","WHEATBELT, Development Region",77,YILGARN M.F.,Youanmi Terrane,20260112
S0241162,Achilles Central 1,Achilles Central Open Pit 1,Mine,Openpit,Operating,J00226,Marvel Loch - Southern Cross,119.386431999999999,-31.297371999999999,727143,6534983,50,Au,Precious metal,GOLD,Achilles Central Open Pit 1,N,,N,,Operating Mine,Public,2735,SOUTHERN CROSS,SH50-16,SOUTHERN CROSS,"YILGARN, SHIRE OF","WHEATBELT, Development Region",77,YILGARN M.F.,Youanmi Terrane,20260112
S0241165,Achilles East,Achilles East Open Pit,Mine,Openpit,Under Development,J00226,Marvel Loch - Southern Cross,119.392522000000000,-31.299772999999998,727717,6534704,50,Au,Precious metal,GOLD,Achilles East Open Pit,N,,N,,Operating Mine,Public,2735,SOUTHERN CROSS,SH50-16,SOUTHERN CROSS,"YILGARN, SHIRE OF","WHEATBELT, Development Region",77,YILGARN M.F.,Youanmi Terrane,20260112
S0241166,Achilles West,Achilles West Open Pit,Mine,Openpit,Under Development,J00226,Marvel Loch - Southern Cross,119.390867999999998,-31.301007999999999,727557,6534570,50,Au,Precious metal,GOLD,Achilles West Open Pit,N,,N,,Operating Mine,Public,2735,SOUTHERN CROSS,SH50-16,SOUTHERN CROSS,"YILGARN, SHIRE OF","WHEATBELT, Development Region",77,YILGARN M.F.,Youanmi Terrane,20260112
S0241168,Sayer Rd Lot 4 / Urban,Sayer Rd Hope Valley Lot 4 / Urban Resources,Mine,Openpit,Operating,J04944,Hope Valley / Urban Resources,115.821611000000004,-32.182285999999998,388912,6438750,50,Sd,Construction material,CONSTRUCTION MATERIALS,,N,,,,,Public,2033,FREMANTLE,SI50-02,PINJARRA,"KWINANA, CITY OF",METRO,70,SOUTH WEST M.F.,Mandurah Terrace,20260112
S0241169,Ashley Rds Lot 127-128 / Urban,Ashley Rd Hope Valley Lot 127-128 / Urban Resources,Mine,Openpit,Operating,J04944,Hope Valley / Urban Resources,115.816310999999999,-32.188285999999998,388419,6438080,50,Lst Sd,Construction material,LIMESTONE - LIMESAND,,N,,,,,Public,2033,FREMANTLE,SI50-02,PINJARRA,"KWINANA, CITY OF",METRO,70,SOUTH WEST M.F.,Mandurah Terrace,20260112
S0241170,Ashley Rd Lot 800 / Urban,Ashley Rd Hope Valley Lot 800 / Urban Resources,Mine,Openpit,Operating,J04944,Hope Valley / Urban Resources,115.811411000000007,-32.187586000000003,387957,6438152,50,Lst Sd,Construction material,LIMESTONE - LIMESAND,,N,,,,,Public,2033,FREMANTLE,SI50-02,PINJARRA,"KWINANA, CITY OF",METRO,70,SOUTH WEST M.F.,Mandurah Terrace,20260112
S0241171,Sayer Rd Lot 814 and 816 / Urban,Sayer Rd Hope Valley Lot 814 and 816 / Urban Resources,Mine,Openpit,Operating,J04944,Hope Valley / Urban Resources,115.814610999999999,-32.182285999999998,388252,6438743,50,Lst Sd,Construction material,LIMESTONE - LIMESAND,,N,,,,,Public,2033,FREMANTLE,SI50-02,PINJARRA,"KWINANA, CITY OF",METRO,70,SOUTH WEST M.F.,Mandurah Terrace,20260112
S0241212,Piavanini Rd Lot 4477 Sand / Cannaponics,Piavanini Rd Collie Burn Lot 4477 Sand / Cannaponics,Mine,Openpit,Operating,J03503,Piavanini Rd / Cannaponics,116.223111000000003,-33.396186000000000,427751,6304521,50,Sd Gvl,Construction material,CONSTRUCTION MATERIALS,,N,,,,,Public,2131,COLLIE,SI50-06,COLLIE,"COLLIE, SHIRE OF","SOUTH WEST, Development Region",12,COLLIE RIVER M.F.,Collie Sub-basin,20260112
S0241264,Collie-Preston Rd Lot 1501 / Cardinal,Collie-Preston Rd Lyall's Mill Lot 1501 / Cardinal,Mine,Openpit,Operating,J06307,Collie Sand Operations / Cardinal,116.136711000000005,-33.453386000000002,419768,6298116,50,Gvl,Construction material,CONSTRUCTION MATERIALS,,N,,,,,Public,2131,COLLIE,SI50-06,COLLIE,"COLLIE, SHIRE OF","SOUTH WEST, Development Region",12,COLLIE RIVER M.F.,Yilgarn Craton granites,20260112
S0241265,Lyalls Mill Rd Lot 2519 / Cardinal,Lyalls Mill Rd Lyalls Mill Lot 2519 / Cardinal,Mine,Openpit,Operating,J06307,Collie Sand Operations / Cardinal,116.120110999999994,-33.447786000000001,418220,6298723,50,Gvl,Construction material,CONSTRUCTION MATERIALS,,N,,,,,Public,2131,COLLIE,SI50-06,COLLIE,"COLLIE, SHIRE OF","SOUTH WEST, Development Region",70,SOUTH WEST M.F.,Yilgarn Craton granites,20260112
S0241267,Robins Road Lots 66 137 159 230 / Worsley,Robins Road Lots 66 137 159 230 / Worsley,Mine,Openpit,Operating,J06308,Worsley - Farmer MTO,116.434911000000000,-32.817585999999999,447103,6368794,50,Bx,Alumina,BAUXITE - ALUMINA,Worsley,Y,Bx,Y,,Operating Mine,Public,2132,DWELLINGUP,SI50-02,PINJARRA,"BODDINGTON, SHIRE OF","PEEL, Development Region",70,SOUTH WEST M.F.,South West Terrane,20260112
S0241268,Chalk Brook Rd Lot 1183,Chalk Brook Rd Bannister Lot 1183,Mine,Openpit,Operating,J06707,Chalk Brook Rd Bannister,116.482111000000003,-32.726486000000001,451471,6378916,50,Gvl,Construction material,CONSTRUCTION MATERIALS,,N,,,,,Public,2132,DWELLINGUP,SI50-02,PINJARRA,"BODDINGTON, SHIRE OF","PEEL, Development Region",70,SOUTH WEST M.F.,Yilgarn Craton granites,20260112
S0241269,Davis Rd Lot 27647,Davis Rd Brookton Lot 27647,Mine,Openpit,Operating,,,117.098310999999995,-32.416086000000000,509243,6413437,50,Gvl,Construction material,CONSTRUCTION MATERIALS,,N,,,,,Public,2333,BROOKTON,SI50-03,CORRIGIN,"BROOKTON, SHIRE OF","WHEATBELT, Development Region",70,SOUTH WEST M.F.,South West Terrane,20260112
S0241271,R11748 Boyagarra Rd / Shire,Reserve 11748 Boyagarra Rd / Shire of Brookton,Mine,Openpit,Operating,J06310,GBRM / Shire of Brookton,117.202511000000001,-32.259087000000001,519074,6430827,50,Gvl,Construction material,CONSTRUCTION MATERIALS,,N,,,,,Public,2333,BROOKTON,SI50-03,CORRIGIN,"BROOKTON, SHIRE OF","WHEATBELT, Development Region",70,SOUTH WEST M.F.,Yilgarn Craton granites,20260112
S0241272,R19077 Gravel / Shire,Reserve 19077 Gravel / Shire of Brookton,Mine,Openpit,Operating,J06310,GBRM / Shire of Brookton,117.090110999999993,-32.418886000000001,508472,6413129,50,Gvl,Construction material,CONSTRUCTION MATERIALS,,N,,,,,Public,2333,BROOKTON,SI50-03,CORRIGIN,"BROOKTON, SHIRE OF","WHEATBELT, Development Region",70,SOUTH WEST M.F.,South West Terrane,20260112
S0241274,R36086 Strange Rd Lot 28650 / Shire,Reserve 36086 Strange Rd Jelcobine Lot 28650 / Shire of Brookton,Mine,Openpit,Operating,J06310,GBRM / Shire of Brookton,116.623911000000007,-32.401586000000002,464631,6414988,50,Gvl,Construction material,CONSTRUCTION MATERIALS,,N,,,,,Public,2233,BEVERLEY,SI50-02,PINJARRA,"BROOKTON, SHIRE OF","WHEATBELT, Development Region",70,SOUTH WEST M.F.,Yilgarn Craton granites,20260112
S0241280,Clackline-Toodyay Rd Lot 4 / Wood,Clackline-Toodyay Rd Toodyay Lot 4 / Wood,Mine,Openpit,Operating,J06708,Clackline-Toodyay Rd Toodyay / Wood,116.480710999999999,-31.617387000000001,450747,6501855,50,Gvl,Construction material,CONSTRUCTION MATERIALS,,N,,,,,Public,2134,WOOROLOO,SH50-14,PERTH,"TOODYAY, SHIRE OF","WHEATBELT, Development Region",70,SOUTH WEST M.F.,South West Terrane,20260112
S0241296,Hearle Rd Lot 222,Hearle Rd Lot 222,Mine,Openpit,Operating,,,116.103611000000001,-33.532586000000002,416768,6289308,50,Gvl,Construction material,CONSTRUCTION MATERIALS,,N,,,,,Public,2130,BRIDGETOWN,SI50-06,COLLIE,"DONNYBROOK-BALINGUP, SHIRE OF","SOUTH WEST, Development Region",70,SOUTH WEST M.F.,South West Terrane,20260112
S0241327,Brookton-Corrigin Rd Lot 6104,Brookton-Corrigin Rd Brookton Lot 6104,Mine,Openpit,Operating,,,117.064311000000004,-32.352685999999999,506051,6420468,50,Gvl,Construction material,CONSTRUCTION MATERIALS,,N,,,,,Public,2333,BROOKTON,SI50-03,CORRIGIN,"BROOKTON, SHIRE OF","WHEATBELT, Development Region",70,SOUTH WEST M.F.,Yilgarn Craton granites,20260112
S0241343,Rhapsody,Rhapsody,Mine,Openpit,Operating,J00226,Marvel Loch - Southern Cross,119.541813000000005,-31.501183000000001,741414,6512052,50,Au Ag,Precious metal,GOLD,Rhapsody,N,,N,,Operating Mine,Public,2834,CHERITONS FIND,SH50-16,SOUTHERN CROSS,"YILGARN, SHIRE OF","WHEATBELT, Development Region",77,YILGARN M.F.,Youanmi Terrane,20260112
S0241362,Walyering,Walyering Production Facility and Field,Mine,Other,Operating,J06324,Walyering Gas,115.484162999999995,-30.714613000000000,354851,6601045,50,NaturalGas Condensate,Energy,PETROLEUM,,N,,,,,Public,1936,WEDGE ISLAND,SH50-09,HILL RIVER,"DANDARAGAN, SHIRE OF","WHEATBELT, Development Region",70,SOUTH WEST M.F.,Coomallo Trough,20260112
S0241380,Wannamall Rd West Lot 14 North / Shire,Wannamal Rd West Lot 14 North / Shire of Gingin,Mine,Openpit,Operating,J03445,GBRM / Shire of Gingin,115.907211000000004,-31.159486999999999,395846,6552208,50,Gvl,Construction material,CONSTRUCTION MATERIALS,,N,,,,,Public,2035,GINGIN,SH50-14,PERTH,"GINGIN, SHIRE OF","WHEATBELT, Development Region",70,SOUTH WEST M.F.,Beermullah Trough,20260112
S0241381,Wannamall Rd West Lot 14 West / Shire,Wannamal Rd West Lot 14 West / Shire of Gingin,Mine,Openpit,Operating,J03445,GBRM / Shire of Gingin,115.892111000000000,-31.167587000000001,394416,6551296,50,Gvl,Construction material,CONSTRUCTION MATERIALS,,N,,,,,Public,2035,GINGIN,SH50-14,PERTH,"GINGIN, SHIRE OF","WHEATBELT, Development Region",70,SOUTH WEST M.F.,Beermullah Trough,20260112
S0241387,Creighton Rd M1448 / Heidelberg,Creighton Rd Lennard Brook Lot M1448 / Heidelberg,Mine,Openpit,Operating,J00908,Gingin / Heidelberg Materials,115.949111000000002,-31.393087000000001,400087,6526355,50,Sd Sisd,Construction material,CONSTRUCTION MATERIALS,,N,,,,,Public,2035,GINGIN,SH50-14,PERTH,"GINGIN, SHIRE OF","WHEATBELT, Development Region",70,SOUTH WEST M.F.,Beermullah Trough,20260112
S0241391,R36804 Nilgen Rd Lot 9994 / Shire,Reserve 36804 Nilgen Rd Lot 9994 / Shire of Gingin,Mine,Openpit,Operating,J03445,GBRM / Shire of Gingin,115.399210999999994,-30.989086000000000,347152,6570508,50,Lst,Construction material,LIMESTONE - LIMESAND,,N,,,,,Public,1936,WEDGE ISLAND,SH50-09,HILL RIVER,"GINGIN, SHIRE OF","WHEATBELT, Development Region",70,SOUTH WEST M.F.,Beermullah Trough,20260112
S0241398,Ashworth Rd Moondah Lot 2 East / Shire,Ashworth Rd Moondah Lot 2 East / Shire of Gingin,Mine,Openpit,Operating,J03445,GBRM / Shire of Gingin,116.002711000000005,-31.322087000000000,405111,6534272,50,Gvl,Construction material,CONSTRUCTION MATERIALS,,N,,,,,Public,2135,CHITTERING,SH50-14,PERTH,"GINGIN, SHIRE OF","WHEATBELT, Development Region",70,SOUTH WEST M.F.,Barberton Terrace,20260112
S0241399,Ashworth Rd Moondah Lot 2 West / Shire,Ashworth Rd Moondah Lot 2 West / Shire of Gingin,Mine,Openpit,Operating,J03445,GBRM / Shire of Gingin,115.987510999999998,-31.324887000000000,403669,6533950,50,Gvl,Construction material,CONSTRUCTION MATERIALS,,N,,,,,Public,2035,GINGIN,SH50-14,PERTH,"GINGIN, SHIRE OF","WHEATBELT, Development Region",70,SOUTH WEST M.F.,Beermullah Trough,20260112
S0241405,R39142 Bramley River Rd Lot 4624 / Shire,Reserve 39142 Bramley River Rd Lot 4624 / AMR Shire,Mine,Openpit,Operating,J03506,GBRM / Shire of Augusta Margaret River,115.240510999999998,-33.920386999999998,337353,6245277,50,Gvl,Construction material,CONSTRUCTION MATERIALS,,N,,,,,Public,1930,BUSSELTON,SI50-05,BUSSELTON,"AUGUSTA MARGARET RIVER, SHIRE OF","SOUTH WEST, Development Region",70,SOUTH WEST M.F.,Treeton Terrace,20260112
S0241425,Willowdale - Larego,Willowdale - Larego,Mine,Openpit,Operating,J00779,Wagerup-Pinjarra / Alcoa,116.080965000000006,-32.968753000000000,414115,6351802,50,Bx,Alumina,BAUXITE - ALUMINA,Larego - Willowdale,N,,Y,,Operating Mine,Public,2132,DWELLINGUP,SI50-02,PINJARRA,"HARVEY, SHIRE OF","SOUTH WEST, Development Region",70,SOUTH WEST M.F.,Yilgarn Craton granites,20260112
S0241439,Millar Rd Lot 2170 Sand Pit / WA Lst,Millar Rd Lot 2170 Baldivis Sand Pit / WA Limestone,Mine,Openpit,Operating,J01814,Baldivis - Millar Rd / WA Limestone,115.822111000000007,-32.285286999999997,389084,6427333,50,Sd Lst,Construction material,CONSTRUCTION MATERIALS,,N,,,,,Public,2033,FREMANTLE,SI50-02,PINJARRA,"ROCKINGHAM, CITY OF",METRO,70,SOUTH WEST M.F.,Mandurah Terrace,20260112
S0241468,Bates Rd  Lot 42,Bates Rd Williams Lot 42,Mine,Openpit,Operating,,,116.831610999999995,-33.042485999999997,484277,6343990,50,Gvl,Construction material,CONSTRUCTION MATERIALS,,N,,,,,Public,2231,DARKAN,SI50-06,COLLIE,"WILLIAMS, SHIRE OF","WHEATBELT, Development Region",70,SOUTH WEST M.F.,Yilgarn Craton granites,20260112
S0241506,Burnside Rd Lot 535 / Le Chem,Burnside Rd Meelon Lot 535 / Le Chem,Mine,Openpit,Operating,J06376,Burnside Rd Meelon / Le Chem,115.935911000000004,-32.702787000000001,400262,6381161,50,Gvl,Construction material,CONSTRUCTION MATERIALS,,N,,,,,Public,2032,PINJARRA,SI50-02,PINJARRA,"MURRAY, SHIRE OF","PEEL, Development Region",70,SOUTH WEST M.F.,Mandurah Terrace,20260112
S0241510,Mindijup Rd Lot 50 Ross Sand Pit / Armogedin,Mindijup Rd Palmdale Lot 50 Ross Sand Pit / Armogedin,Mine,Openpit,Operating,J04532,Albany / Armogedin (Great Southern Sands/Spinifex),118.064510999999996,-34.770186000000002,597411,6151926,50,Sd,Construction material,CONSTRUCTION MATERIALS,,N,,,,,Public,2528,MANYPEAKS,SI50-11,MOUNT BARKER,"ALBANY, CITY OF","GREAT SOUTHERN, Development Region",70,SOUTH WEST M.F.,Esperance Shelf,20260112
S0241511,Mindijup Rd Lot 102 NE Pit / Armogedin,Mindijup Rd Palmdale Lot 102 NE Pit / Armogedin,Mine,Openpit,Operating,J04532,Albany / Armogedin (Great Southern Sands/Spinifex),118.073710000000005,-34.755386000000001,598270,6153558,50,Sd,Construction material,CONSTRUCTION MATERIALS,,N,,,,,Public,2528,MANYPEAKS,SI50-11,MOUNT BARKER,"ALBANY, CITY OF","GREAT SOUTHERN, Development Region",70,SOUTH WEST M.F.,Esperance Shelf,20260112
S0241518,Marbelup North Rd Lot 1232 / AD Contractors,Marbelup North Rd Marbelup Lot 1232 / AD Contractors,Mine,Openpit,Operating,J03143,Albany Construction Materials / AD Contractors,117.722910999999996,-34.978687000000001,565984,6129081,50,Gvl Sd,Construction material,CONSTRUCTION MATERIALS,,N,,,,,Public,2428,MOUNT BARKER,SI50-11,MOUNT BARKER,"ALBANY, CITY OF","GREAT SOUTHERN, Development Region",70,SOUTH WEST M.F.,Esperance Shelf,20260112
S0241519,Sandberg Rd Lot 5777 / Tschabotar,Sandberg Rd Drome Lot 5777 / Tschabotar,Mine,Openpit,Operating,J06381,Sandberg Rd Drome / Tschabotar,117.718210999999997,-34.922086999999998,565600,6135361,50,Gvl Sd,Construction material,CONSTRUCTION MATERIALS,,N,,,,,Public,2428,MOUNT BARKER,SI50-11,MOUNT BARKER,"ALBANY, CITY OF","GREAT SOUTHERN, Development Region",70,SOUTH WEST M.F.,Esperance Shelf,20260112
S0241526,Down Rd Lot 5780 / CoA,Down Rd Drome Lot 5780 / City of Albany,Mine,Openpit,Operating,J04579,GBRM / City of Albany,117.736510999999993,-34.933487000000000,567262,6134084,50,Sd,Construction material,CONSTRUCTION MATERIALS,,N,,,,,Public,2428,MOUNT BARKER,SI50-11,MOUNT BARKER,"ALBANY, CITY OF","GREAT SOUTHERN, Development Region",70,SOUTH WEST M.F.,Esperance Shelf,20260112
S0241529,Down Rd Lot 3536 South / Thomas,Down Rd Drome Lot 3536 South / Thomas,Mine,Openpit,Operating,J06380,Down Rd Drome / Thomas,117.732211000000007,-34.951386999999997,566855,6132102,50,Sd Gvl,Construction material,CONSTRUCTION MATERIALS,,N,,,,,Public,2428,MOUNT BARKER,SI50-11,MOUNT BARKER,"ALBANY, CITY OF","GREAT SOUTHERN, Development Region",70,SOUTH WEST M.F.,Esperance Shelf,20260112
S0241533,Sandberg Rd Lot 945 / Clarke,Sandberg Rd Marbelup Lot 945 / Clarke,Mine,Openpit,Operating,J06573,Sandberg Rd Marbelup / Clarke,117.743410999999995,-34.975287000000002,567858,6129444,50,Gvl,Construction material,CONSTRUCTION MATERIALS,,N,,,,,Public,2428,MOUNT BARKER,SI50-11,MOUNT BARKER,"ALBANY, CITY OF","GREAT SOUTHERN, Development Region",70,SOUTH WEST M.F.,Esperance Shelf,20260112
S0241534,Howell Rd Lot 561 North / Cosla,Howell Rd Marbelup Lot 561 North / Cosla,Mine,Openpit,Operating,J06382,Howell Rd Marbelup / Cosla,117.757811000000004,-34.979286999999999,569169,6128991,50,Gvl,Construction material,CONSTRUCTION MATERIALS,,N,,,,,Public,2428,MOUNT BARKER,SI50-11,MOUNT BARKER,"ALBANY, CITY OF","GREAT SOUTHERN, Development Region",70,SOUTH WEST M.F.,Esperance Shelf,20260112
S0241535,Howell Rd Lot 561 South / Cosla,Howell Rd Marbelup Lot 561 South / Cosla,Mine,Openpit,Operating,J06382,Howell Rd Marbelup / Cosla,117.757411000000005,-34.983187000000001,569130,6128559,50,Gvl,Construction material,CONSTRUCTION MATERIALS,,N,,,,,Public,2428,MOUNT BARKER,SI50-11,MOUNT BARKER,"ALBANY, CITY OF","GREAT SOUTHERN, Development Region",70,SOUTH WEST M.F.,Esperance Shelf,20260112
S0241537,South Coast Hwy Lot 640 / AD Contractors,South Coast Hwy Lot 640 / AD Contractors,Mine,Openpit,Operating,J03143,Albany Construction Materials / AD Contractors,117.752211000000003,-34.995086999999998,568645,6127242,50,Gvl Sd,Construction material,CONSTRUCTION MATERIALS,,N,,,,,Public,2428,MOUNT BARKER,SI50-11,MOUNT BARKER,"ALBANY, CITY OF","GREAT SOUTHERN, Development Region",70,SOUTH WEST M.F.,Esperance Shelf,20260112
S0241540,South Coast Hwy Loc 401 Lot 1 / Boccamazzo,South Coast Hwy Loc 401 Lot 1 / Boccamazzo,Mine,Openpit,Operating,J06436,Albany / P. Boccamazzo,117.770510999999999,-34.996087000000003,570314,6127119,50,Gvl,Construction material,CONSTRUCTION MATERIALS,,N,,,,,Public,2428,MOUNT BARKER,SI50-11,MOUNT BARKER,"ALBANY, CITY OF","GREAT SOUTHERN, Development Region",70,SOUTH WEST M.F.,Esperance Shelf,20260112
S0241541,South Coast Hwy Loc 401 Lot 2 / Boccamazzo,South Coast Hwy Loc 401 Lot 2 / Boccamazzo,Mine,Openpit,Operating,J06436,Albany / P. Boccamazzo,117.773810999999995,-35.001686999999997,570610,6126495,50,Gvl,Construction material,CONSTRUCTION MATERIALS,,N,,,,,Public,2427,ALBANY,SI50-15,ALBANY,"ALBANY, CITY OF","GREAT SOUTHERN, Development Region",70,SOUTH WEST M.F.,Esperance Shelf,20260112
S0241559,Morley Rd  Lot 3475 / AD Contractors,Morley Rd Youngs Siding Lot 3475 / AD Contractors,Mine,Openpit,Operating,J03143,Albany Construction Materials / AD Contractors,117.500811999999996,-34.991087000000000,545704,6127830,50,Sd,Construction material,CONSTRUCTION MATERIALS,,N,,,,,Public,2428,MOUNT BARKER,SI50-11,MOUNT BARKER,"ALBANY, CITY OF","GREAT SOUTHERN, Development Region",70,SOUTH WEST M.F.,Nornalup Zone,20260112
S0241563,Hunwick Rd Lot 6643,Hunwick Rd Redmond West Lot 6643,Mine,Openpit,Operating,J04579,GBRM / City of Albany,117.591311000000005,-34.935087000000003,554001,6133995,50,Gvl,Construction material,CONSTRUCTION MATERIALS,,N,,,,,Public,2428,MOUNT BARKER,SI50-11,MOUNT BARKER,"ALBANY, CITY OF","GREAT SOUTHERN, Development Region",70,SOUTH WEST M.F.,Esperance Shelf,20260112
S0241569,Cochrane Rd Lot 4110 / Boccamazzo,Cochrane Rd Lot 4110 / Boccamazzo,Mine,Openpit,Operating,J06436,Albany / P. Boccamazzo,117.689211000000000,-34.951386999999997,562929,6132130,50,Sd Gvl,Construction material,CONSTRUCTION MATERIALS,,N,,,,,Public,2428,MOUNT BARKER,SI50-11,MOUNT BARKER,"ALBANY, CITY OF","GREAT SOUTHERN, Development Region",70,SOUTH WEST M.F.,Esperance Shelf,20260112
S0241571,Wilcox Rd Lot 4795,Wilcox Rd Redmond Lot 4795,Mine,Openpit,Operating,,,117.730710999999999,-34.853886000000003,566797,6142916,50,Gvl,Construction material,CONSTRUCTION MATERIALS,,N,,,,,Public,2428,MOUNT BARKER,SI50-11,MOUNT BARKER,"ALBANY, CITY OF","GREAT SOUTHERN, Development Region",70,SOUTH WEST M.F.,Esperance Shelf,20260112
S0241572,Wilcox Rd Lot 5740 South,Wilcox Rd Redmond Lot 5740 South,Mine,Openpit,Operating,,,117.730610999999996,-34.862085999999998,566781,6142006,50,Gvl,Construction material,CONSTRUCTION MATERIALS,,N,,,,,Public,2428,MOUNT BARKER,SI50-11,MOUNT BARKER,"ALBANY, CITY OF","GREAT SOUTHERN, Development Region",70,SOUTH WEST M.F.,Esperance Shelf,20260112
S0241573,Wilcox Rd Lot 5740 North,Wilcox Rd Redmond Lot 5740 North,Mine,Openpit,Operating,,,117.731410999999994,-34.857886000000001,566858,6142472,50,Gvl,Construction material,CONSTRUCTION MATERIALS,,N,,,,,Public,2428,MOUNT BARKER,SI50-11,MOUNT BARKER,"ALBANY, CITY OF","GREAT SOUTHERN, Development Region",70,SOUTH WEST M.F.,Esperance Shelf,20260112
S0241578,Pit C,Pit C,Mine,Openpit,Operating,J05005,Symes Find / Mt Hampton,119.065279000000004,-31.831780999999999,695451,6476351,50,Au,Precious metal,GOLD,,N,,,,,Public,2734,HOLLETON,SH50-16,SOUTHERN CROSS,"YILGARN, SHIRE OF","WHEATBELT, Development Region",77,YILGARN M.F.,Yilgarn Craton granites,20260112
S0241581,R33312 South Coast Hwy Lot 7269 / MRWA,Reserve 33312 South Coast Hwy Lot 7269 / Main Roads WA,Mine,Openpit,Operating,J04575,GBRM Great Southern / Main Roads WA,117.923610999999994,-34.923287000000002,584360,6135074,50,Gvl,Construction material,CONSTRUCTION MATERIALS,,N,,,,,Public,2428,MOUNT BARKER,SI50-11,MOUNT BARKER,"ALBANY, CITY OF","GREAT SOUTHERN, Development Region",70,SOUTH WEST M.F.,Esperance Shelf,20260112
S0241583,Chester Pass Rd Lot 3227 and 4849 / Crane,Chester Pass Rd King River Lot 3227 and 4849 / Crane,Mine,Openpit,Operating,J06413,King River / Brown,117.904810999999995,-34.924886999999998,582642,6134913,50,Sd,Construction material,CONSTRUCTION MATERIALS,,N,,,,,Public,2428,MOUNT BARKER,SI50-11,MOUNT BARKER,"ALBANY, CITY OF","GREAT SOUTHERN, Development Region",70,SOUTH WEST M.F.,Esperance Shelf,20260112
S0241584,Chester Pass Rd Lot 50 Gravel / Cake,Chester Pass Rd King River Lot 50 Gravel / Cake,Mine,Openpit,Operating,J06411,Chester Pass Road / Cake,117.907511000000000,-34.930186999999997,582883,6134322,50,Gvl Sd,Construction material,CONSTRUCTION MATERIALS,,N,,,,,Public,2428,MOUNT BARKER,SI50-11,MOUNT BARKER,"ALBANY, CITY OF","GREAT SOUTHERN, Development Region",70,SOUTH WEST M.F.,Nornalup Zone,20260112
S0241586,Millbrook Rd Lot 150 East,Millbrook Rd Millbrook Lot 150 East,Mine,Openpit,Operating,J04579,GBRM / City of Albany,117.862410999999994,-34.890287000000001,578802,6138783,50,Gvl,Construction material,CONSTRUCTION MATERIALS,,N,,,,,Public,2428,MOUNT BARKER,SI50-11,MOUNT BARKER,"ALBANY, CITY OF","GREAT SOUTHERN, Development Region",70,SOUTH WEST M.F.,Esperance Shelf,20260112
S0241589,Hazzard Rd Lot 201,Hazzard Rd Green Valley Lot 201,Mine,Openpit,Operating,,,117.805610999999999,-34.898187000000000,573605,6137951,50,Gvl,Construction material,CONSTRUCTION MATERIALS,,N,,,,,Public,2428,MOUNT BARKER,SI50-11,MOUNT BARKER,"ALBANY, CITY OF","GREAT SOUTHERN, Development Region",70,SOUTH WEST M.F.,Esperance Shelf,20260112
S0241590,Redmond Hay River Rd Lot 301,Redmond Hay River Rd Redmond Lot 301,Mine,Openpit,Operating,J06534,Redmond / Bunns,117.757910999999993,-34.889887000000002,569253,6138905,50,Gvl,Construction material,CONSTRUCTION MATERIALS,,N,,,,,Public,2428,MOUNT BARKER,SI50-11,MOUNT BARKER,"ALBANY, CITY OF","GREAT SOUTHERN, Development Region",70,SOUTH WEST M.F.,Esperance Shelf,20260112
S0241603,Lake Warburton Rd Lot 20 / CoA,Lake Warburton Rd Palmdale Lot 20 / City of Albany,Mine,Openpit,Operating,J04579,GBRM / City of Albany,118.200609999999998,-34.716686000000003,609936,6157719,50,Gvl Sd,Construction material,CONSTRUCTION MATERIALS,,N,,,,,Public,2528,MANYPEAKS,SI50-11,MOUNT BARKER,"ALBANY, CITY OF","GREAT SOUTHERN, Development Region",70,SOUTH WEST M.F.,Esperance Shelf,20260112
S0241607,South Coast Hwy Lot 6834 Site 2 / CoA,South Coast Hwy Green Range Lot 6834 Site 2 / City of Albany,Mine,Openpit,Operating,J04579,GBRM / City of Albany,118.503209999999996,-34.582785999999999,637869,6172196,50,Gvl,Construction material,CONSTRUCTION MATERIALS,,N,,,,,Public,2628,CHEYNE,SI50-12,BREMER BAY,"ALBANY, CITY OF","GREAT SOUTHERN, Development Region",70,SOUTH WEST M.F.,Esperance Shelf,20260112
S0241613,Old Boundary Rd Lot 1 / CoA,Old Boundary Rd Gnowellen Lot 1 / City of Albany,Mine,Openpit,Operating,J04579,GBRM / City of Albany,118.576710000000006,-34.388185999999997,644946,6193675,50,Gvl,Construction material,CONSTRUCTION MATERIALS,,N,,,,,Public,2629,PALLINUP,SI50-12,BREMER BAY,"ALBANY, CITY OF","GREAT SOUTHERN, Development Region",70,SOUTH WEST M.F.,"Northern Foreland, Albany-Fraser Orogen",20260112
S0241627,Homestead Rd Lot 782 Loc 6273 / Mt Pleasant,Homestead Rd Manypeaks Lot 782 Loc 6273 / Mt Pleasant Nominees,Mine,Openpit,Operating,J04568,Manypeaks Lime / Mt Pleasant Nominees,118.192811000000006,-34.903585999999997,608976,6137000,50,Sd Lsd,Construction material,CONSTRUCTION MATERIALS,,N,,,,,Public,2528,MANYPEAKS,SI50-11,MOUNT BARKER,"ALBANY, CITY OF","GREAT SOUTHERN, Development Region",70,SOUTH WEST M.F.,Esperance Shelf,20260112
S0241655,Churchlane Rd Lot 5837 / City of Albany,Churchlane Rd Lot 5837 / City of Albany,Mine,Openpit,Operating,J04579,GBRM / City of Albany,117.979212000000004,-34.885086999999999,589480,6139262,50,Gvl,Construction material,CONSTRUCTION MATERIALS,,N,,,,,Public,2428,MOUNT BARKER,SI50-11,MOUNT BARKER,"ALBANY, CITY OF","GREAT SOUTHERN, Development Region",70,SOUTH WEST M.F.,Esperance Shelf,20260112
S0241719,Berwick,Berwick,Mine,Openpit,Under Development,J03488,Karlawinda Gold,120.123171999999997,-23.778773000000001,206813,7367297,51,Au,Precious metal,GOLD,,N,,,,,Public,2950,MUNDIWINDI,SF51-13,ROBERTSON,"MEEKATHARRA, SHIRE OF","MID-WEST, Development Region",52,PEAK HILL M.F.,Collier Basin,20260112
S0241727,Chester Pass Rd Warrenup Loc 401 Lot 10/ AD Contractors,Chester Pass Rd Warrenup Loc 401 Lot 10/ AD Contractors,Mine,Openpit,Operating,J03143,Albany Construction Materials / AD Contractors,117.879811000000004,-34.979486999999999,580305,6128877,50,Gvl,Construction material,CONSTRUCTION MATERIALS,,N,,,,,Public,2428,MOUNT BARKER,SI50-11,MOUNT BARKER,"ALBANY, CITY OF","GREAT SOUTHERN, Development Region",70,SOUTH WEST M.F.,Nornalup Zone,20260112
S0241728,Terry Rd Lot 521,Terry Rd Warrenup Lot 521,Mine,Openpit,Operating,J03143,Albany Construction Materials / AD Contractors,117.882110999999995,-34.979087000000000,580515,6128920,50,Gvl,Construction material,CONSTRUCTION MATERIALS,,N,,,,,Public,2428,MOUNT BARKER,SI50-11,MOUNT BARKER,"ALBANY, CITY OF","GREAT SOUTHERN, Development Region",70,SOUTH WEST M.F.,Nornalup Zone,20260112
S0241735,Marbelup Rd Lot 7294,Marbelup Rd Redmond Lot 7294,Mine,Openpit,Operating,J04579,GBRM / City of Albany,117.690211000000005,-34.926687000000001,563039,6134869,50,Gvl,Construction material,CONSTRUCTION MATERIALS,,N,,,,,Public,2428,MOUNT BARKER,SI50-11,MOUNT BARKER,"ALBANY, CITY OF","GREAT SOUTHERN, Development Region",70,SOUTH WEST M.F.,Esperance Shelf,20260112
S0241741,Chester Pass Rd Lot 5101 / Watkins,Chester Pass Rd Napier Lot 5101 / Watkins,Mine,Openpit,Operating,J04560,Nanarup Limesand / Watkins,117.965110999999993,-34.777085999999997,588307,6151252,50,Gvl Sd,Construction material,CONSTRUCTION MATERIALS,,N,,,,,Public,2428,MOUNT BARKER,SI50-11,MOUNT BARKER,"ALBANY, CITY OF","GREAT SOUTHERN, Development Region",70,SOUTH WEST M.F.,Esperance Shelf,20260112
S0241742,Stockwell Rd Palmdale Lot 6222 / CoA,Stockwell Rd Palmdale Lot 6222 / City of Albany,Mine,Openpit,Operating,J04579,GBRM / City of Albany,118.680109999999999,-34.386186000000002,654457,6193745,50,Gvl,Construction material,CONSTRUCTION MATERIALS,,N,,,,,Public,2629,PALLINUP,SI50-12,BREMER BAY,"ALBANY, CITY OF","GREAT SOUTHERN, Development Region",70,SOUTH WEST M.F.,"Northern Foreland, Albany-Fraser Orogen",20260112
S0241743,Boat Harbour Rd Lot 6853 / CoA,Boat Harbour Rd Wellstead Lot 6853 / City of Albany,Mine,Openpit,Operating,J04579,GBRM / City of Albany,118.740910000000000,-34.507185999999997,659816,6180230,50,Gvl,Construction material,CONSTRUCTION MATERIALS,,N,,,,,Public,2628,CHEYNE,SI50-12,BREMER BAY,"ALBANY, CITY OF","GREAT SOUTHERN, Development Region",70,SOUTH WEST M.F.,Esperance Shelf,20260112
S0241744,Hunwick Rd Lot 7428,Hunwick Rd Torbay Lot 7428,Mine,Openpit,Operating,J06542,Torbay / Carter,117.611411000000004,-34.943486999999998,555830,6133052,50,Gvl,Construction material,CONSTRUCTION MATERIALS,,N,,,,,Public,2428,MOUNT BARKER,SI50-11,MOUNT BARKER,"ALBANY, CITY OF","GREAT SOUTHERN, Development Region",70,SOUTH WEST M.F.,Esperance Shelf,20260112
S0241746,Hunwick Rd Lot 6631,Hunwick Rd Torbay Lot 6631,Mine,Openpit,Operating,J06565,Hunwick Rd Torbay,117.628111000000004,-34.942087000000001,557356,6133198,50,Gvl,Construction material,CONSTRUCTION MATERIALS,,N,,,,,Public,2428,MOUNT BARKER,SI50-11,MOUNT BARKER,"ALBANY, CITY OF","GREAT SOUTHERN, Development Region",70,SOUTH WEST M.F.,Esperance Shelf,20260112
S0241757,Deep Creek Rd Loc 5822,Deep Creek Rd Napier Loc 5822,Mine,Openpit,Operating,J04532,Albany / Armogedin (Great Southern Sands/Spinifex),118.003512000000001,-34.862386999999998,591726,6141757,50,Gvl,Construction material,CONSTRUCTION MATERIALS,,N,,,,,Public,2528,MANYPEAKS,SI50-11,MOUNT BARKER,"ALBANY, CITY OF","GREAT SOUTHERN, Development Region",70,SOUTH WEST M.F.,Esperance Shelf,20260112
S0241769,Mindijup Rd Lot 102 Gravel and Clay / Armogedin,Mindijup Rd Lot 102 Gravel and Clay / Armogedin,Mine,Openpit,Operating,J04532,Albany / Armogedin (Great Southern Sands/Spinifex),118.080410000000001,-34.747585999999998,598893,6154417,50,Gvl Clay,Construction material,CONSTRUCTION MATERIALS,,N,,,,,Public,2528,MANYPEAKS,SI50-11,MOUNT BARKER,"ALBANY, CITY OF","GREAT SOUTHERN, Development Region",70,SOUTH WEST M.F.,Esperance Shelf,20260112
S0241771,R27679 Redmond-Hay River Rd Lot 300 / CoA,Reserve 27679 Redmond-Hay River Rd Lot 300 / City of Albany,Mine,Openpit,Operating,J04579,GBRM / City of Albany,117.566310999999999,-34.845785999999997,551773,6143911,50,Gvl,Construction material,CONSTRUCTION MATERIALS,,N,,,,,Public,2428,MOUNT BARKER,SI50-11,MOUNT BARKER,"ALBANY, CITY OF","GREAT SOUTHERN, Development Region",70,SOUTH WEST M.F.,Nornalup Zone,20260112
S0241774,Redmond Hay River Rd Lot 302,Redmond Hay River Rd Redmond Lot 302,Mine,Openpit,Operating,J06534,Redmond / Bunns,117.747511000000003,-34.891587000000001,568302,6138724,50,Gvl,Construction material,CONSTRUCTION MATERIALS,,N,,,,,Public,2428,MOUNT BARKER,SI50-11,MOUNT BARKER,"ALBANY, CITY OF","GREAT SOUTHERN, Development Region",70,SOUTH WEST M.F.,Esperance Shelf,20260112
S0241779,Parker Brook Rd Lot 10 / Lyon,Parker Brook Rd Willyung Lot 10 / Lyon,Mine,Openpit,Operating,J06420,Willyung / Lyon,117.841110999999998,-34.931486999999997,576817,6134231,50,Gvl,Construction material,CONSTRUCTION MATERIALS,,N,,,,,Public,2428,MOUNT BARKER,SI50-11,MOUNT BARKER,"ALBANY, CITY OF","GREAT SOUTHERN, Development Region",70,SOUTH WEST M.F.,Esperance Shelf,20260112
S0241785,South Coast Hwy Lot 152 Site 3 / AD Contractors,South Coast Hwy Kalgan Loc 4791 Lot 152 Site 3  / AD Contractors,Mine,Openpit,Operating,J03143,Albany Construction Materials / AD Contractors,117.991811999999996,-34.894486999999998,590621,6138208,50,Sd Lsd Gvl,Construction material,CONSTRUCTION MATERIALS,,N,,,,,Public,2428,MOUNT BARKER,SI50-11,MOUNT BARKER,"ALBANY, CITY OF","GREAT SOUTHERN, Development Region",70,SOUTH WEST M.F.,Nornalup Zone,20260112
S0241788,Mindijup Rd Lot 102 Site 2 / Armogedin,Mindijup Rd Lot 102 Site 2 / Armogedin,Mine,Openpit,Operating,J04532,Albany / Armogedin (Great Southern Sands/Spinifex),118.067311000000004,-34.755085999999999,597685,6153598,50,Sd,Construction material,CONSTRUCTION MATERIALS,,N,,,,,Public,2528,MANYPEAKS,SI50-11,MOUNT BARKER,"ALBANY, CITY OF","GREAT SOUTHERN, Development Region",70,SOUTH WEST M.F.,Esperance Shelf,20260112
S0241806,Sandy Ridge Cell 1 / Tellus,Sandy Ridge Kaolin Cell 1 / Tellus,Mine,Openpit,Operating,J04723,Sandy Ridge Kaolin / Tellus,120.090209000000002,-30.361387000000001,220320,6637576,51,Kln,Industrial mineral,CLAYS,Sandy Ridge Kaolin Cell 1 / Tellus,N,,N,,Operating Mine,Public,2937,NEARANGING,SH51-09,KALGOORLIE,"COOLGARDIE, SHIRE OF","GOLDFIELDS-ESPERANCE, Development Region",16,KUNANALLING,Youanmi Terrane,20260112
S0241810,Sandy Ridge Cell 2 / Tellus,Sandy Ridge Kaolin Cell 2 / Tellus,Mine,Openpit,Under Development,J04723,Sandy Ridge Kaolin / Tellus,120.083409000000003,-30.359086999999999,219660,6637815,51,Kln,Industrial mineral,CLAYS,,N,,,,,Public,2937,NEARANGING,SH51-09,KALGOORLIE,"COOLGARDIE, SHIRE OF","GOLDFIELDS-ESPERANCE, Development Region",16,KUNANALLING,Youanmi Terrane,20260112
S0241833,Borden-Bremer Bay Rd Lot 1566 Gravel / Buckenara,Borden-Bremer Bay Rd Bremer Bay Lot 1566 Gravel / Buckenara,Mine,Openpit,Operating,J04525,Bremer Lime / Buckenara,119.233109999999996,-34.370086000000001,705343,6194549,50,Gvl CaO Sd,Construction material,CONSTRUCTION MATERIALS,,N,,,,,Public,2729,BREMER,SI50-12,BREMER BAY,"JERRAMUNGUP, SHIRE OF","GREAT SOUTHERN, Development Region",70,SOUTH WEST M.F.,Esperance Shelf,20260112
S0241835,Borden-Bremer Bay Rd Lot 1566 West / Buckenara,Borden-Bremer Bay Rd Bremer Bay Lot 1566 West / Buckenara,Mine,Openpit,Operating,J04525,Bremer Lime / Buckenara,119.221410000000006,-34.372686000000002,704260,6194284,50,CaO Gvl Sd,Industrial mineral,CONSTRUCTION MATERIALS,Borden-Bremer Bay Rd Bremer Bay Lot 1566 West / Buckenara,N,,N,,Operating Mine,Public,2729,BREMER,SI50-12,BREMER BAY,"JERRAMUNGUP, SHIRE OF","GREAT SOUTHERN, Development Region",70,SOUTH WEST M.F.,Esperance Shelf,20260112
S0241836,Swamp Rd Lot 1924 / Buckenara,Swamp Rd Bremer Bay Lot 1924 / Buckenara,Mine,Openpit,Operating,J04525,Bremer Lime / Buckenara,119.266310000000004,-34.348886000000000,708449,6196832,50,CaO Gvl Sd,Industrial mineral,CONSTRUCTION MATERIALS,Swamp Rd Bremer Bay Lot 1924 / Buckenara,N,,N,,Operating Mine,Public,2729,BREMER,SI50-12,BREMER BAY,"JERRAMUNGUP, SHIRE OF","GREAT SOUTHERN, Development Region",70,SOUTH WEST M.F.,Esperance Shelf,20260112
S0241838,R37857 South Coast Hwy Lot 2067 / MRWA,Reserve 37857 South Coast Hwy Lot 2067 / Main Road WA,Mine,Openpit,Operating,J04575,GBRM Great Southern / Main Roads WA,119.057109999999994,-33.922885999999998,690156,6244489,50,Gvl,Construction material,CONSTRUCTION MATERIALS,,N,,,,,Public,2730,JACUP,SI50-08,NEWDEGATE,"JERRAMUNGUP, SHIRE OF","GREAT SOUTHERN, Development Region",70,SOUTH WEST M.F.,Yilgarn Craton granites,20260112
S0241899,Never Never Portal,Never Never Exploration Drive - Portal,Mine,Decline,Under Development,J02013,Dalgaranga - Gilbeys,117.265259999999998,-27.842732000000002,526118,6920191,50,Au,Precious metal,GOLD,,N,,,,,Public,2342,DALGARANGA,SG50-15,CUE,"MOUNT MAGNET, SHIRE OF","MID-WEST, Development Region",59,YALGOO M.F.,Youanmi Terrane,20260112
S0241912,Wonder Underground,Wonder Underground,Mine,Decline,Operating,J05074,Bundarra / Bligh,121.181528999999998,-28.340668999999998,321752,6863715,51,Au Ag,Precious metal,GOLD,Wonder Underground,N,,Y,,Operating Mine,Public,3141,WEEBO,SH51-01,LEONORA,"LEONORA, SHIRE OF","GOLDFIELDS-ESPERANCE, Development Region",37,MT. MALCOLM,Yilgarn Craton granites,20260112
S0241945,R24564 Piggott Rd / CoB,Reserve 24564 Piggott Rd Lot 4134 / City of Busselton,Mine,Openpit,Operating,J04721,GBRM / City of Busselton,115.444210999999996,-33.761687000000002,355919,6263180,50,Gvl,Construction material,CONSTRUCTION MATERIALS,,N,,,,,Public,1930,BUSSELTON,SI50-05,BUSSELTON,"BUSSELTON, CITY OF","SOUTH WEST, Development Region",70,SOUTH WEST M.F.,Bunbury Trough,20260112
S0241951,Gibb Rd Kaloorup Lot 102 / Margaret R Nat Resources,Gibb Rd Kaloorup Lot 102 / Margaret River Natural Resources,Mine,Openpit,Operating,J06482,Kaloorup / Margaret River Natural Resources,115.181810999999996,-33.776687000000003,331645,6261119,50,Sd Gvl,Construction material,CONSTRUCTION MATERIALS,,N,,,,,Public,1930,BUSSELTON,SI50-05,BUSSELTON,"BUSSELTON, CITY OF","SOUTH WEST, Development Region",70,SOUTH WEST M.F.,Treeton Terrace,20260112
S0241967,Mt Gould Scree 1,Mt Gould Scree 1,Mine,Openpit,Operating,J03454,Mt Gould Iron,117.333837000000003,-25.798610000000000,533466,7146575,50,Fe Hem Mn TiO2,Iron,IRON ORE,Mt Gould,N,,Y,,Operating Mine,Public,2346,GOULD,SG50-07,ROBINSON RANGE,"MEEKATHARRA, SHIRE OF","MID-WEST, Development Region",52,PEAK HILL M.F.,Narryer Terrane,20260112
S0241995,Gulberti Rd Lot 1757 / Harbecks,Gulberti Rd Lot 1757 Tutunup / Harbecks,Mine,Openpit,Operating,J04648,Busselton / Harbecks Transport,115.511910999999998,-33.662686999999998,362031,6274250,50,Sd Gvl,Construction material,CONSTRUCTION MATERIALS,,N,,,,,Public,2030,DONNYBROOK,SI50-06,COLLIE,"BUSSELTON, CITY OF","SOUTH WEST, Development Region",70,SOUTH WEST M.F.,Bunbury Trough,20260112
S0242002,R18520 Chapman Hill Rd Lot 915  / CoB,Reserve 18520 Chapman Hill Rd Chapman Hill Lot 915  / City of Busselton,Mine,Openpit,Operating,J04721,GBRM / City of Busselton,115.324410999999998,-33.804887000000001,344901,6258215,50,Gvl,Construction material,CONSTRUCTION MATERIALS,,N,,,,,Public,1930,BUSSELTON,SI50-05,BUSSELTON,"BUSSELTON, CITY OF","SOUTH WEST, Development Region",70,SOUTH WEST M.F.,Bunbury Trough,20260112
S0242010,R22884 Rendezvous Rd Lot 500 / CoB,Reserve 22884 Rendezvous Rd Lot 500 / City of Busselton,Mine,Openpit,Operating,J04721,GBRM / City of Busselton,115.318511000000001,-33.682087000000003,344133,6271824,50,Gvl,Construction material,CONSTRUCTION MATERIALS,,N,,,,,Public,1930,BUSSELTON,SI50-05,BUSSELTON,"BUSSELTON, CITY OF","SOUTH WEST, Development Region",70,SOUTH WEST M.F.,Bunbury Trough,20260112
S0242018,R12493 Caves Rd Lot 4842 / CoB,Reserve 12493 Caves Rd Lot 4842 / City of Busselton,Mine,Openpit,Operating,J04721,GBRM / City of Busselton,115.093811000000002,-33.621685999999997,323178,6278160,50,Gvl,Construction material,CONSTRUCTION MATERIALS,,N,,,,,Public,1930,BUSSELTON,SI50-05,BUSSELTON,"BUSSELTON, CITY OF","SOUTH WEST, Development Region",70,SOUTH WEST M.F.,"Pinjarra Orogen, Leeuwin Inlier",20260112
S0242096,Fraser Creek Sand,Fraser Creek Sand / Hastings Tech,Mine,Openpit,Operating,J00775,Yangibana / Hastings,116.263710000000003,-23.942086000000000,425076,7351990,50,Sd,Construction material,CONSTRUCTION MATERIALS,,N,,,,,Public,2150,EDMUND,SF50-14,EDMUND,"UPPER GASCOYNE, SHIRE OF","GASCOYNE, Development Region",9,GASCOYNE M.F.,Burringurrah Domain,20260112
S0242108,F33 Six Mile Rd / Shire,F33 Six Mile Rd / Shire of Nannup,Mine,Openpit,Operating,J01573,GBRM / Shire of Nannup,115.675410999999997,-34.033287000000001,377720,6233362,50,Gvl,Construction material,CONSTRUCTION MATERIALS,,N,,,,,Public,2029,DONNELLY,SI50-10,PEMBERTON,"NANNUP, SHIRE OF","SOUTH WEST, Development Region",70,SOUTH WEST M.F.,Bunbury Trough,20260112
S0242118,Great Central Gravel 6,Great Central Road Gravel 6,Mine,Openpit,Operating,J03992,GBRM / Shire of Laverton,124.404109000000005,-27.308085999999999,638935,6978660,51,Gvl,Construction material,CONSTRUCTION MATERIALS,,N,,,,,Public,3743,BULDYA,SG51-15,THROSSELL,"LAVERTON, SHIRE OF","GOLDFIELDS-ESPERANCE, Development Region",38,MT. MARGARET,Westwood Shelf,20260112
S0242136,Mardie Pond 9 / BCI,Mardie Evaporation Pond P9 / BCI,Mine,Pond,Under Development,J05265,Mardie Salt-Potash / BCI,115.946110000000004,-21.103885999999999,390541,7665992,50,Salt K2SO4,Industrial mineral,SALT,Mardie Evaporation Pond P9 / BCI,N,,N,,Operating Mine,Public,2055,MARDIE,SF50-06,YARRALOOLA,"KARRATHA, CITY OF","PILBARA, Development Region",8,ASHBURTON M.F.,Peedamullah Shelf,20260112
S0242138,Mardie KTMS Crystalliser / BCI,Mardie KTMS Crystalliser / BCI,Mine,Pond,Under Development,J05265,Mardie Salt-Potash / BCI,115.947410000000005,-21.136786000000001,390700,7662352,50,Salt K2SO4,Industrial mineral,SALT,Mardie KTMS Crystalliser / BCI,N,,N,,Operating Mine,Public,2055,MARDIE,SF50-06,YARRALOOLA,"KARRATHA, CITY OF","PILBARA, Development Region",8,ASHBURTON M.F.,Peedamullah Shelf,20260112
S0242203,Sandberg Rd Marbelup Lot 1943 / Ball,Sandberg Rd Marbelup Lot 1943 / Ball,Mine,Openpit,Operating,J06574,Sandberg Rd Marbelup / Ball,117.734910999999997,-34.972586999999997,567084,6129749,50,Gvl,Construction material,CONSTRUCTION MATERIALS,,N,,,,,Public,2428,MOUNT BARKER,SI50-11,MOUNT BARKER,"ALBANY, CITY OF","GREAT SOUTHERN, Development Region",70,SOUTH WEST M.F.,Esperance Shelf,20260112
S0242289,R39736 Barragoon Rd Lot 10629 / Shire,Reserve 39736 Barragoon Rd Lot 10629 / Shire of Gingin,Mine,Openpit,Operating,J03445,GBRM / Shire of Gingin,115.576910999999996,-31.354085999999999,364641,6530281,50,Lst Sd,Construction material,LIMESTONE - LIMESAND,,N,,,,,Public,2035,GINGIN,SH50-14,PERTH,"GINGIN, SHIRE OF","WHEATBELT, Development Region",70,SOUTH WEST M.F.,Vlaming Sub-basin,20260112
S0242325,R39413 Osman Rd Lot 10653 / DBCA,Reserve 39413 Osman Rd Lot 10653 / DBCA,Mine,Openpit,Operating,J06603,GBRM Reserves - Mid West / DBCA,115.680110999999997,-31.450486999999999,374586,6519717,50,Lst,Construction material,LIMESTONE - LIMESAND,,N,,,,,Public,2035,GINGIN,SH50-14,PERTH,"GINGIN, SHIRE OF","WHEATBELT, Development Region",70,SOUTH WEST M.F.,Mandurah Terrace,20260112
S0242328,R25264 Barberton West Rd Lot 3798 / Unvested,Reserve 25264 Barberton West Rd Lot 3798 / Unvested,Mine,Openpit,Operating,J06624,GBRM Reserves unvested - Wheatbelt / DPLH,115.856410999999994,-30.790787000000002,390584,6593024,50,Gvl,Construction material,CONSTRUCTION MATERIALS,,N,,,,,Public,2036,DANDARAGAN,SH50-10,MOORA,"DANDARAGAN, SHIRE OF","WHEATBELT, Development Region",70,SOUTH WEST M.F.,Dandaragan Trough,20260112
S0242329,R25256 Barberton West Rd Lot 3637 / Unvested,Reserve 25256 Barberton West Rd Lot 3637 / Unvested,Mine,Openpit,Operating,J06624,GBRM Reserves unvested - Wheatbelt / DPLH,115.945711000000003,-30.745787000000000,399082,6598095,50,Gvl,Construction material,CONSTRUCTION MATERIALS,,N,,,,,Public,2036,DANDARAGAN,SH50-10,MOORA,"MOORA, SHIRE OF","WHEATBELT, Development Region",70,SOUTH WEST M.F.,Barberton Terrace,20260112
S0242331,R15918 Wandawallah Rd Lot 2425 / Shire,Reserve 15918 Wandawallah Rd Lot 2425 / Shire of Dandaragan,Mine,Openpit,Operating,J05808,GBRM / Shire of Dandaragan,115.897610999999998,-30.739187000000001,394470,6598782,50,Gvl,Construction material,CONSTRUCTION MATERIALS,,N,,,,,Public,2036,DANDARAGAN,SH50-10,MOORA,"DANDARAGAN, SHIRE OF","WHEATBELT, Development Region",70,SOUTH WEST M.F.,Dandaragan Trough,20260112
S0242334,R41059 Watheroo Rd Lot 11736/ Shire,Reserve 41059 Watheroo Rd Lot 11736 / Shire of Dandaragan,Mine,Openpit,Operating,J05808,GBRM / Shire of Dandaragan,115.785910999999999,-30.316586999999998,383273,6645508,50,Gvl,Construction material,CONSTRUCTION MATERIALS,,N,,,,,Public,2037,BADGINGARRA,SH50-10,MOORA,"DANDARAGAN, SHIRE OF","WHEATBELT, Development Region",70,SOUTH WEST M.F.,Dandaragan Trough,20260112
S0242335,R44082 Agaton Rd Lot 4155 / Shire,Reserve 44082 Agaton Rd Lot 4155 / Shire of Dandaragan,Mine,Openpit,Operating,J05808,GBRM / Shire of Dandaragan,115.833410999999998,-30.371086999999999,387902,6639516,50,Gvl,Construction material,CONSTRUCTION MATERIALS,,N,,,,,Public,2037,BADGINGARRA,SH50-10,MOORA,"DANDARAGAN, SHIRE OF","WHEATBELT, Development Region",70,SOUTH WEST M.F.,Dandaragan Trough,20260112
S0242339,R38029 Cantabilling Rd Lot 11488 / Shire,Reserve 38029 Cantabilling Rd Lot 11488 / Shire of Dandaragan,Mine,Openpit,Operating,J05808,GBRM / Shire of Dandaragan,115.361110999999994,-30.268787000000000,342349,6650294,50,Gvl,Construction material,CONSTRUCTION MATERIALS,,N,,,,,Public,1937,HILL RIVER,SH50-09,HILL RIVER,"DANDARAGAN, SHIRE OF","WHEATBELT, Development Region",70,SOUTH WEST M.F.,Coomallo Trough,20260112
S0242340,R35593 Cockleshell Gully Rd / DBCA,Reserve 35593 Cockleshell Gully Rd / DBCA,Mine,Openpit,Operating,J06603,GBRM Reserves - Mid West / DBCA,115.140310999999997,-30.175487000000000,320938,6660307,50,Gvl,Construction material,CONSTRUCTION MATERIALS,,N,,,,,Public,1937,HILL RIVER,SH50-09,HILL RIVER,"DANDARAGAN, SHIRE OF","WHEATBELT, Development Region",70,SOUTH WEST M.F.,Cadda Terrace,20260112
S0242344,R25261 Kojan West Rd Lot 3666 / Unvested,Reserve 25261 Kojan West Rd Lot 3666 / Unvested,Mine,Openpit,Operating,J06624,GBRM Reserves unvested - Wheatbelt / DPLH,115.995811000000003,-30.820187000000001,403952,6589893,50,Gvl,Construction material,CONSTRUCTION MATERIALS,,N,,,,,Public,2036,DANDARAGAN,SH50-10,MOORA,"MOORA, SHIRE OF","WHEATBELT, Development Region",70,SOUTH WEST M.F.,Barberton Terrace,20260112
S0242345,R12276 Cervantes Rd Lot 3814 / Shire,Reserve 12276 Dandaragan Rd Lot 3814 / Shire of Dandaragan,Mine,Openpit,Operating,J05808,GBRM / Shire of Dandaragan,115.774210999999994,-30.612286999999998,382503,6612724,50,Gvl,Construction material,CONSTRUCTION MATERIALS,,N,,,,,Public,2036,DANDARAGAN,SH50-10,MOORA,"DANDARAGAN, SHIRE OF","WHEATBELT, Development Region",70,SOUTH WEST M.F.,Dandaragan Trough,20260112
S0242346,R34644 Wongonderrah Rd Lot 4011 / Shire,Reserve 34644 Wongonderrah Rd Lot 4011 / Shire of Dandaragan,Mine,Openpit,Operating,J05808,GBRM / Shire of Dandaragan,115.431910999999999,-30.547286000000000,349589,6619522,50,Gvl,Construction material,CONSTRUCTION MATERIALS,,N,,,,,Public,1936,WEDGE ISLAND,SH50-09,HILL RIVER,"DANDARAGAN, SHIRE OF","WHEATBELT, Development Region",70,SOUTH WEST M.F.,Coomallo Trough,20260112
S0242358,R12301 Gunyidi-Wubin Rd Lot 11725 / Shire,Reserve 12301 Gunyidi-Wubin Rd Lot 11725 / Shire of Coorow,Mine,Openpit,Operating,J04891,GBRM / Shire of Coorow,116.323409999999996,-30.124787000000001,434825,6667193,50,Gvl,Construction material,CONSTRUCTION MATERIALS,,N,,,,,Public,2137,WATHEROO,SH50-10,MOORA,"COOROW, SHIRE OF","MID-WEST, Development Region",70,SOUTH WEST M.F.,Yilgarn Craton granites,20260112
S0242362,R35367 Lynch Rd Lot 11193  / MRWA,Reserve 35367 Lynch Rd Lot 11193 / MRWA,Mine,Openpit,Operating,J06602,GBRM Mid-West / Main Roads WA,115.674311000000003,-29.450187000000000,371435,6741404,50,Gvl,Construction material,CONSTRUCTION MATERIALS,,N,,,,,Public,2039,YANDANOOKA,SH50-06,PERENJORI,"THREE SPRINGS, SHIRE OF","MID-WEST, Development Region",70,SOUTH WEST M.F.,Yandanooka Basin,20260112
S0242365,Telegraph Rd Lot 745 / Duduwa,Telegraph Rd Three Springs Lot 745 / Duduwa Haulage,Mine,Openpit,Operating,J06636,Three Springs / Dudawa Haulage,115.753111000000004,-29.511787000000002,379151,6734662,50,Sd,Construction material,CONSTRUCTION MATERIALS,,N,,,,,Public,2038,CARNAMAH,SH50-06,PERENJORI,"THREE SPRINGS, SHIRE OF","MID-WEST, Development Region",70,SOUTH WEST M.F.,Irwin Terrace,20260112
S0242461,Crown Prince East,Crown Prince East,Mine,Openpit,Operating,J01772,Garden Gully / New Murchison,118.469526999999999,-26.447458000000001,646515,7073925,50,Au,Precious metal,GOLD,,N,,,,,Public,2545,TIERACO,SG50-11,BELELE,"MEEKATHARRA, SHIRE OF","MID-WEST, Development Region",51,MEEKATHARRA,Youanmi Terrane,20260112
S0242466,Mogumber-Yarrawindah Rd Mogumber Lot 127 / Shire,Mogumber-Yarrawindah Rd Mogumber Lot 127 / Shire of Victoria Plains,Mine,Openpit,Operating,J06641,GBRM / Shire of Victoria Plains,116.121410999999995,-31.031887000000001,416150,6566532,50,Gvl,Construction material,CONSTRUCTION MATERIALS,,N,,,,,Public,2135,CHITTERING,SH50-14,PERTH,"VICTORIA PLAINS, SHIRE OF","WHEATBELT, Development Region",70,SOUTH WEST M.F.,Yilgarn Craton granites,20260112
S0242469,Burnett Rd Lot 32 / Catalano,Burnett Rd Yarawindah Lot 32 / Catalano,Mine,Openpit,Operating,J05707,Victoria Plains / Catalano,116.200111000000007,-31.078486999999999,423699,6561424,50,Gvl,Construction material,CONSTRUCTION MATERIALS,,N,,,,,Public,2135,CHITTERING,SH50-14,PERTH,"VICTORIA PLAINS, SHIRE OF","WHEATBELT, Development Region",70,SOUTH WEST M.F.,South West Terrane,20260112
S0242480,Bindi Bindi-Toodyay Rd Lot 27248 / Ethan Park,Bindi Bindi-Toodyay Rd Bolgart Lot 27248 / Ethan Park Contractors,Mine,Openpit,Operating,,,116.500911000000002,-31.223186999999999,452464,6545555,50,Gvl,Construction material,CONSTRUCTION MATERIALS,,N,,,,,Public,2235,GOOMALLING,SH50-14,PERTH,"VICTORIA PLAINS, SHIRE OF","WHEATBELT, Development Region",70,SOUTH WEST M.F.,South West Terrane,20260112
S0242485,Flynn Dr Lot 503 / Italia Stone,Flynn Dr Lot 503 / Italia Stone Group,Mine,Openpit,Operating,J01232,Flynn Dr Neerabup Lot 21 / WA Land Authority,115.774710999999996,-31.679886000000000,383860,6494393,50,Lst Lsd Agg,Construction material,LIMESTONE - LIMESAND,,N,,,,,Public,2034,PERTH,SH50-14,PERTH,"WANNEROO, CITY OF",METRO,70,SOUTH WEST M.F.,Mandurah Terrace,20260112
S0242494,Mather Dr Lot 9003 Stages 3-4 / Urban,Mather Dr Neerabup Lot 9003 Stages 3-4 / Urban Resources,Mine,Openpit,Operating,J06059,Mather Dr Neerabup Lot 9003 / City of Wanneroo,115.788111000000001,-31.674786000000001,385124,6494973,50,Sdc Lst,Construction material,CONSTRUCTION MATERIALS,,N,,,,,Public,2034,PERTH,SH50-14,PERTH,"WANNEROO, CITY OF",METRO,70,SOUTH WEST M.F.,Mandurah Terrace,20260112
S0242495,Flynn Dr Lot 901 / Borrello,Flynn Dr Neerabup Lot 901 / Borrello,Mine,Openpit,Operating,J02171,Flynn Drive Neerabup / Carramar Sand,115.806910999999999,-31.681386000000000,386914,6494261,50,Sd,Construction material,CONSTRUCTION MATERIALS,,N,,,,,Public,2034,PERTH,SH50-14,PERTH,"WANNEROO, CITY OF",METRO,70,SOUTH WEST M.F.,Mandurah Terrace,20260112
S0242533,South Erregulla,South Erregulla,Mine,Other,Operating,J06326,Greater Erregulla Gas,115.318096999999995,-29.474928999999999,336925,6738216,50,NaturalGas,Energy,PETROLEUM,,N,,,,,Public,1939,MINGENEW,SH50-05,DONGARA,"THREE SPRINGS, SHIRE OF","MID-WEST, Development Region",70,SOUTH WEST M.F.,Dandaragan Trough,20260112
S0242554,Sand King UG,Sand King Underground,Mine,Decline,Operating,J00084,Davyhurst - Lady Ida - Mulline - Riverina - Siberia Gold,120.959940000000003,-30.211803000000000,303639,6655984,51,Au Ag,Precious metal,GOLD,Sand King,N,,N,,Operating Mine,Public,3037,DAVYHURST,SH51-09,KALGOORLIE,"KALGOORLIE-BOULDER, CITY OF","GOLDFIELDS-ESPERANCE, Development Region",24,BROAD ARROW M.F.,Eastern Goldfields Superterrane,20260112
S0242578,Abercorn Rd Lot 5 Gravel / SGS,Abercorn Rd Lot 5 Gravel / SGS,Mine,Openpit,Operating,J03999,Abercorn Rd / Great Sand Supplies,116.402610999999993,-31.920286000000001,443524,6468244,50,Gvl,Construction material,CONSTRUCTION MATERIALS,,N,,,,,Public,2134,WOOROLOO,SH50-14,PERTH,"MUNDARING, SHIRE OF",METRO,70,SOUTH WEST M.F.,Yilgarn Craton granites,20260112
S0242611,Canover Rd Lot 3 / Shire,Canover Rd Jurien Lot 3 / Shire of Dandaragan,Mine,Openpit,Operating,J05808,GBRM / Shire of Dandaragan,115.118211000000002,-30.300087000000001,319038,6646462,50,Gvl,Construction material,CONSTRUCTION MATERIALS,,N,,,,,Public,1937,HILL RIVER,SH50-09,HILL RIVER,"DANDARAGAN, SHIRE OF","WHEATBELT, Development Region",70,SOUTH WEST M.F.,Beagle Ridge,20260112
S0242612,Criddle Rd Lot 104,Criddle Rd Walkaway Lot 104,Mine,Openpit,Operating,,,114.903311000000002,-28.929787000000001,295620,6797984,50,Gvl,Construction material,CONSTRUCTION MATERIALS,,N,,,,,Public,1840,GERALDTON,SH50-01,GERALDTON,"GREATER GERALDTON, CITY OF","MID-WEST, Development Region",70,SOUTH WEST M.F.,Greenough Shelf,20260112
S0242613,Criddle Rd Lot 105,Criddle Rd Walkaway Lot 105,Mine,Openpit,Operating,,,114.915110999999996,-28.947386999999999,296805,6796054,50,Gvl,Construction material,CONSTRUCTION MATERIALS,,N,,,,,Public,1840,GERALDTON,SH50-01,GERALDTON,"GREATER GERALDTON, CITY OF","MID-WEST, Development Region",70,SOUTH WEST M.F.,Greenough Shelf,20260112
S0242624,Fraser Rd Lot 2050,Fraser Rd Mount Hill Lot 2050,Mine,Openpit,Operating,,,114.851310999999995,-28.985486999999999,290662,6791720,50,Sd,Construction material,CONSTRUCTION MATERIALS,,N,,,,,Public,1840,GERALDTON,SH50-01,GERALDTON,"GREATER GERALDTON, CITY OF","MID-WEST, Development Region",70,SOUTH WEST M.F.,Greenough Shelf,20260112
S0242629,R3795 Lot 11870 / City of G-G,Reserve 3795 Geraldton-Mount Magnet Rd Lot 11870 / City of Greater Geraldton,Mine,Openpit,Operating,J04892,Geraldton-Greenough / City of Greater Geraldton,114.907111000000000,-28.708286999999999,295558,6822538,50,Gvl,Construction material,CONSTRUCTION MATERIALS,,N,,,,,Public,1840,GERALDTON,SH50-01,GERALDTON,"GREATER GERALDTON, CITY OF","MID-WEST, Development Region",70,SOUTH WEST M.F.,Greenough Shelf,20260112
S0242637,Glengarry Rd Lot 2047 / Treasure,Glengarry Rd Moonyoonooka Lot 2047 / Treasure,Mine,Openpit,Operating,,,114.758810999999994,-28.814587000000000,281289,6810494,50,Sd,Construction material,CONSTRUCTION MATERIALS,,N,,,,,Public,1840,GERALDTON,SH50-01,GERALDTON,"GREATER GERALDTON, CITY OF","MID-WEST, Development Region",70,SOUTH WEST M.F.,Greenough Shelf,20260112
S0242638,Giles Rd Lot 7 / City of G-G,Giles Rd Moonyoonooka Lot 7 / City of Greater Geraldton,Mine,Openpit,Operating,J04892,Geraldton-Greenough / City of Greater Geraldton,114.748510999999993,-28.742887000000000,280133,6818421,50,Gvl,Construction material,CONSTRUCTION MATERIALS,,N,,,,,Public,1840,GERALDTON,SH50-01,GERALDTON,"GREATER GERALDTON, CITY OF","MID-WEST, Development Region",70,SOUTH WEST M.F.,"Pinjarra Orogen, Northampton Inlier",20260112
S0242649,Northern Gully Rd Lot 23 / Catalano,Northern Gully Rd Northern Gully Lot 23 / Catalano,Mine,Openpit,Operating,J05137,Geraldton / Catalano,114.957811000000007,-28.643287000000001,300388,6829827,50,Sd Aggc,Construction material,CONSTRUCTION MATERIALS,,N,,,,,Public,1840,GERALDTON,SH50-01,GERALDTON,"GREATER GERALDTON, CITY OF","MID-WEST, Development Region",70,SOUTH WEST M.F.,Bookara Shelf,20260112
S0242650,Yanget Rd Lot 2860 North / Central Earthmoving,Yanget Rd Kojarena Lot 2860 North / Central Earthmoving,Mine,Openpit,Operating,J05028,Geraldton / Central Earthmoving,114.882210999999998,-28.694787000000002,293098,6823991,50,Gvl Sd,Construction material,CONSTRUCTION MATERIALS,,N,,,,,Public,1840,GERALDTON,SH50-01,GERALDTON,"GREATER GERALDTON, CITY OF","MID-WEST, Development Region",70,SOUTH WEST M.F.,Greenough Shelf,20260112
S0242651,Yanget Rd Lot 2860 1 East / Central Earthmoving,Yanget Rd Kojarena Lot 1 East / Central Earthmoving,Mine,Openpit,Operating,J05028,Geraldton / Central Earthmoving,114.876311000000001,-28.711587000000002,292555,6822119,50,Gvl Sd,Construction material,CONSTRUCTION MATERIALS,,N,,,,,Public,1840,GERALDTON,SH50-01,GERALDTON,"GREATER GERALDTON, CITY OF","MID-WEST, Development Region",70,SOUTH WEST M.F.,Greenough Shelf,20260112
S0242659,Abattoir Rd Lot 152 / Gregory,Abattoir Rd Moonyoonooka Lot 152 / Gregory,Mine,Openpit,Operating,,,114.743410999999995,-28.787486999999999,279729,6813469,50,Sd,Construction material,CONSTRUCTION MATERIALS,,N,,,,,Public,1840,GERALDTON,SH50-01,GERALDTON,"GREATER GERALDTON, CITY OF","MID-WEST, Development Region",70,SOUTH WEST M.F.,"Pinjarra Orogen, Northampton Inlier",20260112
S0242662,Goldfields Rd York Lot 4797 / Humphry,Goldfields Rd York Lot 4797 / Humphry,Mine,Openpit,Operating,J06714,York / Humphrey Bros,116.950410000000005,-31.860686999999999,495308,6475004,50,Gvl Sd,Construction material,CONSTRUCTION MATERIALS,,N,,,,,Public,2234,NORTHAM,SH50-14,PERTH,"YORK, SHIRE OF","WHEATBELT, Development Region",70,SOUTH WEST M.F.,South West Terrane,20260112
S0242665,Cameron Rd Lot 2308 / York Earthmoving,Cameron Rd York Lot 2308 / York Earthmoving,Mine,Openpit,Operating,,,116.938609999999997,-31.863087000000000,494192,6474737,50,Gvl Sd,Construction material,CONSTRUCTION MATERIALS,,N,,,,,Public,2234,NORTHAM,SH50-14,PERTH,"YORK, SHIRE OF","WHEATBELT, Development Region",70,SOUTH WEST M.F.,South West Terrane,20260112
S0242667,R28083 Boyercutty Rd Lot 28275 / Shire,Reserve 28083 Boyercutty Rd Inkpen Lot 28275 / Shire of York,Mine,Openpit,Operating,J06715,GBRM / Shire of York,116.610310999999996,-31.850186999999998,463131,6476104,50,Gvl,Construction material,CONSTRUCTION MATERIALS,,N,,,,,Public,2234,NORTHAM,SH50-14,PERTH,"YORK, SHIRE OF","WHEATBELT, Development Region",70,SOUTH WEST M.F.,Yilgarn Craton granites,20260112
S0242676,R27005 Popanyinning East Rd Lot 125-307 / Shire,Reserve 27005 Popanyinning East Rd Lot 125-307 / Shire of Cuballing,Mine,Openpit,Operating,J06716,GBRM / Shire of Cuballing,117.144110999999995,-32.662086000000002,513513,6386164,50,Gvl,Construction material,CONSTRUCTION MATERIALS,,N,,,,,Public,2332,NARROGIN,SI50-03,CORRIGIN,"CUBALLING, SHIRE OF","WHEATBELT, Development Region",70,SOUTH WEST M.F.,Yilgarn Craton granites,20260112
S0242677,R50040 Yornaning Rd Lot 505 / Shire,Reserve 50040 Yornaning Rd Lot 505 / Shire of Cuballing,Mine,Openpit,Operating,J06716,GBRM / Shire of Cuballing,117.152911000000003,-32.738387000000003,514326,6377704,50,Gvl,Construction material,CONSTRUCTION MATERIALS,,N,,,,,Public,2332,NARROGIN,SI50-03,CORRIGIN,"CUBALLING, SHIRE OF","WHEATBELT, Development Region",70,SOUTH WEST M.F.,Yilgarn Craton granites,20260112
S0242678,R19021 Statherne Rd Lot 501 / Shire,Reserve 19021 Statherne Rd Lot 501 / Shire of Cuballing,Mine,Openpit,Operating,J06716,GBRM / Shire of Cuballing,117.203511000000006,-32.799486999999999,519054,6370922,50,Gvl,Construction material,CONSTRUCTION MATERIALS,,N,,,,,Public,2332,NARROGIN,SI50-03,CORRIGIN,"CUBALLING, SHIRE OF","WHEATBELT, Development Region",70,SOUTH WEST M.F.,Yilgarn Craton granites,20260112
S0242687,Shaddicks Rd Lot 12344 / Shire,Shaddicks Rd East Popanyinning Lot 12344 / Shire of Cuballing,Mine,Openpit,Operating,J06716,GBRM / Shire of Cuballing,117.263909999999996,-32.668385999999998,524745,6385443,50,Gvl,Construction material,CONSTRUCTION MATERIALS,,N,,,,,Public,2332,NARROGIN,SI50-03,CORRIGIN,"CUBALLING, SHIRE OF","WHEATBELT, Development Region",70,SOUTH WEST M.F.,Yilgarn Craton granites,20260112
S0242706,R40806 Tomkins Rd Lot 11495 / Shire,Reserve 40806 Tomkins Rd Lot 11495 / Shire of Irwin,Mine,Openpit,Operating,J06718,GBRM / Shire of Irwin,115.186811000000006,-29.433387000000000,324121,6742628,50,Gvl,Construction material,CONSTRUCTION MATERIALS,,N,,,,,Public,1939,MINGENEW,SH50-05,DONGARA,"IRWIN, SHIRE OF","MID-WEST, Development Region",70,SOUTH WEST M.F.,Donkey Creek Terrace,20260112
S0242714,Midlands Rd Lot 1 Gravel 3 / Forward,Midlands Rd Mt Horner Lot 1 Gravel 3 / Forward,Mine,Openpit,Operating,J04682,Mingenew / Forward,115.161310999999998,-29.194486999999999,321231,6769066,50,Sd,Construction material,CONSTRUCTION MATERIALS,,N,,,,,Public,1939,MINGENEW,SH50-05,DONGARA,"IRWIN, SHIRE OF","MID-WEST, Development Region",70,SOUTH WEST M.F.,Dandaragan Trough,20260112
S0242725,Urch Rd Lot 13 Central Gravel / Quadrio,Urch Rd Narra Tarra Lot 13 Central Gravel / Quadrio,Mine,Openpit,Operating,J05027,Geraldton-Greenough / Quadrio,114.745510999999993,-28.633787000000002,279612,6830507,50,Gvl,Construction material,CONSTRUCTION MATERIALS,,N,,,,,Public,1840,GERALDTON,SH50-01,GERALDTON,"CHAPMAN VALLEY, SHIRE OF","MID-WEST, Development Region",66,NORTHAMPTON M.F.,Greenough Shelf,20260112
S0242728,Marrah Rd Lot 4242 / Shire,Marrah Rd Lot 4242  / Shire of Chapman Valley,Mine,Openpit,Operating,J06719,GBRM / Shire of Chapman Valley,114.955310999999995,-28.444286999999999,299768,6851877,50,Gvl,Construction material,CONSTRUCTION MATERIALS,,N,,,,,Public,1841,NORTHAMPTON,SH50-01,GERALDTON,"CHAPMAN VALLEY, SHIRE OF","MID-WEST, Development Region",70,SOUTH WEST M.F.,Bookara Shelf,20260112
S0242729,Chapman Valley Rd Lot 6234 / Shire,Chapman Valley Rd Lot 6234  / Shire of Chapman Valley,Mine,Openpit,Operating,J06719,GBRM / Shire of Chapman Valley,114.922810999999996,-28.400787000000001,296501,6856643,50,Gvl,Construction material,CONSTRUCTION MATERIALS,,N,,,,,Public,1841,NORTHAMPTON,SH50-01,GERALDTON,"CHAPMAN VALLEY, SHIRE OF","MID-WEST, Development Region",70,SOUTH WEST M.F.,Coolcalalaya Sub-basin,20260112
S0242732,Nolba Stock Route Rd Lot 2 / Shire,Nolba Stock Route Rd Nolba Lot 2 / Shire of Chapman Valley,Mine,Openpit,Operating,J06719,GBRM / Shire of Chapman Valley,114.826110999999997,-28.268087000000001,286760,6871182,50,Gvl,Construction material,CONSTRUCTION MATERIALS,,N,,,,,Public,1841,NORTHAMPTON,SH50-01,GERALDTON,"CHAPMAN VALLEY, SHIRE OF","MID-WEST, Development Region",70,SOUTH WEST M.F.,Coolcalalaya Sub-basin,20260112
S0242734,Forrester Brooks Rd Lot 3624 / Shire,Forrester Brooks Rd Yuna Lot 3624 / Shire of Chapman Valley,Mine,Openpit,Operating,J06719,GBRM / Shire of Chapman Valley,114.987610000000004,-28.302287000000000,302669,6867667,50,Gvl,Construction material,CONSTRUCTION MATERIALS,,N,,,,,Public,1841,NORTHAMPTON,SH50-01,GERALDTON,"CHAPMAN VALLEY, SHIRE OF","MID-WEST, Development Region",70,SOUTH WEST M.F.,Bookara Shelf,20260112
S0242740,R50080 Coonewa Rd Lot 306 / DBCA,Reserve 50080 Coonewa Rd Lot 306 / DBCA,Mine,Openpit,Operating,J06603,GBRM Reserves - Mid West / DBCA,115.359909999999999,-28.300687000000000,339179,6868396,50,Gvl Sd,Construction material,CONSTRUCTION MATERIALS,,N,,,,,Public,1941,MUNGO,SH50-01,GERALDTON,"CHAPMAN VALLEY, SHIRE OF","MID-WEST, Development Region",70,SOUTH WEST M.F.,Irwin Terrace,20260112
S0242741,R50080 Wandana Rd Lot 304 / DBCA,Reserve 50080 Wandana Rd Lot 304 / DBCA,Mine,Openpit,Operating,J06603,GBRM Reserves - Mid West / DBCA,115.220810000000000,-28.281687000000002,325507,6870308,50,Gvl,Construction material,CONSTRUCTION MATERIALS,,N,,,,,Public,1941,MUNGO,SH50-01,GERALDTON,"CHAPMAN VALLEY, SHIRE OF","MID-WEST, Development Region",70,SOUTH WEST M.F.,Irwin Terrace,20260112
S0242749,Normans Well Rd Lot 1,Normans Well Rd Lot 1,Mine,Openpit,Operating,,,114.729310999999996,-28.426286999999999,277592,6853475,50,Gvl,Construction material,CONSTRUCTION MATERIALS,,N,,,,,Public,1841,NORTHAMPTON,SH50-01,GERALDTON,"CHAPMAN VALLEY, SHIRE OF","MID-WEST, Development Region",66,NORTHAMPTON M.F.,"Pinjarra Orogen, Northampton Inlier",20260112
S0242750,R37622 Borden-Bremer Bay Rd Lot 2066 / MRWA,Reserve 37622 Borden-Bremer Bay Rd Lot 2066 / Main Road WA,Mine,Openpit,Operating,J04575,GBRM Great Southern / Main Roads WA,118.752709999999993,-34.368586000000001,661165,6195583,50,Gvl,Construction material,CONSTRUCTION MATERIALS,,N,,,,,Public,2629,PALLINUP,SI50-12,BREMER BAY,"JERRAMUNGUP, SHIRE OF","GREAT SOUTHERN, Development Region",70,SOUTH WEST M.F.,"Northern Foreland, Albany-Fraser Orogen",20260112
S0242775,Old Three Springs Rd Lot 3 Pit 1 / Weelaway,Old Three Springs Rd Morawa Lot 3 Pit 1 / Weelaway Stone,Mine,Openpit,Operating,J06722,Morawa / Weelaway Stone,115.845910000000003,-29.216787000000000,387823,6767443,50,Gvl,Construction material,CONSTRUCTION MATERIALS,,N,,,,,Public,2039,YANDANOOKA,SH50-06,PERENJORI,"MORAWA, SHIRE OF","MID-WEST, Development Region",70,SOUTH WEST M.F.,Moora Basin,20260112
S0242776,Old Three Springs Rd Lot 3 Pit 2 / Weelaway,Old Three Springs Rd Morawa Lot 3 Pit 2 / Weelaway Stone,Mine,Openpit,Operating,J06722,Morawa / Weelaway Stone,115.852209999999999,-29.221387000000000,388440,6766940,50,Gvl,Construction material,CONSTRUCTION MATERIALS,,N,,,,,Public,2039,YANDANOOKA,SH50-06,PERENJORI,"MORAWA, SHIRE OF","MID-WEST, Development Region",70,SOUTH WEST M.F.,Moora Basin,20260112
S0242777,Great Eastern Hwy Lot 812 / Mason,Great Eastern Hwy Burracoppin Lot 812 / Mason,Mine,Openpit,Operating,,,118.423111000000006,-31.421187000000000,635264,6522842,50,Gvl,Construction material,CONSTRUCTION MATERIALS,,N,,,,,Public,2535,MERREDIN,SH50-15,KELLERBERRIN,"MERREDIN, SHIRE OF","WHEATBELT, Development Region",70,SOUTH WEST M.F.,Yilgarn Craton granites,20260112
S0242782,Albany Hwy Crossman Lot 9 Lot 92,Albany Hwy Crossman Lot 9,Mine,Openpit,Operating,J04624,South Crossman Rd Crossman / Lyster,116.627910999999997,-32.848686000000001,465181,6365426,50,Gvl,Construction material,CONSTRUCTION MATERIALS,,N,,,,,Public,2232,CROSSMAN,SI50-02,PINJARRA,"BODDINGTON, SHIRE OF","PEEL, Development Region",70,SOUTH WEST M.F.,Yilgarn Craton granites,20260112
S0242784,Carabooda Rd Lot 19 / Carabooda Limestone,Carabooda Rd Carabooda Loc 5425 Lot 19 / Carabooda Limestone,Mine,Openpit,Operating,,,115.750810999999999,-31.607087000000000,381502,6502437,50,Lst,Construction material,LIMESTONE - LIMESAND,,N,,,,,Public,2034,PERTH,SH50-14,PERTH,"WANNEROO, CITY OF",METRO,70,SOUTH WEST M.F.,Mandurah Terrace,20260112
S0242796,R20908 North Road / Shire,Reserve 20908 North Road / Shire of Northampton,Mine,Openpit,Operating,J06728,GBRM / Shire of Northampton,114.638210999999998,-28.220386999999999,268220,6876123,50,Gvl,Construction material,CONSTRUCTION MATERIALS,,N,,,,,Public,1841,NORTHAMPTON,SH50-01,GERALDTON,"NORTHAMPTON, SHIRE OF","MID-WEST, Development Region",66,NORTHAMPTON M.F.,"Pinjarra Orogen, Northampton Inlier",20260112
S0242799,R25273 Great Northern Hwy Lot 11896 / Shire,Reserve 25273 Great Northern Hwy Lot 11896 / Shire of Northampton,Mine,Openpit,Operating,J06728,GBRM / Shire of Northampton,114.638711000000001,-28.187787000000000,268199,6879737,50,Gvl,Construction material,CONSTRUCTION MATERIALS,,N,,,,,Public,1841,NORTHAMPTON,SH50-01,GERALDTON,"NORTHAMPTON, SHIRE OF","MID-WEST, Development Region",66,NORTHAMPTON M.F.,"Pinjarra Orogen, Northampton Inlier",20260112
S0242803,Neville East,Neville East,Mine,Openpit,Operating,J01703,Sunrise Dam,122.433918000000006,-29.071128999999999,444901,6784002,51,Au,Precious metal,GOLD,Neville East,N,,N,,Operating Mine,Public,3339,LAKE CAREY,SH51-06,EDJUDINA,"LAVERTON, SHIRE OF","GOLDFIELDS-ESPERANCE, Development Region",39,MT. MORGANS,Eastern Goldfields Superterrane,20260112
S0242804,R12982 Ralphs Rd Lot 7163 / Shire,Reserve 12982 Ralphs Rd Lot 7163 / Shire of Northampton,Mine,Openpit,Operating,J06728,GBRM / Shire of Northampton,114.759810999999999,-27.987587000000001,279682,6902150,50,Gvl,Construction material,CONSTRUCTION MATERIALS,,N,,,,,Public,1842,AJANA,SG50-13,AJANA,"NORTHAMPTON, SHIRE OF","MID-WEST, Development Region",70,SOUTH WEST M.F.,"Pinjarra Orogen, Northampton Inlier",20260112
S0242805,R48527 Atkinson Cr Lot 12927 / Shire,Reserve 48527 Atkinson Cr Kalbarri Lot 12927 / Shire of Northampton,Mine,Openpit,Operating,J06728,GBRM / Shire of Northampton,114.209210999999996,-27.716387000000001,224825,6931095,50,Sd,Construction material,CONSTRUCTION MATERIALS,,N,,,,,Public,1742,KALBARRI,SG50-13,AJANA,"NORTHAMPTON, SHIRE OF","MID-WEST, Development Region",70,SOUTH WEST M.F.,Gascoyne Platform,20260112
S0242806,R48528 Atkinson Cr Lot 12928 North / Shire,Reserve 48528 Atkinson Cr Kalbarri Lot 12928 North / Shire of Northampton,Mine,Openpit,Operating,J06728,GBRM / Shire of Northampton,114.201811000000006,-27.714887000000001,224091,6931244,50,Gvl Clay,Construction material,CONSTRUCTION MATERIALS,,N,,,,,Public,1742,KALBARRI,SG50-13,AJANA,"NORTHAMPTON, SHIRE OF","MID-WEST, Development Region",70,SOUTH WEST M.F.,Gascoyne Platform,20260112
S0242807,R48528 Atkinson Cr Lot 12928 South / Shire,Reserve 48528 Atkinson Cr Kalbarri Lot 12928 South / Shire of Northampton,Mine,Openpit,Operating,J06728,GBRM / Shire of Northampton,114.187611000000004,-27.724786999999999,222715,6930115,50,Gvl Clay,Construction material,CONSTRUCTION MATERIALS,,N,,,,,Public,1742,KALBARRI,SG50-13,AJANA,"NORTHAMPTON, SHIRE OF","MID-WEST, Development Region",70,SOUTH WEST M.F.,Gascoyne Platform,20260112
S0242808,R44629 Blue Wells Rd Lot 12062 / Shire,Reserve 44629 Blue Wells Rd Lot 12062 / Shire of Northampton,Mine,Openpit,Operating,J06728,GBRM / Shire of Northampton,114.776410999999996,-28.278086999999999,281904,6869985,50,Gvl,Construction material,CONSTRUCTION MATERIALS,,N,,,,,Public,1841,NORTHAMPTON,SH50-01,GERALDTON,"NORTHAMPTON, SHIRE OF","MID-WEST, Development Region",66,NORTHAMPTON M.F.,"Pinjarra Orogen, Northampton Inlier",20260112
S0242820,R44988 Shark Bay Rd Lot 96 / Shire,Reserve 44988 Shark Bay Rd Lot 96 / Shire of Shark Bay,Mine,Openpit,Operating,J01707,GBRM / Shire of Shark Bay,113.653210999999999,-26.123087000000002,765308,7107978,49,Gvl,Construction material,CONSTRUCTION MATERIALS,,N,,,,,Public,1645,PERON,SG49-12,EDEL,"SHARK BAY, SHIRE OF","GASCOYNE, Development Region",9,GASCOYNE M.F.,Gascoyne Platform,20260112
S0242846,Sunnyglen Rd Loc 6725 East / Shire,Sunnyglen Rd Loc 6725 East / Shire of Denmark,Mine,Openpit,Operating,J06731,GBRM / Shire of Denmark,117.472410999999994,-34.903686999999998,543158,6137535,50,Gvl,Construction material,CONSTRUCTION MATERIALS,,N,,,,,Public,2328,DENMARK,SI50-11,MOUNT BARKER,"DENMARK, SHIRE OF","GREAT SOUTHERN, Development Region",70,SOUTH WEST M.F.,Nornalup Zone,20260112
S0242857,R35160 Mount Shadforth Rd Lot 947 / Shire,Reserve 35160 Mount Shadforth Rd Lot 947 / Shire of Denmark,Mine,Openpit,Operating,J06731,GBRM / Shire of Denmark,117.230110999999994,-34.962387000000000,521007,6131103,50,Gvl,Construction material,CONSTRUCTION MATERIALS,,N,,,,,Public,2328,DENMARK,SI50-11,MOUNT BARKER,"DENMARK, SHIRE OF","GREAT SOUTHERN, Development Region",70,SOUTH WEST M.F.,Nornalup Zone,20260112
S0242859,R22890 Scotsdale Rd Lot 784 / Unvested,Reserve 22890 Scotsdale Rd Lot 784 / DPLH,Mine,Openpit,Operating,J06500,GBRM Reserves unvested - Great Southern / DPLH,117.349311000000000,-34.934086999999998,531900,6134210,50,Sd,Construction material,CONSTRUCTION MATERIALS,,N,,,,,Public,2328,DENMARK,SI50-11,MOUNT BARKER,"DENMARK, SHIRE OF","GREAT SOUTHERN, Development Region",70,SOUTH WEST M.F.,Nornalup Zone,20260112
S0242867,Hamilton Rd Loc 2017 Lot 75 New / Williams,Hamilton Rd Scotsdale Loc 2017 Lot 75 New / Williams,Mine,Openpit,Operating,J06733,Denmark / Williams,117.341311000000005,-34.903387000000002,531181,6137617,50,Gvl,Construction material,CONSTRUCTION MATERIALS,,N,,,,,Public,2328,DENMARK,SI50-11,MOUNT BARKER,"DENMARK, SHIRE OF","GREAT SOUTHERN, Development Region",70,SOUTH WEST M.F.,Nornalup Zone,20260112
S0242869,Hazelvale Rd Lot 1 / Pascoe,Hazelvale Rd Tingledale Lot 1 / Pascoe,Mine,Openpit,Operating,,,116.861110999999994,-34.948585999999999,487318,6132650,50,Gvl,Construction material,CONSTRUCTION MATERIALS,,N,,,,,Public,2228,DEEP RIVER,SI50-10,PEMBERTON,"DENMARK, SHIRE OF","GREAT SOUTHERN, Development Region",70,SOUTH WEST M.F.,Nornalup Zone,20260112
S0242870,Mount Shadforth Rd Lot 435 / Nekel,Mount Shadforth Rd Tingledale Lot 435 / Nekel,Mine,Openpit,Operating,,,117.273611000000002,-34.956187000000000,524980,6131780,50,Gvl,Construction material,CONSTRUCTION MATERIALS,,N,,,,,Public,2328,DENMARK,SI50-11,MOUNT BARKER,"DENMARK, SHIRE OF","GREAT SOUTHERN, Development Region",70,SOUTH WEST M.F.,Nornalup Zone,20260112
S0242878,Sunny Glen Rd Loc 6722 Lot 7 Gravel 3 / Burke,Sunny Glen Rd Hay Loc 6722 Lot 7 Gravel 3 / Burke,Mine,Openpit,Operating,J06734,Denmark / Burke,117.447911000000005,-34.942087000000001,540901,6133287,50,Gvl,Construction material,CONSTRUCTION MATERIALS,,N,,,,,Public,2328,DENMARK,SI50-11,MOUNT BARKER,"DENMARK, SHIRE OF","GREAT SOUTHERN, Development Region",70,SOUTH WEST M.F.,Nornalup Zone,20260112
S0242879,Valley Of The Giants Rd Lot 1678 / Smith,Valley Of The Giants Rd Bow Bridge Lot 1678 / Smith,Mine,Openpit,Operating,,,116.937710999999993,-34.942286000000003,494312,6133354,50,Gvl,Construction material,CONSTRUCTION MATERIALS,,N,,,,,Public,2228,DEEP RIVER,SI50-10,PEMBERTON,"DENMARK, SHIRE OF","GREAT SOUTHERN, Development Region",70,SOUTH WEST M.F.,Nornalup Zone,20260112
S0242910,King Rd Loc 348  / Belli,King Rd Ravensthorpe Loc 348  / Belli,Mine,Openpit,Operating,,,119.988709999999998,-33.439086000000003,777851,6296038,50,Gvl,Construction material,CONSTRUCTION MATERIALS,,N,,,,,Public,2831,KING,SI50-08,NEWDEGATE,"RAVENSTHORPE, SHIRE OF","GOLDFIELDS-ESPERANCE, Development Region",74,PHILLIPS RIVER M.F.,Youanmi Terrane,20260112
S0242911,Mount Short Rd Lot 459 / Belli,Mount Short Rd Ravensthorpe Lot 459 / Belli,Mine,Openpit,Operating,,,119.992609999999999,-33.456786000000001,778157,6294064,50,Gvl,Construction material,CONSTRUCTION MATERIALS,,N,,,,,Public,2831,KING,SI50-08,NEWDEGATE,"RAVENSTHORPE, SHIRE OF","GOLDFIELDS-ESPERANCE, Development Region",74,PHILLIPS RIVER M.F.,Youanmi Terrane,20260112
S0242924,South Coast Hwy Lot 762 / Readymix,South Coast Hwy Munglinup Lot 762 / Readymix,Mine,Openpit,Operating,,,120.677509999999998,-33.650286999999999,284625,6274198,51,Sd,Construction material,CONSTRUCTION MATERIALS,,N,,,,,Public,3030,OLDFIELD,SI51-05,RAVENSTHORPE,"RAVENSTHORPE, SHIRE OF","GOLDFIELDS-ESPERANCE, Development Region",74,PHILLIPS RIVER M.F.,"Northern Foreland, Albany-Fraser Orogen",20260112
S0242930,R36443 Old Ravensthorpe Rd Lot 3014 / Unvested,Reserve 36443 Old Ravensthorpe Rd Lot 3014 / DPLH,Mine,Openpit,Operating,J06624,GBRM Reserves unvested - Wheatbelt / DPLH,119.395309999999995,-33.386786000000001,722804,6303269,50,Gvl,Construction material,CONSTRUCTION MATERIALS,,N,,,,,Public,2731,NEWDEGATE,SI50-08,NEWDEGATE,"LAKE GRACE, SHIRE OF","WHEATBELT, Development Region",70,SOUTH WEST M.F.,Yilgarn Craton granites,20260112
S0242935,R42524 Ardler Rd Lot 3123 / Shire,Reserve 42524 Ardler Rd Lot 3123 / Shire of Lake Grace,Mine,Openpit,Operating,J06746,GBRM / Shire of Lake Grace,119.240610000000004,-33.330486000000001,708545,6309833,50,Gvl,Construction material,CONSTRUCTION MATERIALS,,N,,,,,Public,2731,NEWDEGATE,SI50-08,NEWDEGATE,"LAKE GRACE, SHIRE OF","WHEATBELT, Development Region",70,SOUTH WEST M.F.,Yilgarn Craton granites,20260112
S0242936,R42524 Ardler Rd Lot 3122 / Shire,Reserve 42524 Ardler Rd Lot 3122 / Shire of Lake Grace,Mine,Openpit,Operating,J06746,GBRM / Shire of Lake Grace,119.217810000000000,-33.342585999999997,706394,6308537,50,Gvl,Construction material,CONSTRUCTION MATERIALS,,N,,,,,Public,2731,NEWDEGATE,SI50-08,NEWDEGATE,"LAKE GRACE, SHIRE OF","WHEATBELT, Development Region",70,SOUTH WEST M.F.,Yilgarn Craton granites,20260112
S0242937,R20350 Magenta Rd Lot 2456 / DBCA,Reserve 20350 Magenta Rd Lot 2456 / DBCA,Mine,Openpit,Operating,J06745,GBRM Reserves - Wheatbelt / DBCA,119.210409999999996,-33.337085999999999,705718,6309161,50,Gvl,Construction material,CONSTRUCTION MATERIALS,,N,,,,,Public,2731,NEWDEGATE,SI50-08,NEWDEGATE,"LAKE GRACE, SHIRE OF","WHEATBELT, Development Region",70,SOUTH WEST M.F.,Yilgarn Craton granites,20260112
S0242940,R37806 John Forrest Rd Lot 1358 / Shire,Reserve 37806 John Forrest Rd Lot 1358 / Shire of Ravensthorpe,Mine,Openpit,Operating,J06751,GBRM / Shire of Ravensthorpe,120.083810000000000,-33.814585999999998,230067,6254577,51,Gvl,Construction material,CONSTRUCTION MATERIALS,,N,,,,,Public,2930,RAVENSTHORPE,SI51-05,RAVENSTHORPE,"RAVENSTHORPE, SHIRE OF","GOLDFIELDS-ESPERANCE, Development Region",74,PHILLIPS RIVER M.F.,Barren Basin,20260112
S0242943,R38641 Jerdacuttup Rd Lot 1401 / Shire,Reserve 38641 Jerdacuttup Rd Lot 1401 / Shire of Ravensthorpe,Mine,Openpit,Operating,J06751,GBRM / Shire of Ravensthorpe,120.253609999999995,-33.762487000000000,245635,6260789,51,Gvl,Construction material,CONSTRUCTION MATERIALS,,N,,,,,Public,2930,RAVENSTHORPE,SI51-05,RAVENSTHORPE,"RAVENSTHORPE, SHIRE OF","GOLDFIELDS-ESPERANCE, Development Region",74,PHILLIPS RIVER M.F.,Barren Basin,20260112
S0243013,R26324 Savage Rd Lot 74 / Unvested,Reserve 26324 Savage Rd Lot 74 / DPLH,Mine,Openpit,Operating,J06913,GBRM Reserves unvested - Goldfields-Esperance / DPLH,122.261809999999997,-33.670786000000000,431567,6274101,51,Gvl,Construction material,CONSTRUCTION MATERIALS,,N,,,,,Public,3330,MERIVALE,SI51-06,ESPERANCE,"ESPERANCE, SHIRE OF","GOLDFIELDS-ESPERANCE, Development Region",63,DUNDAS M.F.,Recherche Supersuite,20260112
S0243029,R32781 Coolinup Rd Lot 424 / Unvested,Reserve 32781 Coolinup Rd Lot 424 / DPLH,Mine,Openpit,Operating,J06913,GBRM Reserves unvested - Goldfields-Esperance / DPLH,122.532309999999995,-33.510086000000001,456563,6292065,51,Gvl,Construction material,CONSTRUCTION MATERIALS,,N,,,,,Public,3430,HOWICK,SI51-06,ESPERANCE,"ESPERANCE, SHIRE OF","GOLDFIELDS-ESPERANCE, Development Region",63,DUNDAS M.F.,Recherche Supersuite,20260112
S0243041,R35633 Grass Patch Rd Lot 1288 / Unvested,Reserve 35633 Grass Patch Rd Lot 1288 / DPLH,Mine,Openpit,Operating,J06913,GBRM Reserves unvested - Goldfields-Esperance / DPLH,121.216610000000003,-33.317287000000000,333991,6312117,51,Gvl,Construction material,CONSTRUCTION MATERIALS,,N,,,,,Public,3131,LORT,SI51-05,RAVENSTHORPE,"ESPERANCE, SHIRE OF","GOLDFIELDS-ESPERANCE, Development Region",74,PHILLIPS RIVER M.F.,"Northern Foreland, Albany-Fraser Orogen",20260112
S0243046,R38066 Field Rd Lot 652 / Unvested,Reserve 38066 Field Rd Lot 652 / DPLH,Mine,Openpit,Operating,J06913,GBRM Reserves unvested - Goldfields-Esperance / DPLH,121.190209999999993,-33.104087000000000,331124,6335716,51,Gvl,Construction material,CONSTRUCTION MATERIALS,,N,,,,,Public,3131,LORT,SI51-05,RAVENSTHORPE,"ESPERANCE, SHIRE OF","GOLDFIELDS-ESPERANCE, Development Region",74,PHILLIPS RIVER M.F.,"Northern Foreland, Albany-Fraser Orogen",20260112
S0243052,R28225 Old Smokey Rd Lot 64 West / Shire,Reserve 28225 Old Smokey Rd Lot 64 West / Shire of Esperance,Mine,Openpit,Operating,J04498,GBRM / Shire of Esperance,122.013310000000004,-33.734686000000004,408597,6266824,51,Gvl,Construction material,CONSTRUCTION MATERIALS,,N,,,,,Public,3330,MERIVALE,SI51-06,ESPERANCE,"ESPERANCE, SHIRE OF","GOLDFIELDS-ESPERANCE, Development Region",63,DUNDAS M.F.,Nornalup Zone,20260112
S0243059,R29327 Coolgardie-Esperance Hwy Lot 1544 / Shire,Reserve 29327 Coolgardie-Esperance Hwy Lot 1544 / Shire of Esperance,Mine,Openpit,Operating,J04498,GBRM / Shire of Esperance,121.706310000000002,-33.273187000000000,379518,6317680,51,Gvl,Construction material,CONSTRUCTION MATERIALS,,N,,,,,Public,3231,SCADDAN,SI51-06,ESPERANCE,"ESPERANCE, SHIRE OF","GOLDFIELDS-ESPERANCE, Development Region",63,DUNDAS M.F.,Biranup Zone,20260112
S0243060,R19856 Circle Valley Rd  Lot 697 / Shire,Reserve 19856 Circle Valley Rd Lot 697  / Shire of Esperance,Mine,Openpit,Operating,J04498,GBRM / Shire of Esperance,121.851709999999997,-33.045386000000001,392783,6343096,51,Gvl,Construction material,CONSTRUCTION MATERIALS,,N,,,,,Public,3231,SCADDAN,SI51-06,ESPERANCE,"ESPERANCE, SHIRE OF","GOLDFIELDS-ESPERANCE, Development Region",63,DUNDAS M.F.,Biranup Zone,20260112
S0243144,BP Pit 1,Blue Peter Pit 1,Mine,Openpit,Operating,J00240,Mt Celia - Kangaroo Bore,122.504957000000005,-29.467175999999998,452001,6740151,51,Au,Precious metal,GOLD,Blue Peter Pit 1,N,,N,,Operating Mine,Public,3439,MOUNT CELIA,SH51-06,EDJUDINA,"MENZIES, SHIRE OF","GOLDFIELDS-ESPERANCE, Development Region",39,MT. MORGANS,Eastern Goldfields Superterrane,20260112
S0243146,BP Pit 4,Blue Peter Pit 4,Mine,Openpit,Operating,J00240,Mt Celia - Kangaroo Bore,122.493925000000004,-29.456213999999999,450926,6741361,51,Au,Precious metal,GOLD,Blue Peter Pit 4,N,,N,,Operating Mine,Public,3339,LAKE CAREY,SH51-06,EDJUDINA,"MENZIES, SHIRE OF","GOLDFIELDS-ESPERANCE, Development Region",39,MT. MORGANS,Eastern Goldfields Superterrane,20260112
S0243147,BP Pit 5,Blue Peter Pit 5,Mine,Openpit,Operating,J00240,Mt Celia - Kangaroo Bore,122.486457999999999,-29.454200000000000,450201,6741581,51,Au,Precious metal,GOLD,Blue Peter Pit 5,N,,N,,Operating Mine,Public,3339,LAKE CAREY,SH51-06,EDJUDINA,"MENZIES, SHIRE OF","GOLDFIELDS-ESPERANCE, Development Region",39,MT. MORGANS,Eastern Goldfields Superterrane,20260112
S0243148,BP Pit 6,Blue Peter Pit 6,Mine,Openpit,Operating,J00240,Mt Celia - Kangaroo Bore,122.475663999999995,-29.447659999999999,449151,6742301,51,Au,Precious metal,GOLD,Blue Peter Pit 6,N,,N,,Operating Mine,Public,3339,LAKE CAREY,SH51-06,EDJUDINA,"MENZIES, SHIRE OF","GOLDFIELDS-ESPERANCE, Development Region",39,MT. MORGANS,Eastern Goldfields Superterrane,20260112
S0243149,BP Pit 7,Blue Peter Pit 7,Mine,Openpit,Operating,J00240,Mt Celia - Kangaroo Bore,122.474374999999995,-29.447655000000001,449026,6742301,51,Au,Precious metal,GOLD,Blue Peter Pit 7,N,,N,,Operating Mine,Public,3339,LAKE CAREY,SH51-06,EDJUDINA,"MENZIES, SHIRE OF","GOLDFIELDS-ESPERANCE, Development Region",39,MT. MORGANS,Eastern Goldfields Superterrane,20260112
S0243183,Mt Mann Underground,Kathleen Valley Mt Mann Underground,Mine,Decline,Operating,J04902,Kathleen Valley Lithium,120.556135999999995,-27.475197999999999,258516,6958553,51,Li Ta,Speciality metal,TIN - TANTALUM - LITHIUM,,N,,,,,Public,3043,MOUNT KEITH,SG51-13,SIR SAMUEL,"LEONORA, SHIRE OF","GOLDFIELDS-ESPERANCE, Development Region",36,LAWLERS,Eastern Goldfields Superterrane,20260112
S0243190,MM N UG,Mt Marion North Underground,Mine,Decline,Under Development,J02285,Mt Marion Lithium,121.449934999999996,-31.077010000000001,352132,6560831,51,Li Ta,Speciality metal,TIN - TANTALUM - LITHIUM,,N,,,,,Public,3135,YILMIA,SH51-13,BOORABBIN,"COOLGARDIE, SHIRE OF","GOLDFIELDS-ESPERANCE, Development Region",15,COOLGARDIE,Eastern Goldfields Superterrane,20260112
S0243214,Nybo Rd Lot 333 / APH,Nybo Rd Lot 333 Gwindinup / APH,Mine,Openpit,Operating,J04941,Gwindinup / APH,115.773510999999999,-33.514485999999998,386092,6291001,50,Gvl,Construction material,CONSTRUCTION MATERIALS,,N,,,,,Public,2030,DONNYBROOK,SI50-06,COLLIE,"CAPEL, SHIRE OF","SOUTH WEST, Development Region",70,SOUTH WEST M.F.,Bunbury Trough,20260112
S0243255,Flying Fish Pits 3 and 4,Eliwana Flying Fish Pits 3 and 4,Mine,Openpit,Operating,J03436,Western Hub / FMG,117.172596999999996,-22.513750000000002,517750,7510296,50,Fe,Iron,IRON ORE,,N,,,,,Public,2352,ROCKLEA,SF50-11,MOUNT BRUCE,"ASHBURTON, SHIRE OF","PILBARA, Development Region",47,WEST PILBARA M.F.,Hamersley Basin,20260112
S0243320,Tamarine Rd Limestone East,Tamarine Rd Limestone  East / First Quantum,Mine,Openpit,Operating,J02145,Ravensthorpe - First Quantum,120.293743000000006,-33.806576999999997,249482,6255997,51,Lst Lsd,Industrial mineral,LIMESTONE - LIMESAND,,N,,,,,Public,2930,RAVENSTHORPE,SI51-05,RAVENSTHORPE,"RAVENSTHORPE, SHIRE OF","GOLDFIELDS-ESPERANCE, Development Region",74,PHILLIPS RIVER M.F.,"Northern Foreland, Albany-Fraser Orogen",20260112
S0243388,Golden Hind / Evolution,Golden Hind / Evolution,Mine,Openpit,Operating,J01718,Kundana East,121.253816999999998,-30.748826999999999,332851,6596931,51,Au Ag,Precious metal,GOLD,,N,,,,,Public,3136,KALGOORLIE,SH51-09,KALGOORLIE,"COOLGARDIE, SHIRE OF","GOLDFIELDS-ESPERANCE, Development Region",15,COOLGARDIE,Eastern Goldfields Superterrane,20260112
S0243449,Hodari North,Hodari North,Mine,Openpit,Under Development,J06689,Lady Ida / Lamerton Geoda,120.691868999999997,-30.560938000000000,278619,6616787,51,Au Ag,Precious metal,GOLD,,N,,,,,Public,3036,DUNNSVILLE,SH51-09,KALGOORLIE,"COOLGARDIE, SHIRE OF","GOLDFIELDS-ESPERANCE, Development Region",16,KUNANALLING,Eastern Goldfields Superterrane,20260112
S0243485,South Western Hwy Lot 1910 / Catalano,South Western Hwy Yornup Lot 1910 / Catalano,Mine,Openpit,Operating,,,116.140511000000004,-34.042687000000001,420666,6232777,50,Gvl,Construction material,CONSTRUCTION MATERIALS,,N,,,,,Public,2129,MANJIMUP,SI50-10,PEMBERTON,"BRIDGETOWN-GREENBUSHES, SHIRE OF","SOUTH WEST, Development Region",70,SOUTH WEST M.F.,South West Terrane,20260112
S0243487,Finn Rd Lot 1794 / MGM,Finn Rd Myalup Lot 1794 / MGM Bulk,Mine,Openpit,Operating,,,115.704410999999993,-33.010486999999998,378981,6346805,50,Lst Sd,Construction material,LIMESTONE - LIMESAND,,N,,,,,Public,2031,BUNBURY,SI50-06,COLLIE,"HARVEY, SHIRE OF","SOUTH WEST, Development Region",70,SOUTH WEST M.F.,Mandurah Terrace,20260112
S0243512,Ord,McPhee Creek - Ord,Mine,Openpit,Under Development,J02511,McPhee Creek,120.125269000000003,-21.570891000000000,202291,7611921,51,Fe,Iron,IRON ORE,,N,,,,,Public,2954,NULLAGINE,SF51-05,NULLAGINE,"EAST PILBARA, SHIRE OF","PILBARA, Development Region",45,MARBLE BAR,Gorge Creek Basin,20260112
S0243513,Avon,McPhee Creek - Avon,Mine,Openpit,Under Development,J02511,McPhee Creek,120.104028000000000,-21.595127000000002,200140,7609195,51,Fe,Iron,IRON ORE,,N,,,,,Public,2954,NULLAGINE,SF51-05,NULLAGINE,"EAST PILBARA, SHIRE OF","PILBARA, Development Region",45,MARBLE BAR,Gorge Creek Basin,20260112
S0243645,Decline,Sam Pearce Decline,Mine,Decline,Operating,J00102,Golden Mile / KCGM,121.496900999999994,-30.763643999999999,356144,6595626,51,Au Ag,Precious metal,GOLD,,N,,,,,Public,3136,KALGOORLIE,SH51-09,KALGOORLIE,"KALGOORLIE-BOULDER, CITY OF","GOLDFIELDS-ESPERANCE, Development Region",26,EAST COOLGARDIE,Eastern Goldfields Superterrane,20260112
S0243728,White Peak Rd Lot 45 / Tremor Sarb,White Peak Rd Yetna Lot 45 / Tremor Sarb,Mine,Openpit,Operating,J03839,Chapman Valley / Tremor Sarb,114.690810999999997,-28.623687000000000,274242,6831524,50,Gvl,Construction material,CONSTRUCTION MATERIALS,,N,,,,,Public,1840,GERALDTON,SH50-01,GERALDTON,"CHAPMAN VALLEY, SHIRE OF","MID-WEST, Development Region",66,NORTHAMPTON M.F.,Greenough Shelf,20260112
S0243740,Jacky Jupp Rd Lot 1 / Shire,Jacky Jupp Rd Lot 1 / Shire of Chapman Valley,Mine,Openpit,Operating,J06719,GBRM / Shire of Chapman Valley,114.788111000000001,-28.510186999999998,283524,6844283,50,Gvl,Construction material,CONSTRUCTION MATERIALS,,N,,,,,Public,1840,GERALDTON,SH50-01,GERALDTON,"CHAPMAN VALLEY, SHIRE OF","MID-WEST, Development Region",66,NORTHAMPTON M.F.,"Pinjarra Orogen, Northampton Inlier",20260112
S0243782,Lorimer Rd Lot 2260,Lorimer Rd Lot 2260,Mine,Openpit,Operating,,,114.928711000000007,-28.632787000000000,297523,6830942,50,Sd,Construction material,CONSTRUCTION MATERIALS,,N,,,,,Public,1840,GERALDTON,SH50-01,GERALDTON,"CHAPMAN VALLEY, SHIRE OF","MID-WEST, Development Region",70,SOUTH WEST M.F.,Bookara Shelf,20260112
S0243783,Valentine Rd Lot 7154,Valentine Rd Lot 7154,Mine,Openpit,Operating,,,114.983411000000004,-28.619187000000000,302847,6832542,50,Sd,Construction material,CONSTRUCTION MATERIALS,,N,,,,,Public,1840,GERALDTON,SH50-01,GERALDTON,"CHAPMAN VALLEY, SHIRE OF","MID-WEST, Development Region",70,SOUTH WEST M.F.,Bookara Shelf,20260112
S0243784,Valentine Rd Lot 10655,Valentine Rd Lot 10655,Mine,Openpit,Operating,,,115.032809999999998,-28.597887000000000,307638,6834982,50,Sd,Construction material,CONSTRUCTION MATERIALS,,N,,,,,Public,1940,INDARRA,SH50-01,GERALDTON,"CHAPMAN VALLEY, SHIRE OF","MID-WEST, Development Region",70,SOUTH WEST M.F.,Bookara Shelf,20260112
S0243818,Wandin Rd Lot 9898,Wandin Rd East Yuna Lot 9898,Mine,Openpit,Operating,,,115.233410000000006,-28.345787000000001,326847,6863224,50,Gvl,Construction material,CONSTRUCTION MATERIALS,,N,,,,,Public,1941,MUNGO,SH50-01,GERALDTON,"CHAPMAN VALLEY, SHIRE OF","MID-WEST, Development Region",70,SOUTH WEST M.F.,Irwin Terrace,20260112
S0243855,R38704 Fisher Rd Lot 28768 / Shire,Reserve 38704 Fisher Rd Lot 28768 / Shire of Wyalkatchem,Mine,Openpit,Operating,J06915,GBRM / Shire of Wyalkatchem,117.354510000000005,-31.215686999999999,533767,6546440,50,Gvl,Construction material,CONSTRUCTION MATERIALS,,N,,,,,Public,2335,DOWERIN,SH50-15,KELLERBERRIN,"WYALKATCHEM, SHIRE OF","WHEATBELT, Development Region",70,SOUTH WEST M.F.,Yilgarn Craton granites,20260112
S0243856,Cunderdin-Wyalkatchem Rd Lot 16032,Cunderdin-Wyalkatchem Rd Lot 16032,Mine,Openpit,Operating,,,117.298810000000003,-31.290087000000000,528440,6538210,50,Gvl,Construction material,CONSTRUCTION MATERIALS,,N,,,,,Public,2335,DOWERIN,SH50-15,KELLERBERRIN,"WYALKATCHEM, SHIRE OF","WHEATBELT, Development Region",70,SOUTH WEST M.F.,Yilgarn Craton granites,20260112
S0243857,Davies South Rd Lot 17913,Davies South Rd Lot 17913,Mine,Openpit,Operating,,,117.301410000000004,-31.251187000000002,528699,6542521,50,Gvl,Construction material,CONSTRUCTION MATERIALS,,N,,,,,Public,2335,DOWERIN,SH50-15,KELLERBERRIN,"WYALKATCHEM, SHIRE OF","WHEATBELT, Development Region",70,SOUTH WEST M.F.,Yilgarn Craton granites,20260112
S0243858,Amery-Benjaberring Rd Lot 1,Amery-Benjaberring Rd Lot 1,Mine,Openpit,Operating,,,117.271109999999993,-31.145287000000000,525843,6554265,50,Gvl,Construction material,CONSTRUCTION MATERIALS,,N,,,,,Public,2335,DOWERIN,SH50-15,KELLERBERRIN,"WYALKATCHEM, SHIRE OF","WHEATBELT, Development Region",70,SOUTH WEST M.F.,Yilgarn Craton granites,20260112
S0243864,Davies Rd Lot 12037,Davies Rd Lot 12037,Mine,Openpit,Operating,,,117.506110000000007,-31.218487000000000,548206,6546073,50,Gvl,Construction material,CONSTRUCTION MATERIALS,,N,,,,,Public,2435,TRAYNING,SH50-15,KELLERBERRIN,"WYALKATCHEM, SHIRE OF","WHEATBELT, Development Region",70,SOUTH WEST M.F.,Yilgarn Craton granites,20260112
S0243865,Nemdudding South Rd Lot 12038,Nemdudding South Rd Lot 12038,Mine,Openpit,Operating,,,117.576210000000003,-31.222687000000001,554881,6545575,50,Gvl,Construction material,CONSTRUCTION MATERIALS,,N,,,,,Public,2435,TRAYNING,SH50-15,KELLERBERRIN,"WYALKATCHEM, SHIRE OF","WHEATBELT, Development Region",70,SOUTH WEST M.F.,Yilgarn Craton granites,20260112
S0243868,Parsons Rd Lot 16080,Parsons Rd Lot 16080,Mine,Openpit,Operating,,,117.468109999999996,-31.363287000000000,544519,6530041,50,Gvl,Construction material,CONSTRUCTION MATERIALS,,N,,,,,Public,2335,DOWERIN,SH50-15,KELLERBERRIN,"WYALKATCHEM, SHIRE OF","WHEATBELT, Development Region",70,SOUTH WEST M.F.,Yilgarn Craton granites,20260112
S0243870,R9570 Wyalkatchem North Rd Lot 84 / Unvested,Reserve 9570 Wyalkatchem North Rd Lot 84 / Unvested,Mine,Openpit,Operating,J06624,GBRM Reserves unvested - Wheatbelt / DPLH,117.405209999999997,-30.994385999999999,538686,6570950,50,Gvl,Construction material,CONSTRUCTION MATERIALS,,N,,,,,Public,2336,KOORDA,SH50-11,BENCUBBIN,"WYALKATCHEM, SHIRE OF","WHEATBELT, Development Region",70,SOUTH WEST M.F.,Yilgarn Craton granites,20260112
S0243871,Lackman Rd Lot 20385,Lackman Rd Lot 20385,Mine,Openpit,Operating,,,117.505610000000004,-31.068785999999999,548234,6562665,50,Gvl,Construction material,CONSTRUCTION MATERIALS,,N,,,,,Public,2435,TRAYNING,SH50-15,KELLERBERRIN,"WYALKATCHEM, SHIRE OF","WHEATBELT, Development Region",70,SOUTH WEST M.F.,Yilgarn Craton granites,20260112
S0243872,Martin Rd Lot 8,Martin Rd Lot 8,Mine,Openpit,Operating,,,117.319810000000004,-31.073086000000000,530508,6562254,50,Gvl,Construction material,CONSTRUCTION MATERIALS,,N,,,,,Public,2335,DOWERIN,SH50-15,KELLERBERRIN,"WYALKATCHEM, SHIRE OF","WHEATBELT, Development Region",70,SOUTH WEST M.F.,Yilgarn Craton,20260112
S0243873,Holdsworth Rd Lot 102,Holdsworth Rd Lot 102,Mine,Openpit,Operating,,,117.352909999999994,-31.102385999999999,533655,6558997,50,Sd,Construction material,CONSTRUCTION MATERIALS,,N,,,,,Public,2335,DOWERIN,SH50-15,KELLERBERRIN,"WYALKATCHEM, SHIRE OF","WHEATBELT, Development Region",70,SOUTH WEST M.F.,Yilgarn Craton granites,20260112
S0243874,Wyalkatchem North Rd Lot 105,Wyalkatchem North Rd Lot 105,Mine,Openpit,Operating,,,117.382810000000006,-31.088086000000001,536512,6560573,50,Sd,Construction material,CONSTRUCTION MATERIALS,,N,,,,,Public,2335,DOWERIN,SH50-15,KELLERBERRIN,"WYALKATCHEM, SHIRE OF","WHEATBELT, Development Region",70,SOUTH WEST M.F.,Yilgarn Craton granites,20260112
S0243914,R35352 Muir Hwy Lot 7404 / MRWA,Reserve 35352 Muir Hwy Lot 7404 / Main Roads WA,Mine,Openpit,Operating,J04575,GBRM Great Southern / Main Roads WA,117.628210999999993,-34.632187000000002,557581,6167565,50,Gvl,Construction material,CONSTRUCTION MATERIALS,,N,,,,,Public,2428,MOUNT BARKER,SI50-11,MOUNT BARKER,"PLANTAGENET, SHIRE OF","GREAT SOUTHERN, Development Region",70,SOUTH WEST M.F.,Nornalup Zone,20260112
S0243920,Yerriminup Rd Lot 203,Yerriminup Rd Narrikup Lot 203,Mine,Openpit,Operating,J06984,Yerriminup Rd Narrikup,117.674910999999994,-34.700586000000001,561811,6159953,50,Sd,Construction material,CONSTRUCTION MATERIALS,,N,,,,,Public,2428,MOUNT BARKER,SI50-11,MOUNT BARKER,"PLANTAGENET, SHIRE OF","GREAT SOUTHERN, Development Region",70,SOUTH WEST M.F.,Nornalup Zone,20260112
S0243921,Yerriminup Rd Lot 198,Yerriminup Rd Narrikup Lot 198,Mine,Openpit,Operating,J06984,Yerriminup Rd Narrikup,117.679911000000004,-34.699585999999996,562269,6160061,50,Sd,Construction material,CONSTRUCTION MATERIALS,,N,,,,,Public,2428,MOUNT BARKER,SI50-11,MOUNT BARKER,"PLANTAGENET, SHIRE OF","GREAT SOUTHERN, Development Region",70,SOUTH WEST M.F.,Nornalup Zone,20260112
S0243930,R46367 Eyre Hwy Lot 10 Fraser Range / MRWA,Reserve 46367 Eyre Hwy Lot 10 Fraser Range / Main Roads,Mine,Openpit,Operating,J04577,GBRM Goldfields-Esperance / Main Roads WA,122.850593000000003,-32.011487000000002,485889,6458281,51,Agg Gvl Sd,Construction material,CONSTRUCTION MATERIALS,,N,,,,,Public,3433,FRASER RANGE,SI51-02,NORSEMAN,"DUNDAS, SHIRE OF","GOLDFIELDS-ESPERANCE, Development Region",63,DUNDAS M.F.,Fraser Zone,20260112
S0243937,R36191 Newdegate-Ravensthorpe Rd / MRWA,Reserve 36191 Newdegate-Ravensthorpe Rd Lot 1337 / Main Roads WA,Mine,Openpit,Operating,J04577,GBRM Goldfields-Esperance / Main Roads WA,119.991710999999995,-33.458357999999997,778069,6293893,50,Gvl,Construction material,CONSTRUCTION MATERIALS,,N,,,,,Public,2831,KING,SI50-08,NEWDEGATE,"RAVENSTHORPE, SHIRE OF","GOLDFIELDS-ESPERANCE, Development Region",74,PHILLIPS RIVER M.F.,Youanmi Terrane,20260112
S0243952,Burnett Rd Lot 32 / MRWA,Burnett Rd Yarawindah Lot 32 / MRWA,Mine,Openpit,Operating,J06922,GBRM Wheatbelt / Main Roads WA,116.201410999999993,-31.081786999999998,423826,6561060,50,Gvl,Construction material,CONSTRUCTION MATERIALS,,N,,,,,Public,2135,CHITTERING,SH50-14,PERTH,"VICTORIA PLAINS, SHIRE OF","WHEATBELT, Development Region",70,SOUTH WEST M.F.,South West Terrane,20260112
S0243956,R27994 Brand Hwy Lot 3836 / MRWA and Shire,Reserve 27994 Brand Hwy Yathroo Lot 3836 / MRWA and Shire,Mine,Openpit,Operating,J06922,GBRM Wheatbelt / Main Roads WA,115.585811000000007,-30.792186999999998,364694,6592574,50,Gvl,Construction material,CONSTRUCTION MATERIALS,,N,,,,,Public,2036,DANDARAGAN,SH50-10,MOORA,"DANDARAGAN, SHIRE OF","WHEATBELT, Development Region",70,SOUTH WEST M.F.,Dandaragan Trough,20260112
S0243970,Shaddicks Rd Road Reserve / Shire,Shaddicks Rd Road Reserve  / Shire of Cuballing,Mine,Openpit,Operating,J06716,GBRM / Shire of Cuballing,117.264110000000002,-32.664586000000000,524765,6385864,50,Gvl,Construction material,CONSTRUCTION MATERIALS,,N,,,,,Public,2332,NARROGIN,SI50-03,CORRIGIN,"CUBALLING, SHIRE OF","WHEATBELT, Development Region",70,SOUTH WEST M.F.,Yilgarn Craton granites,20260112
S0244021,R21066 Birdwhistle Rd Lot 10360 / Shire,Reserve 21066 Birdwhistle Rd Boundain Lot 10360 / Shire of Narrogin,Mine,Openpit,Operating,J05469,GBRM / Shire of Narrogin,117.375411000000000,-32.934386000000003,535095,6355923,50,Gvl,Construction material,CONSTRUCTION MATERIALS,,N,,,,,Public,2332,NARROGIN,SI50-03,CORRIGIN,"NARROGIN, SHIRE OF","WHEATBELT, Development Region",70,SOUTH WEST M.F.,Yilgarn Craton granites,20260112
S0244066,R11615 Graham Rd Lot 217 / Shire,Reserve 11615 Graham Rd Dumberning Lot 217 / Shire of Narrogin,Mine,Openpit,Operating,J05469,GBRM / Shire of Narrogin,117.081111000000007,-33.012886000000002,507576,6347282,50,Gvl,Construction material,CONSTRUCTION MATERIALS,,N,,,,,Public,2331,WAGIN,SI50-07,DUMBLEYUNG,"NARROGIN, SHIRE OF","WHEATBELT, Development Region",70,SOUTH WEST M.F.,Yilgarn Craton granites,20260112
S0244067,R34748 Campbell St Lot 124 / Shire,Reserve 34748 Campbell St Highbury Lot 124 / Shire of Narrogin,Mine,Openpit,Operating,J05469,GBRM / Shire of Narrogin,117.232310999999996,-33.054186000000001,521688,6342682,50,Gvl,Construction material,CONSTRUCTION MATERIALS,,N,,,,,Public,2331,WAGIN,SI50-07,DUMBLEYUNG,"NARROGIN, SHIRE OF","WHEATBELT, Development Region",70,SOUTH WEST M.F.,Yilgarn Craton granites,20260112
S0244068,R16656 Taylor Rd Lot 9025 / PTA,Reserve 16656 Taylor Rd Yilliminning Lot 9025 / Public Transport Authority,Mine,Openpit,Operating,J06635,GBRM Railway Reserves / Public Transport Authority WA,117.360511000000002,-32.873885999999999,533725,6362636,50,Ball,Construction material,CONSTRUCTION MATERIALS,,N,,,,,Public,2332,NARROGIN,SI50-03,CORRIGIN,"NARROGIN, SHIRE OF","WHEATBELT, Development Region",70,SOUTH WEST M.F.,Yilgarn Craton granites,20260112
S0244077,R35127 Kookynie-Malcolm Rd Lot 18 / PTA,Reserve 35127 Kookynie-Malcolm Rd Lot 18 / Public Transport Authority,Mine,Openpit,Operating,J06635,GBRM Railway Reserves / Public Transport Authority WA,121.474408999999994,-29.263587000000001,351777,6761846,51,Ball,Construction material,CONSTRUCTION MATERIALS,,N,,,,,Public,3139,MELITA,SH51-05,MENZIES,"MENZIES, SHIRE OF","GOLDFIELDS-ESPERANCE, Development Region",40,NIAGARA,Eastern Goldfields Superterrane,20260112
S0244078,R41634 Great Northern Hwy Lot 23 / MRWA,Reserve 41634 Great Northern Hwy Lot 23 / Main Roads WA,Mine,Openpit,Operating,J04592,GBRM Kimberley / Main Roads,125.736609000000001,-18.358886999999999,789202,7967931,51,Gvl,Construction material,CONSTRUCTION MATERIALS,,N,,,,,Public,4061,FITZROY CROSSING,SE51-12,NOONKANBAH,"DERBY/WEST KIMBERLEY, SHIRE OF","KIMBERLEY, Development Region",4,WEST KIMBERLEY M.F.,Lennard Shelf,20260112
S0244082,R53176 Great Eastern Hwy Lot 94/ MRWA,Reserve 53176 Great Eastern Hwy Lot 94 / Main Roads WA,Mine,Openpit,Operating,J04577,GBRM Goldfields-Esperance / Main Roads WA,120.959710000000001,-30.978686000000000,305159,6570974,51,Gvl,Construction material,CONSTRUCTION MATERIALS,,N,,,,,Public,3036,DUNNSVILLE,SH51-09,KALGOORLIE,"COOLGARDIE, SHIRE OF","GOLDFIELDS-ESPERANCE, Development Region",15,COOLGARDIE,Yilgarn Craton granites,20260112
S0244097,R29771 South Dale Rd Lot 28336 / Shire,Reserve 29771 South Dale Rd Jelcobine Lot 28336 / Shire of Brookton,Mine,Openpit,Operating,J06310,GBRM / Shire of Brookton,116.890710999999996,-32.381886000000002,489720,6417229,50,Gvl,Construction material,CONSTRUCTION MATERIALS,,N,,,,,Public,2233,BEVERLEY,SI50-02,PINJARRA,"BROOKTON, SHIRE OF","WHEATBELT, Development Region",70,SOUTH WEST M.F.,Yilgarn Craton granites,20260112
S0245175,R24493 Causuarinas Rd Lot 10400 / Unvested,Reserve 24493 Causuarinas Rd Lot 10400 / Unvested,Mine,Openpit,Operating,J06940,GBRM Reserves unvested - Mid West / DPLH,115.180210000000002,-28.993886000000000,322726,6791327,50,Gvl,Construction material,CONSTRUCTION MATERIALS,,N,,,,,Public,1940,INDARRA,SH50-01,GERALDTON,"GREATER GERALDTON, CITY OF","MID-WEST, Development Region",70,SOUTH WEST M.F.,Bookara Shelf,20260112
S0245178,R20771 Wandin Rd Lot 9450 / Unvested,Reserve 20771 Wandin Rd Lot 9450 / Unvested,Mine,Openpit,Operating,J06940,GBRM Reserves unvested - Mid West / DPLH,115.234409999999997,-28.345586999999998,326945,6863248,50,Gvl,Construction material,CONSTRUCTION MATERIALS,,N,,,,,Public,1941,MUNGO,SH50-01,GERALDTON,"CHAPMAN VALLEY, SHIRE OF","MID-WEST, Development Region",70,SOUTH WEST M.F.,Irwin Terrace,20260112
S0245182,R17211 Binnu Rd East Lot 6905 / Unvested,Reserve 17211 Binnu Rd East 6905 / Unvested,Mine,Openpit,Operating,J06940,GBRM Reserves unvested - Mid West / DPLH,114.741211000000007,-28.037486999999999,277955,6896587,50,Gvl,Construction material,CONSTRUCTION MATERIALS,,N,,,,,Public,1841,NORTHAMPTON,SH50-01,GERALDTON,"NORTHAMPTON, SHIRE OF","MID-WEST, Development Region",70,SOUTH WEST M.F.,"Pinjarra Orogen, Northampton Inlier",20260112
S0245212,Million Dollar Underground,Million Dollar Underground,Mine,Decline,Operating,J00094,Porphyry - Northern Operations,122.285899000000001,-29.798745000000000,430987,6703300,51,Au Ag,Precious metal,GOLD,,N,,,,,Public,3338,EDJUDINA,SH51-06,EDJUDINA,"MENZIES, SHIRE OF","GOLDFIELDS-ESPERANCE, Development Region",31,YERILLA,Eastern Goldfields Superterrane,20260112
S0245278,Fish UG,Jasper Hills - Fish Underground,Mine,Decline,Operating,J05577,Jasper Hills ,123.116748999999999,-29.099665000000002,511360,6780966,51,Au Ag,Precious metal,GOLD,,N,,,,,Public,3539,LIGHTFOOT,SH51-07,MINIGWAL,"MENZIES, SHIRE OF","GOLDFIELDS-ESPERANCE, Development Region",39,MT. MORGANS,Eastern Goldfields Superterrane,20260112
S0245618,Bowgada East Rd Lot 6300 / Leopold,Bowgada East Rd Bowgada Lot 6300 / Leopold Contracting,Mine,Openpit,Operating,J06968,Perenjori / Leopold Contracting,116.198811000000006,-29.306086000000001,422193,6757836,50,Sd,Construction material,CONSTRUCTION MATERIALS,,N,,,,,Public,2139,PERENJORI,SH50-06,PERENJORI,"PERENJORI, SHIRE OF","MID-WEST, Development Region",70,SOUTH WEST M.F.,Yilgarn Craton,20260112
S0245619,Bowgada East Rd Lot 7509 / Leopold,Bowgada East Rd Bowgada Lot 7509 / Leopold Contracting,Mine,Openpit,Operating,J06968,Perenjori / Leopold Contracting,116.241211000000007,-29.310687000000001,426314,6757353,50,Sd,Construction material,CONSTRUCTION MATERIALS,,N,,,,,Public,2139,PERENJORI,SH50-06,PERENJORI,"PERENJORI, SHIRE OF","MID-WEST, Development Region",70,SOUTH WEST M.F.,Yilgarn Craton,20260112
S0245621,Merivale Rd Lot 24 / Italia Stone,Merivale Rd Merivale Lot 24 EIL / Italia Stone,Mine,Openpit,Operating,J06969,Merivale Rd Granite EIL / Italia Stone,122.032409999999999,-33.797086000000000,410431,6259922,51,Gran Dst,Construction material,CONSTRUCTION MATERIALS,,N,,,,,Public,3330,MERIVALE,SI51-06,ESPERANCE,"ESPERANCE, SHIRE OF","GOLDFIELDS-ESPERANCE, Development Region",63,DUNDAS M.F.,Scaddan Embayment,20260112
S0245629,Murray Rd Lot 502 / Triple M,Murray Rd Quallilup Lake Lot 502 / Triple M,Mine,Openpit,Operating,J06971,Esperance Lime EIL / Triple M,121.521709999999999,-33.821086999999999,363191,6256698,51,Aglime Lsd,Industrial mineral,LIMESTONE - LIMESAND,Quallilup Lake,Y,"Aglime, Lsd",Y,,Operating Mine,Public,3230,ESPERANCE,SI51-06,ESPERANCE,"ESPERANCE, SHIRE OF","GOLDFIELDS-ESPERANCE, Development Region",63,DUNDAS M.F.,Biranup Zone,20260112
S0245630,Murray Rd Lot 502 Pit 2,Murray Rd Quallilup Lake Lot 502 Pit 2  / Triple M,Mine,Openpit,Operating,J06971,Esperance Lime EIL / Triple M,121.526510000000002,-33.820587000000003,363635,6256760,51,Aglime Lsd,Industrial mineral,LIMESTONE - LIMESAND,,N,,,,,Public,3230,ESPERANCE,SI51-06,ESPERANCE,"ESPERANCE, SHIRE OF","GOLDFIELDS-ESPERANCE, Development Region",63,DUNDAS M.F.,Biranup Zone,20260112
S0245770,K Channel S Trench 4,India Bore - K Channel Tench 4,Mine,Openpit,Operating,J04837,India Bore,124.877298999999994,-17.747703000000001,699045,8036733,51,Dmd,Precious mineral,DIAMOND,,N,,,,,Public,3862,ELLENDALE,SE51-08,LENNARD RIVER,"DERBY/WEST KIMBERLEY, SHIRE OF","KIMBERLEY, Development Region",4,WEST KIMBERLEY M.F.,Lennard Shelf,20260112
S0245812,Trident West,Trident West,Mine,Openpit,Operating,J04062,Plutonic Dome,119.632109000000000,-25.170069000000002,765298,7213628,50,Au Ag,Precious metal,GOLD,,N,,,,,Public,2847,MARYMIA,SG50-08,PEAK HILL,"MEEKATHARRA, SHIRE OF","MID-WEST, Development Region",52,PEAK HILL M.F.,Yilgarn Craton granites,20260112
S0245875,Desirable,Desirable,Mine,Openpit,Operating,J00056,Central Norseman,121.789392000000007,-32.126548999999997,385805,6444895,51,Au Ag,Precious metal,GOLD,,N,,,,,Public,3233,NORSEMAN,SI51-02,NORSEMAN,"DUNDAS, SHIRE OF","GOLDFIELDS-ESPERANCE, Development Region",63,DUNDAS M.F.,Eastern Goldfields Superterrane,20260112
S0246008,Scenic Dr Lot 3454 / McGregor,Scenic Dr Yathroo Lot 3454 / McGregor Pastoral,Mine,Openpit,Operating,J07005,Yathroo / McGregor Pastoral,115.774411000000001,-30.834387000000000,382791,6588108,50,Gvl,Construction material,CONSTRUCTION MATERIALS,,N,,,,,Public,2036,DANDARAGAN,SH50-10,MOORA,"DANDARAGAN, SHIRE OF","WHEATBELT, Development Region",70,SOUTH WEST M.F.,Dandaragan Trough,20260112
S0246024,R35128 North West Rd Lot 211 / DPLH,Reserve 35128 North West Rd Badgingarra Lot 211 / Unvested,Mine,Openpit,Operating,J06624,GBRM Reserves unvested - Wheatbelt / DPLH,115.563111000000006,-30.405287000000001,361974,6635427,50,Gvl,Construction material,CONSTRUCTION MATERIALS,,N,,,,,Public,2037,BADGINGARRA,SH50-10,MOORA,"DANDARAGAN, SHIRE OF","WHEATBELT, Development Region",70,SOUTH WEST M.F.,Dandaragan Trough,20260112
S0246026,Gillingarra Rd Lot 22,Gillingarra Rd Regans Ford Lot 22,Mine,Openpit,Operating,,,115.768911000000003,-30.928587000000000,382380,6577662,50,Gvl,Construction material,CONSTRUCTION MATERIALS,,N,,,,,Public,2036,DANDARAGAN,SH50-10,MOORA,"DANDARAGAN, SHIRE OF","WHEATBELT, Development Region",70,SOUTH WEST M.F.,Dandaragan Trough,20260112
S0246086,South Coast Hwy Lot 1,South Coast Hwy Monjingup Lot 1,Mine,Openpit,Operating,,,121.686909999999997,-33.736086999999998,378361,6266330,51,Gvl,Construction material,CONSTRUCTION MATERIALS,,N,,,,,Public,3230,ESPERANCE,SI51-06,ESPERANCE,"ESPERANCE, SHIRE OF","GOLDFIELDS-ESPERANCE, Development Region",63,DUNDAS M.F.,Biranup Zone,20260112
S0246087,PAE 26,PAE 26,Mine,Openpit,Operating,J00480,Murrin Murrin / Minara,122.204820999999995,-29.071577999999999,422601,6783823,51,Ni Co,Steel alloy metal,NICKEL,,N,,,,,Public,3339,LAKE CAREY,SH51-06,EDJUDINA,"LEONORA, SHIRE OF","GOLDFIELDS-ESPERANCE, Development Region",39,MT. MORGANS,Eastern Goldfields Superterrane,20260112
S0246184,R29991 Pemberton-Northcliffe Rd Lot 150 / Shire,Reserve 29991 Pemberton-Northcliffe Rd Lot 150 / Shire of Manjimup,Mine,Openpit,Operating,J05259,GBRM / Shire of Manjimup,116.113810999999998,-34.627586000000001,418768,6167898,50,Gvl,Construction material,CONSTRUCTION MATERIALS,,N,,,,,Public,2128,NORTHCLIFFE,SI50-10,PEMBERTON,"MANJIMUP, SHIRE OF","SOUTH WEST, Development Region",70,SOUTH WEST M.F.,Biranup Zone,20260112
S0246251,Walyering East 1,Walyering East 1,Mine,Other,Operating,J06324,Walyering Gas,115.522773999999998,-30.685796000000000,358507,6604288,50,NaturalGas Condensate,Energy,PETROLEUM,,N,,,,,Public,2036,DANDARAGAN,SH50-10,MOORA,"DANDARAGAN, SHIRE OF","WHEATBELT, Development Region",70,SOUTH WEST M.F.,Coomallo Trough,20260112
S0246261,Erjano Springs Rd Lot 123,Erjano Springs Rd Milo Lot 123,Mine,Openpit,Operating,,,115.171110999999996,-29.355886999999999,322464,6751194,50,Gvl,Construction material,CONSTRUCTION MATERIALS,,N,,,,,Public,1939,MINGENEW,SH50-05,DONGARA,"IRWIN, SHIRE OF","MID-WEST, Development Region",70,SOUTH WEST M.F.,Dandaragan Trough,20260112
S0246277,Eucla-Reid Rd UCL / MRWA,Eucla-Reid Rd Eucla UCL / Main Roads WA,Mine,Openpit,Operating,J04577,GBRM Goldfields-Esperance / Main Roads WA,128.841108999999989,-31.618086000000002,484930,6501884,52,Agg,Construction material,CONSTRUCTION MATERIALS,,N,,,,,Public,4634,EUCLA,SH52-14,EUCLA,"DUNDAS, SHIRE OF","GOLDFIELDS-ESPERANCE, Development Region",69,WARBURTON M.F.,Madura Shelf,20260112
S0246309,R30274 Borden-Bremer Bay Rd Lot 601 / Shire,Reserve 30274 Borden-Bremer Bay Rd Lot 601 / Shire of Jerramungup,Mine,Openpit,Operating,J06720,GBRM / Shire of Jerramungup,118.738110000000006,-34.355086000000000,659848,6197103,50,Gvl,Construction material,CONSTRUCTION MATERIALS,,N,,,,,Public,2629,PALLINUP,SI50-12,BREMER BAY,"JERRAMUNGUP, SHIRE OF","GREAT SOUTHERN, Development Region",70,SOUTH WEST M.F.,"Northern Foreland, Albany-Fraser Orogen",20260112
S0246326,R36125 Horton Rd Lot 28654 West / Shire,Reserve 36125 Horton Rd Lot 28654 West / Shire of Mundairing,Mine,Openpit,Operating,J06752,GBRM / Shire of Mundaring,116.330410999999998,-31.858086000000000,436655,6475099,50,Gvl,Construction material,CONSTRUCTION MATERIALS,,N,,,,,Public,2134,WOOROLOO,SH50-14,PERTH,"MUNDARING, SHIRE OF",METRO,70,SOUTH WEST M.F.,South West Terrane,20260112
S0246331,R36418 Muntadgin-Tandegin Rd Lot 28664 / DPLH,Reserve 36418 Muntadgin-Tandegin Rd Lot 28664 / Unvested,Mine,Openpit,Operating,J06624,GBRM Reserves unvested - Wheatbelt / DPLH,118.560810000000004,-31.684787000000000,647937,6493443,50,Gvl,Construction material,CONSTRUCTION MATERIALS,,N,,,,,Public,2634,MUNTADGIN,SH50-16,SOUTHERN CROSS,"MERREDIN, SHIRE OF","WHEATBELT, Development Region",70,SOUTH WEST M.F.,Yilgarn Craton granites,20260112
S0246334,R29577 Biddy Camm Rd Lot 2787 West / DPLH,Reserve 29577 Biddy Camm Rd Mount Sheridan Lot 2787 West / Unvested,Mine,Openpit,Operating,J06624,GBRM Reserves unvested - Wheatbelt / DPLH,119.375609999999995,-33.000086000000003,721945,6346196,50,Gvl,Construction material,CONSTRUCTION MATERIALS,,N,,,,,Public,2731,NEWDEGATE,SI50-08,NEWDEGATE,"LAKE GRACE, SHIRE OF","WHEATBELT, Development Region",70,SOUTH WEST M.F.,Yilgarn Craton granites,20260112
S0246335,R29577 Biddy Camm Rd Lot 2787 East / DPLH,Reserve 29577 Biddy Camm Rd Mount Sheridan Lot 2787 East / Unvested,Mine,Openpit,Operating,J06624,GBRM Reserves unvested - Wheatbelt / DPLH,119.391909999999996,-33.002186000000002,723463,6345928,50,Gvl,Construction material,CONSTRUCTION MATERIALS,,N,,,,,Public,2731,NEWDEGATE,SI50-08,NEWDEGATE,"LAKE GRACE, SHIRE OF","WHEATBELT, Development Region",70,SOUTH WEST M.F.,Yilgarn Craton granites,20260112
S0246336,R29577 Tonkin Rd Lot 2787 / DPLH,Reserve 29577 Tonkin Rd Mount Sheridan Lot 2787 / Unvested,Mine,Openpit,Operating,J06624,GBRM Reserves unvested - Wheatbelt / DPLH,119.377309999999994,-32.996186000000002,722114,6346625,50,Gvl,Construction material,CONSTRUCTION MATERIALS,,N,,,,,Public,2732,HURLSTONE,SI50-04,HYDEN,"LAKE GRACE, SHIRE OF","WHEATBELT, Development Region",70,SOUTH WEST M.F.,Yilgarn Craton granites,20260112
S0246337,R29573 Tonkin Rd Lot 2788 / DPLH,Reserve 29573 Tonkin Rd Mount Sheridan Lot 2788 / Unvested,Mine,Openpit,Operating,J06624,GBRM Reserves unvested - Wheatbelt / DPLH,119.318110000000004,-32.967385999999998,716652,6349943,50,Gvl,Construction material,CONSTRUCTION MATERIALS,,N,,,,,Public,2732,HURLSTONE,SI50-04,HYDEN,"LAKE GRACE, SHIRE OF","WHEATBELT, Development Region",70,SOUTH WEST M.F.,Yilgarn Craton granites,20260112
S0246345,R24552 Nyabing Rd Lot 96/ DPLH,Reserve 24552 Nyabing Rd Nyabing Lot 96 / DPLH,Mine,Openpit,Operating,J06500,GBRM Reserves unvested - Great Southern / DPLH,118.151510000000002,-33.552886000000001,606896,6286824,50,Gvl,Construction material,CONSTRUCTION MATERIALS,,N,,,,,Public,2530,NYABING,SI50-07,DUMBLEYUNG,"KENT, SHIRE OF","GREAT SOUTHERN, Development Region",70,SOUTH WEST M.F.,Yilgarn Craton granites,20260112
S0246356,R33706 Gibb River-Kalumburu Rd Lot 557 / Unvested,Reserve 33706 Gibb River-Kalumburu Rd Lot 557 / DPLH,Mine,Openpit,Operating,J06346,GBRM Reserves unvested - Kimberley / DPLH,126.368909000000002,-15.617086000000000,217880,8271675,52,Gvl,Construction material,CONSTRUCTION MATERIALS,,N,,,,,Public,4166,WOODHOUSE,SD52-13,ASHTON,"WYNDHAM-EAST KIMBERLEY, SHIRE OF","KIMBERLEY, Development Region",80,KIMBERLEY M.F.,Hart-Carson Large Igneous Province,20260112
S0246357,R33135 Pindan Rd Lot 85 / City of Karratha,Reserve 33135 Pindan Rd Gap Ridge Lot 85 / City of Karratha,Mine,Openpit,Operating,J07052,GBRM / City of Karratha,116.766509999999997,-20.776287000000000,475697,7702592,50,,,,,N,,,,,Public,2256,DAMPIER,SF50-02,DAMPIER,"KARRATHA, CITY OF","PILBARA, Development Region",47,WEST PILBARA M.F.,Regal Terrane,20260112
S0246358,R31113 North West Coastal Hwy Lot 601 / MRWA,Reserve 31113 North West Coastal Hwy Cooya Pooya Lot 601 / Main Roads,Mine,Openpit,Operating,J04190,GBRM Pilbara / Main Roads,116.775310000000005,-20.797087000000001,476616,7700292,50,Gvl,Construction material,CONSTRUCTION MATERIALS,,N,,,,,Public,2256,DAMPIER,SF50-02,DAMPIER,"KARRATHA, CITY OF","PILBARA, Development Region",47,WEST PILBARA M.F.,Cleland Supersuite,20260112
S0246366,R21089 Bibbawarra Rd Lot 98 / Shire,Reserve 21089 Bibbawarra Rd Inggarda Lot 98 / Shire of Carnarvon,Mine,Openpit,Operating,J07054,GBRM / Shire of Carnarvon,113.739909999999995,-24.751086999999998,777106,7259837,49,,,,,N,,,,,Public,1648,CARNARVON,SG49-04,QUOBBA,"CARNARVON, SHIRE OF","GASCOYNE, Development Region",9,GASCOYNE M.F.,Gascoyne Platform,20260112
S0246367,R41704 North West Coastal Hwy / MRWA,Reserve 41704 North West Coastal Hwy Lot 138 / Main Roads WA,Mine,Openpit,Operating,J04190,GBRM Pilbara / Main Roads,115.111610999999996,-22.763687000000001,306114,7481403,50,Gvl,Construction material,CONSTRUCTION MATERIALS,,N,,,,,Public,1952,UAROO,SF50-09,YANREY,"ASHBURTON, SHIRE OF","PILBARA, Development Region",8,ASHBURTON M.F.,Burringurrah Domain,20260112
S0246369,R37154 Mt Magnet North / MRWA,Reserve 37154 Mt Magnet North Gravel pit / Main Roads,Mine,Openpit,Operating,J06602,GBRM Mid-West / Main Roads WA,117.745410000000007,-28.127085999999998,573205,6888494,50,Gvl Sdc,Construction material,CONSTRUCTION MATERIALS,,N,,,,,Public,2441,MOUNT MAGNET,SH50-03,KIRKALOCKA,"MOUNT MAGNET, SHIRE OF","MID-WEST, Development Region",58,MT. MAGNET,Youanmi Terrane,20260112
S0246370,R 46987 North West Coastal Hwy Lot 574 / MRWA,Reserve 46987 North West Coastal Hwy Lot 574 / Main Roads,Mine,Openpit,Operating,J04635,GBRM Gascoyne / Main Roads,113.753810000000001,-24.730087000000001,778560,7262136,49,Gvl,Construction material,CONSTRUCTION MATERIALS,,N,,,,,Public,1648,CARNARVON,SG49-04,QUOBBA,"CARNARVON, SHIRE OF","GASCOYNE, Development Region",9,GASCOYNE M.F.,Gascoyne Platform,20260112
S0246384,R41642 Great Northern Hwy Lot 230 / MRWA,Reserve 41642 Great Northern Hwy Lot 230 / Main Roads WA,Mine,Openpit,Operating,J04592,GBRM Kimberley / Main Roads,123.736609000000001,-17.643685999999999,578136,8049083,51,Gvl,Construction material,CONSTRUCTION MATERIALS,,N,,,,,Public,3662,YEEDA,SE51-07,DERBY,"DERBY/WEST KIMBERLEY, SHIRE OF","KIMBERLEY, Development Region",4,WEST KIMBERLEY M.F.,Fitzroy Trough,20260112
S0246385,R39093 Great Northern Hwy Lot 151 / Commonwealth,Reserve 39093 Great Northern Hwy Lot 151 / Commonwealth of Australia,Mine,Openpit,Operating,J07056,GBRM / Commonwealth Of Australia,123.753108999999995,-17.643585999999999,579886,8049087,51,Gvl,Construction material,CONSTRUCTION MATERIALS,,N,,,,,Public,3662,YEEDA,SE51-07,DERBY,"DERBY/WEST KIMBERLEY, SHIRE OF","KIMBERLEY, Development Region",4,WEST KIMBERLEY M.F.,Fitzroy Trough,20260112
S0246387,R38102 Leopold Downs Rd Lot 143 / Commonwealth,Reserve 38102 Leopold Downs Rd Lot 143 / Commonwealth of Australia,Mine,Openpit,Operating,J07056,GBRM / Commonwealth Of Australia,125.299708999999993,-17.915886000000000,743622,8017616,51,Gvl,Construction material,CONSTRUCTION MATERIALS,,N,,,,,Public,3962,LEOPOLD DOWNS,SE51-08,LENNARD RIVER,"DERBY/WEST KIMBERLEY, SHIRE OF","KIMBERLEY, Development Region",4,WEST KIMBERLEY M.F.,Lennard Shelf,20260112
S0246389,R49446 Moonamang Rd Kununurra Lot 396 / Unvested,Reserve 49446 Moonamang Rd Kununurra Lot 396 / DPLH,Mine,Openpit,Operating,J06346,GBRM Reserves unvested - Kimberley / DPLH,128.774909000000008,-15.602186000000000,475870,8275055,52,Gvl,Construction material,CONSTRUCTION MATERIALS,,N,,,,,Public,4666,KUNUNURRA,SD52-14,CAMBRIDGE GULF,"WYNDHAM-EAST KIMBERLEY, SHIRE OF","KIMBERLEY, Development Region",80,KIMBERLEY M.F.,Carr Boyd Basin,20260112
S0246401,R40419 Great Northern Hwy Lot 525 / MRWA,Reserve 40419 Great Northern Hwy Lot 525 / Main Roads WA,Mine,Openpit,Operating,J04592,GBRM Kimberley / Main Roads,128.260409000000010,-15.890686000000001,420825,8243016,52,Gvl,Construction material,CONSTRUCTION MATERIALS,,N,,,,,Public,4566,ERSKINE,SD52-14,CAMBRIDGE GULF,"WYNDHAM-EAST KIMBERLEY, SHIRE OF","KIMBERLEY, Development Region",80,KIMBERLEY M.F.,"Southern Bonaparte Basin, Mount Rob Outlier",20260112
S0246402,R40419 Great Northern Hwy Lot 913 / MRWA,Reserve 40419 Great Northern Hwy Lot 913 / Main Roads WA,Mine,Openpit,Operating,J04592,GBRM Kimberley / Main Roads,128.264709000000011,-15.873786000000001,421279,8244887,52,Gvl,Construction material,CONSTRUCTION MATERIALS,,N,,,,,Public,4566,ERSKINE,SD52-14,CAMBRIDGE GULF,"WYNDHAM-EAST KIMBERLEY, SHIRE OF","KIMBERLEY, Development Region",80,KIMBERLEY M.F.,"Southern Bonaparte Basin, Mount Rob Outlier",20260112
S0246403,R40419 Great Northern Hwy Lot 912 / MRWA,Reserve 40419 Great Northern Hwy Lot 912 / Main Roads WA,Mine,Openpit,Operating,J04592,GBRM Kimberley / Main Roads,128.261408999999986,-15.862886000000000,420921,8246092,52,Gvl,Construction material,CONSTRUCTION MATERIALS,,N,,,,,Public,4566,ERSKINE,SD52-14,CAMBRIDGE GULF,"WYNDHAM-EAST KIMBERLEY, SHIRE OF","KIMBERLEY, Development Region",80,KIMBERLEY M.F.,"Southern Bonaparte Basin, Mount Rob Outlier",20260112
S0246404,R41357 Great Northern Hwy Lot 232 / MRWA,Reserve 41357 Great Northern Hwy Lot 232 / Main Roads WA,Mine,Openpit,Operating,J04592,GBRM Kimberley / Main Roads,122.091509000000002,-18.454485999999999,404071,7959290,51,Gvl,Construction material,CONSTRUCTION MATERIALS,,N,,,,,Public,3361,VILLARET,SE51-10,LAGRANGE,"BROOME, SHIRE OF","KIMBERLEY, Development Region",4,WEST KIMBERLEY M.F.,Broome Platform,20260112
S0246405,R41357 Great Northern Hwy Lot 555 / MRWA,Reserve 41357 Great Northern Hwy Lot 555 / Main Roads WA,Mine,Openpit,Operating,J04592,GBRM Kimberley / Main Roads,122.089608999999996,-18.465686000000002,403877,7958050,51,Gvl,Construction material,CONSTRUCTION MATERIALS,,N,,,,,Public,3361,VILLARET,SE51-10,LAGRANGE,"BROOME, SHIRE OF","KIMBERLEY, Development Region",4,WEST KIMBERLEY M.F.,Broome Platform,20260112
S0246406,R41732 Great Northern Hwy Lot 301 / MRWA,Reserve 41732 Great Northern Hwy Lot 301 / Main Roads WA,Mine,Openpit,Operating,J04592,GBRM Kimberley / Main Roads,123.195109000000002,-17.667186000000001,520693,8046624,51,Gvl,Construction material,CONSTRUCTION MATERIALS,,N,,,,,Public,3562,CLARKSON,SE51-07,DERBY,"DERBY/WEST KIMBERLEY, SHIRE OF","KIMBERLEY, Development Region",4,WEST KIMBERLEY M.F.,Fitzroy Trough,20260112
S0246407,R42027 Great Northern Hwy Lot 69 / MRWA,Reserve 42027 Great Northern Hwy Lot 69 / Main Roads WA,Mine,Openpit,Operating,J04592,GBRM Kimberley / Main Roads,127.232508999999993,-18.542586000000000,313446,7948868,52,Gvl,Construction material,CONSTRUCTION MATERIALS,,N,,,,,Public,4360,DOCKRELL,SE52-09,MOUNT RAMSAY,"HALLS CREEK, SHIRE OF","KIMBERLEY, Development Region",80,KIMBERLEY M.F.,Sally Downs Supersuite,20260112
S0246408,R42063 Great Northern Hwy Lot 231 / MRWA,Reserve 42063 Great Northern Hwy Lot 231 / Main Roads WA,Mine,Openpit,Operating,J04592,GBRM Kimberley / Main Roads,122.047110000000004,-18.553685999999999,399440,7948289,51,Gvl,Construction material,CONSTRUCTION MATERIALS,,N,,,,,Public,3360,BIDDLES,SE51-10,LAGRANGE,"BROOME, SHIRE OF","KIMBERLEY, Development Region",4,WEST KIMBERLEY M.F.,Broome Platform,20260112
S0246409,R42684 Great Northern Hwy Lot 501 / MRWA,Reserve 42684 Great Northern Hwy Lot 501 / Main Roads WA,Mine,Openpit,Operating,J04592,GBRM Kimberley / Main Roads,128.394709000000006,-16.125786000000002,435279,8217056,52,Sd,Construction material,CONSTRUCTION MATERIALS,,N,,,,,Public,4565,DUNHAM,SE52-02,LISSADELL,"WYNDHAM-EAST KIMBERLEY, SHIRE OF","KIMBERLEY, Development Region",80,KIMBERLEY M.F.,Kalkarindji Large Igneous Province,20260112
S0246414,R42839 Great Northern Hwy Lot 34 / MRWA,Reserve 42839 Great Northern Hwy Lot 34 / Main Roads WA,Mine,Openpit,Operating,J04592,GBRM Kimberley / Main Roads,126.098608999999996,-18.736087000000001,194046,7925884,52,Gvl,Construction material,CONSTRUCTION MATERIALS,,N,,,,,Public,4160,BOHEMIA,SE52-09,MOUNT RAMSAY,"HALLS CREEK, SHIRE OF","KIMBERLEY, Development Region",80,KIMBERLEY M.F.,Lennard Shelf,20260112
S0246415,R42848 Great Northern Hwy Lot 43 / MRWA,Reserve 42848 Great Northern Hwy Lot 43 / Main Roads WA,Mine,Openpit,Operating,J04592,GBRM Kimberley / Main Roads,125.717909000000006,-18.348087000000000,787242,7969157,51,Gvl,Construction material,CONSTRUCTION MATERIALS,,N,,,,,Public,4061,FITZROY CROSSING,SE51-12,NOONKANBAH,"DERBY/WEST KIMBERLEY, SHIRE OF","KIMBERLEY, Development Region",4,WEST KIMBERLEY M.F.,Lennard Shelf,20260112
S0246416,R42898 Great Northern Hwy Lot 81 / MRWA,Reserve 42898 Great Northern Hwy Lot 81 / Main Roads WA,Mine,Openpit,Operating,J04592,GBRM Kimberley / Main Roads,126.187809000000001,-18.739087999999999,203464,7925702,52,Gvl,Construction material,CONSTRUCTION MATERIALS,,N,,,,,Public,4160,BOHEMIA,SE52-09,MOUNT RAMSAY,"HALLS CREEK, SHIRE OF","KIMBERLEY, Development Region",80,KIMBERLEY M.F.,Lennard Shelf,20260112
S0246417,R42899 Great Northern Hwy Lot 82 / MRWA,Reserve 42899 Great Northern Hwy Lot 82 / Main Roads WA,Mine,Openpit,Operating,J04592,GBRM Kimberley / Main Roads,126.375208999999998,-18.789086999999999,223318,7920467,52,Gvl,Construction material,CONSTRUCTION MATERIALS,,N,,,,,Public,4160,BOHEMIA,SE52-09,MOUNT RAMSAY,"HALLS CREEK, SHIRE OF","KIMBERLEY, Development Region",80,KIMBERLEY M.F.,Lennard Shelf,20260112
S0246420,R43092 Great Northern Hwy Lot 33 / MRWA,Reserve 43092 Great Northern Hwy Lot 33 / Main Roads WA,Mine,Openpit,Operating,J04592,GBRM Kimberley / Main Roads,121.512810000000002,-19.434885999999999,343871,7850378,51,Gvl,Construction material,CONSTRUCTION MATERIALS,,N,,,,,Public,3259,PHIRE,SE51-14,MUNRO,"BROOME, SHIRE OF","KIMBERLEY, Development Region",4,WEST KIMBERLEY M.F.,Willara Sub-basin,20260112
S0246422,R46647 Great Northern Hwy Lot 865 / MRWA,Reserve 46647 Great Northern Hwy Lot 865 / Main Roads WA,Mine,Openpit,Operating,J04592,GBRM Kimberley / Main Roads,128.292109000000011,-16.789086000000001,424564,8143642,52,Gvl,Construction material,CONSTRUCTION MATERIALS,,N,,,,,Public,4564,BOW,SE52-02,LISSADELL,"WYNDHAM-EAST KIMBERLEY, SHIRE OF","KIMBERLEY, Development Region",80,KIMBERLEY M.F.,"Lamboo Province, Western Zone",20260112
S0246425,R47655 Great Northern Hwy Lot 368 / MRWA,Reserve 47655 Great Northern Hwy Lot 368 / Main Roads WA,Mine,Openpit,Operating,J04592,GBRM Kimberley / Main Roads,123.276909000000003,-17.681186000000000,529367,8045065,51,Sd,Construction material,CONSTRUCTION MATERIALS,,N,,,,,Public,3562,CLARKSON,SE51-07,DERBY,"DERBY/WEST KIMBERLEY, SHIRE OF","KIMBERLEY, Development Region",4,WEST KIMBERLEY M.F.,Fitzroy Trough,20260112
S0246430,Reserve 35493 Crab Creek Rd Lot 352 / Shire,Reserve 35493 Crab Creek Rd Roebuck Lot 352 / Shire of Broome,Mine,Openpit,Operating,J06934,GBRM / Shire of Broome,122.281099999999995,-17.962700000000002,423878,8013794,51,Lst,Construction material,LIMESTONE - LIMESAND,,N,,,,,Public,3362,BROOME,SE51-06,BROOME,"BROOME, SHIRE OF","KIMBERLEY, Development Region",4,WEST KIMBERLEY M.F.,Jurgurra Terrace,20260112
S0246435,R42684 Great Northern Hwy Lot 502 / MRWA,Reserve 42684 Great Northern Hwy Lot 502 / Main Roads WA,Mine,Openpit,Operating,J04592,GBRM Kimberley / Main Roads,128.381308999999987,-16.135486000000000,433849,8215979,52,Sd,Construction material,CONSTRUCTION MATERIALS,,N,,,,,Public,4565,DUNHAM,SE52-02,LISSADELL,"WYNDHAM-EAST KIMBERLEY, SHIRE OF","KIMBERLEY, Development Region",80,KIMBERLEY M.F.,Kalkarindji Large Igneous Province,20260112
S0246575,Nolba Stock Route Rd Lot 4,Nolba Stock Route Rd Lot 4,Mine,Openpit,Operating,,,114.858610999999996,-28.189187000000000,289794,6879983,50,Gvl,Construction material,CONSTRUCTION MATERIALS,,N,,,,,Public,1841,NORTHAMPTON,SH50-01,GERALDTON,"NORTHAMPTON, SHIRE OF","MID-WEST, Development Region",70,SOUTH WEST M.F.,Coolcalalaya Sub-basin,20260112
S0246576,Nolba Stock Route Rd Lot 7,Nolba Stock Route Rd Lot 7,Mine,Openpit,Operating,,,114.858911000000006,-28.196787000000000,289839,6879141,50,Gvl,Construction material,CONSTRUCTION MATERIALS,,N,,,,,Public,1841,NORTHAMPTON,SH50-01,GERALDTON,"NORTHAMPTON, SHIRE OF","MID-WEST, Development Region",70,SOUTH WEST M.F.,Coolcalalaya Sub-basin,20260112
S0246577,Nolba Stock Route Rd Lot 6,Nolba Stock Route Rd Lot 6,Mine,Openpit,Operating,,,114.860211000000007,-28.196487000000001,289966,6879177,50,Gvl,Construction material,CONSTRUCTION MATERIALS,,N,,,,,Public,1841,NORTHAMPTON,SH50-01,GERALDTON,"NORTHAMPTON, SHIRE OF","MID-WEST, Development Region",70,SOUTH WEST M.F.,Coolcalalaya Sub-basin,20260112
S0246586,R38883 North West Coastal Hwy Lot 181 / MRWA,Reserve 38883 North West Coastal Hwy Lot 181 / Main Roads,Mine,Openpit,Operating,J04635,GBRM Gascoyne / Main Roads,114.312810999999996,-25.998087000000002,231006,7121761,50,Gvl,Construction material,CONSTRUCTION MATERIALS,,N,,,,,Public,1746,WOORAMEL,SG50-05,WOORAMEL,"CARNARVON, SHIRE OF","GASCOYNE, Development Region",9,GASCOYNE M.F.,Gascoyne Platform,20260112
S0246587,North West Coastal Hwy Inggarda Lot 415 / MRWA,North West Coastal Hwy Inggarda Lot 415 / Main Roads,Mine,Openpit,Operating,J04635,GBRM Gascoyne / Main Roads,113.766610000000000,-24.974686999999999,779305,7235006,49,Gvl,Construction material,CONSTRUCTION MATERIALS,,N,,,,,Public,1648,CARNARVON,SG49-04,QUOBBA,"CARNARVON, SHIRE OF","GASCOYNE, Development Region",9,GASCOYNE M.F.,Gascoyne Platform,20260112
S0246610,Walyering,Walyering Gas Field,Mine,Other,Operating,J06324,Walyering Gas,115.466729999999998,-30.714604000000001,353182,6601023,50,NaturalGas Condensate,Energy,PETROLEUM,,N,,,,,Public,1936,WEDGE ISLAND,SH50-09,HILL RIVER,"DANDARAGAN, SHIRE OF","WHEATBELT, Development Region",70,SOUTH WEST M.F.,Coomallo Trough,20260112
S0246627,Reserve 37642 Blowholes Rd Lot 348 / MRWA,Reserve 37642 Blowholes Rd Lot 348 / Main Roads,Mine,Openpit,Operating,J04635,GBRM Gascoyne / Main Roads,113.486609999999999,-24.465087000000000,752050,7292013,49,Gvl,Construction material,CONSTRUCTION MATERIALS,,N,,,,,Public,1549,QUOBBA,SG49-04,QUOBBA,"CARNARVON, SHIRE OF","GASCOYNE, Development Region",9,GASCOYNE M.F.,Gascoyne Platform,20260112
S0246635,Gibb River-Wyndham Rd Lot 581 / MRWA,Gibb River-Wyndham Rd Lot 581 / Main Roads WA,Mine,Openpit,Operating,J04592,GBRM Kimberley / Main Roads,128.245408999999995,-15.868586000000001,419210,8245455,52,Gvl,Construction material,CONSTRUCTION MATERIALS,,N,,,,,Public,4566,ERSKINE,SD52-14,CAMBRIDGE GULF,"WYNDHAM-EAST KIMBERLEY, SHIRE OF","KIMBERLEY, Development Region",80,KIMBERLEY M.F.,Bastion Basin,20260112
S0246636,R47081 Great Northern Hwy Lot 814 / MRWA,Reserve 47081 Great Northern Hwy Lot 814 / Main Roads WA,Mine,Openpit,Operating,J04592,GBRM Kimberley / Main Roads,128.258709000000010,-16.691085999999999,420964,8154471,52,Sd,Construction material,CONSTRUCTION MATERIALS,,N,,,,,Public,4564,BOW,SE52-02,LISSADELL,"WYNDHAM-EAST KIMBERLEY, SHIRE OF","KIMBERLEY, Development Region",80,KIMBERLEY M.F.,"Lamboo Province, Western Zone",20260112
S0246637,R47077 Great Northern Hwy Lot 800 / MRWA,Reserve 47077 Great Northern Hwy Lot 800 / Main Roads WA,Mine,Openpit,Operating,J04592,GBRM Kimberley / Main Roads,128.218209000000002,-16.523886000000001,416574,8172952,52,Lst,Construction material,LIMESTONE - LIMESAND,,N,,,,,Public,4564,BOW,SE52-02,LISSADELL,"WYNDHAM-EAST KIMBERLEY, SHIRE OF","KIMBERLEY, Development Region",80,KIMBERLEY M.F.,"Lamboo Province, Western Zone",20260112
S0246673,Torgoyle Rd Lot 17 / Italia Stone,Torgoyle Rd Wattleup Lot 17 / Italia Stone Group,Mine,Openpit,Operating,,,115.807111000000006,-32.161287000000002,387519,6441063,50,Sd Lst,Construction material,CONSTRUCTION MATERIALS,,N,,,,,Public,2033,FREMANTLE,SI50-02,PINJARRA,"COCKBURN, CITY OF",,70,SOUTH WEST M.F.,Mandurah Terrace,20260112
S0246674,Torgoyle Rd Lot 17 / Wattleup Sand,Torgoyle Rd Wattleup Lot 17 / Wattleup Sand Supplies,Mine,Openpit,Operating,J07099,Wattleup Sand / Wattleup Sand Supplies,115.811211000000000,-32.160286999999997,387905,6441179,50,Sd,Construction material,CONSTRUCTION MATERIALS,,N,,,,,Public,2033,FREMANTLE,SI50-02,PINJARRA,"COCKBURN, CITY OF",,70,SOUTH WEST M.F.,Mandurah Terrace,20260112
S0246675,Power Ave Lot 69,Power Ave Wattleup Lot 69,Mine,Openpit,Operating,,,115.810610999999994,-32.162686999999998,387851,6440912,50,Sd,Construction material,CONSTRUCTION MATERIALS,,N,,,,,Public,2033,FREMANTLE,SI50-02,PINJARRA,"COCKBURN, CITY OF",,70,SOUTH WEST M.F.,Mandurah Terrace,20260112
S0246676,Power Ave Lot 68,Power Ave Wattleup Lot 68,Mine,Openpit,Operating,,,115.810610999999994,-32.161887000000000,387850,6441000,50,Sd,Construction material,CONSTRUCTION MATERIALS,,N,,,,,Public,2033,FREMANTLE,SI50-02,PINJARRA,"COCKBURN, CITY OF",,70,SOUTH WEST M.F.,Mandurah Terrace,20260112
S0246684,Corio Rd Lot 521 / Urban Resources,Corio Rd Nambeelup Lot 521 / Urban Resources,Mine,Openpit,Operating,J04615,West Coolup / Urban Resources,115.884511000000003,-32.568786000000003,395288,6395967,50,Sd,Construction material,CONSTRUCTION MATERIALS,,N,,,,,Public,2032,PINJARRA,SI50-02,PINJARRA,"MURRAY, SHIRE OF","PEEL, Development Region",70,SOUTH WEST M.F.,Mandurah Terrace,20260112
S0246698,Coorow-Green Head Rd Lot 1 / Avon,Coorow-Green Head Rd Warradarge Lot 1 / Avon Transport,Mine,Openpit,Operating,J07107,Coorow / Avalon Transport,115.271811000000000,-30.070886999999999,333426,6672100,50,Gvl,Construction material,CONSTRUCTION MATERIALS,,N,,,,,Public,1937,HILL RIVER,SH50-09,HILL RIVER,"COOROW, SHIRE OF","MID-WEST, Development Region",70,SOUTH WEST M.F.,Cadda Terrace,20260112
S0246751,Flynn Dr Lot 503 Years 11-15 / WA Limestone,Flynn Dr Neerabup Lot 503 Years 11-15 / WA Limestone,Mine,Openpit,Operating,J01232,Flynn Dr Neerabup Lot 21 / WA Land Authority,115.773200000000003,-31.677499999999998,383714,6494656,50,Lst Lsd Agg,Construction material,LIMESTONE - LIMESAND,,N,,,,,Public,2034,PERTH,SH50-14,PERTH,"WANNEROO, CITY OF",,70,SOUTH WEST M.F.,Mandurah Terrace,20260112
S0246823,R38394 Goldfields Hwy Lot 32 / MRWA,Reserve 38394 Goldfields Hwy Lot 32  / Main Roads WA,Mine,Openpit,Operating,J04577,GBRM Goldfields-Esperance / Main Roads WA,121.078400000000002,-28.265400000000000,311508,6871900,51,Gvl Agg,Construction material,CONSTRUCTION MATERIALS,,N,,,,,Public,3141,WEEBO,SH51-01,LEONORA,"LEONORA, SHIRE OF","GOLDFIELDS-ESPERANCE, Development Region",37,MT. MALCOLM,Yilgarn Craton granites,20260112
S0246827,R42315 Goldfields Hwy Lot 46 / MRWA,Reserve 42315 Goldfields Hwy Leinster Lot 46 / Main Roads WA,Mine,Openpit,Operating,J04577,GBRM Goldfields-Esperance / Main Roads WA,120.532100000000000,-27.717600000000001,256677,6931641,51,Gvl,Construction material,CONSTRUCTION MATERIALS,,N,,,,,Public,3042,SIR SAMUEL,SG51-13,SIR SAMUEL,"LEONORA, SHIRE OF","GOLDFIELDS-ESPERANCE, Development Region",36,LAWLERS,Yilgarn Craton granites,20260112
S0246839,R10829 Great Eastern Hwy Lot 121/ MRWA,Reserve 10829 Great Eastern Hwy Lot 121 / Main Roads,Mine,Openpit,Operating,J04577,GBRM Goldfields-Esperance / Main Roads WA,120.531400000000005,-31.173500000000001,264726,6548545,51,Agg,Construction material,CONSTRUCTION MATERIALS,,N,,,,,Public,3035,WOOLGANGIE,SH51-13,BOORABBIN,"COOLGARDIE, SHIRE OF","GOLDFIELDS-ESPERANCE, Development Region",15,COOLGARDIE,Yilgarn Craton granites,20260112
S0246840,R10829 Great Eastern Hwy Lot 120/ MRWA,Reserve 10829 Great Eastern Hwy Lot 120 / Main Roads,Mine,Openpit,Operating,J04577,GBRM Goldfields-Esperance / Main Roads WA,120.694299999999998,-31.133099999999999,280162,6553359,51,Agg,Construction material,CONSTRUCTION MATERIALS,,N,,,,,Public,3035,WOOLGANGIE,SH51-13,BOORABBIN,"COOLGARDIE, SHIRE OF","GOLDFIELDS-ESPERANCE, Development Region",15,COOLGARDIE,Yilgarn Craton granites,20260112
S0246843,R41914 Coolgardie-Esperance Hwy Lot 300 / MRWA,Reserve 41914 Coolgardie-Esperance Hwy Lot 300 / Main Roads,Mine,Openpit,Operating,J04577,GBRM Goldfields-Esperance / Main Roads WA,121.460200000000000,-31.222700000000000,353335,6544695,51,Agg,Construction material,CONSTRUCTION MATERIALS,,N,,,,,Public,3135,YILMIA,SH51-13,BOORABBIN,"COOLGARDIE, SHIRE OF","GOLDFIELDS-ESPERANCE, Development Region",15,COOLGARDIE,Eastern Goldfields Superterrane,20260112
S0246844,R42338 Jaurdi Hills Rd Lot 52 / MRWA,Reserve 42338 Jaurdi Hills Rd Lot 52 / Main Roads,Mine,Openpit,Operating,J04577,GBRM Goldfields-Esperance / Main Roads WA,121.035499999999999,-30.811399999999999,312071,6589648,51,Agg,Construction material,CONSTRUCTION MATERIALS,,N,,,,,Public,3136,KALGOORLIE,SH51-09,KALGOORLIE,"COOLGARDIE, SHIRE OF","GOLDFIELDS-ESPERANCE, Development Region",15,COOLGARDIE,Yilgarn Craton granites,20260112
S0246866,R41804 Great Northern Hwy Lot 4302 / MRWA,Reserve 41804 Great Northern Hwy Lot 4302 / MRWA,Mine,Openpit,Operating,J06922,GBRM Wheatbelt / Main Roads WA,117.013900000000007,-29.793600000000001,501343,6704085,50,Gvl,Construction material,CONSTRUCTION MATERIALS,,N,,,,,Public,2338,MOUNT GIBSON,SH50-07,NINGHAN,"DALWALLINU, SHIRE OF","WHEATBELT, Development Region",59,YALGOO M.F.,Yilgarn Craton granites,20260112
S0246874,R41094 Great Northern Hwy Lot 395 / MRWA,Reserve 41094 Great Northern Hwy Lot 395 / Main Roads,Mine,Openpit,Operating,J04190,GBRM Pilbara / Main Roads,119.131900000000002,-20.338600000000000,722566,7749608,50,Gvl,Construction material,CONSTRUCTION MATERIALS,,N,,,,,Public,2757,DE GREY,SF50-04,PORT HEDLAND,"PORT HEDLAND, TOWN OF","PILBARA, Development Region",45,MARBLE BAR,Gorge Creek Basin,20260112
S0246876,R35686 Gray St Lot 5168 / MRWA,Reserve 35686 Gray St Port Hedland Lot 5168 / Main Roads,Mine,Openpit,Operating,J04190,GBRM Pilbara / Main Roads,118.665800000000004,-20.333900000000000,673899,7750690,50,Gvl,Construction material,CONSTRUCTION MATERIALS,,N,,,,,Public,2657,PORT HEDLAND,SF50-04,PORT HEDLAND,"PORT HEDLAND, TOWN OF","PILBARA, Development Region",45,MARBLE BAR,Sisters Supersuite,20260112
S0246877,R37818 Great Northern Hwy Lot 56 / MRWA,Reserve 37818 Grat Northern Hwy De Grey Lot 56 / Main Roads,Mine,Openpit,Operating,J04190,GBRM Pilbara / Main Roads,119.500699999999995,-20.289500000000000,761168,7754504,50,Gvl,Construction material,CONSTRUCTION MATERIALS,,N,,,,,Public,2857,PARDOO,SF50-04,PORT HEDLAND,"PORT HEDLAND, TOWN OF","PILBARA, Development Region",45,MARBLE BAR,Gorge Creek Basin,20260112
S0246878,R42078 Munjina-Roy Hill Rd Lot 92 / MRWA,Reserve 42078 Munjina-Roy Hill Rd Lot 92 / Main Roads,Mine,Openpit,Operating,J04190,GBRM Pilbara / Main Roads,118.774900000000002,-22.409300000000002,682697,7520789,50,Gvl,Construction material,CONSTRUCTION MATERIALS,,N,,,,,Public,2653,MOUNT GEORGE,SF50-12,ROY HILL,"EAST PILBARA, SHIRE OF","PILBARA, Development Region",47,WEST PILBARA M.F.,Hamersley Basin,20260112
S0246880,R31115 North West Coastal Hwy Lot 47 / MRWA,Reserve 31115 North West Coastal Hwy Lot 47 / Main Roads,Mine,Openpit,Operating,J04190,GBRM Pilbara / Main Roads,117.083799999999997,-20.751600000000000,508724,7705341,50,Gvl,Construction material,CONSTRUCTION MATERIALS,,N,,,,,Public,2356,ROEBOURNE,SF50-03,ROEBOURNE,"KARRATHA, CITY OF","PILBARA, Development Region",47,WEST PILBARA M.F.,Gorge Creek Basin,20260112
S0246890,R30710 Old Korda Rd Lot 20887 / Shire,Reserve 30710 Old Koorda Rd Lot 34 / Shire of Dowerin,Mine,Openpit,Operating,J07135,GBRM / Shire of Dowerin,117.096299999999999,-31.140200000000000,509179,6554856,50,Gvl,Construction material,CONSTRUCTION MATERIALS,,N,,,,,Public,2335,DOWERIN,SH50-15,KELLERBERRIN,"DOWERIN, SHIRE OF","WHEATBELT, Development Region",70,SOUTH WEST M.F.,Yilgarn Craton,20260112
S0246899,R16660 Yarding North Rd Lot 301 / PTA,Reserve 16660 Yarding North Rd Bruce Rock Lot 301 / Public Transport Authority,Mine,Openpit,Operating,J06635,GBRM Railway Reserves / Public Transport Authority WA,117.985799999999998,-31.912099999999999,593204,6468883,50,Sd,Construction material,CONSTRUCTION MATERIALS,,N,,,,,Public,2434,KELLERBERRIN,SH50-15,KELLERBERRIN,"BRUCE ROCK, SHIRE OF","WHEATBELT, Development Region",70,SOUTH WEST M.F.,Yilgarn Craton granites,20260112
S0246903,R36646 Lot 1510 / PTA,Reserve 36646 Lot 1510 / Public Transport Authority,Mine,Openpit,Operating,J06635,GBRM Railway Reserves / Public Transport Authority WA,119.578699999999998,-30.835899999999999,746638,6585738,50,Agg Ball,Construction material,CONSTRUCTION MATERIALS,,N,,,,,Public,2836,SEABROOK,SH50-12,JACKSON,"YILGARN, SHIRE OF","WHEATBELT, Development Region",77,YILGARN M.F.,Youanmi Terrane,20260112
S0246927,R17882 Mingenew-Morawa Rd Lot 3790+7047 / Shire,Reserve 17882 Mingenew-Morawa Rd Merkanooka Lot 3790+7047 / Shire of Morawa,Mine,Openpit,Operating,J07148,GBRM / Shire of Morawa,115.930890000000005,-29.193313000000000,396061,6770125,50,Gvl,Construction material,CONSTRUCTION MATERIALS,,N,,,,,Public,2039,YANDANOOKA,SH50-06,PERENJORI,"MORAWA, SHIRE OF","MID-WEST, Development Region",70,SOUTH WEST M.F.,Yilgarn Craton granites,20260112
