WELL_NAME,UWI,BASIN,LEASE_NO,LONG,LAT,OPERATOR,CLASS,STATUS,FIELD,SPUD_DATE,RIG_RELEASE_DATE,EXTRACT_DATE
Cape Range 1,W000021,Northern Carnarvon,LP-35H,114.012177,-22.065914,West Australian Petroleum Pty Limited,NFW,P&A,,19540902,19541227,20260417
Cape Range 2,W000022,Northern Carnarvon,LP-35H,113.99621,-22.09619,West Australian Petroleum Pty Limited,NFW,P&A,,19550420,19560402,20260417
Exmouth Structure Hole 2,W000026,Southern Carnarvon,LP-18H,114.139952,-22.35834,West Australian Petroleum Pty Limited,STR,P&A STR,,19561117,19561124,20260417
Giralia 1,W000027,Southern Carnarvon,LP-29H,114.169541,-22.99265,West Australian Petroleum Pty Limited,NFW,Water,,19550603,19550720,20260417
Grierson 3,W000030,Southern Carnarvon,LP-33H,113.76015,-24.20193,West Australian Petroleum Pty Limited,STR,P&A STR,,19550607,19550625,20260417
Rough Range 09,W000041,Northern Carnarvon,LP-18H,114.073117,-22.447619,West Australian Petroleum Pty Limited,EXT,P&A,Rough Range,19551122,19551220,20260417
Rough Range 10,W000042,Northern Carnarvon,LP-18H,114.08748,-22.417759,West Australian Petroleum Pty Limited,EXT,P&A,Rough Range,19570622,19570711,20260417
Rough Range South 4,W000046,Northern Carnarvon,LP-18H,114.026341,-22.534731,West Australian Petroleum Pty Limited,STR,P&A STR,,19560817,19560902,20260417
Rough Range South 5,W000047,Northern Carnarvon,LP-18H,113.989529,-22.574895,West Australian Petroleum Pty Limited,NFW,P&A,,19561014,19561113,20260417
Meda 1,W000055,Canning,LP-54H,124.193629,-17.397966,West Australian Petroleum Pty Limited,NFW,P&A OGS,,19580608,19581121,20260417
Fraser River 1,W000060,Canning,LP-27H,123.163626,-17.416143,West Australian Petroleum Pty Limited,NFW,P&A,,19551222,19560827,20260417
Fraser River 1 ST,W000060,Canning,LP-27H,123.163626,-17.416143,West Australian Petroleum Pty Limited,NFW,P&A,,19560309,19560827,20260417
Yardarino 3,W000081,Perth,LP-111H,115.055011,-29.225543,West Australian Petroleum Pty Limited,EXT,P&A,,19641008,19641130,20260417
Mungarra 4,W000086,Perth,LP-119H,115.267007,-28.904024,West Australian Petroleum Pty Limited,STR,P&A STR,,19650616,19650630,20260417
Mungarra 5,W000087,Perth,LP-119H,115.138119,-28.894581,West Australian Petroleum Pty Limited,STR,P&A STR,,19650630,19650710,20260417
Yardarino 4,W000092,Perth,LP-111H,115.054439,-29.215976,West Australian Petroleum Pty Limited,EXT,P&A G,Yardarino,19641204,19641230,20260417
Barrow_F36J,W000093,Northern Carnarvon,LP-113H,115.392446,-20.836789,West Australian Petroleum Pty Limited,EXT,O,Barrow Island,19641215,19650206,20260417
Barrow_L16J,W000100,Northern Carnarvon,LP-113H,115.392832,-20.801137,West Australian Petroleum Pty Limited,EXT,P&S,Barrow Island,19650212,19650327,20260417
Browne 1,W000123,Officer,PE-147H,125.816022,-25.85001,Hunt Oil Company,STR,P&A STR,,19650906,19650915,20260417
Barrow_G76,W000134,Northern Carnarvon,LP-113H,115.361827,-20.852769,West Australian Petroleum Pty Limited,EXT,O,Barrow Island,19651118,19651126,20260417
Hill River 1,W000002,Perth,PE-27H,115.313969,-30.266534,West Australian Petroleum Pty Limited,STR,P&A STR,,19620402,19620425,20260417
Hill River 4,W000005,Perth,PE-27H,115.233692,-30.389871,West Australian Petroleum Pty Limited,STR,P&A STR,,19620619,19620711,20260417
Hawkstone Peak 1,W000017,Canning,LP-101H,124.410007,-17.238589,West Australian Petroleum Pty Limited,NFW,P&A,,19621017,19621202,20260417
Cape Range 3A,W000023,Northern Carnarvon,LP-35H,114.001621,-22.145353,West Australian Petroleum Pty Limited,NFW,P&A,,19560714,19560822,20260417
Cape Range 4,W000024,Northern Carnarvon,LP-36H,113.939093,-22.324134,West Australian Petroleum Pty Limited,NFW,P&A,,19560921,19561010,20260417
Grierson 2,W000029,Southern Carnarvon,LP-33H,113.786539,-24.201931,West Australian Petroleum Pty Limited,STR,P&A STR,,19550513,19550530,20260417
Rough Range 06,W000038,Southern Carnarvon,LP-18H,114.082031,-22.419572,West Australian Petroleum Pty Limited,EXT,P&A,Rough Range,19541220,19550107,20260417
Rough Range South 1,W000043,Northern Carnarvon,LP-18H,113.962054,-22.62237,West Australian Petroleum Pty Limited,STR,P&A STR,,19560514,19560617,20260417
Rough Range South 2,W000044,Northern Carnarvon,LP-18H,114.005093,-22.564376,West Australian Petroleum Pty Limited,STR,P&A STR,,19560626,19560704,20260417
Warroora 1,W000049,Southern Carnarvon,LP-30H,113.881864,-23.509665,West Australian Petroleum Pty Limited,NFW,P&A,,19550124,19550526,20260417
Paterson 1,W000068,Northern Carnarvon,LP-85H,113.935459,-22.459614,West Australian Petroleum Pty Limited,NFW,P&A,,19631108,19640115,20260417
Tandalgoo 3,W000077,Canning,PE-30H,123.450009,-21.299986,West Australian Petroleum Pty Limited,NFW,P&A,,19631114,19631114,20260417
Mungarra 1,W000083,Perth,LP-119H,115.118674,-28.850414,West Australian Petroleum Pty Limited,STR,P&A STR,,19641003,19641106,20260417
Stansmore Range 1,W000094,Canning,PE-151H,127.965287,-21.259708,Hackathorn New Zealand Oils Ltd,STR,P&A STR,,19641030,19641031,20260417
Allanooka 1,W000099,Perth,LP-119H,115.014405,-29.142479,West Australian Petroleum Pty Limited,NFW,P&A,,19650108,19650129,20260417
Allanooka 2,W000101,Perth,LP-119H,114.996395,-29.099896,West Australian Petroleum Pty Limited,NFW,P&A,,19650203,19650213,20260417
Gingin 2,W000119,Perth,LP-115H,115.847785,-31.173171,West Australian Petroleum Pty Limited,EXT,P&A G,Gingin,19650725,19660118,20260417
Alexandra Bridge 1,W000122,Perth,PE-27H,115.261567,-34.156292,West Australian Petroleum Pty Limited,STR,P&A STR,,19650727,19650809,20260417
Browne 2,W000124,Officer,PE-147H,125.963869,-25.931938,Hunt Oil Company,STR,P&A STR,,19651013,19651019,20260417
Point Moody 1,W000128,Canning,LP-154H,127.808314,-21.2603,Australian Aquitaine Petroleum Pty Ltd,STR,P&A STR,,19651002,19660115,20260417
Kidson 1,W000130,Canning,LP-155H,125.005027,-22.613119,West Australian Petroleum Pty Limited,STR,P&A STR,,19651121,19660724,20260417
Wandagee Corehole 2,W000009,Southern Carnarvon,PE-28H,114.52896,-23.88829,West Australian Petroleum Pty Limited,STR,P&A STR,,19620116,19620125,20260417
Cape Cuvier 1,W000020,Southern Carnarvon,LP-34H,113.398594,-24.225122,West Australian Petroleum Pty Limited,STR,P&A STR,,19550716,19550905,20260417
Learmonth 1,W000031,Northern Carnarvon,LP-52H,114.061902,-22.183137,West Australian Petroleum Pty Limited,NFW,P&A,,19570924,19580206,20260417
Learmonth 1 ST1,W000031,Northern Carnarvon,LP-52H,114.061902,-22.183137,West Australian Petroleum Pty Limited,NFW,P&A,,,,20260417
Rough Range 01,W000032,Southern Carnarvon,LP-18H,114.083485,-22.417561,West Australian Petroleum Pty Limited,NFW,P&A OS,Rough Range,19530905,19550508,20260417
Rough Range 04,W000036,Southern Carnarvon,LP-18H,114.083547,-22.422379,West Australian Petroleum Pty Limited,EXT,P&A,Rough Range,19541016,19541103,20260417
Rough Range 05,W000037,Southern Carnarvon,LP-18H,114.077411,-22.417534,West Australian Petroleum Pty Limited,EXT,P&A,Rough Range,19541110,19541128,20260417
Rough Range 08,W000040,Northern Carnarvon,LP-18H,114.064039,-22.445538,West Australian Petroleum Pty Limited,EXT,P&A,Rough Range,19550225,19550318,20260417
Thangoo 1,W000059A,Canning,LP-66H,122.8923,-18.366736,West Australian Petroleum Pty Limited,NFW,P&A,,19591107,19591211,20260417
Frome Rocks 2,W000061,Canning,LP-56H,123.661262,-18.253865,West Australian Petroleum Pty Limited,NFW,P&A,,19590219,19590601,20260417
Roebuck Bay 1,W000066,Canning,PE-30H,122.459267,-18.159166,West Australian Petroleum Pty Limited,STR,P&A STR,,19560729,19560904,20260417
Wicherina 1,W000067,Perth,LP-27H,115.242007,-28.831246,West Australian Petroleum Pty Limited,NFW,P&A,,19640214,19640306,20260417
Brooking Springs 1,W000080,Canning,PE-30H,125.634625,-18.068853,West Australian Petroleum Pty Limited,STR,P&A STR,,19621015,19621015,20260417
Stansmore Range 5,W000098,Canning,PE-151H,127.780565,-21.279153,Hackathorn New Zealand Oils Ltd,STR,P&A STR,,19641106,19641106,20260417
Mt Hill 1,W000102,Perth,PE-27H,114.985343,-29.067915,West Australian Petroleum Pty Limited,STR,P&A STR,,19641108,19641121,20260417
Barrow_L58J,W000118,Northern Carnarvon,LP-113H,115.399502,-20.815917,West Australian Petroleum Pty Limited,EXT,SUSP,Barrow Island,19650708,19650811,20260417
Yowalga 1,W000126,Officer,PE-147H,125.96671,-26.169986,Hunt Oil Company,STR,P&A STR,,19650916,19650927,20260417
Pinjarra 1,W000127,Perth,LP-128H,115.771122,-32.675543,West Australian Petroleum Pty Limited,NFW,P&A,,19651005,19651231,20260417
Barrow_L52,W000133,Northern Carnarvon,LP-113H,115.376306,-20.816068,West Australian Petroleum Pty Limited,EXT,O,Barrow Island,19651110,19651117,20260417
Barrow_H38,W000140,Northern Carnarvon,LP-113H,115.338803,-20.83855,West Australian Petroleum Pty Limited,EXT,P&A,Barrow Island,19660122,19660130,20260417
Merlinleigh 1,W000150,Southern Carnarvon,PE-28H,114.990654,-24.496689,West Australian Petroleum Pty Limited,STR,P&A STR,,19660518,19660526,20260417
Wandagee 1,W000007,Southern Carnarvon,PE-28H,114.399316,-23.888876,West Australian Petroleum Pty Limited,STR,P&A STR,,19620425,19620617,20260417
Woolmulla 1,W000018,Perth,LP-100H,115.193747,-30.021167,West Australian Petroleum Pty Limited,NFW,P&A,,19621103,19630315,20260417
Exmouth Structure Hole 1,W000025,Northern Carnarvon,LP-18H,114.112592,-22.385009,West Australian Petroleum Pty Limited,STR,P&A STR,,19561101,19561109,20260417
Rough Range South 3,W000045,Northern Carnarvon,LP-18H,114.043377,-22.503812,West Australian Petroleum Pty Limited,STR,P&A STR,,19560710,19560728,20260417
Whaleback 1,W000052,Northern Carnarvon,LP-106H,113.862174,-22.730537,West Australian Petroleum Pty Limited,NFW,P&A,,19630730,19631023,20260417
Goldwyer 1,W000057,Canning,LP-55H,122.384345,-18.379458,West Australian Petroleum Pty Limited,NFW,P&A,,19580817,19581122,20260417
Bonaparte 2,W000078,Bonaparte,LP-114H,128.722362,-15.083827,Alliance Oil Development Aust NL & Assoc Companies,NFW,P&A G,,19640725,19641014,20260417
Mungarra 2,W000084,Perth,LP-119H,115.084752,-28.908192,West Australian Petroleum Pty Limited,STR,P&A STR,,19650125,19650211,20260417
Barrow_L74J,W000089,Northern Carnarvon,LP-113H,115.384872,-20.823339,West Australian Petroleum Pty Limited,EXT,Shut in,Barrow Island,19641104,19641211,20260417
Stansmore Range 2,W000095,Canning,PE-151H,128.000009,-21.263875,Hackathorn New Zealand Oils Ltd,STR,P&A STR,,19641031,19641101,20260417
North Ballythanna Corehole 4,W000109,Southern Carnarvon,PE-226H,115.679178,-25.922209,Continental Oil Co  Of Australia Ltd,STR,P&A STR,,19650401,19650402,20260417
Barrow_L56J,W000110,Northern Carnarvon,LP-113H,115.392414,-20.816089,West Australian Petroleum Pty Limited,EXT,O,Barrow Island,19650401,19650512,20260417
Goorda 1,W000111,Canning,PE-30H,122.940009,-18.572486,West Australian Petroleum Pty Limited,STR,P&A STR,,19630615,19630905,20260417
Willara 1,W000115,Canning,LP-148H,122.075092,-19.179891,West Australian Petroleum Pty Limited,NFW,P&A,,19650609,19651018,20260417
Barrow_B12,W000135,Northern Carnarvon,LP-113H,115.346592,-20.858418,West Australian Petroleum Pty Limited,EXT,O,Barrow Island,19651128,19651203,20260417
Sholl Island 1,W000148,Northern Carnarvon,LP-159H,115.900507,-20.95033,West Australian Petroleum Pty Limited,STR,P&A STR,,19670106,19670127,20260417
Barrow_L76J,W000158,Northern Carnarvon,LP-113H,115.393386,-20.823164,West Australian Petroleum Pty Limited,EXT,P&A,Barrow Island,19660705,19660722,20260417
Long Island 1,W000160,Northern Carnarvon,LP-165H,114.689401,-21.619514,West Australian Petroleum Pty Limited,STR,P&A STR,,19660921,19661104,20260417
Preston 1,W000163,Perth,PE-27H,115.711122,-32.949154,West Australian Petroleum Pty Limited,STR,P&A STR,,19660826,19660919,20260417
Barrow_G18,W000173,Northern Carnarvon,L 1H,115.369344,-20.830571,West Australian Petroleum Pty Limited,DEV,O,Barrow Island,19670302,,20260417
Bonaparte 1,W000001,Bonaparte,PE-172H,128.744307,-15.015216,Alliance Oil Development Aust NL & Assoc Companies,NFW,P&A,,19630718,19640606,20260417
Hill River 2A,W000006,Perth,PE-27H,115.247226,-30.182522,West Australian Petroleum Pty Limited,STR,P&A STR,,19620524,19620525,20260417
Eganu 1,W000013,Perth,PE-27H,115.829798,-29.984583,West Australian Petroleum Pty Limited,STR,P&A STR,,19621231,19630116,20260417
Jurien 1,W000014,Perth,LP-98H,115.048344,-30.144431,West Australian Petroleum Pty Limited,NFW,P&A,,19620709,19620828,20260417
Abbarwardoo 1,W000019,Perth,PE-27H,115.1624,-28.5867,West Australian Petroleum Pty Limited,STR,P&A STR,,19621212,19621220,20260417
Rough Range 03,W000035,Southern Carnarvon,LP-18H,114.087429,-22.410186,West Australian Petroleum Pty Limited,EXT,P&A,Rough Range,19540915,19540924,20260417
Yanrey 1,W000050,Northern Carnarvon,LP-51H,114.584319,-22.255755,West Australian Petroleum Pty Limited,NFW,P&A,,19570720,19570727,20260417
Quail 1,W000051,Southern Carnarvon,LP-103H,114.50248,-23.951208,West Australian Petroleum Pty Limited,NFW,P&A,,19630519,19640120,20260417
Dampier Downs 1,W000056,Canning,PE-30H,123.102594,-18.298906,West Australian Petroleum Pty Limited,STR,P&A STR,,19560926,19561217,20260417
Wallal Corehole 1,W000064,Canning,PE-30H,120.63307,-19.862764,West Australian Petroleum Pty Limited,STR,P&A STR,,19570704,19570729,20260417
Learmonth 2,W000069,Northern Carnarvon,LP-108H,114.066567,-22.293158,West Australian Petroleum Pty Limited,NFW,P&A,,19640122,19640305,20260417
Barrow_L54J,W000073,Northern Carnarvon,LP-113H,115.38509,-20.815975,West Australian Petroleum Pty Limited,NFW,O,Barrow Island,19640507,19640827,20260417
Yardarino 1,W000074,Perth,LP-111H,115.056369,-29.220776,West Australian Petroleum Pty Limited,NFW,P&A G,Yardarino,19640407,19640616,20260417
Yardarino 1 Deepening,W000074,Perth,LP-111H,115.056369,-29.220776,West Australian Petroleum Pty Limited,NFW,P&A G,Yardarino,19990202,19990513,20260417
Yardarino 2,W000079,Perth,LP-111H,115.065525,-29.204253,West Australian Petroleum Pty Limited,NFW,P&A,Yardarino,19640708,19640920,20260417
North Ballythanna Corehole 3,W000108,Southern Carnarvon,PE-226H,115.633344,-25.936098,Continental Oil Co  Of Australia Ltd,STR,P&A STR,,19650330,19650402,20260417
Arrowsmith 1,W000112,Perth,LP-130H,115.118643,-29.610817,French Petroleum Co (Australia) Pty Ltd,NFW,P&A G,,19650404,19650619,20260417
Barrow_F52,W000129,Northern Carnarvon,LP-113H,115.377066,-20.844806,West Australian Petroleum Pty Limited,EXT,P&A,Barrow Island,19651010,19651029,20260417
Barrow_BB52J,W000149,Northern Carnarvon,LP-113H,115.441008,-20.671422,West Australian Petroleum Pty Limited,EXT,P&A,Barrow Island,19660412,19660517,20260417
Dongara 02,W000159,Perth,LP-111H,114.978151,-29.248418,West Australian Petroleum Pty Limited,EXT,P&A,Dongara,19660731,19660812,20260417
Barrow_L45J,W000162,Northern Carnarvon,LP-113H,115.389056,-20.812418,West Australian Petroleum Pty Limited,EXT,O,Barrow Island,19660805,19660825,20260417
Hill River 2,W000003,Perth,PE-27H,115.243992,-30.182722,West Australian Petroleum Pty Limited,STR,P&A STR,,19620506,19620524,20260417
Wandagee Corehole 3,W000010,Southern Carnarvon,PE-28H,114.336102,-23.829959,West Australian Petroleum Pty Limited,STR,P&A STR,,19620130,19620202,20260417
Langoora 1,W000015,Canning,LP-54H,124.113342,-17.30193,West Australian Petroleum Pty Limited,NFW,P&A,,19620825,19621009,20260417
Marrilla 1,W000053,Southern Carnarvon,PE-28H,114.502221,-22.930563,West Australian Petroleum Pty Limited,STR,P&A STR,,19630317,19630403,20260417
Samphire Marsh 1,W000065,Canning,LP-53H,121.183046,-19.520302,West Australian Petroleum Pty Limited,NFW,Water,,19580218,19580504,20260417
Eucla 1,W000070,Eucla,PE-173H,128.222509,-31.870819,Alliance Petroleum Australia NL,STR,P&A STR,,19640121,19640224,20260417
Tandalgoo 1,W000075,Canning,PE-30H,123.450009,-21.099986,West Australian Petroleum Pty Limited,NFW,Water,,19631110,19631113,20260417
Barrow_L72J,W000082,Northern Carnarvon,LP-113H,115.376422,-20.823202,West Australian Petroleum Pty Limited,DEV,SUSP,Barrow Island,19640830,19641031,20260417
Stansmore Range 4,W000097,Canning,PE-151H,127.858342,-21.24443,Hackathorn New Zealand Oils Ltd,STR,P&A STR,,19641105,19641105,20260417
North Ballythanna Corehole 1,W000106,Southern Carnarvon,EP 46,115.6639,-25.927765,Continental Oil Co  Of Australia Ltd,STR,P&A STR,,19650326,19650328,20260417
Bookara 1,W000114,Perth,PE-27H,114.773121,-28.983474,West Australian Petroleum Pty Limited,STR,P&A STR,,19650423,19650503,20260417
St George Range 1,W000117,Canning,LP-132H,125.139665,-18.689327,Continental Oil Co  Of Australia Ltd,NFW,P&A GS,,19650916,19660515,20260417
Lennis 1,W000125,Officer,PE-134H,126.35001,-27.283286,Hunt Oil Company,STR,P&A STR,,19650929,19651008,20260417
Yowalga 2,W000145,Officer,LP-170H,125.966677,-26.169986,Hunt Oil Company,NFW,P&A,,19660301,19660324,20260417
Dongara 01,W000155,Perth,LP-111H,114.990564,-29.252092,West Australian Petroleum Pty Limited,NFW,Suspended,Dongara,19660330,19660702,20260417
Onslow 1,W000161,Northern Carnarvon,LP-174H,114.876007,-21.765212,West Australian Petroleum Pty Limited,NFW,P&A G,,19660901,19661115,20260417
Dongara 03,W000164,Perth,LP-111H,115.00315,-29.257792,West Australian Petroleum Pty Limited,EXT,P&A G,Dongara,19660902,19660918,20260417
Tortoise Island 1,W000167,Northern Carnarvon,LP-173H,114.86015,-21.57957,West Australian Petroleum Pty Limited,STR,P&A STR,,19661114,19661226,20260417
Badaminna 1,W000172,Perth,LP-181H,115.668706,-31.340708,West Australian Petroleum Pty Limited,NFW,P&A,,19670131,19670227,20260417
Barrow_G58,W000183,Northern Carnarvon,L 1H,115.369871,-20.845245,West Australian Petroleum Pty Limited,DEV,O,Barrow Island,19670422,,20260417
Barrow_L78,W000190,Northern Carnarvon,L 1H,115.400722,-20.822628,West Australian Petroleum Pty Limited,DEV,Shut in,Barrow Island,19670420,,20260417
Grierson 1,W000028,Southern Carnarvon,LP-33H,113.774011,-24.201304,West Australian Petroleum Pty Limited,STR,P&A STR,,19550410,19550508,20260417
Rough Range 01A,W000033,Northern Carnarvon,LP-18H,114.083572,-22.417584,West Australian Petroleum Pty Limited,EXT,P&A OS,Rough Range,19550511,19550618,20260417
Rough Range 02,W000034,Southern Carnarvon,LP-18H,114.069721,-22.429923,West Australian Petroleum Pty Limited,EXT,P&A,Rough Range,19540704,19540807,20260417
Rough Range 07,W000039,Northern Carnarvon,LP-18H,114.0701,-22.443695,West Australian Petroleum Pty Limited,EXT,P&A,Rough Range,19550116,19550220,20260417
Rough Range South 6,W000048,Northern Carnarvon,LP-18H,114.013618,-22.540851,West Australian Petroleum Pty Limited,STR,P&A STR,,19561127,19561204,20260417
Barlee 1,W000063,Canning,LP-67H,122.71403,-17.806419,West Australian Petroleum Pty Limited,NFW,P&A,,19600412,19600729,20260417
Meda 2,W000088,Canning,LP-54H,124.191779,-17.408166,West Australian Petroleum Pty Limited,NFW,P&A,,19590127,19590420,20260417
Gingin 1,W000090,Perth,LP-115H,115.827233,-31.143043,West Australian Petroleum Pty Limited,NFW,P&A G,Gingin,19641116,19650715,20260417
Sahara 1,W000091,Canning,LP-117H,123.394087,-21.074892,West Australian Petroleum Pty Limited,NFW,P&A,,19650111,19650303,20260417
Stansmore Range 3,W000096,Canning,PE-151H,127.872231,-21.261097,Hackathorn New Zealand Oils Ltd,STR,P&A STR,,19641101,19641102,20260417
Mt Horner 01,W000103,Perth,LP-126H,115.086455,-29.128194,West Australian Petroleum Pty Limited,NFW,P&A,Mount Horner,19650226,19650417,20260417
Mt Alexander 1,W000104,Canning,PE-30H,123.667787,-18.690786,West Australian Petroleum Pty Limited,STR,P&A STR,,19580801,19580801,20260417
North Ballythanna Corehole 2,W000107,Southern Carnarvon,PE-226H,115.647233,-25.932765,Continental Oil Co  Of Australia Ltd,STR,P&A STR,,19650328,19650329,20260417
Eurangoa 1,W000116,Perth,LP-126H,115.139232,-29.12597,West Australian Petroleum Pty Limited,NFW,P&A,,19650614,19650709,20260417
Cadda 1,W000120,Perth,LP-151H,115.214804,-30.33626,French Petroleum Co (Australia) Pty Ltd,NFW,P&A,,19650713,19650919,20260417
Barrow_D14J,W000121,Northern Carnarvon,LP-113H,115.417305,-20.860471,West Australian Petroleum Pty Limited,EXT,SUSP,Barrow Island,19650818,19650923,20260417
Barrow_G16,W000132,Northern Carnarvon,LP-113H,115.361398,-20.8297,West Australian Petroleum Pty Limited,EXT,Shut in,Barrow Island,19651102,19651108,20260417
Barrow_Q52,W000138,Northern Carnarvon,LP-113H,115.37747,-20.786745,West Australian Petroleum Pty Limited,EXT,Shut in,Barrow Island,19660102,19660110,20260417
Sue 1,W000141,Perth,LP-152H,115.323978,-34.06566,West Australian Petroleum Pty Limited,NFW,P&A,,19660131,19660308,20260417
Merlinleigh 2,W000151,Southern Carnarvon,PE-28H,114.993989,-24.479176,West Australian Petroleum Pty Limited,STR,P&A STR,,19660530,19660615,20260417
Wandagee Corehole 1,W000008,Southern Carnarvon,PE-28H,114.399335,-23.888845,West Australian Petroleum Pty Limited,STR,P&A STR,,19620106,19620114,20260417
Babrongan 1,W000011,Canning,LP-96H,123.596195,-18.388873,West Australian Petroleum Pty Limited,NFW,P&A,,19620529,19620715,20260417
Eneabba 1,W000012,Perth,LP-95H,115.33368,-29.569307,West Australian Petroleum Pty Limited,NFW,P&A GS,,19610612,19611126,20260417
The Sisters 1,W000016,Canning,LP-17H,124.420461,-17.72386,Associated Freney Oilfields NL,NFW,P&A,,19561222,19570605,20260417
Minderoo 1,W000054,Northern Carnarvon,PE-28H,115.079803,-21.845931,West Australian Petroleum Pty Limited,STR,P&A STR,,19630409,19630427,20260417
Grant Range 1,W000058,Canning,LP-25H,124.010262,-18.013617,West Australian Petroleum Pty Limited,NFW,P&A,,19541029,19551022,20260417
Thangoo 1A,W000059,Canning,PE-30H,122.886659,-18.362176,West Australian Petroleum Pty Limited,NFW,P&A,,19591225,19600217,20260417
Frome Rocks 1,W000062,Canning,LP-56H,123.64654,-18.196365,West Australian Petroleum Pty Limited,NFW,P&A,,19590102,19590207,20260417
Gambanga 1,W000071,Eucla,LP-65H,124.833343,-32.266653,Exoil Oil Company Pty Ltd,STR,P&A STR,,19600214,19600305,20260417
Eyre 1,W000072,Eucla,LP-64H,127.076676,-32.117208,Exoil Oil Company Pty Ltd,STR,P&A STR,,19591127,19600124,20260417
Tandalgoo 2,W000076,Canning,PE-30H,123.450009,-21.116653,West Australian Petroleum Pty Limited,NFW,P&A,,19631116,19631116,20260417
Mungarra 3,W000085,Perth,LP-119H,115.084782,-28.964303,West Australian Petroleum Pty Limited,STR,P&A STR,,19650310,19650329,20260417
Parda 1,W000105,Canning,LP-129H,122.009179,-18.933942,West Australian Petroleum Pty Limited,NFW,P&A,,19650419,19650517,20260417
Mt Horner 02,W000113,Perth,LP-111H,115.079544,-29.143937,West Australian Petroleum Pty Limited,EXT,P&A,Mount Horner,19650424,19650527,20260417
Mt Adams 1,W000146,Perth,LP-171H,115.168126,-29.405697,West Australian Petroleum Pty Limited,NFW,P&A,,19660326,19660524,20260417
Barrow_X53J,W000156,Northern Carnarvon,L 1H,115.428015,-20.727984,West Australian Petroleum Pty Limited,O,P&A,Barrow Island,19660521,19660703,20260417
Cockburn 1,W000170,Perth,LP-180H,115.737522,-32.134767,West Australian Petroleum Pty Limited,NFW,P&A,,19670517,19670704,20260417
Barrow_G36,W000178,Northern Carnarvon,L 1H,115.361808,-20.837912,West Australian Petroleum Pty Limited,DEV,O,Barrow Island,19670211,,20260417
Barrow_F61,W000179,Northern Carnarvon,L 1H,115.373628,-20.848768,West Australian Petroleum Pty Limited,DEV,O,Barrow Island,19670120,,20260417
Barrow_M61,W000184,Northern Carnarvon,L 1H,115.40424,-20.819675,West Australian Petroleum Pty Limited,DEV,O,Barrow Island,19670413,,20260417
Barrow_F45,W000187,Northern Carnarvon,LP-113H,115.38892,-20.84154,West Australian Petroleum Pty Limited,DEV,Shut in,Barrow Island,19670429,,20260417
Barrow_M74,W000191,Northern Carnarvon,L 1H,115.416287,-20.822934,West Australian Petroleum Pty Limited,DEV,Shut in,Barrow Island,19661218,,20260417
Barrow_M54,W000131,Northern Carnarvon,LP-113H,115.415832,-20.816647,West Australian Petroleum Pty Limited,EXT,Shut in,Barrow Island,19651022,19651031,20260417
Barrow_P74,W000139,Northern Carnarvon,LP-113H,115.416648,-20.79344,West Australian Petroleum Pty Limited,EXT,P&S,Barrow Island,19660112,19660120,20260417
Barrow_T74,W000143,Northern Carnarvon,LP-113H,115.400279,-20.765077,West Australian Petroleum Pty Limited,EXT,P&S,Barrow Island,19660215,19660221,20260417
Barrow_L32J,W000144,Northern Carnarvon,LP-113H,115.377807,-20.808865,West Australian Petroleum Pty Limited,EXT,SUSP,Barrow Island,19660224,19660401,20260417
Erregulla 1,W000147,Perth,LP-175H,115.398955,-29.37597,West Australian Petroleum Pty Limited,NFW,P&A,,19660908,19661230,20260417
Merlinleigh 5,W000154,Southern Carnarvon,PE-28H,114.988426,-24.474179,West Australian Petroleum Pty Limited,STR,P&A STR,,19660714,19660718,20260417
Yaringa 1,W000157,Southern Carnarvon,LP-172H,114.361122,-26.064839,Continental Oil Co  Of Australia Ltd,NFW,P&A,,19660702,19660818,20260417
Donkey Creek 1,W000165,Perth,LP-176H,115.291739,-29.625141,French Petroleum Co (Australia) Pty Ltd,NFW,P&A,,19660830,19661021,20260417
Barrow_F34,W000186,Northern Carnarvon,L 1H,115.385218,-20.837534,West Australian Petroleum Pty Limited,DEV,O,Barrow Island,19661222,,20260417
Barrow_L81,W000222,Northern Carnarvon,L 1H,115.37356,-20.827329,West Australian Petroleum Pty Limited,DEV,O,Barrow Island,19670220,,20260417
Barrow_P23,W000225,Northern Carnarvon,L 1H,115.412202,-20.775648,West Australian Petroleum Pty Limited,DEV,P&S,Barrow Island,19670522,,20260417
Barrow_G74,W000250,Northern Carnarvon,L 1H,115.354367,-20.852421,West Australian Petroleum Pty Limited,DEV,O,Barrow Island,19670701,,20260417
Barrow_G83,W000251,Northern Carnarvon,L 1H,115.350436,-20.85555,West Australian Petroleum Pty Limited,DEV,P&S,Barrow Island,19670713,,20260417
Barrow_G12,W000256,Northern Carnarvon,L 1H,115.346883,-20.830461,West Australian Petroleum Pty Limited,DEV,O,Barrow Island,19670702,,20260417
Barrow_P76,W000263,Northern Carnarvon,L 1H,115.423575,-20.794332,West Australian Petroleum Pty Limited,DEV,Shut in,Barrow Island,19670820,,20260417
Barrow_B21,W000264,Northern Carnarvon,L 1H,115.342461,-20.863261,West Australian Petroleum Pty Limited,DEV,P&S,Barrow Island,19670917,,20260417
Barrow_K74,W000269,Northern Carnarvon,L 1H,115.354318,-20.823205,West Australian Petroleum Pty Limited,DEV,P&S,Barrow Island,19670825,,20260417
Barrow_P65,W000297,Northern Carnarvon,L 1H,115.419831,-20.790693,West Australian Petroleum Pty Limited,DEV,O,Barrow Island,19671017,,20260417
Barrow_R78,W000323,Northern Carnarvon,L 1H,115.369707,-20.793761,West Australian Petroleum Pty Limited,DEV,P&S,Barrow Island,19671201,,20260417
Barrow_K36,W000362,Northern Carnarvon,L 1H,115.362238,-20.808922,West Australian Petroleum Pty Limited,DEV,Shut in,Barrow Island,19680302,,20260417
Barrow_K52M,W000136,Northern Carnarvon,LP-113H,115.346598,-20.816623,West Australian Petroleum Pty Limited,EXT,O,Barrow Island,19651205,19651211,20260417
Barrow_N52,W000137,Northern Carnarvon,LP-113H,115.438966,-20.815582,West Australian Petroleum Pty Limited,EXT,P&A,Barrow Island,19651213,19651222,20260417
Barrow_F76,W000142,Northern Carnarvon,LP-113H,115.393355,-20.85224,West Australian Petroleum Pty Limited,EXT,P&A,Barrow Island,19660202,19660212,20260417
Merlinleigh 3,W000152,Southern Carnarvon,PE-28H,115.00142,-24.485573,West Australian Petroleum Pty Limited,STR,P&A STR,,19660630,19660706,20260417
Merlinleigh 4,W000153,Southern Carnarvon,PE-28H,114.98565,-24.485573,West Australian Petroleum Pty Limited,STR,P&A STR,,19660706,19660710,20260417
Beharra 2,W000171,Perth,PE-228H,115.020907,-29.515417,French Petroleum Co (Australia) Pty Ltd,NFW,P&A,,19670111,19670128,20260417
Barrow_L54,W000175,Northern Carnarvon,L 1H,115.385332,-20.815652,West Australian Petroleum Pty Limited,DEV,O,Barrow Island,19670222,,20260417
Barrow_M63,W000188,Northern Carnarvon,L 1H,115.411973,-20.819566,West Australian Petroleum Pty Limited,DEV,O,Barrow Island,19670416,,20260417
Barrow_L83,W000199,Northern Carnarvon,L 1H,115.381264,-20.827077,West Australian Petroleum Pty Limited,DEV,O,Barrow Island,19670218,,20260417
Barrow_F21,W000211,Northern Carnarvon,L 1H,115.373369,-20.834079,West Australian Petroleum Pty Limited,DEV,O,Barrow Island,19670227,,20260417
Barrow_L61,W000223,Northern Carnarvon,L 1H,115.373332,-20.819507,West Australian Petroleum Pty Limited,DEV,O,Barrow Island,19670214,,20260417
Barrow_G72,W000258,Northern Carnarvon,L 1H,115.346639,-20.852498,West Australian Petroleum Pty Limited,DEV,O,Barrow Island,19670717,,20260417
Barrow_B14,W000261,Northern Carnarvon,L 1H,115.354192,-20.85923,West Australian Petroleum Pty Limited,DEV,O,Barrow Island,19670720,,20260417
Barrow_G65,W000262,Northern Carnarvon,L 1H,115.358252,-20.848396,West Australian Petroleum Pty Limited,DEV,O,Barrow Island,19670828,,20260417
Barrow_P45,W000266,Northern Carnarvon,L 1H,115.419722,-20.782952,West Australian Petroleum Pty Limited,DEV,O,Barrow Island,19670915,,20260417
Barrow_P25,W000267,Northern Carnarvon,L 1H,115.420022,-20.776199,West Australian Petroleum Pty Limited,DEV,O,Barrow Island,19670307,,20260417
Barrow_P14,W000281,Northern Carnarvon,L 1H,115.415893,-20.772082,West Australian Petroleum Pty Limited,DEV,O,Barrow Island,19670804,,20260417
Barrow_P21,W000301,Northern Carnarvon,L 1H,115.404433,-20.775799,West Australian Petroleum Pty Limited,DEV,O,Barrow Island,19671016,,20260417
Barrow_Q36,W000306,Northern Carnarvon,L 1H,115.393022,-20.779863,West Australian Petroleum Pty Limited,DEV,O,Barrow Island,19671004,,20260417
Barrow_T76,W000317,Northern Carnarvon,L 1H,115.408141,-20.765033,West Australian Petroleum Pty Limited,DEV,P&S,Barrow Island,19671104,,20260417
Glenroy 1,W000168,Northern Carnarvon,LP-174H,114.875881,-21.816604,West Australian Petroleum Pty Limited,NFW,P&A,,19661019,19661029,20260417
Beharra 1,W000169,Perth,LP-177H,115.013963,-29.484863,French Petroleum Co (Australia) Pty Ltd,NFW,P&A,,19661128,19661216,20260417
Barrow_L63,W000224,Northern Carnarvon,L 1H,115.381229,-20.819796,West Australian Petroleum Pty Limited,DEV,Shut in,Barrow Island,19670517,,20260417
Barrow_M21,W000228,Northern Carnarvon,L 1H,115.40437,-20.805276,West Australian Petroleum Pty Limited,DEV,O,Barrow Island,19670423,,20260417
Barrow_M25,W000229,Northern Carnarvon,L 1H,115.420091,-20.805212,West Australian Petroleum Pty Limited,DEV,O,Barrow Island,19670526,,20260417
Barrow_G52,W000252,Northern Carnarvon,L 1H,115.3466,-20.845104,West Australian Petroleum Pty Limited,DEV,O,Barrow Island,19670728,,20260417
Barrow_K81,W000253,Northern Carnarvon,L 1H,115.342214,-20.826769,West Australian Petroleum Pty Limited,DEV,O,Barrow Island,19670724,,20260417
Barrow_K76,W000260,Northern Carnarvon,L 1H,115.362036,-20.823201,West Australian Petroleum Pty Limited,DEV,O,Barrow Island,19670705,,20260417
Barrow_P36,W000275,Northern Carnarvon,L 1H,115.423476,-20.779834,West Australian Petroleum Pty Limited,DEV,P&A,Barrow Island,19670904,,20260417
Barrow_Q18,W000300,Northern Carnarvon,L 1H,115.400794,-20.772054,West Australian Petroleum Pty Limited,DEV,O,Barrow Island,19680404,,20260417
Barrow_Q43,W000305,Northern Carnarvon,L 1H,115.381304,-20.783471,West Australian Petroleum Pty Limited,DEV,O,Barrow Island,19671022,,20260417
Barrow_Q58,W000310,Northern Carnarvon,L 1H,115.399883,-20.786773,West Australian Petroleum Pty Limited,DEV,O,Barrow Island,19670929,,20260417
Barrow_Q16,W000318,Northern Carnarvon,L 1H,115.392847,-20.772211,West Australian Petroleum Pty Limited,DEV,O,Barrow Island,19671119,,20260417
Barrow_B25,W000328,Northern Carnarvon,L 1H,115.35788,-20.863195,West Australian Petroleum Pty Limited,DEV,O,Barrow Island,19671215,,20260417
Barrow_K18,W000330,Northern Carnarvon,L 1H,115.369943,-20.801224,West Australian Petroleum Pty Limited,DEV,Shut in,Barrow Island,19671205,,20260417
Barrow_K38,W000335,Northern Carnarvon,L 1H,115.369266,-20.808616,West Australian Petroleum Pty Limited,DEV,P&A,Barrow Island,19691220,,20260417
Barrow_K14,W000355,Northern Carnarvon,L 1H,115.353753,-20.802092,West Australian Petroleum Pty Limited,DEV,SUSP,Barrow Island,19680213,,20260417
Barrow_K43,W000364,Northern Carnarvon,L 1H,115.35021,-20.812073,West Australian Petroleum Pty Limited,DEV,O,Barrow Island,19680229,,20260417
Barrow_K65,W000369,Northern Carnarvon,L 1H,115.358324,-20.819659,West Australian Petroleum Pty Limited,DEV,O,Barrow Island,19680312,,20260417
Barrow_Q32,W000377,Northern Carnarvon,L 1H,115.37703,-20.779807,West Australian Petroleum Pty Limited,DEV,O,Barrow Island,19680401,,20260417
Barrow_F54M,W000174,Northern Carnarvon,L 1H,115.385262,-20.8448,West Australian Petroleum Pty Limited,DEV,P&S,Barrow Island,19680209,,20260417
Barrow_L85,W000177,Northern Carnarvon,LP-113H,115.38867,-20.82682,West Australian Petroleum Pty Limited,DEV,O,Barrow Island,19670328,,20260417
Barrow_F18,W000182,Northern Carnarvon,L 1H,115.400352,-20.830336,West Australian Petroleum Pty Limited,DEV,O,Barrow Island,19670227,,20260417
Barrow_M52,W000196,Northern Carnarvon,L 1H,115.408332,-20.815796,West Australian Petroleum Pty Limited,DEV,P&S,Barrow Island,19670416,,20260417
Barrow_M76,W000203,Northern Carnarvon,L 1H,115.423513,-20.823109,West Australian Petroleum Pty Limited,DEV,Shut in,Barrow Island,19670315,,20260417
Barrow_G38,W000204,Northern Carnarvon,L 1H,115.369752,-20.837931,West Australian Petroleum Pty Limited,DEV,O,Barrow Island,19670402,,20260417
Barrow_F14,W000209,Northern Carnarvon,LP-113H,115.385163,-20.830355,West Australian Petroleum Pty Limited,DEV,O,Barrow Island,19670124,,20260417
Barrow_G56,W000213,Northern Carnarvon,L 1H,115.362276,-20.84485,West Australian Petroleum Pty Limited,DEV,O,Barrow Island,19670129,,20260417
Barrow_L65,W000214,Northern Carnarvon,L 1H,115.388864,-20.819702,West Australian Petroleum Pty Limited,DEV,O,Barrow Island,19670329,,20260417
Barrow_K78,W000219,Northern Carnarvon,L 1H,115.369746,-20.823312,West Australian Petroleum Pty Limited,DEV,P&S,Barrow Island,19670307,,20260417
Barrow_M34,W000233,Northern Carnarvon,L 1H,115.415548,-20.80837,West Australian Petroleum Pty Limited,DEV,Shut in,Barrow Island,19670530,,20260417
Barrow_L58,W000234,Northern Carnarvon,L 1H,115.400507,-20.816199,West Australian Petroleum Pty Limited,DEV,O,Barrow Island,19670613,,20260417
Barrow_M45,W000239,Northern Carnarvon,L 1H,115.419404,-20.812244,West Australian Petroleum Pty Limited,DEV,O,Barrow Island,19670613,,20260417
Barrow_M16,W000243,Northern Carnarvon,L 1H,115.423589,-20.801494,West Australian Petroleum Pty Limited,DEV,Shut in,Barrow Island,19670624,,20260417
Barrow_G85,W000244,Northern Carnarvon,L 1H,115.358099,-20.856172,West Australian Petroleum Pty Limited,DEV,O,Barrow Island,19670627,,20260417
Barrow_M85,W000249,Northern Carnarvon,L 1H,115.420247,-20.826822,West Australian Petroleum Pty Limited,DEV,O,Barrow Island,19670708,,20260417
Barrow_L68,W000265,Northern Carnarvon,L 1H,115.400415,-20.819496,West Australian Petroleum Pty Limited,Service,Shut in,Barrow Island,19670831,,20260417
Barrow_K72,W000270,Northern Carnarvon,L 1H,115.346349,-20.823317,West Australian Petroleum Pty Limited,DEV,O,Barrow Island,19670807,,20260417
Barrow_G63,W000271,Northern Carnarvon,L 1H,115.35029,-20.848405,West Australian Petroleum Pty Limited,DEV,O,Barrow Island,19670817,,20260417
Barrow_P16,W000276,Northern Carnarvon,L 1H,115.423833,-20.772415,West Australian Petroleum Pty Limited,DEV,O,Barrow Island,19670904,,20260417
Kennedy Range 1,W000166,Southern Carnarvon,LP-153H,114.991767,-24.497245,West Australian Petroleum Pty Limited,NFW,P&A,,19661201,19670123,20260417
Barrow_M65,W000189,Northern Carnarvon,L 1H,115.420041,-20.819672,West Australian Petroleum Pty Limited,DEV,O,Barrow Island,19670409,,20260417
Barrow_L67,W000195,Northern Carnarvon,L 1H,115.396718,-20.8194,West Australian Petroleum Pty Limited,DEV,O,Barrow Island,19670503,,20260417
Barrow_G27,W000207,Northern Carnarvon,L 1H,115.365609,-20.83432,West Australian Petroleum Pty Limited,DEV,O,Barrow Island,19670125,,20260417
Barrow_G47,W000217,Northern Carnarvon,L 1H,115.365799,-20.841251,West Australian Petroleum Pty Limited,DEV,O,Barrow Island,19670319,,20260417
Barrow_G87,W000220,Northern Carnarvon,L 1H,115.365733,-20.856163,West Australian Petroleum Pty Limited,DEV,O,Barrow Island,19670110,,20260417
Barrow_F23,W000221,Northern Carnarvon,L 1H,115.381116,-20.834116,West Australian Petroleum Pty Limited,DEV,O,Barrow Island,19670217,,20260417
Barrow_L56,W000226,Northern Carnarvon,L 1H,115.393719,-20.816156,West Australian Petroleum Pty Limited,DEV,O,Barrow Island,19670517,,20260417
Barrow_M23,W000237,Northern Carnarvon,L 1H,115.412074,-20.804878,West Australian Petroleum Pty Limited,DEV,O,Barrow Island,19670611,,20260417
Barrow_G81,W000247,Northern Carnarvon,L 1H,115.342824,-20.855944,West Australian Petroleum Pty Limited,DEV,P&S,Barrow Island,19670628,,20260417
Barrow_H78,W000254,Northern Carnarvon,L 1H,115.338891,-20.852413,West Australian Petroleum Pty Limited,DEV,O,Barrow Island,19670724,,20260417
Barrow_G54,W000259,Northern Carnarvon,L 1H,115.354318,-20.845145,West Australian Petroleum Pty Limited,DEV,O,Barrow Island,19670705,,20260417
Barrow_B15,W000268,Northern Carnarvon,L 1H,115.357617,-20.859801,West Australian Petroleum Pty Limited,DEV,O,Barrow Island,19670822,,20260417
Barrow_G23,W000287,Northern Carnarvon,L 1H,115.350509,-20.833759,West Australian Petroleum Pty Limited,DEV,O,Barrow Island,19670806,,20260417
Barrow_P52,W000307,Northern Carnarvon,L 1H,115.407939,-20.786705,West Australian Petroleum Pty Limited,DEV,O,Barrow Island,19671003,,20260417
Barrow_Q38,W000308,Northern Carnarvon,L 1H,115.400503,-20.779516,West Australian Petroleum Pty Limited,DEV,O,Barrow Island,19671006,,20260417
Barrow_T85,W000311,Northern Carnarvon,L 1H,115.404142,-20.76871,West Australian Petroleum Pty Limited,DEV,P&A,Barrow Island,19671107,,20260417
Barrow_Q34,W000316,Northern Carnarvon,L 1H,115.384862,-20.779639,West Australian Petroleum Pty Limited,DEV,P&S,Barrow Island,19671104,,20260417
Barrow_B32,W000320,Northern Carnarvon,L 1H,115.34644,-20.866849,West Australian Petroleum Pty Limited,DEV,Shut in,Barrow Island,19671128,,20260417
Barrow_K27,W000321,Northern Carnarvon,L 1H,115.365875,-20.805184,West Australian Petroleum Pty Limited,DEV,O,Barrow Island,19671122,,20260417
Barrow_G67,W000176,Northern Carnarvon,L 1H,115.365506,-20.848783,West Australian Petroleum Pty Limited,DEV,O,Barrow Island,19661209,,20260417
Barrow_F16,W000180,Northern Carnarvon,L 1H,115.392739,-20.830311,West Australian Petroleum Pty Limited,DEV,O,Barrow Island,19670106,,20260417
Barrow_F32,W000181,Northern Carnarvon,L 1H,115.377331,-20.837954,West Australian Petroleum Pty Limited,DEV,O,Barrow Island,19670324,,20260417
Barrow_M81,W000185,Northern Carnarvon,L 1H,115.40417,-20.826654,West Australian Petroleum Pty Limited,DEV,O,Barrow Island,19670113,,20260417
Barrow_M32,W000193,Northern Carnarvon,L 1H,115.408367,-20.808722,West Australian Petroleum Pty Limited,DEV,P&S,Barrow Island,19670508,,20260417
Barrow_M72,W000197,Northern Carnarvon,L 1H,115.408199,-20.823058,West Australian Petroleum Pty Limited,DEV,P&S,Barrow Island,19670109,,20260417
Barrow_L76,W000208,Northern Carnarvon,L 1H,115.393574,-20.823049,West Australian Petroleum Pty Limited,DEV,O,Barrow Island,19661214,,20260417
Barrow_E21,W000218,Northern Carnarvon,L 1H,115.40459,-20.834066,West Australian Petroleum Pty Limited,DEV,O,Barrow Island,19670324,,20260417
Barrow_M36,W000238,Northern Carnarvon,L 1H,115.423859,-20.808778,West Australian Petroleum Pty Limited,DEV,Shut in,Barrow Island,19670608,,20260417
Barrow_A18,W000248,Northern Carnarvon,L 1H,115.338889,-20.85973,West Australian Petroleum Pty Limited,DEV,O,Barrow Island,19670629,,20260417
Barrow_G32,W000255,Northern Carnarvon,L 1H,115.346212,-20.837801,West Australian Petroleum Pty Limited,DEV,O,Barrow Island,19680708,,20260417
Barrow_G41,W000272,Northern Carnarvon,L 1H,115.342538,-20.841286,West Australian Petroleum Pty Limited,DEV,O,Barrow Island,19670827,,20260417
Barrow_G84,W000277,Northern Carnarvon,L 1H,115.354091,-20.855655,West Australian Petroleum Pty Limited,DEV,Shut in,Barrow Island,19670831,,20260417
Barrow_H18,W000288,Northern Carnarvon,L 1H,115.33875,-20.83095,West Australian Petroleum Pty Limited,DEV,P&S,Barrow Island,19670804,,20260417
Barrow_P43,W000293,Northern Carnarvon,L 1H,115.411964,-20.783286,West Australian Petroleum Pty Limited,DEV,O,Barrow Island,19670923,,20260417
Barrow_P56,W000294,Northern Carnarvon,L 1H,115.423186,-20.787434,West Australian Petroleum Pty Limited,DEV,Shut in,Barrow Island,19671029,,20260417
Barrow_Q27,W000302,Northern Carnarvon,L 1H,115.396762,-20.775841,West Australian Petroleum Pty Limited,DEV,Shut in,Barrow Island,19670928,,20260417
Barrow_P47,W000312,Northern Carnarvon,L 1H,115.426832,-20.783015,West Australian Petroleum Pty Limited,DEV,O,Barrow Island,19671116,,20260417
Barrow_L12,W000344,Northern Carnarvon,L 1H,115.377031,-20.801295,West Australian Petroleum Pty Limited,DEV,Shut in,Barrow Island,19680116,,20260417
Barrow_L38,W000345,Northern Carnarvon,L 1H,115.400762,-20.808463,West Australian Petroleum Pty Limited,DEV,Shut in,Barrow Island,19680113,,20260417
Barrow_L72,W000198,Northern Carnarvon,L 1H,115.376304,-20.822847,West Australian Petroleum Pty Limited,DEV,O,Barrow Island,19670116,,20260417
Barrow_F41,W000201,Northern Carnarvon,L 1H,115.373731,-20.841391,West Australian Petroleum Pty Limited,DEV,O,Barrow Island,19670406,,20260417
Barrow_E12,W000202,Northern Carnarvon,L 1H,115.408219,-20.830328,West Australian Petroleum Pty Limited,DEV,Shut in,Barrow Island,19670410,,20260417
Barrow_F43,W000206,Northern Carnarvon,L 1H,115.381171,-20.841476,West Australian Petroleum Pty Limited,DEV,O,Barrow Island,19670321,,20260417
Barrow_K87,W000212,Northern Carnarvon,L 1H,115.36571,-20.826668,West Australian Petroleum Pty Limited,DEV,O,Barrow Island,19670405,,20260417
Barrow_L74,W000216,Northern Carnarvon,L 1H,115.384583,-20.823377,West Australian Petroleum Pty Limited,DEV,Shut in,Barrow Island,19670312,,20260417
Barrow_L47,W000227,Northern Carnarvon,L 1H,115.396644,-20.81241,West Australian Petroleum Pty Limited,DEV,O,Barrow Island,19670514,,20260417
Barrow_M67,W000231,Northern Carnarvon,L 1H,115.426598,-20.819279,West Australian Petroleum Pty Limited,DEV,Shut in,Barrow Island,19670527,,20260417
Barrow_M43,W000232,Northern Carnarvon,L 1H,115.411932,-20.812345,West Australian Petroleum Pty Limited,DEV,O,Barrow Island,19670602,,20260417
Barrow_M12,W000236,Northern Carnarvon,L 1H,115.408171,-20.801574,West Australian Petroleum Pty Limited,DEV,P&S,Barrow Island,19670605,,20260417
Barrow_M56,W000241,Northern Carnarvon,L 1H,115.423908,-20.815875,West Australian Petroleum Pty Limited,DEV,P&S,Barrow Island,19670617,,20260417
Barrow_P85,W000242,Northern Carnarvon,L 1H,115.420007,-20.797755,West Australian Petroleum Pty Limited,DEV,O,Barrow Island,19670624,,20260417
Barrow_P83,W000246,Northern Carnarvon,L 1H,115.412373,-20.79758,West Australian Petroleum Pty Limited,DEV,O,Barrow Island,19670620,,20260417
Barrow_T87,W000274,Northern Carnarvon,L 1H,115.412329,-20.76902,West Australian Petroleum Pty Limited,DEV,O,Barrow Island,19670831,,20260417
Barrow_G43,W000278,Northern Carnarvon,L 1H,115.350264,-20.841204,West Australian Petroleum Pty Limited,DEV,O,Barrow Island,19670819,,20260417
Barrow_K83,W000279,Northern Carnarvon,L 1H,115.350172,-20.826784,West Australian Petroleum Pty Limited,DEV,O,Barrow Island,19670922,,20260417
Barrow_H58,W000282,Northern Carnarvon,L 1H,115.33891,-20.844968,West Australian Petroleum Pty Limited,DEV,P&S,Barrow Island,19670814,,20260417
Barrow_G25,W000286,Northern Carnarvon,L 1H,115.357822,-20.834227,West Australian Petroleum Pty Limited,DEV,O,Barrow Island,19670816,,20260417
Barrow_G21,W000290,Northern Carnarvon,L 1H,115.342786,-20.834264,West Australian Petroleum Pty Limited,DEV,O,Barrow Island,19670925,,20260417
Barrow_Q25,W000295,Northern Carnarvon,L 1H,115.388574,-20.775831,West Australian Petroleum Pty Limited,DEV,O,Barrow Island,19671020,,20260417
Barrow_F25,W000192,Northern Carnarvon,LP-113H,115.389048,-20.834005,West Australian Petroleum Pty Limited,DEV,O,Barrow Island,19670511,,20260417
Barrow_M41,W000194,Northern Carnarvon,L 1H,115.404482,-20.812483,West Australian Petroleum Pty Limited,DEV,O,Barrow Island,19670425,,20260417
Barrow_G78,W000200,Northern Carnarvon,L 1H,115.369516,-20.852569,West Australian Petroleum Pty Limited,DEV,O,Barrow Island,19670218,19670221,20260417
Barrow_M83,W000205,Northern Carnarvon,L 1H,115.411894,-20.827107,West Australian Petroleum Pty Limited,DEV,O,Barrow Island,19670102,,20260417
Barrow_F12,W000210,Northern Carnarvon,L 1H,115.37725,-20.830346,West Australian Petroleum Pty Limited,DEV,O,Barrow Island,19670201,,20260417
Barrow_L87,W000215,Northern Carnarvon,L 1H,115.397142,-20.826796,West Australian Petroleum Pty Limited,DEV,O,Barrow Island,19661204,,20260417
Barrow_R76,W000230,Northern Carnarvon,L 1H,115.362861,-20.792928,West Australian Petroleum Pty Limited,DEV,Shut in,Barrow Island,19670531,,20260417
Barrow_G57,W000235,Northern Carnarvon,L 1H,115.365928,-20.845091,West Australian Petroleum Pty Limited,DEV,O,Barrow Island,19670604,,20260417
Barrow_M14,W000240,Northern Carnarvon,L 1H,115.416115,-20.801748,West Australian Petroleum Pty Limited,DEV,Shut in,Barrow Island,19670614,,20260417
Barrow_G45,W000245,Northern Carnarvon,L 1H,115.358135,-20.841319,West Australian Petroleum Pty Limited,DEV,O,Barrow Island,19670620,,20260417
Barrow_K85,W000257,Northern Carnarvon,L 1H,115.357989,-20.827129,West Australian Petroleum Pty Limited,DEV,P&S,Barrow Island,19670712,,20260417
Barrow_B23,W000273,Northern Carnarvon,L 1H,115.350353,-20.863438,West Australian Petroleum Pty Limited,DEV,O,Barrow Island,19670907,,20260417
Barrow_Q45,W000280,Northern Carnarvon,L 1H,115.388969,-20.782915,West Australian Petroleum Pty Limited,DEV,P&S,Barrow Island,19670919,,20260417
Barrow_G34,W000285,Northern Carnarvon,L 1H,115.35429,-20.837921,West Australian Petroleum Pty Limited,DEV,O,Barrow Island,19670810,,20260417
Barrow_P72,W000291,Northern Carnarvon,L 1H,115.408602,-20.794166,West Australian Petroleum Pty Limited,DEV,P&S,Barrow Island,19671029,,20260417
Barrow_P27,W000292,Northern Carnarvon,L 1H,115.426767,-20.775986,West Australian Petroleum Pty Limited,DEV,P&S,Barrow Island,19671009,,20260417
Barrow_P67,W000296,Northern Carnarvon,L 1H,115.426602,-20.790419,West Australian Petroleum Pty Limited,DEV,P&S,Barrow Island,19671015,,20260417
Barrow_Q47,W000299,Northern Carnarvon,L 1H,115.397063,-20.783118,West Australian Petroleum Pty Limited,DEV,O,Barrow Island,19671021,,20260417
Barrow_Q56,W000315,Northern Carnarvon,L 1H,115.392573,-20.786912,West Australian Petroleum Pty Limited,DEV,O,Barrow Island,19671101,,20260417
Barrow_K47,W000325,Northern Carnarvon,L 1H,115.365919,-20.812095,West Australian Petroleum Pty Limited,DEV,O,Barrow Island,19671104,,20260417
Barrow_R58,W000365,Northern Carnarvon,L 1H,115.370299,-20.786622,West Australian Petroleum Pty Limited,DEV,Shut in,Barrow Island,19680315,,20260417
Barrow_K67,W000370,Northern Carnarvon,L 1H,115.365571,-20.819564,West Australian Petroleum Pty Limited,DEV,O,Barrow Island,19680323,,20260417
Barrow_B41,W000371,Northern Carnarvon,L 1H,115.342048,-20.868917,West Australian Petroleum Pty Limited,DEV,P&S,Barrow Island,19680322,,20260417
Barrow_Q41,W000376,Northern Carnarvon,L 1H,115.373582,-20.783306,West Australian Petroleum Pty Limited,DEV,O,Barrow Island,19680328,,20260417
Barrow_G86,W000380,Northern Carnarvon,L 1H,115.362014,-20.856099,West Australian Petroleum Pty Limited,DEV,O,Barrow Island,19680419,,20260417
Barrow_F51,W000406,Northern Carnarvon,L 1H,115.373725,-20.84509,West Australian Petroleum Pty Limited,DEV,O,Barrow Island,19680629,19680710,20260417
Barrow_WSW2A,W000409,Northern Carnarvon,L 1H,115.350415,-20.836687,West Australian Petroleum Pty Limited,DEV,SUSP,Barrow Island,19680817,,20260417
Barrow_G51,W000413,Northern Carnarvon,L 1H,115.342715,-20.844931,West Australian Petroleum Pty Limited,DEV,P&S,Barrow Island,19681123,,20260417
Barrow_H37,W000414,Northern Carnarvon,L 1H,115.334253,-20.837864,West Australian Petroleum Pty Limited,DEV,P&A,Barrow Island,19681126,,20260417
Barrow_H17,W000415,Northern Carnarvon,L 1H,115.334819,-20.830289,West Australian Petroleum Pty Limited,DEV,P&S,Barrow Island,19681128,,20260417
Barrow_L53,W000423,Northern Carnarvon,L 1H,115.381219,-20.815755,West Australian Petroleum Pty Limited,DEV,O,Barrow Island,19681217,,20260417
Barrow_L71,W000424,Northern Carnarvon,L 1H,115.373328,-20.823269,West Australian Petroleum Pty Limited,DEV,SUSP,Barrow Island,19681220,,20260417
Barrow_L73,W000425,Northern Carnarvon,L 1H,115.381112,-20.822902,West Australian Petroleum Pty Limited,DEV,O,Barrow Island,19681223,,20260417
Barrow_G28M,W000434,Northern Carnarvon,L 1H,115.370078,-20.834109,West Australian Petroleum Pty Limited,DEV,O,Barrow Island,19690116,,20260417
Barrow_L77,W000443,Northern Carnarvon,L 1H,115.39724,-20.823316,West Australian Petroleum Pty Limited,DEV,O,Barrow Island,19690212,,20260417
Barrow_L75,W000445,Northern Carnarvon,L 1H,115.388807,-20.82316,West Australian Petroleum Pty Limited,DEV,P&A,Barrow Island,19690206,,20260417
Barrow_G48,W000450,Northern Carnarvon,L 1H,115.369162,-20.841037,West Australian Petroleum Pty Limited,DEV,O,Barrow Island,19690224,,20260417
Barrow_M73,W000457,Northern Carnarvon,L 1H,115.411843,-20.822681,West Australian Petroleum Pty Limited,DEV,Shut in,Barrow Island,19690316,,20260417
Barrow_M57,W000458,Northern Carnarvon,L 1H,115.427856,-20.815537,West Australian Petroleum Pty Limited,DEV,P&A,Barrow Island,19690306,,20260417
Barrow_M71,W000461,Northern Carnarvon,L 1H,115.404122,-20.823085,West Australian Petroleum Pty Limited,DEV,Shut in,Barrow Island,19690302,,20260417
Barrow_G31,W000392,Northern Carnarvon,L 1H,115.342761,-20.838038,West Australian Petroleum Pty Limited,DEV,O,Barrow Island,19680515,,20260417
Barrow_A17,W000393,Northern Carnarvon,L 1H,115.334896,-20.859724,West Australian Petroleum Pty Limited,DEV,O,Barrow Island,19680614,,20260417
Barrow_G35,W000401,Northern Carnarvon,L 1H,115.358117,-20.83771,West Australian Petroleum Pty Limited,DEV,O,Barrow Island,19680625,,20260417
Barrow_F31,W000408,Northern Carnarvon,L 1H,115.373791,-20.837766,West Australian Petroleum Pty Limited,WSW,O,Barrow Island,19680802,,20260417
Barrow_G17,W000417,Northern Carnarvon,L 1H,115.365698,-20.830861,West Australian Petroleum Pty Limited,DEV,P&S,Barrow Island,19681119,,20260417
Barrow_G11,W000427,Northern Carnarvon,L 1H,115.342721,-20.830574,West Australian Petroleum Pty Limited,DEV,Shut in,Barrow Island,19681211,,20260417
Barrow_G66,W000437,Northern Carnarvon,L 1H,115.362097,-20.848986,West Australian Petroleum Pty Limited,DEV,P&S,Barrow Island,19690112,,20260417
Barrow_M33,W000444,Northern Carnarvon,L 1H,115.41204,-20.808215,West Australian Petroleum Pty Limited,DEV,P&S,Barrow Island,19690130,,20260417
Barrow_G88,W000469,Northern Carnarvon,L 1H,115.370801,-20.8569,West Australian Petroleum Pty Limited,DEV,O,Barrow Island,19690415,,20260417
Barrow_P55,W000476,Northern Carnarvon,L 1H,115.420606,-20.78687,West Australian Petroleum Pty Limited,DEV,Shut in,Barrow Island,19690427,,20260417
Barrow_K66,W000480,Northern Carnarvon,L 1H,115.361282,-20.819534,West Australian Petroleum Pty Limited,DEV,O,Barrow Island,19690512,,20260417
Barrow_P37,W000484,Northern Carnarvon,L 1H,115.427777,-20.779612,West Australian Petroleum Pty Limited,DEV,O,Barrow Island,19690510,,20260417
Barrow_K55,W000517,Northern Carnarvon,L 1H,115.358129,-20.81623,West Australian Petroleum Pty Limited,DEV,Shut in,Barrow Island,19690727,,20260417
Barrow_K17,W000526,Northern Carnarvon,L 1H,115.365809,-20.800826,West Australian Petroleum Pty Limited,DEV,Shut in,Barrow Island,19690706,,20260417
Barrow_M26,W000527,Northern Carnarvon,L 1H,115.423332,-20.804873,West Australian Petroleum Pty Limited,DEV,P&S,Barrow Island,19690810,,20260417
Barrow_P46,W000536,Northern Carnarvon,L 1H,115.42339,-20.783125,West Australian Petroleum Pty Limited,DEV,O,Barrow Island,19690826,,20260417
Barrow_K46,W000545,Northern Carnarvon,L 1H,115.362076,-20.81257,West Australian Petroleum Pty Limited,DEV,O,Barrow Island,19690923,,20260417
Barrow_WSW1A,W000551,Northern Carnarvon,L 1H,115.351882,-20.858039,West Australian Petroleum Pty Limited,WSW,P&S,Barrow Island,19680526,,20260417
Barrow_K26,W000565,Northern Carnarvon,L 1H,115.361782,-20.805226,West Australian Petroleum Pty Limited,DEV,P&S,Barrow Island,19691009,,20260417
Barrow_L22,W000571,Northern Carnarvon,L 1H,115.377562,-20.805132,West Australian Petroleum Pty Limited,DEV,O,Barrow Island,19690919,,20260417
Barrow_K25,W000331,Northern Carnarvon,L 1H,115.358216,-20.805202,West Australian Petroleum Pty Limited,DEV,P&S,Barrow Island,19671209,,20260417
Barrow_F38,W000334,Northern Carnarvon,L 1H,115.39944,-20.838312,West Australian Petroleum Pty Limited,DEV,Shut in,Barrow Island,19671227,,20260417
Barrow_P58,W000336,Northern Carnarvon,L 1H,115.430515,-20.78698,West Australian Petroleum Pty Limited,DEV,P&S,Barrow Island,19671230,,20260417
Barrow_R85,W000339,Northern Carnarvon,L 1H,115.357925,-20.797539,West Australian Petroleum Pty Limited,DEV,O,Barrow Island,19671230,,20260417
Barrow_K16,W000351,Northern Carnarvon,L 1H,115.361795,-20.801674,West Australian Petroleum Pty Limited,DEV,Shut in,Barrow Island,19680126,,20260417
Barrow_Q78,W000356,Northern Carnarvon,L 1H,115.400937,-20.794176,West Australian Petroleum Pty Limited,DEV,P&S,Barrow Island,19680223,,20260417
Barrow_B11,W000378,Northern Carnarvon,L 1H,115.342602,-20.859229,West Australian Petroleum Pty Limited,DEV,Shut in,Barrow Island,19680405,,20260417
Barrow_G71,W000388,Northern Carnarvon,L 1H,115.342652,-20.852639,West Australian Petroleum Pty Limited,DEV,Shut in,Barrow Island,19680427,,20260417
Barrow_F33,W000407,Northern Carnarvon,L 1H,115.381025,-20.837593,West Australian Petroleum Pty Limited,DEV,O,Barrow Island,19680730,,20260417
Barrow_G37,W000411,Northern Carnarvon,L 1H,115.365695,-20.83743,West Australian Petroleum Pty Limited,DEV,O,Barrow Island,19690331,,20260417
Barrow_H57,W000418,Northern Carnarvon,L 1H,115.334811,-20.844907,West Australian Petroleum Pty Limited,DEV,P&S,Barrow Island,19681130,,20260417
Barrow_K75,W000421,Northern Carnarvon,L 1H,115.357921,-20.823378,West Australian Petroleum Pty Limited,DEV,O,Barrow Island,19681125,,20260417
Barrow_F22M,W000428,Northern Carnarvon,L 1H,115.377849,-20.833865,West Australian Petroleum Pty Limited,DEV,O,Barrow Island,19681206,,20260417
Barrow_F17,W000431,Northern Carnarvon,L 1H,115.396457,-20.830414,West Australian Petroleum Pty Limited,DEV,O,Barrow Island,19681228,,20260417
Barrow_E11,W000438,Northern Carnarvon,L 1H,115.404633,-20.830528,West Australian Petroleum Pty Limited,DEV,Shut in,Barrow Island,19690121,,20260417
Barrow_F35,W000449,Northern Carnarvon,L 1H,115.388958,-20.837249,West Australian Petroleum Pty Limited,DEV,Shut in,Barrow Island,19690213,,20260417
Barrow L82M,W000456,Northern Carnarvon,L 1H,115.41164,-20.822566,West Australian Petroleum Pty Limited,DEV,O,Barrow Island,19690221,,20260417
Barrow_G68,W000464,Northern Carnarvon,L 1H,115.369264,-20.848382,West Australian Petroleum Pty Limited,DEV,O,Barrow Island,19690326,,20260417
Barrow_P15,W000482,Northern Carnarvon,L 1H,115.419974,-20.772795,West Australian Petroleum Pty Limited,DEV,O,Barrow Island,19690509,,20260417
Barrow_P35,W000483,Northern Carnarvon,L 1H,115.420136,-20.779473,West Australian Petroleum Pty Limited,DEV,Shut in,Barrow Island,19690515,,20260417
Barrow_H47,W000283,Northern Carnarvon,L 1H,115.335037,-20.841359,West Australian Petroleum Pty Limited,DEV,O,Barrow Island,19670810,,20260417
Barrow_G61,W000284,Northern Carnarvon,L 1H,115.342855,-20.848345,West Australian Petroleum Pty Limited,DEV,O,Barrow Island,19670813,,20260417
Barrow_G14,W000289,Northern Carnarvon,L 1H,115.353993,-20.830421,West Australian Petroleum Pty Limited,DEV,O,Barrow Island,19670801,,20260417
Barrow_P63,W000298,Northern Carnarvon,L 1H,115.411984,-20.790327,West Australian Petroleum Pty Limited,DEV,Shut in,Barrow Island,19671012,,20260417
Barrow_P54,W000303,Northern Carnarvon,L 1H,115.416016,-20.786605,West Australian Petroleum Pty Limited,DEV,O,Barrow Island,19671002,,20260417
Barrow_Q54,W000313,Northern Carnarvon,L 1H,115.384904,-20.787315,West Australian Petroleum Pty Limited,DEV,P&S,Barrow Island,19671109,,20260417
Barrow_R87,W000324,Northern Carnarvon,L 1H,115.365327,-20.798053,West Australian Petroleum Pty Limited,DEV,O,Barrow Island,19671203,,20260417
Barrow_E16,W000329,Northern Carnarvon,L 1H,115.423823,-20.830715,West Australian Petroleum Pty Limited,DEV,P&S,Barrow Island,19671212,,20260417
Barrow_K56,W000340,Northern Carnarvon,L 1H,115.361848,-20.815796,West Australian Petroleum Pty Limited,DEV,P&S,Barrow Island,19680105,,20260417
Barrow_B36,W000341,Northern Carnarvon,L 1H,115.361821,-20.866898,West Australian Petroleum Pty Limited,DEV,P&A,Barrow Island,19680111,,20260417
Barrow_P81,W000346,Northern Carnarvon,L 1H,115.404168,-20.797793,West Australian Petroleum Pty Limited,DEV,P&S,Barrow Island,19680107,,20260417
Barrow_L36,W000353,Northern Carnarvon,L 1H,115.393182,-20.808695,West Australian Petroleum Pty Limited,DEV,O,Barrow Island,19680119,,20260417
Barrow_K41,W000367,Northern Carnarvon,L 1H,115.342953,-20.812387,West Australian Petroleum Pty Limited,DEV,O,Barrow Island,19680309,,20260417
Barrow_K58,W000368,Northern Carnarvon,L 1H,115.370005,-20.816001,West Australian Petroleum Pty Limited,DEV,P&S,Barrow Island,19680315,,20260417
Barrow_B33,W000381,Northern Carnarvon,L 1H,115.35088,-20.865464,West Australian Petroleum Pty Limited,DEV,P&S,Barrow Island,19680425,,20260417
Barrow_B13,W000386,Northern Carnarvon,L 1H,115.350226,-20.85981,West Australian Petroleum Pty Limited,DEV,O,Barrow Island,19680429,,20260417
Barrow_G33,W000402,Northern Carnarvon,L 1H,115.35012,-20.837937,West Australian Petroleum Pty Limited,DEV,O,Barrow Island,19680809,,20260417
Barrow_F62M,W000410,Northern Carnarvon,L 1H,115.377531,-20.848882,West Australian Petroleum Pty Limited,DEV,P&S,Barrow Island,19680814,,20260417
Barrow_G13,W000420,Northern Carnarvon,L 1H,115.350248,-20.830022,West Australian Petroleum Pty Limited,DEV,P&A,Barrow Island,19681208,,20260417
Barrow_F15,W000430,Northern Carnarvon,L 1H,115.389687,-20.830534,West Australian Petroleum Pty Limited,DEV,Shut in,Barrow Island,19681231,,20260417
Barrow_B34,W000326,Northern Carnarvon,L 1H,115.354129,-20.866164,West Australian Petroleum Pty Limited,DEV,P&S,Barrow Island,19671125,,20260417
Barrow_K45,W000332,Northern Carnarvon,L 1H,115.358384,-20.812368,West Australian Petroleum Pty Limited,DEV,O,Barrow Island,19671227,,20260417
Barrow_A38,W000337,Northern Carnarvon,L 1H,115.339518,-20.866862,West Australian Petroleum Pty Limited,DEV,P&S,Barrow Island,19680103,,20260417
Barrow_L21,W000338,Northern Carnarvon,L 1H,115.373462,-20.805416,West Australian Petroleum Pty Limited,DEV,O,Barrow Island,19680104,,20260417
Barrow_K63,W000343,Northern Carnarvon,L 1H,115.350036,-20.819368,West Australian Petroleum Pty Limited,DEV,SUSP,Barrow Island,19680119,,20260417
Barrow_K12,W000357,Northern Carnarvon,L 1H,115.346504,-20.801045,West Australian Petroleum Pty Limited,DEV,P&S,Barrow Island,19680213,,20260417
Barrow_K54,W000358,Northern Carnarvon,L 1H,115.354563,-20.816169,West Australian Petroleum Pty Limited,DEV,P&A,Barrow Island,19680216,,20260417
Barrow_G75,W000383,Northern Carnarvon,L 1H,115.357855,-20.852242,West Australian Petroleum Pty Limited,DEV,O,Barrow Island,19680420,,20260417
Barrow_A27,W000394,Northern Carnarvon,L 1H,115.334875,-20.864173,West Australian Petroleum Pty Limited,DEV,O,Barrow Island,19680503,,20260417
Barrow_H77,W000395,Northern Carnarvon,L 1H,115.334661,-20.852023,West Australian Petroleum Pty Limited,DEV,Shut in,Barrow Island,19680516,,20260417
Barrow_G55,W000399,Northern Carnarvon,L 1H,115.358175,-20.845339,West Australian Petroleum Pty Limited,DEV,P&A,Barrow Island,19680710,,20260417
Barrow_H87,W000404,Northern Carnarvon,L 1H,115.334946,-20.85622,West Australian Petroleum Pty Limited,DEV,O,Barrow Island,19680722,,20260417
Barrow_G15,W000416,Northern Carnarvon,L 1H,115.358379,-20.830527,West Australian Petroleum Pty Limited,DEV,Shut in,Barrow Island,19681123,,20260417
Barrow_K71,W000419,Northern Carnarvon,L 1H,115.342455,-20.823517,West Australian Petroleum Pty Limited,DEV,Shut in,Barrow Island,19681211,,20260417
Barrow_F11,W000426,Northern Carnarvon,L 1H,115.373365,-20.830498,West Australian Petroleum Pty Limited,DEV,Shut in,Barrow Island,19681203,,20260417
Barrow_K73,W000429,Northern Carnarvon,L 1H,115.349976,-20.823244,West Australian Petroleum Pty Limited,DEV,P&S,Barrow Island,19681227,,20260417
Barrow_G46,W000436,Northern Carnarvon,L 1H,115.362191,-20.84114,West Australian Petroleum Pty Limited,DEV,O,Barrow Island,19690123,,20260417
Barrow_E31,W000441,Northern Carnarvon,L 1H,115.404278,-20.837882,West Australian Petroleum Pty Limited,DEV,Shut in,Barrow Island,19690209,,20260417
Barrow_M37,W000463,Northern Carnarvon,L 1H,115.427768,-20.808471,West Australian Petroleum Pty Limited,DEV,Shut in,Barrow Island,19690302,,20260417
Barrow_F44,W000465,Northern Carnarvon,L 1H,115.385372,-20.841588,West Australian Petroleum Pty Limited,DEV,O,Barrow Island,19690326,19690330,20260417
Barrow_P51,W000485,Northern Carnarvon,L 1H,115.404747,-20.786918,West Australian Petroleum Pty Limited,DEV,O,Barrow Island,19690502,,20260417
Barrow_P75,W000489,Northern Carnarvon,L 1H,115.419619,-20.794246,West Australian Petroleum Pty Limited,DEV,Shut in,Barrow Island,19690505,,20260417
Barrow_P68,W000498,Northern Carnarvon,L 1H,115.431482,-20.79106,West Australian Petroleum Pty Limited,DEV,Shut in,Barrow Island,19690522,,20260417
Barrow_M66,W000505,Northern Carnarvon,L 1H,115.423215,-20.819527,West Australian Petroleum Pty Limited,DEV,P&S,Barrow Island,19690618,,20260417
Barrow_M42,W000512,Northern Carnarvon,L 1H,115.408472,-20.812091,West Australian Petroleum Pty Limited,DEV,O,Barrow Island,19690709,,20260417
Barrow_P42,W000513,Northern Carnarvon,L 1H,115.40778,-20.783185,West Australian Petroleum Pty Limited,DEV,O,Barrow Island,19690525,,20260417
Barrow_M46,W000518,Northern Carnarvon,L 1H,115.423363,-20.812059,West Australian Petroleum Pty Limited,DEV,O,Barrow Island,19690711,,20260417
Barrow_P32,W000519,Northern Carnarvon,L 1H,115.408042,-20.77956,West Australian Petroleum Pty Limited,DEV,Shut in,Barrow Island,19690714,,20260417
Barrow_Q76,W000550,Northern Carnarvon,L 1H,115.392565,-20.794246,West Australian Petroleum Pty Limited,WSW,O,Barrow Island,19680525,,20260417
Barrow_WSW4A,W000554,Northern Carnarvon,L 1H,115.41409,-20.816509,West Australian Petroleum Pty Limited,DEV,P&S,Barrow Island,19691015,,20260417
Barrow_L13,W000570,Northern Carnarvon,L 1H,115.381596,-20.801049,West Australian Petroleum Pty Limited,DEV,Shut in,Barrow Island,19691012,,20260417
Barrow_L62M,W000580,Northern Carnarvon,L 1H,115.377482,-20.819652,West Australian Petroleum Pty Limited,DEV,O,Barrow Island,19691115,,20260417
Barrow_Q77,W000629,Northern Carnarvon,L 1H,115.396305,-20.793967,West Australian Petroleum Pty Limited,DEV,O,Barrow Island,19700310,,20260417
Barrow_R73,W000651,Northern Carnarvon,L 1H,115.350653,-20.794588,West Australian Petroleum Pty Limited,DEV,Shut in,Barrow Island,19700107,,20260417
Airlie 1,W000672,Northern Carnarvon,LP-163H,115.168566,-21.325063,West Australian Petroleum Pty Limited,STR,P&A STR,,19670911,19671006,20260417
North Erregulla 1,W000676,Perth,LP-150H,115.327567,-29.244304,West Australian Petroleum Pty Limited,NFW,P&A OS,,19671004,19671125,20260417
Bookara 2,W000677,Perth,PE-27H,114.911455,-29.166251,West Australian Petroleum Pty Limited,STR,P&A STR,,19670819,19670912,20260417
Peak 1,W000680,Northern Carnarvon,LP-191H,114.509397,-21.604813,West Australian Petroleum Pty Limited,STR,P&A STR,,19671017,19671125,20260417
Chargoo 1,W000681,Southern Carnarvon,LP-141H,113.933568,-23.597884,West Australian Petroleum Pty Limited,NFW,P&A,,19671014,19671024,20260417
Dongara 07,W000686,Perth,LP-171H,115.030068,-29.309502,West Australian Petroleum Pty Limited,EXT,P&A,Dongara,19680724,19680820,20260417
Barrow_T78,W000349,Northern Carnarvon,L 1H,115.41572,-20.764918,West Australian Petroleum Pty Limited,DEV,P&A,Barrow Island,19680202,,20260417
Barrow_L43,W000352,Northern Carnarvon,L 1H,115.381367,-20.812564,West Australian Petroleum Pty Limited,DEV,O,Barrow Island,19680209,,20260417
Barrow_L32,W000373,Northern Carnarvon,L 1H,115.376239,-20.808798,West Australian Petroleum Pty Limited,DEV,O,Barrow Island,19680318,,20260417
Barrow_G73,W000384,Northern Carnarvon,L 1H,115.350471,-20.851948,West Australian Petroleum Pty Limited,DEV,O,Barrow Island,19680413,,20260417
Barrow_B31,W000385,Northern Carnarvon,L 1H,115.342057,-20.866461,West Australian Petroleum Pty Limited,DEV,Shut in,Barrow Island,19680427,,20260417
Barrow_H88,W000389,Northern Carnarvon,L 1H,115.338833,-20.855462,West Australian Petroleum Pty Limited,DEV,P&A,Barrow Island,19680505,,20260417
Barrow_R47,W000397,Northern Carnarvon,L 1H,115.365294,-20.783255,West Australian Petroleum Pty Limited,DEV,O,Barrow Island,19680509,,20260417
Barrow_R67,W000398,Northern Carnarvon,L 1H,115.366064,-20.79034,West Australian Petroleum Pty Limited,DEV,O,Barrow Island,19680713,,20260417
Barrow_G53,W000400,Northern Carnarvon,L 1H,115.350792,-20.845097,West Australian Petroleum Pty Limited,Service,O,Barrow Island,19680716,,20260417
Barrow_C52,W000403,Northern Carnarvon,L 1H,115.377383,-20.873902,West Australian Petroleum Pty Limited,DEV,P&S,Barrow Island,19680620,,20260417
Barrow_F53,W000405,Northern Carnarvon,L 1H,115.380992,-20.844845,West Australian Petroleum Pty Limited,DEV,O,Barrow Island,19680512,,20260417
Barrow_F37,W000432,Northern Carnarvon,L 1H,115.396502,-20.837772,West Australian Petroleum Pty Limited,DEV,Shut in,Barrow Island,19690107,,20260417
Barrow_L55,W000439,Northern Carnarvon,L 1H,115.388993,-20.815786,West Australian Petroleum Pty Limited,DEV,O,Barrow Island,19690126,,20260417
Barrow_M11,W000446,Northern Carnarvon,L 1H,115.404779,-20.801336,West Australian Petroleum Pty Limited,DEV,P&A,Barrow Island,19690127,,20260417
Barrow_M51,W000452,Northern Carnarvon,L 1H,115.404844,-20.81566,West Australian Petroleum Pty Limited,DEV,Shut in,Barrow Island,19690216,,20260417
Barrow_M75,W000459,Northern Carnarvon,L 1H,115.420015,-20.823218,West Australian Petroleum Pty Limited,DEV,P&S,Barrow Island,19690314,,20260417
Barrow_M17,W000471,Northern Carnarvon,L 1H,115.427316,-20.80154,West Australian Petroleum Pty Limited,DEV,Shut in,Barrow Island,19690422,,20260417
Barrow_K86,W000474,Northern Carnarvon,L 1H,115.361685,-20.826671,West Australian Petroleum Pty Limited,DEV,O,Barrow Island,19690424,,20260417
Barrow_P57,W000487,Northern Carnarvon,L 1H,115.427825,-20.786609,West Australian Petroleum Pty Limited,DEV,Shut in,Barrow Island,19690607,,20260417
Barrow_L86,W000501,Northern Carnarvon,L 1H,115.393086,-20.826963,West Australian Petroleum Pty Limited,DEV,O,Barrow Island,19690625,,20260417
Barrow_P61,W000304,Northern Carnarvon,L 1H,115.404496,-20.790731,West Australian Petroleum Pty Limited,DEV,Shut in,Barrow Island,19671025,,20260417
Barrow_P41,W000309,Northern Carnarvon,L 1H,115.404363,-20.783136,West Australian Petroleum Pty Limited,DEV,P&S,Barrow Island,19671012,,20260417
Barrow_U81,W000314,Northern Carnarvon,L 1H,115.419741,-20.769055,West Australian Petroleum Pty Limited,DEV,O,Barrow Island,19671111,,20260417
Barrow_Q63,W000319,Northern Carnarvon,L 1H,115.381082,-20.790049,West Australian Petroleum Pty Limited,DEV,O,Barrow Island,19671119,,20260417
Barrow_Q72,W000322,Northern Carnarvon,L 1H,115.377034,-20.794002,West Australian Petroleum Pty Limited,DEV,Shut in,Barrow Island,19671128,,20260417
Barrow_Q81,W000327,Northern Carnarvon,L 1H,115.373125,-20.798032,West Australian Petroleum Pty Limited,DEV,O,Barrow Island,19671206,,20260417
Barrow_Q74,W000348,Northern Carnarvon,L 1H,115.385099,-20.794475,West Australian Petroleum Pty Limited,DEV,P&S,Barrow Island,19680110,,20260417
Barrow_L41,W000354,Northern Carnarvon,L 1H,115.373565,-20.81258,West Australian Petroleum Pty Limited,DEV,O,Barrow Island,19671215,,20260417
Barrow_Q83,W000359,Northern Carnarvon,L 1H,115.381687,-20.797423,West Australian Petroleum Pty Limited,DEV,O,Barrow Island,19680220,,20260417
Barrow_L23,W000360,Northern Carnarvon,L 1H,115.380983,-20.804998,West Australian Petroleum Pty Limited,DEV,O,Barrow Island,19680228,,20260417
Barrow_K61,W000363,Northern Carnarvon,L 1H,115.343854,-20.819629,West Australian Petroleum Pty Limited,DEV,O,Barrow Island,19680308,,20260417
Barrow_P87,W000375,Northern Carnarvon,L 1H,115.426323,-20.797994,West Australian Petroleum Pty Limited,DEV,O,Barrow Island,19680318,,20260417
Barrow_A47,W000391,Northern Carnarvon,L 1H,115.335871,-20.869504,West Australian Petroleum Pty Limited,DEV,P&S,Barrow Island,19680508,,20260417
Barrow_M27,W000396,Northern Carnarvon,L 1H,115.426761,-20.805033,West Australian Petroleum Pty Limited,DEV,P&S,Barrow Island,19680612,,20260417
Barrow_F42,W000412,Northern Carnarvon,L 1H,115.377595,-20.841936,West Australian Petroleum Pty Limited,DEV,O,Barrow Island,19681114,,20260417
Barrow_K77,W000422,Northern Carnarvon,L 1H,115.365942,-20.823262,West Australian Petroleum Pty Limited,DEV,Shut in,Barrow Island,19681214,,20260417
Barrow_M13,W000442,Northern Carnarvon,L 1H,115.412423,-20.80096,West Australian Petroleum Pty Limited,DEV,Shut in,Barrow Island,19690202,,20260417
Barrow_E13,W000448,Northern Carnarvon,L 1H,115.411687,-20.830387,West Australian Petroleum Pty Limited,DEV,Shut in,Barrow Island,19681231,,20260417
Barrow_M31,W000451,Northern Carnarvon,L 1H,115.405821,-20.808732,West Australian Petroleum Pty Limited,DEV,SUSP,Barrow Island,19690219,,20260417
Barrow_M35,W000460,Northern Carnarvon,L 1H,115.420549,-20.80839,West Australian Petroleum Pty Limited,DEV,P&A,Barrow Island,19690311,,20260417
Barrow_L25,W000572,Northern Carnarvon,L 1H,115.389097,-20.804464,West Australian Petroleum Pty Limited,DEV,O,Barrow Island,19691124,,20260417
Barrow_L31,W000573,Northern Carnarvon,L 1H,115.373747,-20.808394,West Australian Petroleum Pty Limited,DEV,O,Barrow Island,19691121,,20260417
Barrow_L46,W000578,Northern Carnarvon,L 1H,115.392524,-20.812212,West Australian Petroleum Pty Limited,DEV,O,Barrow Island,19691027,,20260417
Barrow_L64,W000581,Northern Carnarvon,L 1H,115.385037,-20.820418,West Australian Petroleum Pty Limited,DEV,O,Barrow Island,19691103,,20260417
Barrow_L84,W000582,Northern Carnarvon,L 1H,115.385091,-20.826553,West Australian Petroleum Pty Limited,DEV,O,Barrow Island,19690911,,20260417
Barrow_M22,W000583,Northern Carnarvon,L 1H,115.408176,-20.804495,West Australian Petroleum Pty Limited,DEV,O,Barrow Island,19691029,,20260417
Barrow_R55,W000588,Northern Carnarvon,L 1H,115.358675,-20.786488,West Australian Petroleum Pty Limited,DEV,Shut in,Barrow Island,19691111,,20260417
Barrow_R66,W000589,Northern Carnarvon,L 1H,115.361822,-20.789799,West Australian Petroleum Pty Limited,DEV,Shut in,Barrow Island,19691101,,20260417
Barrow_R68,W000590,Northern Carnarvon,L 1H,115.370002,-20.790318,West Australian Petroleum Pty Limited,DEV,O,Barrow Island,19691207,,20260417
Barrow_R88,W000594,Northern Carnarvon,L 1H,115.369433,-20.797353,West Australian Petroleum Pty Limited,DEV,O,Barrow Island,19690923,,20260417
Barrow_L24,W000605,Northern Carnarvon,L 1H,115.385226,-20.804645,West Australian Petroleum Pty Limited,DEV,Shut in,Barrow Island,19700120,,20260417
Barrow_L82,W000608,Northern Carnarvon,L 1H,115.377648,-20.826622,West Australian Petroleum Pty Limited,DEV,Shut in,Barrow Island,19700421,,20260417
Barrow_P11,W000609,Northern Carnarvon,L 1H,115.4041,-20.772282,West Australian Petroleum Pty Limited,DEV,O,Barrow Island,19700407,,20260417
Barrow_P24,W000612,Northern Carnarvon,L 1H,115.416014,-20.776162,West Australian Petroleum Pty Limited,DEV,O,Barrow Island,19700227,,20260417
Barrow_Q51,W000620,Northern Carnarvon,L 1H,115.373886,-20.787022,West Australian Petroleum Pty Limited,DEV,Suspended,Barrow Island,19700317,,20260417
Barrow_T83,W000635,Northern Carnarvon,L 1H,115.39612,-20.768891,West Australian Petroleum Pty Limited,DEV,O,Barrow Island,19700518,,20260417
Barrow_F62,W000638,Northern Carnarvon,L 1H,115.377927,-20.849509,West Australian Petroleum Pty Limited,DEV,O,Barrow Island,19690212,19690213,20260417
Pasco 1,W000660,Northern Carnarvon,LP-158H,115.327455,-20.972073,West Australian Petroleum Pty Limited,NFW,P&A OG,Pasco,19670420,19670525,20260417
Dongara 04,W000661,Perth,LP-111H,114.983512,-29.229446,West Australian Petroleum Pty Limited,EXT,SUSP G,Dongara,19670227,19670324,20260417
Barrow_S27,W000702,Northern Carnarvon,L 1H,115.381824,-20.74694,West Australian Petroleum Pty Limited,EXT,P&A,Barrow Island,19680608,19680613,20260417
Barrow_M28,W000472,Northern Carnarvon,L 1H,115.431711,-20.805512,West Australian Petroleum Pty Limited,DEV,SUSP,Barrow Island,19680418,,20260417
Barrow_G42,W000493,Northern Carnarvon,L 1H,115.345969,-20.841132,West Australian Petroleum Pty Limited,DEV,O,Barrow Island,19690520,,20260417
Barrow_G62,W000494,Northern Carnarvon,L 1H,115.346597,-20.849019,West Australian Petroleum Pty Limited,DEV,O,Barrow Island,19690528,,20260417
Barrow_L44,W000495,Northern Carnarvon,L 1H,115.384892,-20.812513,West Australian Petroleum Pty Limited,DEV,O,Barrow Island,19690524,,20260417
Barrow_L51,W000514,Northern Carnarvon,L 1H,115.373686,-20.81613,West Australian Petroleum Pty Limited,DEV,O,Barrow Island,19690722,,20260417
Barrow_S47M,W000516,Northern Carnarvon,L 1H,115.38144,-20.753465,West Australian Petroleum Pty Limited,DEV,P&A,Barrow Island,19690727,,20260417
Barrow_M62,W000523,Northern Carnarvon,L 1H,115.408003,-20.819697,West Australian Petroleum Pty Limited,DEV,O,Barrow Island,19690725,,20260417
Barrow_B26,W000528,Northern Carnarvon,L 1H,115.361863,-20.861492,West Australian Petroleum Pty Limited,DEV,O,Barrow Island,19690810,19690815,20260417
Barrow_K42,W000533,Northern Carnarvon,L 1H,115.345936,-20.812265,West Australian Petroleum Pty Limited,DEV,O,Barrow Island,19690802,,20260417
Barrow_P62,W000537,Northern Carnarvon,L 1H,115.408576,-20.790435,West Australian Petroleum Pty Limited,DEV,O,Barrow Island,19690816,,20260417
Barrow_P82,W000538,Northern Carnarvon,L 1H,115.40792,-20.798179,West Australian Petroleum Pty Limited,DEV,O,Barrow Island,19690819,,20260417
Barrow_P86,W000540,Northern Carnarvon,L 1H,115.423724,-20.79742,West Australian Petroleum Pty Limited,DEV,O,Barrow Island,19690821,,20260417
Barrow_R84,W000541,Northern Carnarvon,L 1H,115.354146,-20.798015,West Australian Petroleum Pty Limited,DEV,Shut in,Barrow Island,19690905,,20260417
Barrow_H68,W000560,Northern Carnarvon,L 1H,115.338313,-20.848785,West Australian Petroleum Pty Limited,DEV,O,Barrow Island,19691208,,20260417
Barrow_J48,W000561,Northern Carnarvon,L 1H,115.339024,-20.812042,West Australian Petroleum Pty Limited,DEV,P&S,Barrow Island,19691210,,20260417
Barrow_R77,W000592,Northern Carnarvon,L 1H,115.366295,-20.794424,West Australian Petroleum Pty Limited,DEV,Shut in,Barrow Island,19691014,,20260417
Barrow_P13,W000611,Northern Carnarvon,L 1H,115.411833,-20.7728,West Australian Petroleum Pty Limited,DEV,O,Barrow Island,19700331,,20260417
Barrow_Q42,W000616,Northern Carnarvon,L 1H,115.377655,-20.783333,West Australian Petroleum Pty Limited,DEV,O,Barrow Island,19700602,,20260417
Barrow_Q68,W000627,Northern Carnarvon,L 1H,115.400614,-20.790318,West Australian Petroleum Pty Limited,DEV,P&S,Barrow Island,19700525,,20260417
Robe River Corehole 2,W000667,Northern Carnarvon,PE-217H,115.819959,-21.467176,West Australian Petroleum Pty Limited,STR,P&A STR,,19670108,19670111,20260417
Barrow_E23,W000333,Northern Carnarvon,L 1H,115.412127,-20.833928,West Australian Petroleum Pty Limited,DEV,O,Barrow Island,19671223,,20260417
Barrow_E25,W000342,Northern Carnarvon,L 1H,115.419932,-20.834331,West Australian Petroleum Pty Limited,DEV,Shut in,Barrow Island,19680122,,20260417
Barrow_Q61,W000347,Northern Carnarvon,L 1H,115.373847,-20.790883,West Australian Petroleum Pty Limited,DEV,O,Barrow Island,19680116,,20260417
Barrow_K32,W000361,Northern Carnarvon,L 1H,115.346377,-20.808985,West Australian Petroleum Pty Limited,DEV,P&S,Barrow Island,19680305,,20260417
Barrow_K34,W000366,Northern Carnarvon,L 1H,115.354136,-20.808475,West Australian Petroleum Pty Limited,Service,Shut in,Barrow Island,19680311,,20260417
Barrow_K21,W000372,Northern Carnarvon,L 1H,115.343253,-20.804983,West Australian Petroleum Pty Limited,DEV,Shut in,Barrow Island,19680223,,20260417
Barrow_M47,W000374,Northern Carnarvon,L 1H,115.426665,-20.812628,West Australian Petroleum Pty Limited,DEV,O,Barrow Island,19680325,,20260417
Barrow_B22,W000379,Northern Carnarvon,L 1H,115.346261,-20.863382,West Australian Petroleum Pty Limited,DEV,Shut in,Barrow Island,19680410,,20260417
Barrow_G82,W000382,Northern Carnarvon,L 1H,115.346653,-20.856126,West Australian Petroleum Pty Limited,DEV,SUSP,Barrow Island,19680417,,20260417
Barrow_B24,W000387,Northern Carnarvon,L 1H,115.354146,-20.863339,West Australian Petroleum Pty Limited,DEV,P&S,Barrow Island,19680423,,20260417
Barrow_A28,W000390,Northern Carnarvon,L 1H,115.338947,-20.862986,West Australian Petroleum Pty Limited,DEV,O,Barrow Island,19680602,,20260417
Barrow_L57,W000440,Northern Carnarvon,L 1H,115.396592,-20.816117,West Australian Petroleum Pty Limited,DEV,,Barrow Island,19690206,,20260417
Barrow_G64,W000447,Northern Carnarvon,L 1H,115.354476,-20.848862,West Australian Petroleum Pty Limited,DEV,O,Barrow Island,19690217,,20260417
Barrow_M53,W000453,Northern Carnarvon,L 1H,115.412525,-20.815768,West Australian Petroleum Pty Limited,DEV,Shut in,Barrow Island,19690227,,20260417
Barrow_M77,W000462,Northern Carnarvon,L 1H,115.427707,-20.823498,West Australian Petroleum Pty Limited,DEV,Shut in,Barrow Island,19690320,,20260417
Barrow_G26,W000468,Northern Carnarvon,L 1H,115.362185,-20.833934,West Australian Petroleum Pty Limited,DEV,O,Barrow Island,19690409,,20260417
Barrow_P53,W000486,Northern Carnarvon,L 1H,115.412568,-20.787256,West Australian Petroleum Pty Limited,DEV,O,Barrow Island,19690512,,20260417
Barrow_P48,W000497,Northern Carnarvon,L 1H,115.431182,-20.783558,West Australian Petroleum Pty Limited,DEV,O,Barrow Island,19690601,,20260417
Barrow_K48,W000504,Northern Carnarvon,L 1H,115.369826,-20.812667,West Australian Petroleum Pty Limited,DEV,Shut in,Barrow Island,19690623,,20260417
Barrow_P66,W000510,Northern Carnarvon,L 1H,115.423607,-20.790313,West Australian Petroleum Pty Limited,DEV,O,Barrow Island,19690615,,20260417
Sandy Point 1,W000687,Northern Carnarvon,LP-92H,113.80024,-22.430364,West Australian Petroleum Pty Limited,NFW,P&A,,19671130,19680131,20260417
Thevenard 1,W000695,Northern Carnarvon,LP-164H,115.016412,-21.462586,West Australian Petroleum Pty Limited,WDW,P&A,,19680328,19680428,20260417
North Sandy 1,W000698,Northern Carnarvon,LP-162H,115.652248,-21.107139,West Australian Petroleum Pty Limited,STR,P&A STR,,19680524,19680603,20260417
Doran 1,W000704,Canning,LP-210H,123.487839,-18.180291,West Australian Petroleum Pty Limited,STR,P&A STR,,19680722,19680806,20260417
Remarkable Hill 1,W000714,Southern Carnarvon,LP-215H,114.158797,-22.9587,Marathon Petroleum Australia Ltd,NFW,P&A,,19681015,19690204,20260417
Flinders Shoal 1,W000726,Northern Carnarvon,WA-23-P,115.52536,-21.070298,West Australian Petroleum Pty Limited,NFW,P&A OG,Flinders Shoal,19690410,19690709,20260417
Dongara 16,W000747,Perth,PE-27H,114.994262,-29.269391,West Australian Petroleum Pty Limited,EXT,P&A,Dongara,19691108,19691129,20260417
Dirk Hartog 03,W000757,Southern Carnarvon,LP-44H,112.979211,-25.745227,West Australian Petroleum Pty Limited,STR,P&A STR,,19550201,19551211,20260417
Dirk Hartog 06,W000760,Southern Carnarvon,LP-44H,113.039911,-25.788547,West Australian Petroleum Pty Limited,STR,P&A STR,,19560202,19560217,20260417
Dirk Hartog 07A,W000761,Southern Carnarvon,LP-44H,113.076511,-25.772307,West Australian Petroleum Pty Limited,STR,P&A STR,,19560424,19560505,20260417
North Rankin 5,W000778,Northern Carnarvon,WA-28-P,116.159787,-19.570549,Woodside Petroleum Development Pty Ltd,EXT,SUSP GC,North Rankin,19761008,19770423,20260417
Roe 1,W000787,Perth,WA-13-P,115.32177,-31.940437,West Australian Petroleum Pty Limited,NFW,P&A,,19701123,19701217,20260417
Pender 1,W000831,Canning,EP 6,122.836177,-16.678651,West Australian Petroleum Pty Limited,NFW,P&A,,19720515080000,19720522080000,20260417
Barbwire 1,W000832,Canning,EP 43,125.017791,-19.175909,West Australian Petroleum Pty Limited,STR,P&A STR,,19720618080000,19720706080000,20260417
Palm Spring 1,W000833,Canning,EP 42,124.886775,-17.814135,West Australian Petroleum Pty Limited,STR,P&A STR,,19720531080000,19720612080000,20260417
Penguin 1,W000836,Bonaparte,WA-17-P,128.469578,-13.606329,Arco Australia Ltd,NFW,P&A,,19720622,19720729,20260417
Sable 1,W000841,Northern Carnarvon,WA-1-P,116.91778,-19.233001,Woodside Petroleum Development Pty Ltd,NFW,P&A,,19720821,19721014,20260417
Eider 1,W000842,Bonaparte,WA-15-P,125.747637,-11.387731,Arco Australia Ltd,NFW,P&A,,19720806,19720930,20260417
North Rankin 3,W000843,Northern Carnarvon,WA-28-P,116.173765,-19.528966,Woodside Petroleum Development Pty Ltd,EXT,SUSP GC,North Rankin,19720803,19720928,20260417
Surprise 1,W000846,Northern Carnarvon,EP 40,115.824042,-21.299302,Hematite Petroleum Pty Ltd,STR,P&A STR,,19721114,19721201,20260417
Bullsbrook 1,W000850,Perth,EP 24,115.84358,-31.47771,West Australian Petroleum Pty Limited,NFW,P&A,,19721001,19721130,20260417
Mangrove Island 1,W000703,Northern Carnarvon,LP-162H,115.771135,-21.239618,West Australian Petroleum Pty Limited,STR,P&A STR,,19680606,19680614,20260417
Gage Roads 1,W000705,Perth,WA-13-P,115.380104,-31.954604,West Australian Petroleum Pty Limited,NFW,P&A OS,,19681127,19690321,20260417
Hamelin Pool 2 (M188),W000712,Southern Carnarvon,EP 46,114.356678,-26.148598,Magellan Petroleum Australia Limited,STR,P&A STR,,19681114,19681207,20260417
Chirup 1,W000713,Canning,LP-212H,120.436043,-19.848462,West Australian Petroleum Pty Limited,STR,P&A STR,,19680826,19680906,20260417
Mondarra 1,W000715,Perth,LP-171H,115.118011,-29.313106,West Australian Petroleum Pty Limited,NFW,P&A,Mondarra,19681009,19681206,20260417
Pendock 1,W000737,Southern Carnarvon,WA-24-P,113.337472,-23.282601,Genoa Oil NL,NFW,P&A,,19690718,19691118,20260417
Pendock 1,W000737,Southern Carnarvon,WA-24-P,113.337472,-23.282601,Genoa Oil NL,NFW,P&A,,19690729,,20260417
Napier 4,W000748,Canning,EP 52,124.094345,-16.915248,Lennard Oil NL,STR,P&A STR,,19700715,19700822,20260417
Dirk Hartog 04,W000758,Southern Carnarvon,LP-44H,113.013811,-25.692067,West Australian Petroleum Pty Limited,STR,P&A STR,,19551221,19560101,20260417
Dirk Hartog 15,W000769,Southern Carnarvon,LP-44H,113.054411,-25.885077,West Australian Petroleum Pty Limited,STR,P&A STR,,19561013,19561020,20260417
Gull 1,W000776,Bonaparte,WA-17-P,127.911517,-11.939943,Arco Australia Ltd,NFW,P&A,,19700605,19710120,20260417
Gage Roads 2,W000790,Perth,WA-13-P,115.363992,-31.950159,West Australian Petroleum Pty Limited,EXT,P&A OS,,19710114,19710212,20260417
Sugarloaf 1,W000791,Perth,WA-13-P,115.056233,-32.915177,West Australian Petroleum Pty Limited,NFW,P&A,,19710214,19710412,20260417
West Muiron 1A,W000840,Northern Carnarvon,WA-25-P,114.247177,-21.577574,West Australian Petroleum Pty Limited,NFW,P&A,,19721005,19721021,20260417
North Rankin 4,W000851,Northern Carnarvon,WA-28-P,116.112982,-19.583817,Woodside Petroleum Development Pty Ltd,EXT,SUSP GC,North Rankin,19720930,19721123,20260417
Plover 1,W000856,Bonaparte,WA-16-P,126.369863,-12.711062,Arco Australia Ltd,NFW,P&A,,19721110,19721217,20260417
Eaglehawk 1,W000857,Northern Carnarvon,WA-28-P,116.278233,-19.506904,Woodside Oil Ltd,NFW,SUSP OG,Eaglehawk,19721110,19721224,20260417
Contention Heights 1,W000875,Canning,EP 32,127.226597,-22.425244,Australian Aquitaine Petroleum Pty Ltd,NFW,P&A,,19730815,19731006,20260417
Nelson Rocks 1,W000877,Northern Carnarvon,WA-1-P,116.855016,-19.558882,Woodside Petroleum Development Pty Ltd,NFW,P&A,,19730630,19730801,20260417
Scott Reef 2A,W000882,Browse,WA-33-P,121.859082,-14.100164,Woodside Petroleum Development Pty Ltd,NFW,P&A,Torosa,19770427,19770809,20260417
Scott Reef 2,W000882,Browse,WA-33-P,121.859082,-14.100164,Woodside Petroleum Development Pty Ltd,NFW,P&A,Torosa,19770418,19770809,20260417
Scott Reef 2A,W000882,Browse,WA-33-P,121.859082,-14.100164,Woodside Petroleum Development Pty Ltd,NFW,P&A,Torosa,19770422,19770809,20260417
Robe River Corehole 5,W000670,Northern Carnarvon,PE-217H,115.819904,-21.486329,West Australian Petroleum Pty Limited,STR,P&A STR,,19670111,19670112,20260417
Pasco 2,W000673,Northern Carnarvon,LP-158H,115.325178,-20.961967,West Australian Petroleum Pty Limited,EXT,P&A,Pasco,19670611,19670721,20260417
Blackstone 1,W000674,Canning,LP-124H,124.353058,-17.58552,West Australian Petroleum Pty Limited,NFW,P&A,,19670722,19671012,20260417
Yarraloola 1,W000683,Northern Carnarvon,LP-186H,115.766568,-21.387039,West Australian Petroleum Pty Limited,STR,P&A STR,,19671127,19671220,20260417
Gun Island 1,W000701,Perth,PE-193H,113.861328,-28.888456,BP Petroleum Development Australia Pty Ltd,STR,P&A STR,,19680622,19681112,20260417
Hamelin Pool 1 (M188),W000711,Southern Carnarvon,EP 46,114.207818,-26.025259,Magellan Petroleum Australia Limited,STR,P&A STR,,19680831,19681005,20260417
Strawberry Hill 1,W000729,Perth,LP-111H,115.122556,-29.25345,West Australian Petroleum Pty Limited,NFW,P&A,,19690527,19690707,20260417
Blackwood 1,W000732,Perth,PE-261H,115.362061,-34.150641,Union Oil Development Corporation,NFW,P&A,,19690818,19691013,20260417
Mowla 1,W000749,Canning,PE-259H,123.711031,-18.729151,Total Exploration Australia Pty Ltd,NFW,P&A,,19691124,19691205,20260417
Dirk Hartog 10,W000764,Southern Carnarvon,LP-44H,113.162411,-25.944687,West Australian Petroleum Pty Limited,STR,P&A STR,,19560816,19560830,20260417
Dirk Hartog 11,W000765,Southern Carnarvon,LP-44H,113.129411,-25.947857,West Australian Petroleum Pty Limited,STR,P&A STR,,19560901,19560909,20260417
Edel 1,W000834,Southern Carnarvon,WA-26-P,113.391389,-27.111993,Ocean Ventures Pty Ltd,NFW,P&A,,19720523,19720725,20260417
North Rankin 2,W000835,Northern Carnarvon,WA-28-P,116.147504,-19.563644,Woodside Offshore Development Pty Ltd,EXT,SUSP GC,North Rankin,19720609,19720820,20260417
Pueblo 1,W000839,Northern Carnarvon,WA-28-P,115.863556,-19.765853,Woodside Petroleum Development Pty Ltd,NFW,P&A,Goodwyn S/Pueblo,19790308,19790426,20260417
Barrow_F24J,W000844,Northern Carnarvon,L 1H,115.383546,-20.833977,West Australian Petroleum Pty Limited,DPT,P&A,Barrow Island,19720916,19730721,20260417
Mardie West 1,W000845,Northern Carnarvon,EP 40,115.923377,-21.198983,Hematite Petroleum Pty Ltd,STR,P&A STR,,19721205,19721210,20260417
Coonga 1,W000849,Northern Carnarvon,EP 40,116.031231,-21.050859,Hematite Petroleum Pty Ltd,STR,P&A STR,,19721214,19721219,20260417
Moogooree 2,W000858,Southern Carnarvon,EP 76,115.212486,-24.279258,Hartogen Explorations Pty Ltd,STR,P&A STR,,19721018,19721104,20260417
Goodwyn 03,W000863,Northern Carnarvon,WA-28-P,115.879197,-19.734514,Woodside Petroleum Development Pty Ltd,EXT,SUSP OG,Goodwyn,19721216,19730222,20260417
Yampi 1,W000871,Browse,WA-34-P,123.277355,-14.557471,Woodside Petroleum Development Pty Ltd,NFW,P&A,,19730603,19730927,20260417
Mimosa 1,W000876,Canning,EP 44,124.584727,-17.747925,West Australian Petroleum Pty Limited,NFW,P&A,,19730617,19730822,20260417
West Tryal Rocks 1,W000854,Northern Carnarvon,WA-25-P,115.035864,-20.227852,West Australian Petroleum Pty Limited,NFW,P&A GS,West Tryal Rocks,19721023,19730331,20260417
West Tryal Rocks 1 ST1,W000854,Northern Carnarvon,WA-25-P,115.035864,-20.227852,West Australian Petroleum Pty Limited,NFW,P&A GS,West Tryal Rocks,19730102,19730331,20260417
Hauy 1,W000859,Northern Carnarvon,WA-1-P,117.255629,-19.79288,Woodside Petroleum Development Pty Ltd,NFW,P&A,,19721125,19721214,20260417
Goodwyn 04,W000870,Northern Carnarvon,WA-28-P,115.849708,-19.692483,Woodside Petroleum Development Pty Ltd,EXT,SUSP OG,Goodwyn,19730224,19730628,20260417
Angel 3,W000874,Northern Carnarvon,WA-1-P,116.629842,-19.540451,Woodside Petroleum Development Pty Ltd,EXT,SUSP GC,Angel,19730427,19730628,20260417
Dockrell 1,W000878,Northern Carnarvon,WA-28-P,115.781143,-19.78664,Woodside Petroleum Development Pty Ltd,NFW,SUSP OG,Dockrell,19730630,19730828,20260417
Kendenup 1,W000879,Bight,EP 68,117.757635,-34.491825,Silfar Pty Ltd,STR,P&A STR,,19731219,19740127,20260417
Hilda 1,W000890,Northern Carnarvon,WA-25-P,114.638344,-21.198527,West Australian Petroleum Pty Limited,NFW,P&A O,,19740305,19740928,20260417
Hilda 1A,W000890,Northern Carnarvon,WA-25-P,114.638344,-21.198527,West Australian Petroleum Pty Limited,NFW,P&A O,,19740429,19740928,20260417
Bouvard 1,W000906,Perth,WA-14-P,115.254429,-32.52267,West Australian Petroleum Pty Limited,NFW,P&A,,19750103,19750203,20260417
South Turtle Dove 1B,W000907,Perth,WA-13-P,114.637912,-30.128287,West Australian Petroleum Pty Limited,NFW,P&A,,19750504,19750706,20260417
South Turtle Dove 1,W000907,Perth,WA-13-P,114.637912,-30.128287,West Australian Petroleum Pty Limited,NFW,P&A,,19750416,19750424,20260417
South Turtle Dove 1A,W000907,Perth,WA-13-P,114.637912,-30.128287,West Australian Petroleum Pty Limited,NFW,P&A,,19750425,19750503,20260417
Tidepole 1,W000911,Northern Carnarvon,WA-28-P,115.886287,-19.767361,B.O.C. Of Australia Ltd,NFW,O&G,Tidepole,19751018,19751217,20260417
Koolinda 1,W000918,Northern Carnarvon,WA-23-P,115.055079,-21.394692,West Australian Petroleum Pty Limited,NFW,P&A,,19780204,19780424,20260417
Houtman 1,W000922,Perth,WA-59-P,113.577833,-28.664039,Esso Exploration & Production Australia Inc,NFW,P&A,,19780121,19780506,20260417
Poole Range 3,W000928,Canning,OPA-146H,125.792206,-18.881218,Freney Kimberley Oil Co (1932) NL,NFW,P&A,,19270315,19301130,20260417
Prices Creek 1,W000930,Canning,OPA-86H,125.916676,-18.674987,Freney Kimberley Oil Co (1932) NL,NFW,P&A,,19220905,19221201,20260417
Barrow_G77,W000945,Northern Carnarvon,L 1H,115.366,-20.852667,West Australian Petroleum Pty Limited,DEV,P&A,Barrow Island,19690424,,20260417
Goodwyn 05,W000955,Northern Carnarvon,WA-28-P,115.897172,-19.676964,Woodside Petroleum Development Pty Ltd,EXT,SUSP GC,Goodwyn,19781205,19790225,20260417
Barrow_G85A,W000967,Northern Carnarvon,L 1H,115.356018,-20.853828,West Australian Petroleum Pty Limited,DEV,O,Barrow Island,19790224,19790304,20260417
Mt Hardman 1,W000883,Canning,EP 67,124.914742,-18.009113,West Australian Petroleum Pty Limited,NFW,P&A,,19730906,19731110,20260417
West Muiron 2,W000892,Northern Carnarvon,WA-24-P,114.226686,-21.592772,West Australian Petroleum Pty Limited,NFW,P&A,,19750809,19751015,20260417
Lowendal 1,W000893,Northern Carnarvon,WA-28-P,115.635319,-19.878773,Woodside Petroleum Development Pty Ltd,NFW,P&A,,19740131,19740321,20260417
Hampton 1,W000896,Northern Carnarvon,WA-1-P,116.547833,-20.116566,Woodside Petroleum Development Pty Ltd,NFW,P&A G,,19740322,19740424,20260417
Prudhoe 1,W000901,Browse,WA-35-P,123.865472,-13.747396,Woodside Offshore Development Pty Ltd,NFW,P&A,,19740913,19741112,20260417
Challenger 1,W000908,Perth,WA-13-P,115.014361,-32.421223,West Australian Petroleum Pty Limited,NFW,P&A,,19750213,19750403,20260417
Hermite 1,W000916,Northern Carnarvon,WA-23-P,115.70369,-20.831322,West Australian Petroleum Pty Limited,NFW,P&A,,19770915,19771129,20260417
Mermaid 1,W000917,Northern Carnarvon,WA-23-P,115.962313,-20.697271,West Australian Petroleum Pty Limited,NFW,P&A,,19780427,19780516,20260417
Mt Wynne 3,W000926,Canning,OPA-84H,124.44964,-18.087226,Freney Kimberley Oil Co (1932) NL,NFW,P&A,,19231109,19250920,20260417
Barrow_B14A,W000961,Northern Carnarvon,L 1H,115.35238,-20.857272,West Australian Petroleum Pty Limited,DEV,O,Barrow Island,19790328,19790403,20260417
Barrow_G86A,W000968,Northern Carnarvon,L 1H,115.3606,-20.854731,West Australian Petroleum Pty Limited,DEV,O,Barrow Island,19790404,19790412,20260417
Barrow_L32G,W000974,Northern Carnarvon,L 1H,115.376054,-20.808964,West Australian Petroleum Pty Limited,DEV,SUSP,Barrow Island,19790809,19790816,20260417
Barrow_G88A,W000980,Northern Carnarvon,L 1H,115.368628,-20.854972,West Australian Petroleum Pty Limited,DEV,O,Barrow Island,19790831,19790908,20260417
Gandara 1,W000999,Northern Carnarvon,WA-93-P,115.822196,-19.273914,Hudbay Oil (Australia) Ltd.,NFW,P&A,,19790509,19790715,20260417
Bruce 1,W001005,Northern Carnarvon,WA-58-P,117.929665,-19.373916,Stirling Petroleum NL,NFW,P&A,,19790719,19790811,20260417
Jerboa 1,W001025,Bight,WA-126-P,127.602224,-33.502761,Esso Exploration & Production Australia Inc,NFW,P&A,,19800403,19800429,20260417
Barrow_J88,W001033,Northern Carnarvon,L 1H,115.338786,-20.826517,West Australian Petroleum Pty Limited,DEV,O,Barrow Island,19801015,19801019,20260417
Zeepaard 1,W001042,Northern Carnarvon,WA-96-P,114.424131,-20.735875,Esso Exploration & Production Australia Inc,NFW,P&A,,19800608,19801016,20260417
Zeepaard 1 ST1,W001042,Northern Carnarvon,WA-96-P,114.424131,-20.735875,Esso Exploration & Production Australia Inc,NFW,P&A,,,19801016,20260417
Barrow_J46,W001043,Northern Carnarvon,L 1H,115.332245,-20.810408,West Australian Petroleum Pty Limited,EXT,P&S,Barrow Island,19800704,19800710,20260417
Mt Horner 04,W001054,Perth,EP 96,115.091455,-29.12905,XLX NL,EXT,P&A O,Mount Horner,19801129,19810209,20260417
Barrow_F71,W000433,Northern Carnarvon,L 1H,115.373913,-20.852067,West Australian Petroleum Pty Limited,DEV,O,Barrow Island,19690107,19690110,20260417
Barrow_G44,W000435,Northern Carnarvon,L 1H,115.353657,-20.841435,West Australian Petroleum Pty Limited,DEV,O,Barrow Island,19690119,,20260417
Barrow_M55,W000454,Northern Carnarvon,L 1H,115.419492,-20.815153,West Australian Petroleum Pty Limited,DEV,Shut in,Barrow Island,19680718,,20260417
Barrow_Q14,W000455,Northern Carnarvon,L 1H,115.384603,-20.771793,West Australian Petroleum Pty Limited,DEV,O,Barrow Island,19690405,,20260417
Barrow_F28,W000466,Northern Carnarvon,L 1H,115.400498,-20.83423,West Australian Petroleum Pty Limited,DEV,O,Barrow Island,19690403,,20260417
Barrow_P88,W000490,Northern Carnarvon,L 1H,115.430758,-20.797604,West Australian Petroleum Pty Limited,DEV,Shut in,Barrow Island,19690530,,20260417
Barrow_L88,W000502,Northern Carnarvon,L 1H,115.400927,-20.826496,West Australian Petroleum Pty Limited,DEV,O,Barrow Island,19690611,,20260417
Barrow_P34,W000509,Northern Carnarvon,L 1H,115.41554,-20.779107,West Australian Petroleum Pty Limited,DEV,Shut in,Barrow Island,19690611,,20260417
Barrow_M24,W000515,Northern Carnarvon,L 1H,115.416364,-20.805401,West Australian Petroleum Pty Limited,DEV,O,Barrow Island,19690722,19690724,20260417
Barrow_K57,W000524,Northern Carnarvon,L 1H,115.365825,-20.815751,West Australian Petroleum Pty Limited,DEV,O,Barrow Island,19690730,,20260417
Barrow_K37,W000525,Northern Carnarvon,L 1H,115.365682,-20.808384,West Australian Petroleum Pty Limited,DEV,Shut in,Barrow Island,19690809,,20260417
Barrow_F44M,W000530,Northern Carnarvon,L 1H,115.385514,-20.841322,West Australian Petroleum Pty Limited,DEV,O,Barrow Island,19690811,,20260417
Barrow_M64,W000534,Northern Carnarvon,L 1H,115.415113,-20.819177,West Australian Petroleum Pty Limited,DEV,O,Barrow Island,19690902,,20260417
Barrow_P26,W000535,Northern Carnarvon,L 1H,115.42342,-20.776577,West Australian Petroleum Pty Limited,DEV,O,Barrow Island,19690829,,20260417
Barrow_U82,W000543,Northern Carnarvon,L 1H,115.423466,-20.768767,West Australian Petroleum Pty Limited,DEV,P&S,Barrow Island,19690904,,20260417
Barrow_K62,W000547,Northern Carnarvon,L 1H,115.346792,-20.819134,West Australian Petroleum Pty Limited,DEV,O,Barrow Island,19690915,,20260417
Barrow_K82,W000548,Northern Carnarvon,L 1H,115.346265,-20.827175,West Australian Petroleum Pty Limited,DEV,O,Barrow Island,19690914,,20260417
Barrow_K13,W000563,Northern Carnarvon,L 1H,115.350857,-20.801375,West Australian Petroleum Pty Limited,DEV,P&S,Barrow Island,19691117,19691121,20260417
Barrow_K31,W000567,Northern Carnarvon,L 1H,115.34254,-20.808282,West Australian Petroleum Pty Limited,DEV,Shut in,Barrow Island,19691130,,20260417
Barrow_K53,W000568,Northern Carnarvon,L 1H,115.35057,-20.815943,West Australian Petroleum Pty Limited,DEV,Shut in,Barrow Island,19691118,,20260417
Barrow_E32,W000470,Northern Carnarvon,L 1H,115.408069,-20.837612,West Australian Petroleum Pty Limited,DEV,P&A,Barrow Island,19690323,,20260417
Barrow_P73,W000477,Northern Carnarvon,L 1H,115.411631,-20.794139,West Australian Petroleum Pty Limited,DEV,Shut in,Barrow Island,19690501,,20260417
Barrow_P77,W000478,Northern Carnarvon,L 1H,115.428838,-20.793407,West Australian Petroleum Pty Limited,Service,SUSP,Barrow Island,19690412,,20260417
Barrow_L66,W000481,Northern Carnarvon,L 1H,115.393084,-20.819276,West Australian Petroleum Pty Limited,DEV,O,Barrow Island,19690518,,20260417
Barrow_M82,W000496,Northern Carnarvon,L 1H,115.407984,-20.827029,West Australian Petroleum Pty Limited,DEV,O,Barrow Island,19690605,,20260417
Barrow_L42,W000499,Northern Carnarvon,L 1H,115.378543,-20.812869,West Australian Petroleum Pty Limited,DEV,O,Barrow Island,19690701,,20260417
Barrow_L84M,W000500,Northern Carnarvon,L 1H,115.385259,-20.826351,West Australian Petroleum Pty Limited,DEV,P&S,Barrow Island,19690622,,20260417
Barrow_F24M,W000529,Northern Carnarvon,L 1H,115.384406,-20.83428,West Australian Petroleum Pty Limited,DEV,O,Barrow Island,19690826,,20260417
Barrow_P84,W000539,Northern Carnarvon,L 1H,115.416078,-20.797521,West Australian Petroleum Pty Limited,DEV,O,Barrow Island,19690822,,20260417
Barrow_WSW1B,W000552,Northern Carnarvon,L 1H,115.352597,-20.853903,West Australian Petroleum Pty Limited,WSW,SUSP,Barrow Island,19681204,,20260417
Barrow_E22,W000555,Northern Carnarvon,L 1H,115.408233,-20.834512,West Australian Petroleum Pty Limited,DEV,P&S,Barrow Island,19691109,,20260417
Barrow_L33,W000574,Northern Carnarvon,L 1H,115.381465,-20.808525,West Australian Petroleum Pty Limited,DEV,P&S,Barrow Island,19691025,,20260417
Barrow_L34,W000575,Northern Carnarvon,L 1H,115.385062,-20.808572,West Australian Petroleum Pty Limited,DEV,P&S,Barrow Island,19691127,,20260417
Barrow_Q62,W000584,Northern Carnarvon,L 1H,115.376615,-20.790263,West Australian Petroleum Pty Limited,DEV,O,Barrow Island,19691205,,20260417
Barrow_Q71,W000585,Northern Carnarvon,L 1H,115.373518,-20.793901,West Australian Petroleum Pty Limited,DEV,Shut in,Barrow Island,19691203,,20260417
Barrow_Q73,W000586,Northern Carnarvon,L 1H,115.381071,-20.794004,West Australian Petroleum Pty Limited,DEV,Shut in,Barrow Island,19691021,,20260417
Barrow_R75,W000591,Northern Carnarvon,L 1H,115.357691,-20.794058,West Australian Petroleum Pty Limited,DEV,SUSP,Barrow Island,19691203,,20260417
Barrow_L62,W000607,Northern Carnarvon,L 1H,115.377586,-20.819861,West Australian Petroleum Pty Limited,DEV,O,Barrow Island,19700129,,20260417
Barrow_P12,W000610,Northern Carnarvon,L 1H,115.408565,-20.772618,West Australian Petroleum Pty Limited,DEV,O,Barrow Island,19700423,,20260417
Barrow_Q28,W000613,Northern Carnarvon,L 1H,115.400712,-20.776139,West Australian Petroleum Pty Limited,DEV,O,Barrow Island,19700611,,20260417
Barrow_K64,W000503,Northern Carnarvon,L 1H,115.353808,-20.819263,West Australian Petroleum Pty Limited,DEV,O,Barrow Island,19690614,,20260417
Barrow_P31,W000507,Northern Carnarvon,L 1H,115.404788,-20.779853,West Australian Petroleum Pty Limited,DEV,SUSP,Barrow Island,19690706,,20260417
Barrow_P33,W000508,Northern Carnarvon,L 1H,115.411637,-20.780043,West Australian Petroleum Pty Limited,DEV,P&S,Barrow Island,19690618,,20260417
Barrow_P17,W000542,Northern Carnarvon,L 1H,115.427944,-20.772658,West Australian Petroleum Pty Limited,DEV,SUSP,Barrow Island,19690908,,20260417
Barrow L64M,W000549,Northern Carnarvon,L 1H,115.385047,-20.820086,West Australian Petroleum Pty Limited,DEV,P&S,Barrow Island,19690919,,20260417
Barrow_E24,W000556,Northern Carnarvon,L 1H,115.415612,-20.834537,West Australian Petroleum Pty Limited,DEV,O,Barrow Island,19691109,19691112,20260417
Barrow_J68,W000562,Northern Carnarvon,L 1H,115.338195,-20.820117,West Australian Petroleum Pty Limited,DEV,P&S,Barrow Island,19691117,,20260417
Barrow_L11,W000569,Northern Carnarvon,L 1H,115.373626,-20.801907,West Australian Petroleum Pty Limited,DEV,P&A,Barrow Island,19691122,,20260417
Barrow_L35,W000576,Northern Carnarvon,L 1H,115.389322,-20.8086,West Australian Petroleum Pty Limited,DEV,Shut in,Barrow Island,19691130,,20260417
Barrow_E15,W000602,Northern Carnarvon,L 1H,115.419335,-20.830765,West Australian Petroleum Pty Limited,DEV,Shut in,Barrow Island,19700210,,20260417
Barrow_Q37,W000615,Northern Carnarvon,L 1H,115.396938,-20.7793,West Australian Petroleum Pty Limited,DEV,Shut in,Barrow Island,19700608,,20260417
Barrow_Q46,W000618,Northern Carnarvon,L 1H,115.392397,-20.783036,West Australian Petroleum Pty Limited,DEV,O,Barrow Island,19700302,,20260417
Barrow_Q64,W000623,Northern Carnarvon,L 1H,115.385276,-20.790606,West Australian Petroleum Pty Limited,DEV,P&S,Barrow Island,19700411,,20260417
Barrow_Q65,W000624,Northern Carnarvon,L 1H,115.389156,-20.79066,West Australian Petroleum Pty Limited,DEV,O,Barrow Island,19700510,,20260417
Barrow_R48,W000632,Northern Carnarvon,L 1H,115.370076,-20.782742,West Australian Petroleum Pty Limited,Service,Shut in,Barrow Island,19700327,,20260417
Barrow_T88,W000637,Northern Carnarvon,L 1H,115.415694,-20.769051,West Australian Petroleum Pty Limited,DEV,Shut in,Barrow Island,19690212,,20260417
Mardie 1,W000663,Northern Carnarvon,PE-217H,115.69771,-21.356503,West Australian Petroleum Pty Limited,STR,P&A STR,,19670720,19670809,20260417
May River 1,W000664,Canning,LP-181H,124.084903,-17.245805,West Australian Petroleum Pty Limited,NFW,P&A,,19670606,19670703,20260417
Dongara 05,W000679,Perth,LP-111H,114.985066,-29.187223,West Australian Petroleum Pty Limited,EXT,P&A,Dongara,19671019,19671102,20260417
Observation 1,W000691,Northern Carnarvon,LP-195H,114.539957,-21.741183,West Australian Petroleum Pty Limited,STR,P&A STR,,19680101,19680214,20260417
Depuch 1,W000887,Northern Carnarvon,WA-29-P,117.923258,-18.833813,Woodside Petroleum Development Pty Ltd,NFW,P&A,,19740204,19740402,20260417
Lombardina 1,W000897,Browse,WA-32-P,121.538591,-15.287536,Woodside Offshore Development Pty Ltd,NFW,P&A,,19740515,19740721,20260417
Minilya 1,W000898,Roebuck,WA-29-P,118.733737,-18.323277,Woodside Offshore Development Pty Ltd,NFW,P&A,,19740804,19740905,20260417
Barrow_C77J,W000909,Northern Carnarvon,L 1H,115.396017,-20.882644,West Australian Petroleum Pty Limited,NFW,P&A,Barrow Island,19760114,19760621,20260417
Spar 1,W000913,Northern Carnarvon,WA-25-P,114.886385,-20.613031,West Australian Petroleum Pty Limited,NFW,P&A G,Spar,19760624,19760930,20260417
Caswell 1,W000923,Browse,WA-34-P,122.468778,-14.239892,Woodside Petroleum Development Pty Ltd,NFW,P&A,,19770816,19780113,20260417
Warro 2,W000934,Perth,EP 24,115.735586,-30.166826,West Australian Petroleum Pty Limited,NFW,P&A G,Warro,19771112,19780405,20260417
Geelvink 1,W000935,Perth,WA-13-P,114.299616,-29.092402,West Australian Petroleum Pty Limited,NFW,P&A,,19780530,19780614,20260417
Geelvink 1A,W000935,Perth,WA-13-P,114.299616,-29.092402,West Australian Petroleum Pty Limited,NFW,P&A,,19780616,19780810,20260417
Barrow_L51J,W000948,Northern Carnarvon,L 1H,115.374061,-20.816649,West Australian Petroleum Pty Limited,NPW,Shut in,Barrow Island,19781112,19781226,20260417
Investigator 1,W000957,Northern Carnarvon,WA-96-P,112.96842,-20.350518,Esso Exploration & Production Australia Inc,NFW,P&A,,19790507,19790717,20260417
Barrow_L28,W000958,Northern Carnarvon,L 1H,115.400179,-20.804652,West Australian Petroleum Pty Limited,DEV,Shut in,Barrow Island,19790103,19790111,20260417
Barrow_E21G,W000970,Northern Carnarvon,L 1H,115.404515,-20.834376,West Australian Petroleum Pty Limited,DEV,P&A,Barrow Island,19790714,19790720,20260417
Barrow_L15,W000977,Northern Carnarvon,L 1H,115.389279,-20.80105,West Australian Petroleum Pty Limited,DEV,O,Barrow Island,19790622,19790627,20260417
Barrow_L17,W000978,Northern Carnarvon,L 1H,115.396468,-20.801819,West Australian Petroleum Pty Limited,DEV,Shut in,Barrow Island,19790630,19790705,20260417
Barrow_B12A,W000986,Northern Carnarvon,L 1H,115.34433,-20.857386,West Australian Petroleum Pty Limited,DEV,O,Barrow Island,19791014,19791019,20260417
Barrow_B26A,W000994,Northern Carnarvon,L 1H,115.359697,-20.8621,West Australian Petroleum Pty Limited,DEV,O,Barrow Island,19790914,19790919,20260417
Barrow_F81A,W000995,Northern Carnarvon,L 1H,115.372527,-20.854167,West Australian Petroleum Pty Limited,DEV,O,Barrow Island,19790825,19790831,20260417
Barrow_WSW8A,W001030,Northern Carnarvon,L 1H,115.381986,-20.818942,West Australian Petroleum Pty Limited,DEV,SUSP,Barrow Island,19800625,,20260417
Woodada 01,W001036,Perth,EP 100,115.140644,-29.794555,Hughes & Hughes Australia Pty Ltd,NFW,P&A G,Woodada,19800429,19800621,20260417
Barrow_R88G,W000975,Northern Carnarvon,L 1H,115.369511,-20.797582,West Australian Petroleum Pty Limited,DEV,SUSP,Barrow Island,19791202,19791208,20260417
Barrow_G83A,W000982,Northern Carnarvon,L 1H,115.348554,-20.85402,West Australian Petroleum Pty Limited,DEV,O,Barrow Island,19791101,19791107,20260417
Barrow_G82A,W000983,Northern Carnarvon,L 1H,115.344782,-20.854061,West Australian Petroleum Pty Limited,DEV,O,Barrow Island,19791027,19791101,20260417
Barrow_B32A,W000989,Northern Carnarvon,L 1H,115.344718,-20.864614,West Australian Petroleum Pty Limited,DEV,P&S,Barrow Island,19791107,19791111,20260417
Barrow_B33A,W000990,Northern Carnarvon,L 1H,115.348323,-20.864688,West Australian Petroleum Pty Limited,DEV,P&S,Barrow Island,19791112,19791119,20260417
Erregulla 2,W001015,Perth,EP 23,115.398947,-29.374024,Mesa Australia Ltd,EXT,P&A,,19800220,19800413,20260417
Barrow_J78,W001034,Northern Carnarvon,L 1H,115.338854,-20.822926,West Australian Petroleum Pty Limited,DEV,O,Barrow Island,19801009,19801014,20260417
Airey Hill 1,W001038,Southern Carnarvon,EP 166,113.873467,-23.065439,Monarch Petroleum NL,NFW,Water,,19800523,19800611,20260417
Parmelia 1,W001039,Perth,WA-13-P,115.077123,-32.298594,West Australian Petroleum Pty Limited,NFW,P&A,,19810429,19810610,20260417
Barrow_Q46M,W001048,Northern Carnarvon,L 1H,115.393885,-20.784247,West Australian Petroleum Pty Limited,NPW,P&A,Barrow Island,19800902,19800923,20260417
Yowalga 3,W001053,Officer,EP 178,125.916952,-26.149474,The Shell Company Of Australia Ltd,NFW,P&A,,19800819,19810117,20260417
Dampiera 1A,W001074,Canning,EP 143,125.26964,-19.766917,Western Mining Corporation Ltd,STR,P&A STR,,19820210,19820406,20260417
Dampiera 1,W001074,Canning,EP 143,125.26964,-19.766917,Western Mining Corporation Ltd,STR,P&A STR,,19820206,19820210,20260417
Barrow_Y14M,W001078,Northern Carnarvon,L 1H,115.400544,-20.714006,West Australian Petroleum Pty Limited,DEV,P&S,Barrow Island,19810731,19810811,20260417
Barrow_S62M,W001083,Northern Carnarvon,L 1H,115.362196,-20.760648,West Australian Petroleum Pty Limited,EXT,P&A,Barrow Island,19810829,19811001,20260417
Tubridgi 04,W001093,Northern Carnarvon,EP 110,114.834954,-21.763199,Otter Exploration NL,EXT,P&A G,Tubridgi,19811106,19811120,20260417
Barrow_G33A,W001115,Northern Carnarvon,L 1H,115.347998,-20.835913,West Australian Petroleum Pty Limited,DEV,O,Barrow Island,19820206,19820212,20260417
Barrow_G32A,W001124,Northern Carnarvon,L 1H,115.344686,-20.835818,West Australian Petroleum Pty Limited,DEV,P&S,Barrow Island,19820131,19820205,20260417
Barrow_G43A,W001126,Northern Carnarvon,L 1H,115.348117,-20.839639,West Australian Petroleum Pty Limited,DEV,O,Barrow Island,19820220,19820225,20260417
Barrow_G44A,W001127,Northern Carnarvon,L 1H,115.351588,-20.839711,West Australian Petroleum Pty Limited,DEV,O,Barrow Island,19820226,19820302,20260417
Barrow_G16A,W001151,Northern Carnarvon,L 1H,115.359867,-20.828386,West Australian Petroleum Pty Limited,DEV,O,Barrow Island,19820528,19820602,20260417
Bootine 1,W001058,Perth,EP 24,115.827031,-31.17649,Mesa Australia Ltd,NFW,P&A G,Gingin,19810809,19811122,20260417
Fisher 1,W001059,Northern Carnarvon,WA-28-P,115.71026,-19.822266,Woodside Offshore Development Pty Ltd,NFW,P&A,,19810625,19810827,20260417
Dongara 24,W001061,Perth,L 2,115.018177,-29.235098,West Australian Petroleum Pty Limited,DEV,Suspended,Dongara,19810226,19810409,20260417
Orange Pool 1,W001066,Canning,EP 129,124.210656,-17.303532,Home Energy Co Ltd,NFW,P&A,,19810621,19810722,20260417
Yarrada 1,W001067,Canning,EP 129,124.103801,-17.365119,Home Energy Co Ltd,NFW,P&A,,19810630,19810923,20260417
Cassia 1,W001073,Canning,EP 143,125.516304,-19.734609,Western Mining Corporation Ltd,STR,P&A STR,,19811102,19811214,20260417
Barrow_R18,W001084,Northern Carnarvon,L 1H,115.370279,-20.772654,West Australian Petroleum Pty Limited,EXT,P&S,Barrow Island,19810915,19810922,20260417
Blina 2,W001088,Canning,EP 129,124.497503,-17.617932,Home Energy Co Ltd,EXT,Shut in,Blina,19811001,19811027,20260417
Goodwyn 06,W001089,Northern Carnarvon,WA-28-P,115.854688,-19.721903,Woodside Petroleum Development Pty Ltd,EXT,SUSP OG,Goodwyn,19811020,19820131,20260417
Barrow_K11,W001094,Northern Carnarvon,L 1H,115.343183,-20.802054,West Australian Petroleum Pty Limited,EXT,P&A,Barrow Island,19811030,19811106,20260417
Beekeeper 1,W001099,Perth,EP 174,115.18666,-29.712685,Australian Aquitaine Petroleum Pty Ltd,NFW,P&A,,19811109,19820104,20260417
Barrow_K46M,W001105,Northern Carnarvon,L 1H,115.361006,-20.810733,West Australian Petroleum Pty Limited,EXT,O,Barrow Island,19811209,19811225,20260417
Rosily 1,W001119,Northern Carnarvon,WA-25-P,114.867989,-21.201622,West Australian Petroleum Pty Limited,NFW,P&A,,19820122,19820128,20260417
Rosily 1A,W001119,Northern Carnarvon,WA-25-P,114.867989,-21.201622,West Australian Petroleum Pty Limited,NFW,P&A G,,19820129,19820509,20260417
Rosily 1A ST1,W001119,Northern Carnarvon,WA-25-P,114.867989,-21.201622,West Australian Petroleum Pty Limited,NFW,P&A G,,19820129,19820509,20260417
Boronia 1,W001123,Canning,EP 103,124.572905,-17.75683,International Energy Development Corporation of Australia,NFW,P&A O,,19820413,19820705,20260417
Eremophila 1,W001138,Canning,EP 225,125.204837,-19.779135,Western Mining Corporation Ltd,STR,P&A STR,,19820406,19820519,20260417
Barrow_G14A,W001149,Northern Carnarvon,L 1H,115.351983,-20.828674,West Australian Petroleum Pty Limited,DEV,P&S,Barrow Island,19820512,19820518,20260417
Barrow G15A,W001150,Northern Carnarvon,L 1H,115.356117,-20.828912,West Australian Petroleum Pty Limited,DEV,Shut in,Barrow Island,19820519,19820524,20260417
Barrow_G56A,W001160,Northern Carnarvon,L 1H,115.359951,-20.843163,West Australian Petroleum Pty Limited,DEV,Shut in,Barrow Island,19820826,19820830,20260417
Carina 1,W001178,Canning,EP 175,123.080224,-19.353376,Getty Oil Development Co Ltd,NFW,P&A,,19820817,19820907,20260417
Barrow_G24X,W000467,Northern Carnarvon,L 1H,115.354746,-20.83396,West Australian Petroleum Pty Limited,DEV,P&A,Barrow Island,19690409,19690411,20260417
Barrow_M48,W000473,Northern Carnarvon,L 1H,115.431588,-20.812181,West Australian Petroleum Pty Limited,DEV,Shut in,Barrow Island,19690420,,20260417
Barrow_K68,W000475,Northern Carnarvon,L 1H,115.369491,-20.819424,West Australian Petroleum Pty Limited,DEV,O,Barrow Island,19690430,,20260417
Barrow_K88,W000479,Northern Carnarvon,L 1H,115.36983,-20.826886,West Australian Petroleum Pty Limited,DEV,O,Barrow Island,19690515,,20260417
Barrow_P64,W000488,Northern Carnarvon,L 1H,115.416095,-20.790154,West Australian Petroleum Pty Limited,DEV,Shut in,Barrow Island,19690504,,20260417
Barrow_G22,W000492,Northern Carnarvon,L 1H,115.346603,-20.833605,West Australian Petroleum Pty Limited,DEV,O,Barrow Island,19690604,,20260417
Barrow_M84,W000506,Northern Carnarvon,L 1H,115.416288,-20.827041,West Australian Petroleum Pty Limited,DEV,O,Barrow Island,19690708,,20260417
Barrow_P78,W000511,Northern Carnarvon,L 1H,115.43183,-20.794661,West Australian Petroleum Pty Limited,DEV,P&A,Barrow Island,19690721,,20260417
Barrow_M44,W000521,Northern Carnarvon,L 1H,115.4161,-20.811941,West Australian Petroleum Pty Limited,DEV,O,Barrow Island,19690712,,20260417
Barrow_P44,W000522,Northern Carnarvon,L 1H,115.416109,-20.782923,West Australian Petroleum Pty Limited,DEV,Shut in,Barrow Island,19690730,,20260417
Barrow_K15,W000531,Northern Carnarvon,L 1H,115.358088,-20.801734,West Australian Petroleum Pty Limited,DEV,P&S,Barrow Island,19690803,,20260417
Barrow_K35,W000532,Northern Carnarvon,L 1H,115.35819,-20.80879,West Australian Petroleum Pty Limited,DEV,Shut in,Barrow Island,19690901,,20260417
Barrow_K44,W000544,Northern Carnarvon,L 1H,115.353934,-20.811972,West Australian Petroleum Pty Limited,DEV,SUSP,Barrow Island,19690909,,20260417
Barrow_F46M,W000557,Northern Carnarvon,L 1H,115.393094,-20.839569,West Australian Petroleum Pty Limited,DEV,Shut in,Barrow Island,19690929,,20260417
Barrow_K24,W000564,Northern Carnarvon,L 1H,115.354575,-20.805039,West Australian Petroleum Pty Limited,DEV,SUSP,Barrow Island,19691004,,20260417
Barrow_L37,W000577,Northern Carnarvon,L 1H,115.396839,-20.809045,West Australian Petroleum Pty Limited,DEV,Shut in,Barrow Island,19691030,,20260417
Barrow_Q82,W000587,Northern Carnarvon,L 1H,115.377116,-20.797983,West Australian Petroleum Pty Limited,DEV,P&S,Barrow Island,19691215,,20260417
Barrow_R86,W000593,Northern Carnarvon,L 1H,115.361312,-20.797942,West Australian Petroleum Pty Limited,DEV,O,Barrow Island,19691017,,20260417
Barrow_WDWD1,W000598,Northern Carnarvon,L 1H,115.402736,-20.780445,West Australian Petroleum Pty Limited,DEV,P&A,Barrow Island,19691010,19691013,20260417
Barrow_WDWJ1,W000599,Northern Carnarvon,L 1H,115.38436,-20.818481,West Australian Petroleum Pty Limited,DEV,P&A,Barrow Island,19700205,,20260417
Barrow_B47,W000520,Northern Carnarvon,L 1H,115.366518,-20.869151,West Australian Petroleum Pty Limited,DEV,P&A,Barrow Island,19690724,,20260417
Barrow_K22,W000546,Northern Carnarvon,L 1H,115.347115,-20.805106,West Australian Petroleum Pty Limited,DEV,O,Barrow Island,19690912,,20260417
Barrow_WSW3A,W000553,Northern Carnarvon,L 1H,115.38849,-20.830917,West Australian Petroleum Pty Limited,WSW,P&S,Barrow Island,19681218,,20260417
Barrow_H28,W000558,Northern Carnarvon,L 1H,115.338887,-20.83475,West Australian Petroleum Pty Limited,DEV,O,Barrow Island,19691003,,20260417
Barrow_H48,W000559,Northern Carnarvon,L 1H,115.338849,-20.841836,West Australian Petroleum Pty Limited,DEV,O,Barrow Island,19691007,,20260417
Barrow_K28,W000566,Northern Carnarvon,L 1H,115.369332,-20.804657,West Australian Petroleum Pty Limited,DEV,O,Barrow Island,19691127,,20260417
Barrow_L48,W000579,Northern Carnarvon,L 1H,115.400775,-20.812424,West Australian Petroleum Pty Limited,DEV,O,Barrow Island,19691105,,20260417
Barrow_WSW6A,W000597,Northern Carnarvon,L 1H,115.361011,-20.811214,West Australian Petroleum Pty Limited,DEV,SUSP,Barrow Island,19690627,19690706,20260417
Barrow_Q44,W000617,Northern Carnarvon,L 1H,115.385803,-20.783303,West Australian Petroleum Pty Limited,DEV,Shut in,Barrow Island,19700605,,20260417
Barrow_Q53,W000621,Northern Carnarvon,L 1H,115.38137,-20.78734,West Australian Petroleum Pty Limited,DEV,O,Barrow Island,19700515,,20260417
Barrow_Q57,W000622,Northern Carnarvon,L 1H,115.396451,-20.786312,West Australian Petroleum Pty Limited,DEV,P&S,Barrow Island,19700314,,20260417
Barrow_Q67,W000626,Northern Carnarvon,L 1H,115.396828,-20.790811,West Australian Petroleum Pty Limited,DEV,O,Barrow Island,19700305,,20260417
Barrow_R57,W000633,Northern Carnarvon,L 1H,115.365651,-20.786799,West Australian Petroleum Pty Limited,DEV,Shut in,Barrow Island,19700327,,20260417
Barrow DWDB2,W000655,Northern Carnarvon,L 1H,115.393878,-20.786524,West Australian Petroleum Pty Limited,DEV,,Barrow Island,19700721,,20260417
Trimouille 1,W000658,Northern Carnarvon,LP-161H,115.572636,-20.40335,West Australian Petroleum Pty Limited,STR,P&A STR,,19670212,19670319,20260417
Trimouille 1A,W000659,Northern Carnarvon,LP-161H,115.572724,-20.40335,West Australian Petroleum Pty Limited,STR,P&A STR,,19670321,19670403,20260417
Yulleroo 1,W000662,Canning,LP-184H,122.910005,-17.852989,Gewerkschaft Elwerath,NFW,P&A GS,,19670521,19671205,20260417
Robe River Corehole 1,W000666,Northern Carnarvon,PE-217H,115.757953,-21.467449,West Australian Petroleum Pty Limited,STR,P&A STR,,19670106,19670107,20260417
Muiron 1,W000685,Northern Carnarvon,LP-185H,114.358288,-21.651268,West Australian Petroleum Pty Limited,STR,P&A STR,,19671201,19671225,20260417
Peedamulla 1,W000688,Northern Carnarvon,LP-187H,115.633844,-21.407281,West Australian Petroleum Pty Limited,STR,P&A STR,,19671222,19680107,20260417
Barrow_WSW5A,W000596,Northern Carnarvon,L 1H,115.41478,-20.784914,West Australian Petroleum Pty Limited,WSW,SUSP,Barrow Island,19690627,,20260417
Barrow_J58,W000603,Northern Carnarvon,L 1H,115.338884,-20.815422,West Australian Petroleum Pty Limited,DEV,O,Barrow Island,19700104,,20260417
Barrow_Q48,W000619,Northern Carnarvon,L 1H,115.400796,-20.782964,West Australian Petroleum Pty Limited,DEV,Shut in,Barrow Island,19700322,,20260417
Barrow_Q88,W000631,Northern Carnarvon,L 1H,115.400483,-20.797554,West Australian Petroleum Pty Limited,DEV,P&S,Barrow Island,19700617,,20260417
Barrow_T86,W000636,Northern Carnarvon,L 1H,115.408295,-20.768325,West Australian Petroleum Pty Limited,DEV,P&A,Barrow Island,19700426,,20260417
Barrow DWDB1,W000654,Northern Carnarvon,L 1H,115.393006,-20.784729,West Australian Petroleum Pty Limited,WSW,,Barrow Island,19700721,,20260417
Pasco 3,W000675,Northern Carnarvon,LP-158H,115.3336,-20.969002,West Australian Petroleum Pty Limited,EXT,P&A OG,Pasco,19670724,19670901,20260417
Bookara 3,W000678,Perth,LP-190H,114.890343,-29.107362,West Australian Petroleum Pty Limited,STR,P&A STR,,19670915,19670924,20260417
Dongara 06,W000684,Perth,LP-190H,114.941066,-29.194779,West Australian Petroleum Pty Limited,EXT,P&A,Dongara,19671212,19671230,20260417
Hope Island 1,W000692,Northern Carnarvon,LP-196H,114.479683,-22.159527,West Australian Petroleum Pty Limited,STR,P&A STR,,19680226,19680315,20260417
Mary Anne 1,W000697,Northern Carnarvon,LP-202H,115.504471,-21.298671,West Australian Petroleum Pty Limited,STR,P&A STR,,19680512,19680521,20260417
Willara Hill 1,W000706,Canning,LP-211H,121.882648,-19.058791,West Australian Petroleum Pty Limited,NFW,P&A,,19680810,19680822,20260417
Charlotte 1,W000716,Perth,WA-14-P,115.450381,-31.80877,West Australian Petroleum Pty Limited,NFW,P&A,,19701219,19710112,20260417
Lacrosse 1,W000719,Bonaparte,WA-19-P,128.584026,-14.296051,Arco Australia Ltd,NFW,P&A,,19690221,19690507,20260417
Dongara 09,W000723,Perth,LP-111H,115.003762,-29.224029,West Australian Petroleum Pty Limited,EXT,Suspended,Dongara,19690415,19690508,20260417
Fortescue 1,W000724,Northern Carnarvon,PE-217H,115.858008,-21.01811,West Australian Petroleum Pty Limited,STR,P&A STR,,19690620,19690625,20260417
Beagle 1,W000725,Northern Carnarvon,PE-217H,115.641399,-21.190538,West Australian Petroleum Pty Limited,STR,P&A STR,,19690531,19690616,20260417
Flag 1,W000730,Northern Carnarvon,WA-23-P,115.651337,-20.46394,West Australian Petroleum Pty Limited,NFW,P&A OG,,19690902,19700203,20260417
Flag 1 ST1,W000730,Northern Carnarvon,WA-23-P,115.651337,-20.46394,West Australian Petroleum Pty Limited,NFW,P&A OG,,,19700203,20260417
Matches Spring 1,W000741,Canning,EP 37,124.051901,-18.689184,Total Exploration Australia Pty Ltd,NFW,P&A,,19690826,19691114,20260417
Dirk Hartog 05,W000759,Southern Carnarvon,LP-44H,113.037211,-25.755077,West Australian Petroleum Pty Limited,STR,P&A STR,,19560105,19560115,20260417
Barrow_Q33,W000614,Northern Carnarvon,L 1H,115.380922,-20.779434,West Australian Petroleum Pty Limited,DEV,Shut in,Barrow Island,19700614,,20260417
Barrow_G24,W000657,Northern Carnarvon,L 1H,115.354152,-20.834676,West Australian Petroleum Pty Limited,DEV,O,Barrow Island,19690428,19690501,20260417
Trimouille 1B,W000671,Northern Carnarvon,LP-161H,115.574451,-20.405083,West Australian Petroleum Pty Limited,STR,P&A STR,,19670520,19670602,20260417
Barrow_C65J,W000699,Northern Carnarvon,LP-164H,115.385256,-20.882742,West Australian Petroleum Pty Limited,NFW,P&A,Barrow Island,19680509,19680615,20260417
Direction Island 1,W000700,Northern Carnarvon,LP-204H,115.131901,-21.534233,West Australian Petroleum Pty Limited,STR,P&A STR,,19680426,19680507,20260417
Quinns Rock 1,W000707,Perth,WA-14-P,115.517047,-31.802379,West Australian Petroleum Pty Limited,NFW,P&A,,19681010,19681121,20260417
Edgar Range 1,W000708,Canning,LP-213H,123.59535,-18.755526,Total Exploration Australia Pty Ltd,STR,P&A STR,,19680811,19680915,20260417
Kemp Field 1,W000710,Canning,LP-216H,123.464581,-20.317982,Total Exploration Australia Pty Ltd,STR,P&A STR,,19680928,19681013,20260417
Dampier 1,W000717,Northern Carnarvon,WA-28-P,116.014951,-19.871158,Woodside Petroleum Development Pty Ltd,NFW,P&A,,19681122,19690509,20260417
Mondarra 2,W000718,Perth,LP-171H,115.10479,-29.351251,West Australian Petroleum Pty Limited,EXT,P&A,Mondarra,19681219,19690218,20260417
Dongara 12,W000739,Perth,PE-27H,115.022733,-29.238181,West Australian Petroleum Pty Limited,EXT,P&A,Dongara,19690730,19690817,20260417
Dongara 15,W000742,Perth,PE-27H,115.018679,-29.274529,West Australian Petroleum Pty Limited,EXT,P&A,Dongara,19691016,19691104,20260417
Dongara 18,W000752,Perth,PE-27H,115.035039,-29.274737,West Australian Petroleum Pty Limited,EXT,Suspended,Dongara,19700109,19700126,20260417
Dirk Hartog 12,W000766,Southern Carnarvon,LP-44H,113.106011,-25.958157,West Australian Petroleum Pty Limited,STR,P&A STR,,19560918,19561003,20260417
Leveque 1,W000779,Browse,WA-32-P,122.006195,-15.751904,Woodside Petroleum Development Pty Ltd,NFW,P&A,,19700822,19700906,20260417
Napier 5,W000782,Canning,EP 52,124.469623,-17.106914,Lennard Oil NL,STR,P&A STR,,19700908,19701027,20260417
Tern 1,W000788,Bonaparte,WA-18-P,128.065967,-13.219386,Arco Australia Ltd,NFW,P&A G,Tern,19710126,19710805,20260417
West White Point 1,W000793,Perth,EP 23,115.041187,-29.344863,West Australian Petroleum Pty Limited,NFW,P&A,,19710202,19710227,20260417
Scott Reef 1,W000794,Browse,WA-33-P,121.825935,-14.074698,Woodside Petroleum Development Pty Ltd,NFW,P&A,Torosa,19710218,19710609,20260417
Sandy Point 2,W000795,Northern Carnarvon,EP 41,113.848017,-22.371196,West Australian Petroleum Pty Limited,NFW,P&A,,19710417,19710506,20260417
Picard 1,W000837,Northern Carnarvon,WA-1-P,117.623659,-18.965219,Woodside Petroleum Development Pty Ltd,NFW,P&A,,19720728,19721003,20260417
Wilson Cliffs 1,W000696,Canning,LP-199H,126.783265,-22.276081,Australian Aquitaine Petroleum Pty Ltd,NFW,P&A,,19680608,19681204,20260417
Dongara 08,W000722,Perth,LP-111H,115.023901,-29.251251,West Australian Petroleum Pty Limited,EXT,P&A,Dongara,19690513,19690602,20260417
Napier 1,W000731,Canning,LP-106H,124.527958,-17.204135,Lennard Oil NL,STR,P&A STR,,19690704,19690810,20260417
Dongara 13,W000740,Perth,PE-27H,114.997789,-29.212779,West Australian Petroleum Pty Limited,EXT,P&A,Dongara,19690821,19690913,20260417
Dongara 17,W000750,Perth,PE-27H,115.029068,-29.284918,West Australian Petroleum Pty Limited,EXT,P&A,Dongara,19691205,19691227,20260417
Barrow_Y24J,W000774,Northern Carnarvon,L 1H,115.400553,-20.71758,West Australian Petroleum Pty Limited,DEV,P&S,Barrow Island,19700520,19700618,20260417
Myroodah 1,W000780,Canning,LP-47H,124.194299,-18.272276,Associated Freney Oilfields NL,NFW,P&A,,19551031,19560114,20260417
Ningaloo 1,W000797,Northern Carnarvon,EP 41,113.779348,-22.572901,West Australian Petroleum Pty Limited,NFW,P&A,,19710318,19710407,20260417
Sandpiper 1,W000798,Bonaparte,WA-18-P,127.977635,-13.313276,Arco Australia Ltd,NFW,P&A,,19710807,19710911,20260417
Walyering 2,W000802,Perth,EP 24,115.475364,-30.702093,West Australian Petroleum Pty Limited,EXT,P&A G,Walyering,19710624,19711225,20260417
Logue 1,W000810,Canning,EP 7,123.391418,-18.12448,West Australian Petroleum Pty Limited,NFW,P&A,,19720717080000,19720903080000,20260417
De Grey 1,W000811,Northern Carnarvon,WA-1-P,117.086887,-19.48764,Woodside Offshore Development Pty Ltd,NFW,P&A,,19710910,19711017,20260417
Goodwyn 01,W000813,Northern Carnarvon,WA-28-P,115.896769,-19.692225,Woodside Petroleum Development Pty Ltd,NFW,SUSP G,Goodwyn,19711022,19711214,20260417
Rob Roy 1,W000816,Browse,WA-35-P,124.200472,-13.96957,Woodside Offshore Development Pty Ltd,NFW,P&A,,19720127,19720228,20260417
Munro 1,W000822,Canning,EP 3,122.475764,-19.861661,West Australian Petroleum Pty Limited,NFW,P&A,,19720604080000,19720703080000,20260417
Jarman 1,W000867,Northern Carnarvon,WA-1-P,117.3462,-19.120753,Woodside Petroleum Development Pty Ltd,NFW,P&A,,19780117,19780303,20260417
Kalbarri 1,W000868,Southern Carnarvon,EP 48,114.108927,-27.274854,Oceania Petroleum Pty Ltd,STR,P&A STR,,19730911,19731003,20260417
Sunday Swamp 1,W000885,Bight,EP 68,118.295137,-34.750711,Silfar Pty Ltd,STR,P&A STR,,19740207,19740322,20260417
Barrow_Y58J,W000914,Northern Carnarvon,L 1H,115.416989,-20.72811,West Australian Petroleum Pty Limited,NFW,P&A,Barrow Island,19760708,19760810,20260417
Peel 1,W000924,Perth,WA-14-P,115.446776,-32.262053,Phillips Australian Oil Company,NFW,P&A,,19771007,19771210,20260417
Mt Wynne 1,W000925,Canning,OPA-84H,124.44964,-18.087226,Freney Kimberley Oil Co (1932) NL,NFW,P&A,,19220624,19230601,20260417
Barrow L82G,W000942,Northern Carnarvon,L 1H,115.379322,-20.82653,West Australian Petroleum Pty Limited,DEV,O,Barrow Island,19780920,19780929,20260417
Delambre 1,W001040,Northern Carnarvon,WA-90-P,116.697994,-18.516699,Woodside Offshore Development Pty Ltd,NFW,P&A,,19800807,19801128,20260417
Barrow_Y24M,W001041,Northern Carnarvon,L 1H,115.400185,-20.717566,West Australian Petroleum Pty Limited,NPW,P&A,Barrow Island,19800517,19800529,20260417
Barrow T24,W001046,Northern Carnarvon,L 1H,115.400558,-20.745309,West Australian Petroleum Pty Limited,EXT,P&A,Barrow Island,19800823,19800830,20260417
Mt Horner 03,W001052,Perth,EP 96,115.086381,-29.128487,XLX NL,EXT,P&A,Mount Horner,19800904,19801121,20260417
Woodada 03,W001055,Perth,EP 100,115.157215,-29.753338,Hughes & Hughes Australia Pty Ltd,EXT,P&A,Woodada,19800610,19810208,20260417
Georgina 1,W001068,Perth,EP 96,115.07545,-29.142515,XLX NL,NFW,P&A,,19810428,19810712,20260417
Abutilon 1,W001070,Canning,EP 143,125.11797,-19.453583,Western Mining Corporation Ltd,STR,P&A STR,,19810702,19810817,20260417
Acacia 1,W001071,Canning,EP 143,124.995592,-19.329215,Western Mining Corporation Ltd,STR,P&A STR,,19810819,19810920,20260417
Wyloo 1,W001076,Northern Carnarvon,EP 110,114.857394,-21.792318,Otter Exploration NL,NFW,P&A G,,19810618,19810628,20260417
West Tryal Rocks 3,W001082,Northern Carnarvon,WA-25-P,115.050397,-20.153635,West Australian Petroleum Pty Limited,EXT,P&A,West Tryal Rocks,19810829,19811001,20260417
Barrow_R33M,W001085,Northern Carnarvon,L 1H,115.350945,-20.780786,West Australian Petroleum Pty Limited,NPW,P&S,Barrow Island,19811003,19811018,20260417
Tubridgi 03,W001092,Northern Carnarvon,EP 110,114.806607,-21.789393,Otter Exploration NL,EXT,P&A,Tubridgi,19811020,19811103,20260417
Barrow_L46G,W001095,Northern Carnarvon,L 1H,115.39231,-20.811984,West Australian Petroleum Pty Limited,SPT,P&A,Barrow Island,19811107,19811111,20260417
Vlaming Head 1,W001120,Northern Carnarvon,WA-110-P,114.192092,-21.245348,Canada Northwest Australia Oil NL,NFW,P&A,,19820831,19820918,20260417
Woodleigh 1981/2,W001129,Southern Carnarvon,EP 169,114.668619,-26.054835,Eagle Corporation Limited,STR,P&A STR,,19810310,19810314,20260417
Bowers 1,W001139,Northern Carnarvon,WA-25-P,114.716344,-21.102543,West Australian Petroleum Pty Limited,NFW,P&A G,,19820512,19820826,20260417
Barrow_G21A,W001145,Northern Carnarvon,L 1H,115.340706,-20.832725,West Australian Petroleum Pty Limited,DEV,Shut in,Barrow Island,19820416,19820421,20260417
Barrow_G26A,W001153,Northern Carnarvon,L 1H,115.360192,-20.832331,West Australian Petroleum Pty Limited,DEV,O,Barrow Island,19820608,19820613,20260417
Barrow_G41A,W001157,Northern Carnarvon,L 1H,115.340667,-20.839845,West Australian Petroleum Pty Limited,DEV,O,Barrow Island,19820630,19820703,20260417
Barrow_G64A,W001163,Northern Carnarvon,L 1H,115.352609,-20.847059,West Australian Petroleum Pty Limited,DEV,P&S,Barrow Island,19820911,19820915,20260417
Barrow_G63A,W001167,Northern Carnarvon,L 1H,115.348346,-20.84689,West Australian Petroleum Pty Limited,DEV,O,Barrow Island,19820929,19821003,20260417
Carina 1 ST,W001178,Canning,EP 175,123.080224,-19.353376,Getty Oil Development Co Ltd,NFW,P&A,,19820824,19820907,20260417
Canopus 1,W001179,Canning,EP 175,123.86831,-18.946646,Getty Oil Development Co Ltd,NFW,P&A,,19820720,19820809,20260417
Musca 1,W001180,Canning,EP 175,122.956947,-19.337305,Getty Oil Development Co Ltd,NFW,P&A,,19821006,19821025,20260417
Rosemary North 1,W001199,Northern Carnarvon,WA-1-P,116.41194,-19.910555,Woodside Petroleum Development Pty Ltd,NFW,P&A,,19821019,19821125,20260417
Goonderoo 1A,W001205,Yilgarn Craton,EP 278,116.036471,-30.511252,Agnew Clough Ltd,NFW,P&A,,19821115,19821115,20260417
Barrow_Q11,W001215,Northern Carnarvon,L 1H,115.374113,-20.772209,West Australian Petroleum Pty Limited,Service,O,Barrow Island,19821106,19821111,20260417
Barrow_Y25M,W001221,Northern Carnarvon,L 1H,115.40605,-20.717974,West Australian Petroleum Pty Limited,EXT,P&A,Barrow Island,19830103,19830117,20260417
Barrow_Q55,W001226,Northern Carnarvon,L 1H,115.388726,-20.786556,West Australian Petroleum Pty Limited,DEV,O,Barrow Island,19700126,,20260417
Barrow_L27,W001227,Northern Carnarvon,L 1H,115.396681,-20.804903,West Australian Petroleum Pty Limited,DEV,O,Barrow Island,19700404,,20260417
North Herald 1,W001255,Northern Carnarvon,WA-149-P,115.268761,-21.174934,Mesa Australia Ltd,NFW,P&A OS,North Herald,19830521,19830629,20260417
Myanore 1,W001263,Northern Carnarvon,EP 137,115.695671,-21.344319,Avon Engineering Pty Ltd,NFW,P&A G,,19830428,19830506,20260417
Aristida 1A,W001271,Canning,EP 143,125.327974,-19.897194,Western Mining Corporation Ltd,STR,P&A STR,,19831028,19831121,20260417
Aristida 1,W001271,Canning,EP 143,125.327974,-19.897194,Western Mining Corporation Ltd,STR,P&A STR,,19831018,19831028,20260417
Halgania 1,W001272,Canning,EP 143,125.396859,-19.689693,Western Mining Corporation Ltd,STR,P&A STR,,19830817,19830905,20260417
Pratia 1,W001276,Canning,EP 143,124.996025,-19.363861,Western Mining Corporation Ltd,STR,P&A STR,,19840212,19840222,20260417
Solanum 1,W001277,Canning,EP 143,124.962971,-19.364973,Western Mining Corporation Ltd,STR,P&A STR,,19840222,19840310,20260417
NRA 04,W001290,Northern Carnarvon,WA-1-L,116.138129,-19.584228,Woodside Offshore Petroleum Pty Ltd,DEV,SUSP GC,North Rankin,19840820,19841010,20260417
East Crab Creek 1,W001312,Canning,EP 114,122.610196,-18.016932,Gulf (Aust) Resources NL,NFW,P&A,,19831027,19840502,20260417
South Pepper 03,W001313,Northern Carnarvon,WA-149-P,115.251675,-21.121235,Wesminco Oil Pty Ltd,EXT,P&A,South Pepper,19840318,19840410,20260417
Outtrim 1,W001321,Northern Carnarvon,WA-155-P,114.452088,-21.529977,Esso Exploration & Production Australia Inc,NFW,P&A O,Outtrim,19840622,19840713,20260417
Dixon 1,W001324,Northern Carnarvon,WA-28-P,115.787951,-19.848604,Woodside Offshore Petroleum Pty Ltd,NFW,SUSP G,Dixon/W.Dixon,19840305,19840717,20260417
West Kora 1,W001329,Canning,EP 104,123.817973,-17.245048,Esso Exploration & Production Australia Inc,NFW,Shut in,West Kora,19840716,19840909,20260417
Barrow_G25A,W001152,Northern Carnarvon,L 1H,115.355918,-20.832313,West Australian Petroleum Pty Limited,DEV,P&S,Barrow Island,19820603,19820607,20260417
Barrow_G46A,W001155,Northern Carnarvon,L 1H,115.360207,-20.839813,West Australian Petroleum Pty Limited,DEV,Shut in,Barrow Island,19820619,19820623,20260417
Barrow_G55A,W001161,Northern Carnarvon,L 1H,115.35671,-20.842731,West Australian Petroleum Pty Limited,DEV,P&S,Barrow Island,19820901,19820905,20260417
Barrow_G53A,W001165,Northern Carnarvon,L 1H,115.348042,-20.843123,West Australian Petroleum Pty Limited,DEV,O,Barrow Island,19820921,19820924,20260417
Vela 1,W001181,Canning,EP 175,122.894675,-19.410467,Getty Oil Development Co Ltd,NFW,P&A,,19820912,19821003,20260417
Ningbing 1,W001185,Bonaparte,EP 126,128.681836,-15.180562,Australian Aquitaine Petroleum Pty Ltd,NFW,P&A GS,,19820731,19820904,20260417
Barrow_Y23M,W001220,Northern Carnarvon,L 1H,115.397583,-20.717486,West Australian Petroleum Pty Limited,EXT,P&A,Barrow Island,19821129,19821214,20260417
Barrow_L42M,W001235,Northern Carnarvon,L 1H,115.375896,-20.810944,West Australian Petroleum Pty Limited,EXT,O,Barrow Island,19830401,19830414,20260417
Weelawarren 1,W001264,Northern Carnarvon,EP 110,114.922029,-21.810495,Pan Pacific Petroleum NL,NFW,P&A,,19830521,19830531,20260417
Echuca Shoals 1,W001269,Browse,WA-35-P,123.724887,-13.74892,Woodside Offshore Development Pty Ltd,NFW,P&A G,Echuca Shoals,19831108,19840229,20260417
Capparis 1,W001270,Canning,EP 143,125.102414,-19.450528,Western Mining Corporation Ltd,STR,P&A STR,,19840121,19840131,20260417
Hakea 1,W001285,Canning,EP 103,124.465313,-17.692284,International Energy Development Corporation of Australia,NFW,P&A,,19830822,19830918,20260417
NRA 05,W001291,Northern Carnarvon,WA-1-L,116.138129,-19.584229,Woodside Petroleum Development Pty Ltd,DEV,G&C,North Rankin,19841011,19841212,20260417
NRA 06,W001292,Northern Carnarvon,WA-1-L,116.138129,-19.584228,Woodside Offshore Petroleum Pty Ltd,DEV,G&C,North Rankin,19841207,19850703,20260417
NRA 10,W001296,Northern Carnarvon,WA-1-L,116.138123,-19.584228,Woodside Offshore Petroleum Pty Ltd,DEV,G&C,North Rankin,19860221,19870116,20260417
NRA 11,W001297,Northern Carnarvon,WA-1-L,116.138129,-19.584228,Woodside Offshore Petroleum Pty Ltd,DEV,SUSP GC,North Rankin,19860404,19860530,20260417
South Pepper 02,W001308,Northern Carnarvon,WA-149-P,115.278656,-21.140797,Mesa Australia Ltd,NFW,P&A GS,South Pepper,19831006,19831031,20260417
Quobba 1,W001325,Southern Carnarvon,EP 274,113.43731,-24.344443,Canada Northwest Australia Oil NL,NFW,P&A,,19840302,19840410,20260417
Calytrix 1,W001331,Canning,EP 225,126.089501,-20.354776,Western Mining Corporation Ltd,STR,P&A STR,,19840429,19840506,20260417
Melaleuca 1,W001334,Canning,EP 143,125.547003,-19.686881,Western Mining Corporation Ltd,STR,P&A STR,,19840411,19840421,20260417
Minder Reef 1,W001336,Perth,WA-170-P,115.344963,-31.721351,Esso Australia Pty Ltd,NFW,P&A,,19840523,19840609,20260417
Mulyery 1,W000689,Northern Carnarvon,LP-186H,115.799081,-21.308291,West Australian Petroleum Pty Limited,STR,P&A STR,,19680111,19680122,20260417
Whicher Range 1,W000690,Perth,LP-198H,115.374781,-33.835857,Union Oil Development Corporation,NFW,P&A G,Whicher Range,19680319,19680922,20260417
Legendre 1,W000694,Northern Carnarvon,WA-1-P,116.73342,-19.670594,B.O.C. Of Australia Ltd,NFW,SUSP O,Legendre North,19680607,19681117,20260417
Mardie 2,W000728,Northern Carnarvon,PE-217H,115.723271,-21.34768,West Australian Petroleum Pty Limited,STR,P&A STR,,19690507,19690511,20260417
Anchor 1,W000734,Northern Carnarvon,WA-24-P,114.713945,-21.547649,West Australian Petroleum Pty Limited,NFW,P&A,,19690712,19690831,20260417
Mondarra 4,W000736,Perth,EP 23,115.102845,-29.319029,West Australian Petroleum Pty Limited,EXT,P&A,Mondarra,19690719,19690822,20260417
Dongara 14,W000745,Perth,PE-27H,115.019067,-29.224001,West Australian Petroleum Pty Limited,EXT,P&A,Dongara,19690921,19691009,20260417
Dongara 19,W000753,Perth,PE-27H,115.046655,-29.270662,West Australian Petroleum Pty Limited,EXT,P&A,Dongara,19700207,19700228,20260417
Dirk Hartog 01,W000755,Southern Carnarvon,LP-44H,113.059211,-25.715467,West Australian Petroleum Pty Limited,STR,P&A STR,,19551010,19551107,20260417
Dirk Hartog 14,W000768,Southern Carnarvon,LP-44H,113.153011,-25.886727,West Australian Petroleum Pty Limited,STR,P&A STR,,19561011,19561014,20260417
Dirk Hartog 17B,W000771,Southern Carnarvon,LP-44H,113.079653,-25.867376,West Australian Petroleum Pty Limited,NFW,P&A,,19570218,19570522,20260417
Lacepede 1A,W000777,Canning,WA-31-P,121.446124,-17.08704,Woodside Petroleum Development Pty Ltd,NFW,P&A,,19700701,19710219,20260417
Lacepede 1,W000777,Canning,WA-31-P,121.446124,-17.08704,Woodside Petroleum Development Pty Ltd,NFW,P&A,,19700621,19700819,20260417
Enderby 1,W000783,Northern Carnarvon,WA-1-P,116.408086,-20.155746,Woodside Petroleum Development Pty Ltd,NFW,P&A,,19700910,19701012,20260417
Legendre 2,W000785,Northern Carnarvon,WA-1-P,116.781623,-19.622919,Woodside Petroleum Development Pty Ltd,NFW,P&A,Legendre North,19701016,19701223,20260417
Walyering 1,W000792,Perth,EP 41,115.466753,-30.714592,West Australian Petroleum Pty Limited,NFW,P&A G,Walyering,19710131,19710506,20260417
Crossland 1,W000805,Canning,EP 43,125.251755,-19.715912,West Australian Petroleum Pty Limited,STR,P&A STR,,19710731080000,19710817080000,20260417
Crossland 3,W000807,Canning,EP 13,125.760968,-20.201031,West Australian Petroleum Pty Limited,STR,P&A STR,,19710924,19711015,20260417
Cane River 1,W000814,Northern Carnarvon,EP 40,115.099766,-21.679412,Hematite Petroleum Pty Ltd,STR,P&A STR,,19711129,19711211,20260417
Cane River 3,W000818,Northern Carnarvon,EP 40,115.325792,-21.706456,Hematite Petroleum Pty Ltd,STR,P&A STR,,19711229,19720103,20260417
Cane River 4,W000819,Northern Carnarvon,EP 40,115.56385,-21.597006,Hematite Petroleum Pty Ltd,STR,P&A STR,,19720116,19720121,20260417
Dirk Hartog 09A,W000763,Southern Carnarvon,LP-44H,113.109811,-25.868547,West Australian Petroleum Pty Limited,STR,P&A STR,,19560729,19560807,20260417
Dirk Hartog 13,W000767,Southern Carnarvon,LP-44H,113.171711,-26.030727,West Australian Petroleum Pty Limited,STR,P&A STR,,19561006,19561009,20260417
Dirk Hartog 16,W000770,Southern Carnarvon,LP-44H,113.105844,-25.822765,West Australian Petroleum Pty Limited,STR,P&A STR,,19561021,19561025,20260417
Nerrima 1 (AFO),W000781,Canning,LP-16H,124.376959,-18.451396,Associated Freney Oilfields NL,NFW,P&A,,19550108,19550909,20260417
Lynher 1,W000789,Browse,WA-30-P,121.084361,-15.9387,B.O.C. Of Australia Ltd,NFW,P&A,,19701225,19710216,20260417
West White Point 2,W000796,Perth,EP 23,115.043123,-29.378752,West Australian Petroleum Pty Limited,NFW,P&A,,19711127,19711229,20260417
North Rankin 1,W000800,Northern Carnarvon,WA-28-P,116.12631,-19.597161,Woodside Petroleum Development Pty Ltd,NFW,SUSP G,North Rankin,19710503,19710726,20260417
Tappers Inlet 1,W000801,Canning,EP 6,122.590783,-16.859095,West Australian Petroleum Pty Limited,NFW,P&A,,19710616,19710809,20260417
Bedout 1,W000803,Roebuck,WA-29-P,119.390943,-18.24308,Woodside Petroleum Development Pty Ltd,NFW,P&A,,19710731,19710907,20260417
Crossland 2,W000806,Canning,EP 18,124.993112,-20.008439,West Australian Petroleum Pty Limited,STR,P&A STR,,19710822,19710904,20260417
Angel 1,W000812,Northern Carnarvon,WA-1-P,116.597936,-19.504232,Woodside Offshore Development Pty Ltd,NFW,SUSP GC,Angel,19711013,19720122,20260417
Cane River 5,W000820,Northern Carnarvon,EP 40,115.481349,-21.788121,Hematite Petroleum Pty Ltd,STR,P&A STR,,19720108,19720111,20260417
Cunaloo 1,W000821,Northern Carnarvon,EP 39,114.897682,-22.012184,West Australian Petroleum Pty Limited,STR,P&A STR,,19720322,19720401,20260417
Narlingue 1,W000823,Perth,EP 23,115.106081,-29.073078,Abrolhos Oil Pty Ltd,NFW,P&A,,19720327,19720426,20260417
Pelican Island 1,W000826,Bonaparte,EP 54,128.77542,-14.770493,Arco Australia Ltd,NFW,P&A,,19720529,19720729,20260417
Ronsard 1,W000864,Northern Carnarvon,WA-1-P,117.16207,-19.140468,Woodside Petroleum Development Pty Ltd,NFW,P&A,,19731012,19731111,20260417
Egret 1,W000865,Northern Carnarvon,WA-28-P,116.348469,-19.505109,Woodside Petroleum Development Pty Ltd,NFW,SUSP OG,Egret,19721224,19730528,20260417
Tamala 1,W000869,Southern Carnarvon,EP 47,113.635768,-26.645464,Oceania Petroleum Pty Ltd,STR,P&A STR,,19730404,19730508,20260417
Heywood 1,W000888,Browse,WA-37-P,124.067992,-13.461259,Woodside Offshore Development Pty Ltd,NFW,P&A,,19740407,19740714,20260417
Windoo 1A,W000904,Northern Carnarvon,EP 40,115.685593,-21.356239,West Australian Petroleum Pty Limited,STR,P&A GS,,19741207,19741215,20260417
Prices Creek 2,W000931,Canning,OPA-86H,125.943193,-18.67584,Freney Kimberley Oil Co (1932) NL,NFW,P&A,,19221215,19230515,20260417
Barrow L82G Re-Entry,W000942,Northern Carnarvon,L 1H,115.379322,-20.82653,West Australian Petroleum Pty Limited,DEV,O,Barrow Island,19910212,19910214,20260417
Batavia 1,W000949,Perth,WA-59-P,114.261565,-28.89839,Esso Exploration & Production Australia Inc,NFW,P&A,,19780813,19781001,20260417
Sultan 1,W000952,Northern Carnarvon,WA-25-P,115.190557,-20.042127,West Australian Petroleum Pty Limited,NFW,P&A,,19790118,19790319,20260417
Barrow_L18,W000959,Northern Carnarvon,L 1H,115.400398,-20.801544,West Australian Petroleum Pty Limited,DEV,O,Barrow Island,19790112,19790121,20260417
Barrow_B13A,W000960,Northern Carnarvon,L 1H,115.348702,-20.857182,West Australian Petroleum Pty Limited,DEV,O,Barrow Island,19790305,19790316,20260417
Barrow_L58G,W000972,Northern Carnarvon,L 1H,115.400173,-20.815982,West Australian Petroleum Pty Limited,DEV,SUSP,Barrow Island,19790727,19790802,20260417
Barrow_Q86,W000979,Northern Carnarvon,L 1H,115.392465,-20.797298,West Australian Petroleum Pty Limited,DEV,O,Barrow Island,19790707,19790712,20260417
Barrow_B11A,W000985,Northern Carnarvon,L 1H,115.34103,-20.857894,West Australian Petroleum Pty Limited,DEV,O,Barrow Island,19791007,19791013,20260417
Barrow_B21A,W000987,Northern Carnarvon,L 1H,115.341141,-20.861652,West Australian Petroleum Pty Limited,DEV,P&S,Barrow Island,19790926,19791001,20260417
Brecknock 1,W001002,Browse,WA-33-P,121.673782,-14.435555,Woodside Petroleum Development Pty Ltd,NFW,P&A GC,Brecknock,19790731,19791212,20260417
Mercury 1,W001007,Northern Carnarvon,WA-84-P,113.879715,-19.56404,Phillips Australian Oil Company,NFW,P&A,,19791029,19791231,20260417
Barrow_F72,W001008,Northern Carnarvon,L 1H,115.379093,-20.852108,West Australian Petroleum Pty Limited,NPW,O,Barrow Island,19790818,19790824,20260417
Scarborough 1,W001010,Northern Carnarvon,WA-96-P,113.147046,-19.883846,Esso Exploration & Production Australia Inc,NFW,P&A G,Scarborough,19791113,19791217,20260417
Puratte 1,W001011,Canning,EP 104,123.239466,-17.086401,Esso Exploration & Production Australia Inc,NFW,P&A,,19791104,19800117,20260417
Buffon 1,W001016,Browse,WA-37-P,122.184502,-13.392455,Woodside Petroleum Development Pty Ltd,NFW,P&A,,19800104,19800803,20260417
Buffon 1 ST1,W001016,Browse,WA-37-P,122.184502,-13.392455,Woodside Petroleum Development Pty Ltd,NFW,P&A,,19800317,19800803,20260417
Eendracht 1,W001022,Northern Carnarvon,WA-96-P,112.244459,-19.906727,Esso Exploration & Production Australia Inc,NFW,P&A G,,19800507,19800605,20260417
Barrow_F64,W001027,Northern Carnarvon,L 1H,115.384052,-20.850178,West Australian Petroleum Pty Limited,DEV,P&A,Barrow Island,19800308,19800420,20260417
North Rankin 6,W001045,Northern Carnarvon,WA-28-P,116.142137,-19.544755,Woodside Offshore Development Pty Ltd,EXT,SUSP GC,North Rankin,19800823,19800830,20260417
Ejarno 1,W001063,Perth,L 1,115.077343,-29.313829,West Australian Petroleum Pty Limited,NFW,P&A GS,,19810421,19810625,20260417
Barrow_C57M,W000600,Northern Carnarvon,L 1H,115.396839,-20.874298,West Australian Petroleum Pty Limited,DEV,P&S,Barrow Island,19700623,,20260417
Barrow_D11,W000601,Northern Carnarvon,L 1H,115.404319,-20.859394,West Australian Petroleum Pty Limited,DEV,P&A,Barrow Island,19700112,,20260417
Barrow_K33,W000604,Northern Carnarvon,L 1H,115.349755,-20.808687,West Australian Petroleum Pty Limited,DEV,P&A,Barrow Island,19700116,,20260417
Barrow_L26,W000606,Northern Carnarvon,L 1H,115.393425,-20.805195,West Australian Petroleum Pty Limited,DEV,O,Barrow Island,19700122,,20260417
Barrow_Q66,W000625,Northern Carnarvon,L 1H,115.392692,-20.791009,West Australian Petroleum Pty Limited,DEV,Shut in,Barrow Island,19700417,,20260417
Barrow_Q75,W000628,Northern Carnarvon,L 1H,115.389064,-20.793846,West Australian Petroleum Pty Limited,DEV,O,Barrow Island,19700522,,20260417
Barrow_Q84,W000630,Northern Carnarvon,L 1H,115.385075,-20.798277,West Australian Petroleum Pty Limited,DEV,O,Barrow Island,19700308,,20260417
Barrow_S67J,W000634,Northern Carnarvon,L 1H,115.38055,-20.761573,West Australian Petroleum Pty Limited,DEV,P&A,Barrow Island,19700430,,20260417
Locker 1,W000665,Northern Carnarvon,LP-173H,114.763085,-21.721298,West Australian Petroleum Pty Limited,STR,P&A STR,,19670606,19670711,20260417
Robe River Corehole 3,W000668,Northern Carnarvon,PE-217H,115.871025,-21.465992,West Australian Petroleum Pty Limited,STR,P&A STR,,19670108,19670109,20260417
Robe River Corehole 4,W000669,Northern Carnarvon,PE-217H,115.820094,-21.438539,West Australian Petroleum Pty Limited,STR,P&A STR,,19670110,19670111,20260417
Gnaraloo 1,W000682,Southern Carnarvon,LP-140H,113.786251,-23.675632,West Australian Petroleum Pty Limited,NFW,P&A,,19671030,19671112,20260417
McLarty 1,W000693,Canning,LP-200H,123.660841,-19.394489,Total Exploration Australia Pty Ltd,NFW,P&A,,19680514,19680730,20260417
Urala 1,W000709,Northern Carnarvon,LP-187H,114.726044,-21.818519,West Australian Petroleum Pty Limited,STR,P&A STR,,19680915,19681007,20260417
Wonangarra 1,W000720,Northern Carnarvon,PE-28H,114.692103,-22.15111,West Australian Petroleum Pty Limited,STR,P&A STR,,19690420,19690501,20260417
Mondarra 3,W000721,Perth,LP-171H,115.114234,-29.292084,West Australian Petroleum Pty Limited,EXT,P&A O,Mondarra,19690405,19690510,20260417
Madeleine 1,W000727,Northern Carnarvon,WA-28-P,116.359804,-19.648448,Woodside Petroleum Development Pty Ltd,NFW,P&A,,19690515,19691215,20260417
Dongara 10,W000733,Perth,LP-111H,115.005622,-29.238945,West Australian Petroleum Pty Limited,EXT,P&A,Dongara,19690614,19690701,20260417
Dongara 11,W000735,Perth,PE-27H,115.010261,-29.266417,West Australian Petroleum Pty Limited,EXT,P&A,Dongara,19690709,19690725,20260417
Napier 2,W000744,Canning,PE-253H,124.355565,-17.081931,Lennard Oil NL,NFW,P&A,,19691009,19691208,20260417
Ripple Shoals 1,W000746,Northern Carnarvon,WA-23-P,115.405232,-21.119782,West Australian Petroleum Pty Limited,NFW,P&A,,19700204,19700311,20260417
Novara 1,W001175,Northern Carnarvon,WA-155-P,114.0764,-21.355895,Esso Exploration & Production Australia Inc,NFW,P&A O,Novara,19820923,19821107,20260417
Novara 1 ST1,W001175,Northern Carnarvon,WA-155-P,114.0764,-21.355895,Esso Exploration & Production Australia Inc,NFW,P&A O,Novara,19821014,19821107,20260417
Dragoon 1,W001183,Officer,EP 186,124.550817,-24.079007,Eagle Corporation Limited,STR,P&A STR,,19820731,19820919,20260417
Dorrigo 1,W001195,Northern Carnarvon,WA-192-P,115.713172,-20.662647,Australian Occidental Oil Pty Ltd,NFW,P&A,,19821009,19821119,20260417
Barrow_P22,W001228,Northern Carnarvon,L 1H,115.40854,-20.77564,West Australian Petroleum Pty Limited,DEV,O,Barrow Island,19680204,,20260417
Sundown 2,W001247,Canning,EP 129,124.244881,-17.554981,Home Energy Co Ltd,EXT,P&A O,Sundown,19830516,19830612,20260417
Barrow_L84MA,W001260,Northern Carnarvon,L 1H,115.382421,-20.825321,West Australian Petroleum Pty Limited,DEV,O,Barrow Island,19830430,19830512,20260417
Goodenia 1,W001278,Canning,EP 225,125.230196,-19.863028,Western Mining Corporation Ltd,STR,P&A STR,,19831121,19831201,20260417
NRA 07,W001293,Northern Carnarvon,WA-1-L,116.138129,-19.584228,Woodside Offshore Petroleum Pty Ltd,DEV,G&C,North Rankin,19830927,19850629,20260417
NRA 08,W001294,Northern Carnarvon,WA-1-L,116.138129,-19.584228,Woodside Offshore Petroleum Pty Ltd,DEV,G&C,North Rankin,19850803,19861214,20260417
NRA 13,W001299,Northern Carnarvon,WA-1-L,116.138129,-19.584228,Woodside Offshore Petroleum Pty Ltd,DEV,SUSP GC,North Rankin,19860720,19870502,20260417
Judy 1,W001300,Northern Carnarvon,WA-192-P,115.772971,-20.686685,Australian Occidental Oil Pty Ltd,NFW,P&A,,19831201,19831216,20260417
Nita Downs 1,W001301,Canning,EP 142,122.19989,-19.154189,Sydney Oil Company,NFW,P&A,,19830904,19830930,20260417
Olios 1,W001306,Canning,EP 294,126.793034,-19.504198,Gulf (Aust) Resources NL,NFW,P&A,,19831001,19831102,20260417
Woodada 09,W001322,Perth,L 5,115.161464,-29.882656,Strata Oil NL,DEV,P&A GS,Woodada,19840127,19840220,20260417
Woodada 10,W001327,Perth,L 4,115.130617,-29.815323,Strata Oil NL,DEV,Suspended,Woodada,19840301,19840321,20260417
Talisman 1 ST1,W001340,Northern Carnarvon,WA-191-P,116.94126,-19.494052,Marathon Petroleum Australia Ltd,NFW,P&A,Talisman,19840711,,20260417
Talisman 1 ST2,W001340,Northern Carnarvon,WA-191-P,116.94126,-19.494052,Marathon Petroleum Australia Ltd,NFW,SUSP O,Talisman,19840714,,20260417
Talisman 1,W001340,Northern Carnarvon,WA-191-P,116.94126,-19.494052,Marathon Petroleum Australia Ltd,NFW,SUSP O,Talisman,19840614,19840928,20260417
Gascoyne 1,W001354,Southern Carnarvon,EP 189,115.020431,-25.037683,Esso Exploration & Production Australia Inc,NFW,P&A,,19841030,19841109,20260417
HA 05,W001355,Northern Carnarvon,WA-192-P,115.614251,-20.602173,Australian Occidental Oil Pty Ltd,EXT,P&A OG,Harriet,19840625,19840725,20260417
East Pepper 1,W001339,Northern Carnarvon,WA-149-P,115.325793,-21.109699,Wesminco Oil Pty Ltd,NFW,P&A,,19840518,19840606,20260417
Fortescue River 1,W001352,Northern Carnarvon,EP 304,119.973305,-23.130865,Multiplex Construction Pty Ltd,STR,P&A STR,,19840817,19840914,20260417
Burna 1,W001353,Southern Carnarvon,EP 188,114.441842,-23.665027,Esso Exploration & Production Australia Inc,NFW,P&A,,19840920,19841009,20260417
Barrow_L26M,W001368,Northern Carnarvon,L 1H,115.391326,-20.803356,West Australian Petroleum Pty Limited,EXT,P&S,Barrow Island,19841014,19841026,20260417
Barrow_Q66A,W001371,Northern Carnarvon,L 1H,115.390838,-20.788882,West Australian Petroleum Pty Limited,DEV,P&S,Barrow Island,19841107,19841111,20260417
Barrow_F37M,W001376,Northern Carnarvon,L 1H,115.394799,-20.836003,West Australian Petroleum Pty Limited,EXT,P&S,Barrow Island,19841211,19841222,20260417
HB 1,W001380,Northern Carnarvon,WA-192-P,115.637588,-20.575162,Australian Occidental Oil Pty Ltd,NFW,SUSP OG,Harriet,19840830,19840920,20260417
West Giralia 1,W001388,Southern Carnarvon,EP 166,114.170519,-22.651476,Golden West Hydrocarbons Pty Ltd,NFW,P&A,,19850111,19850118,20260417
East Heaton 1,W001397,Perth,EP 23,115.251184,-29.113193,Western Mining Corporation Ltd,NFW,P&A,,19850201,19850223,20260417
Barrow_Q47A,W001407,Northern Carnarvon,L 1H,115.395065,-20.781753,West Australian Petroleum Pty Limited,DEV,P&S,Barrow Island,19850328,19850402,20260417
Barrow_Q55A,W001436,Northern Carnarvon,L 1H,115.386787,-20.784983,West Australian Petroleum Pty Limited,DEV,P&S,Barrow Island,19850921,19850924,20260417
Talisman 2,W001449,Northern Carnarvon,WA-191-P,116.927831,-19.504542,Marathon Petroleum Australia Ltd,EXT,P&A,Talisman,19850502,19850702,20260417
Kennedia 1,W001456,Canning,EP 101,124.606655,-17.752857,International Energy Development Corporation of Australia,NFW,P&A,,19850701,19850818,20260417
HB 3,W001466,Northern Carnarvon,WA-192-P,115.637588,-20.575162,Bond Corporation Pty Ltd,EXT,P&A O,Harriet,19850809,19850917,20260417
Wittecarra 1,W001474,Perth,WA-196-P,113.210533,-27.842551,BHP Petroleum (Australia) Pty Ltd,NFW,P&A,,19850815,19851106,20260417
Lefroy Hill 1,W001481,Southern Carnarvon,EP 41,114.135034,-22.373549,Ampol Exploration Ltd,NFW,P&A,,19860131,19860301,20260417
Lefroy Hill 1 ST1,W001481,Southern Carnarvon,EP 41,114.135034,-22.373549,Ampol Exploration Ltd,NFW,P&A,,19860218,19860301,20260417
Goodwyn 08,W001488,Northern Carnarvon,WA-5-L,115.910958,-19.644474,Woodside Offshore Petroleum Pty Ltd,DEV,SUSP GC,Goodwyn,19860412,19860529,20260417
BMR 02 Noonkanbah,W001494,Canning,PE-30H,125.334709,-18.118286,Geoscience Australia,STR,P&A STR,,19551208,19560511,20260417
Cygnet 1,W001506,Bonaparte,WA-199-P,125.94028,-11.894689,Bond Corporation Pty Ltd,NFW,P&A,,19860902,19860927,20260417
Barita 1,W001507,Bonaparte,WA-199-P,125.729437,-11.441884,Bond Corporation Pty Ltd,NFW,P&A,,19860928,19861020,20260417
Pandanus 1,W001330,Canning,EP 276,120.70353,-20.426912,Pandanus Resources NL,STR,P&A STR,,19850521,19850601,20260417
Whitewell 1,W001335,Canning,EP 129,124.262409,-17.565772,Home Energy Co Ltd,NFW,P&A,,19840501,19840519,20260417
Barrow_K78M,W001367,Northern Carnarvon,L 1H,115.367936,-20.821601,West Australian Petroleum Pty Limited,EXT,P&S,Barrow Island,19840910,19840920,20260417
Barrow_P51A,W001370,Northern Carnarvon,L 1H,115.402656,-20.785352,West Australian Petroleum Pty Limited,DEV,P&S,Barrow Island,19841101,19841106,20260417
Barrow_F16M,W001375,Northern Carnarvon,L 1H,115.39073,-20.828282,West Australian Petroleum Pty Limited,EXT,P&S,Barrow Island,19841223,19850103,20260417
Philydrum 1,W001387,Canning,EP 101,124.633592,-17.815121,International Energy Development Corporation of Australia,NFW,P&A,,19841106,19841124,20260417
Matilda 1,W001398,Bonaparte,WA-128-P,128.750998,-14.453376,Western Mining Corporation Ltd,NFW,P&A,,19850222,19850327,20260417
Barrow_Q45A,W001408,Northern Carnarvon,L 1H,115.387112,-20.781376,West Australian Petroleum Pty Limited,DEV,O,Barrow Island,19850402,19850406,20260417
Barrow_Q74A,W001417,Northern Carnarvon,L 1H,115.383122,-20.792197,West Australian Petroleum Pty Limited,EXT,O,Barrow Island,19850412,19850422,20260417
Barrow_P81A,W001426,Northern Carnarvon,L 1H,115.402493,-20.796148,West Australian Petroleum Pty Limited,DEV,P&S,Barrow Island,19850814,19850818,20260417
Fortescue River 1A,W001444,Northern Carnarvon,EP 304,119.973305,-23.130865,Multiplex Construction Pty Ltd,STR,P&A STR,,19850406,19850523,20260417
Cudalgarra 2,W001467,Canning,EP 164,122.276106,-19.20416,Sydney Oil Company,NFW,P&A,,19850803,19850904,20260417
Goodwyn 07,W001471,Northern Carnarvon,WA-5-L,115.96156,-19.626907,Woodside Petroleum Development Pty Ltd,EXT,SUSP GC,Goodwyn,19850823,19851009,20260417
Plato 1,W001487,Northern Carnarvon,WA-192-P,115.566978,-20.693247,Bond Corporation Pty Ltd,NFW,P&A,,19860330,19860428,20260417
Forestier 1,W001492,Northern Carnarvon,WA-1-P,116.822086,-19.593316,Woodside Offshore Petroleum Pty Ltd,NFW,P&A,Forestier,19860801,19860920,20260417
BMR 01 Mt Anderson,W001493,Canning,PE-26H,123.715609,-18.329986,Geoscience Australia,STR,P&A STR,,19551101,19551125,20260417
BMR 03 Noonkanbah,W001495,Canning,PE-30H,125.902648,-18.660265,Geoscience Australia,STR,P&A STR,,19560525,19560604,20260417
BMR 06 Kennedy Range,W001499,Southern Carnarvon,PE-28H,114.772232,-24.098597,Geoscience Australia,STR,P&A STR,,19580810,19580819,20260417
Twin Buttes 1,W001516,Canning,EP 142,122.946307,-18.510299,Santos Australia Ltd,NFW,P&A,,19870626,19870715,20260417
Talisman 4,W001522,Northern Carnarvon,WA-191-P,116.93166,-19.508347,Marathon Petroleum Australia Ltd,EXT,P&A,Talisman,19870613,19870702,20260417
Rosette 1 ST,W001523,Northern Carnarvon,WA-192-P,115.575276,-20.655229,Bond Corporation Pty Ltd,NFW,SUSP OG,Rosette,19870826,19871105,20260417
Withnell 1,W000838,Northern Carnarvon,WA-28-P,115.805389,-20.018487,Woodside Petroleum Development Pty Ltd,NFW,P&A G,,19760305,19760623,20260417
Windoo 1,W000847,Northern Carnarvon,EP 40,115.684141,-21.356972,Hematite Petroleum Pty Ltd,STR,P&A STR,,19721017,19721031,20260417
Woorawa 1,W000848,Northern Carnarvon,EP 40,115.793903,-21.365344,Hematite Petroleum Pty Ltd,STR,P&A STR,,19720915,19721009,20260417
Cossigny 1,W000852,Northern Carnarvon,WA-1-P,117.291894,-19.330116,Woodside Petroleum Development Pty Ltd,NFW,P&A,,19721015,19721108,20260417
Moogooree 1,W000855,Southern Carnarvon,EP 76,115.259708,-24.254257,Hartogen Explorations Pty Ltd,STR,P&A STR,,19721008,19721016,20260417
Thangoo 2,W000872,Canning,EP 14,122.910345,-18.440893,West Australian Petroleum Pty Limited,NFW,P&A,,19730509080000,19730602080000,20260417
Londonderry 1,W000884,Browse,WA-35-P,124.513096,-13.613342,Woodside Petroleum Development Pty Ltd,NFW,P&A,,19730928,19731008,20260417
Coomallo 1,W000889,Perth,EP 21,115.417414,-30.247501,West Australian Petroleum Pty Limited,NFW,P&A,,19740117,19740228,20260417
Whimbrel 1,W000894,Bonaparte,WA-15-P,125.379311,-12.481345,Arco Australia Ltd,NFW,P&A,,19740405,19740508,20260417
Barragoon 1,W000895,Perth,EP 24,115.587385,-31.359857,West Australian Petroleum Pty Limited,NFW,P&A,,19740331,19740422,20260417
Dongara 20,W000899,Perth,EP 23,115.023066,-29.266254,West Australian Petroleum Pty Limited,DEV,P&A,Dongara,19740607,19740720,20260417
West Tryal Rocks 2,W000903,Northern Carnarvon,WA-25-P,115.06679,-20.214354,West Australian Petroleum Pty Limited,EXT,G,West Tryal Rocks,19741001,19741216,20260417
Bundegi 1,W000919,Northern Carnarvon,EP 41,114.16037,-22.016915,West Australian Petroleum Pty Limited,NFW,P&A,,19771215,19780131,20260417
Warro 1,W000921,Perth,EP 24,115.737895,-30.167171,West Australian Petroleum Pty Limited,NFW,P&A,Warro,19770227,19770920,20260417
Warro 1 ST1,W000921,Perth,EP 24,115.737895,-30.167171,West Australian Petroleum Pty Limited,NFW,P&A,Warro,19770528,19770920,20260417
Poole Range 5,W000929,Canning,OPA-146H,125.817231,-18.874187,Freney Kimberley Oil Co (1932) NL,NFW,P&A,,19320415,19330415,20260417
Prices Creek 3,W000932,Canning,OPA-86H,125.920842,-18.690287,Freney Kimberley Oil Co (1932) NL,NFW,P&A,,19230115,19230515,20260417
Okes-Durack 1,W000936,Ord,OPA-32H,128.976263,-17.292992,Okes Durack Kimberley Oil Company,STR,P&A STR,,19230530,19240322,20260417
Barrow_G84A,W000963,Northern Carnarvon,L 1H,115.352372,-20.854125,West Australian Petroleum Pty Limited,DEV,Shut in,Barrow Island,19790318,19790326,20260417
Barrow_B18A,W000981,Northern Carnarvon,L 1H,115.368546,-20.858624,West Australian Petroleum Pty Limited,DEV,O,Barrow Island,19790909,19790913,20260417
Barrow_G81A,W000984,Northern Carnarvon,L 1H,115.340624,-20.854163,West Australian Petroleum Pty Limited,DEV,P&S,Barrow Island,19791020,19791026,20260417
Angel 2,W000825,Northern Carnarvon,WA-1-P,116.658232,-19.464892,Woodside Offshore Development Pty Ltd,EXT,SUSP GC,Angel,19720307,19720602,20260417
Goodwyn 02,W000827,Northern Carnarvon,WA-28-P,115.865952,-19.663408,Woodside Petroleum Development Pty Ltd,EXT,SUSP GC,Goodwyn,19720327,19720607,20260417
North Tryal Rocks 1,W000830,Northern Carnarvon,WA-25-P,115.321004,-19.986633,West Australian Petroleum Pty Limited,NFW,P&A,,19720603,19720805,20260417
Malus 1,W000853,Northern Carnarvon,WA-28-P,115.535354,-19.753003,Woodside Petroleum Development Pty Ltd,NFW,P&A,,19721007,19721110,20260417
Rosemary 1,W000860,Northern Carnarvon,WA-1-P,116.346096,-19.953178,Woodside Petroleum Development Pty Ltd,NFW,P&A GS,,19721113,19730425,20260417
East Mermaid 1,W000873,Roebuck,WA-30-P,119.823863,-17.165558,Shell Development (Australia) Pty Ltd,NFW,P&A,,19730614,19731015,20260417
East Mermaid 1A,W000873,Roebuck,WA-30-P,119.823863,-17.165558,Shell Development (Australia) Pty Ltd,NFW,P&A,,19730623,19731015,20260417
East Mermaid 1B,W000873,Roebuck,WA-30-P,119.823863,-17.165558,Shell Development (Australia) Pty Ltd,NFW,P&A,,19730630,19731015,20260417
East Mermaid 1B ST1,W000873,Roebuck,WA-30-P,119.823863,-17.165558,Shell Development (Australia) Pty Ltd,NFW,P&A,,19730808,19731015,20260417
Wamac 1,W000881,Canning,WA-31-P,121.492969,-17.239202,Amax Petroleum (Australia) Inc,NFW,P&A,,19730806,19731010,20260417
Poissonnier 1,W000886,Northern Carnarvon,WA-1-P,118.156625,-19.30797,Woodside Petroleum Development Pty Ltd,NFW,P&A,,19731220,19740125,20260417
Poissonnier 1 ST1,W000886,Northern Carnarvon,WA-1-P,118.156625,-19.30797,Woodside Petroleum Development Pty Ltd,NFW,P&A,,,19740125,20260417
Jones Range 1,W000902,Canning,EP 43,125.670432,-19.360588,West Australian Petroleum Pty Limited,NFW,P&A,,19740830,19741105,20260417
Mardie 1A,W000905,Northern Carnarvon,EP 40,115.698046,-21.357303,West Australian Petroleum Pty Limited,STR,P&A STR,,19741121,19741204,20260417
Barrow_L35J,W000910,Northern Carnarvon,L 1H,115.38752,-20.808564,West Australian Petroleum Pty Limited,DEV,P&A,Barrow Island,19750620,19751127,20260417
Haycock 1,W000920,Northern Carnarvon,WA-28-P,115.722721,-19.848116,Woodside Petroleum Development Pty Ltd,NFW,P&A,,19770201,19770415,20260417
Nerrima 1 (FKO),W000927,Canning,LP-3H,124.400199,-18.468746,Freney Kimberley Oil Co (1932) NL,NFW,P&A,,19390922,19411130,20260417
Prices Creek 4,W000933,Canning,OPA-86H,125.893706,-18.681422,Freney Kimberley Oil Co (1932) NL,NFW,P&A,,19230615,19231015,20260417
Barrow_B23A,W000939,Northern Carnarvon,L 1H,115.348749,-20.861506,West Australian Petroleum Pty Limited,DEV,O,Barrow Island,19780807,19780819,20260417
Barrow_B17T,W000944,Northern Carnarvon,L 1H,115.364799,-20.858054,West Australian Petroleum Pty Limited,DEV,Shut in,Barrow Island,19781106,19781109,20260417
Barrow_M15,W000946,Northern Carnarvon,L 1H,115.420098,-20.800979,West Australian Petroleum Pty Limited,EXT,P&A,Barrow Island,19781009,,20260417
Miller 1,W000937,Northern Carnarvon,WA-28-P,116.166726,-19.577822,Woodside Offshore Development Pty Ltd,NFW,P&A GC,,19780306,19780520,20260417
Barrow_B31A,W000938,Northern Carnarvon,L 1H,115.340637,-20.864872,West Australian Petroleum Pty Limited,DEV,P&S,Barrow Island,19780713,19780804,20260417
Barrow_B17A,W000940,Northern Carnarvon,L 1H,115.364588,-20.858076,West Australian Petroleum Pty Limited,DEV,O,Barrow Island,19780823,19780907,20260417
Barrow_F14G,W000943,Northern Carnarvon,L 1H,115.386003,-20.829809,West Australian Petroleum Pty Limited,DEV,SUSP,Barrow Island,19780811,19780818,20260417
Brigadier 1,W000950,Northern Carnarvon,WA-90-P,116.137305,-19.095541,Woodside Petroleum Development Pty Ltd,NFW,P&A,,19780802,19781019,20260417
Gorgon 1,W000953,Northern Carnarvon,WA-25-P,114.774099,-20.577327,West Australian Petroleum Pty Limited,NFW,P&A G,,19801010,19810419,20260417
Barrow_Q87,W000969,Northern Carnarvon,L 1H,115.396531,-20.798117,West Australian Petroleum Pty Limited,DEV,P&S,Barrow Island,19790606,19790612,20260417
Barrow_L41G,W000973,Northern Carnarvon,L 1H,115.373654,-20.812191,West Australian Petroleum Pty Limited,DEV,P&A,Barrow Island,19790802,19790808,20260417
Barrow_B34A,W000991,Northern Carnarvon,L 1H,115.352515,-20.864529,West Australian Petroleum Pty Limited,DEV,O,Barrow Island,19791119,19791124,20260417
Barrow_B16M,W000997,Northern Carnarvon,L 1H,115.360146,-20.857802,West Australian Petroleum Pty Limited,DEV,P&S,Barrow Island,19790517,19790604,20260417
Zeewulf 1,W000998,Northern Carnarvon,WA-96-P,113.62169,-21.107723,Esso Exploration & Production Australia Inc,NFW,P&A,,19790303,19790505,20260417
Jupiter 1,W001000,Northern Carnarvon,WA-84-P,113.534211,-19.580169,Phillips Australian Oil Company,NFW,P&A,,19790519,19791027,20260417
Barcoo 1,W001012,Browse,WA-32-P,120.638011,-15.342217,Woodside Petroleum Development Pty Ltd,NFW,P&A,,19791214,19800712,20260417
Saturn 1,W001017,Northern Carnarvon,WA-84-P,114.945996,-19.908558,Phillips Australian Oil Company,NFW,P&A,,19801201,19810205,20260417
Barrow_R38M,W001020,Northern Carnarvon,L 1H,115.369864,-20.779171,West Australian Petroleum Pty Limited,EXT,P&S,Barrow Island,19800203,19800215,20260417
Barrow_T12M,W001021,Northern Carnarvon,L 1H,115.393728,-20.74405,West Australian Petroleum Pty Limited,NPW,P&A,Barrow Island,19800217,19800227,20260417
Barrow_F48,W001026,Northern Carnarvon,L 1H,115.400764,-20.842409,West Australian Petroleum Pty Limited,DEV,SUSP,Barrow Island,19800229,19800307,20260417
Barrow_B16B,W001031,Northern Carnarvon,L 1H,115.36008,-20.858088,West Australian Petroleum Pty Limited,EXT,P&S,Barrow Island,19800625,19800703,20260417
Caswell 2,W001097,Browse,WA-34-P,122.4708,-14.241114,Woodside Offshore Development Pty Ltd,NFW,P&A O,,19830401,19831106,20260417
Caswell 2 ST1,W001097,Browse,WA-34-P,122.4708,-14.241114,Woodside Offshore Development Pty Ltd,NFW,P&A O,,19830527,19831106,20260417
Cudalgarra 1,W001359,Canning,EP 164,122.322302,-19.220307,Sydney Oil Company,NFW,P&A,,19840720,19840812,20260417
Barrow_G57M,W001360,Northern Carnarvon,L 1H,115.364119,-20.843097,West Australian Petroleum Pty Limited,EXT,O,Barrow Island,19840701,19840715,20260417
Barrow_M84M,W001361,Northern Carnarvon,L 1H,115.413658,-20.825027,West Australian Petroleum Pty Limited,EXT,O,Barrow Island,19840716,19840730,20260417
Barrow_G27M,W001366,Northern Carnarvon,L 1H,115.363562,-20.832063,West Australian Petroleum Pty Limited,EXT,SUSP,Barrow Island,19840921,19841002,20260417
Lungkarta 1,W001381,Officer,EP 178,125.197471,-26.077314,The Shell Company Of Australia Ltd,NFW,P&A,,19840926,19841114,20260417
Lungkarta 1 ST1,W001381,Officer,EP 178,125.197471,-26.077314,The Shell Company Of Australia Ltd,NFW,P&A,,19841011,19841114,20260417
Pandorea 1,W001386,Canning,EP 143,125.344918,-19.856194,Western Mining Corporation Ltd,NFW,P&A,,19841224,19850227,20260417
Saladin 01,W001393,Northern Carnarvon,WA-24-P,115.054142,-21.440234,West Australian Petroleum Pty Limited,NFW,P&A O,Saladin,19850606,19850626,20260417
Barrow_L34M,W001406,Northern Carnarvon,L 1H,115.383292,-20.806255,West Australian Petroleum Pty Limited,DEV,SUSP,Barrow Island,19850227,19850310,20260417
Barrow_B18M,W001418,Northern Carnarvon,L 1H,115.367891,-20.857901,West Australian Petroleum Pty Limited,EXT,P&S,Barrow Island,19850518,19850528,20260417
Barrow_P71A,W001430,Northern Carnarvon,L 1H,115.402654,-20.792749,West Australian Petroleum Pty Limited,DEV,O,Barrow Island,19850828,19850901,20260417
Barrow_Q56A,W001437,Northern Carnarvon,L 1H,115.390591,-20.785083,West Australian Petroleum Pty Limited,DEV,P&S,Barrow Island,19850925,19850928,20260417
Chervil 2,W001443,Northern Carnarvon,WA-149-P,115.22073,-21.302798,Wesminco Oil Pty Ltd,EXT,P&A OS,Chervil,19850404,19850426,20260417
East Yeeda 1,W001445,Canning,EP 114,124.048506,-17.631699,Bridge Oil Limited,NFW,P&A,,19850406,19850626,20260417
Sunup 1,W001450,Canning,L 8,124.317343,-17.618915,Home Energy Co Ltd,NFW,P&A,,19850621,19850702,20260417
Mangaloo 1,W001457,Canning,EP 102,125.568385,-19.586747,International Energy Development Corporation of Australia,NFW,P&A,,19850825,19851208,20260417
Percival 1,W001458,Canning,EP 225,126.083334,-20.330719,Western Mining Corporation Ltd,NFW,P&A,,19850523,19850718,20260417
Unknown Hill 1,W001460,Northern Carnarvon,EP 41,113.881809,-22.441811,Ampol Exploration Ltd,NFW,P&A,,19850613,19850714,20260417
West Terrace 2,W001468,Canning,EP 129,124.260981,-17.502598,Home Energy Co Ltd,EXT,P&A,West Terrace,19870720,19871027,20260417
Patience 1,W001479,Canning,EP 205,125.669965,-23.361365,Sydney Oil Company,NFW,P&A,,19860112,19860204,20260417
Roberts Hill 1,W001483,Northern Carnarvon,EP 41,114.101337,-22.402063,Ampol Exploration Ltd,NFW,P&A,,19860305,19860321,20260417
Orpheus 1,W001484,Northern Carnarvon,WA-192-P,115.672132,-20.484696,Bond Corporation Pty Ltd,NFW,P&A,,19860303,19860328,20260417
Blina 1,W001064,Canning,EP 129,124.501712,-17.622601,Home Energy Co Ltd,NFW,Shut in,Blina,19810418,19810627,20260417
Tubridgi 01,W001069,Northern Carnarvon,EP 110,114.819491,-21.805655,Otter Exploration NL,NFW,P&A G,Tubridgi,19810604,19810616,20260417
North Gorgon 1,W001081,Northern Carnarvon,WA-25-P,114.862905,-20.383157,West Australian Petroleum Pty Limited,NFW,P&A G,Gorgon,19820923,19830213,20260417
Tubridgi 02,W001091,Northern Carnarvon,EP 110,114.847527,-21.780901,Otter Exploration NL,EXT,P&A G,Tubridgi,19810927,19811016,20260417
Whicher Range 3,W001096,Perth,EP 130,115.394246,-33.870826,BP Petroleum Development Australia Pty Ltd,EXT,P&A G,Whicher Range,19810921,19820508,20260417
Barrow_Q56M,W001103,Northern Carnarvon,L 1H,115.393792,-20.786956,West Australian Petroleum Pty Limited,EXT,Shut in,Barrow Island,19811119,19811207,20260417
Barrow_R43,W001104,Northern Carnarvon,L 1H,115.35065,-20.782969,West Australian Petroleum Pty Limited,EXT,P&A,Barrow Island,19810112,19811117,20260417
Blina 3,W001107,Canning,EP 129,124.497847,-17.62159,Home Energy Co Ltd,EXT,Shut in,Blina,19811121,19820104,20260417
Barrow_G34A,W001116,Northern Carnarvon,L 1H,115.352015,-20.836234,West Australian Petroleum Pty Limited,DEV,P&S,Barrow Island,19820115,19820125,20260417
Barrow_L58M,W001132,Northern Carnarvon,L 1H,115.3998,-20.815965,West Australian Petroleum Pty Limited,SPT,P&S,Barrow Island,19820803,19820814,20260417
Barrow_G24A,W001142,Northern Carnarvon,L 1H,115.35241,-20.832219,West Australian Petroleum Pty Limited,DEV,P&A,Barrow Island,19820315,19840404,20260417
Barrow G11A,W001146,Northern Carnarvon,L 1H,115.340419,-20.828832,West Australian Petroleum Pty Limited,DEV,P&S,Barrow Island,19820422,19820427,20260417
Grevillea 1,W001172,Canning,EP 102,125.63264,-18.350907,International Energy Development Corporation of Australia,NFW,P&A,,19820713,19820921,20260417
Aquila 1,W001196,Canning,EP 142,122.670478,-18.581379,Eagle Corporation Limited,NFW,P&A,,19821003,19821104,20260417
Arabella 1,W001202,Northern Carnarvon,WA-192-P,116.032401,-20.468783,Australian Occidental Oil Pty Ltd,NFW,P&A,,19830225,19830322,20260417
Greenough 1,W001208,Perth,EP 201,114.656497,-28.852793,Balmoral Resources NL,NFW,P&A,,19831205,19831212,20260417
East Lake Logue 1,W001212,Perth,EP 100,115.15465,-29.832181,Hudbay Oil (Australia) Ltd.,NFW,P&A G,Woodada,19821216,19830128,20260417
Barrow_R17,W001218,Northern Carnarvon,L 1H,115.36525,-20.772181,West Australian Petroleum Pty Limited,EXT,Shut in,Barrow Island,19821024,19821031,20260417
Barrow_P71,W001224,Northern Carnarvon,L 1H,115.403936,-20.794799,West Australian Petroleum Pty Limited,DEV,O,Barrow Island,19691215,,20260417
Barrow_K23,W001229,Northern Carnarvon,L 1H,115.350228,-20.804843,West Australian Petroleum Pty Limited,DEV,P&A,Barrow Island,19690104,,20260417
Barrow_F26M,W001230,Northern Carnarvon,L 1H,115.393203,-20.834133,West Australian Petroleum Pty Limited,DEV,O,Barrow Island,19681114,,20260417
Pepper 1,W000754,Northern Carnarvon,WA-23-P,115.304626,-21.058117,West Australian Petroleum Pty Limited,NFW,P&A,,19700313,19700506,20260417
Dirk Hartog 02,W000756,Southern Carnarvon,LP-44H,113.020411,-25.729557,West Australian Petroleum Pty Limited,STR,P&A STR,,19551116,19551123,20260417
Dirk Hartog 08A,W000762,Southern Carnarvon,LP-44H,112.983211,-25.799717,West Australian Petroleum Pty Limited,STR,P&A STR,,19560509,19560528,20260417
Tryal Rocks 1,W000773,Northern Carnarvon,WA-25-P,115.156161,-20.413688,West Australian Petroleum Pty Limited,NFW,P&A GS,,19700517,19700824,20260417
Fraser River S-1 Structure Hole,W000775,Canning,PE-30H,123.208342,-17.480542,West Australian Petroleum Pty Limited,STR,P&A STR,,19550814,19550820,20260417
Warnbro 1,W000784,Perth,WA-14-P,115.348721,-32.238777,West Australian Petroleum Pty Limited,NFW,P&A,,19701126,19710118,20260417
Wedge Island 1A,W000786,Perth,EP 24,115.19029,-30.81943,West Australian Petroleum Pty Limited,STR,P&A STR,,19700731,19700812,20260417
Lake Betty 1,W000804,Canning,EP 17,126.332604,-19.568286,West Australian Petroleum Pty Limited,NFW,P&A,,19710901080000,19711215080000,20260417
Rankin 1,W000808,Northern Carnarvon,WA-28-P,115.743381,-19.797574,Woodside Offshore Development Pty Ltd,NFW,SUSP OG,,19710731,19711008,20260417
Munda 1,W000809,Canning,EP 3,122.293511,-19.472777,West Australian Petroleum Pty Limited,STR,P&A STR,,19711105080000,19711119080000,20260417
Walyering 3,W000815,Perth,L 3,115.493963,-30.732376,West Australian Petroleum Pty Limited,EXT,P&A G,Walyering,19720116,19720510,20260417
Cane River 2,W000817,Northern Carnarvon,EP 40,115.26543,-21.635596,Hematite Petroleum Pty Ltd,STR,P&A STR,,19711217,19711223,20260417
Heaton 1,W000824,Perth,EP 23,115.213954,-29.120415,Abrolhos Oil Pty Ltd,NFW,P&A,,19720503,19720525,20260417
East Marrilla 1,W000828,Southern Carnarvon,EP 39,114.617453,-22.912128,West Australian Petroleum Pty Limited,STR,P&A STR,,19720415,19720426,20260417
Wonnerup 1,W000829,Perth,EP 50,115.472673,-33.630758,Union Oil Development Corporation,NFW,P&A,,19720418,19720811,20260417
Bidgemia 1,W000861,Southern Carnarvon,EP 76,115.340281,-25.265372,Hartogen Explorations Pty Ltd,STR,P&A STR,,19721106,19721123,20260417
Lake Preston 1,W000862,Perth,EP 25,115.662294,-32.918891,West Australian Petroleum Pty Limited,NFW,P&A,,19721220,19730309,20260417
Plover 2,W000866,Bonaparte,WA-16-P,126.175698,-12.956619,Arco Australia Ltd,NFW,P&A,,19740510,19740523,20260417
Keraudren 1,W000880,Roebuck,WA-29-P,119.155555,-18.906218,Hematite Petroleum Pty Ltd,NFW,P&A,,19730831,19731219,20260417
Ocumup 1,W000900,Bight,EP 68,119.216236,-34.394586,Silfar Pty Ltd,STR,P&A STR,,19760615,19760630,20260417
Lewis 1A,W000912,Northern Carnarvon,WA-1-P,116.602424,-19.792059,Woodside Petroleum Development Pty Ltd,NFW,P&A,,19751224,19760304,20260417
Lewis 1,W000912,Northern Carnarvon,WA-1-P,116.602424,-19.792059,Woodside Petroleum Development Pty Ltd,NFW,P&A,,19751220,19760304,20260417
Rosette 1,W001523,Northern Carnarvon,WA-192-P,115.575276,-20.655229,Bond Corporation Pty Ltd,NFW,SUSP OG,Rosette,19870708,19871105,20260417
Drake 1,W001528,Bonaparte,WA-199-P,125.836847,-11.283578,Bond Corporation Pty Ltd,NFW,P&A,,19870802,19870827,20260417
Padilpa 1,W001529,Canning,EP 104,123.194226,-17.016006,Sydney Oil Company,NFW,P&A,,19870816,19870916,20260417
Crab Creek 1,W001541,Canning,EP 114,122.524199,-18.018274,Bridge Oil Limited,NFW,P&A,,19871130,19871223,20260417
Ward Reef 1,W001542,Northern Carnarvon,EP 65,115.001928,-21.462899,West Australian Petroleum Pty Limited,NPW,P&A,,19881008,19881117,20260417
South Pepper 6,W001543,Northern Carnarvon,WA-149-P,115.271704,-21.123505,Western Mining Corporation Ltd,DEV,P&A OG,South Pepper,19871219,19880116,20260417
Barrow_F81M,W001566,Northern Carnarvon,L 1H,115.372064,-20.855681,West Australian Petroleum Pty Limited,DEV,SUSP,Barrow Island,19890207,19890307,20260417
Barrow_F51M,W001567,Northern Carnarvon,L 1H,115.37155,-20.843501,West Australian Petroleum Pty Limited,DEV,O,Barrow Island,19881212,19891114,20260417
Warren River 2,W001575,Perth,EP 50,115.900011,-34.583286,Westralian Mining & Oil Corporation,NFW,P&A,,19020615,,20260417
Connolly 1,W001581,Perth,EP 111,114.953121,-29.036527,Doral Resources NL,NFW,P&A,,19880616,19880627,20260417
Mirbelia 2,W001595,Canning,EP 143,125.362206,-19.648963,Western Mining Corporation Ltd,EXT,P&A,,19880928,19881124,20260417
Barrow_R74,W001613,Northern Carnarvon,L 1H,115.354798,-20.793015,West Australian Petroleum Pty Limited,DEV,P&S,Barrow Island,19890523,19890529,20260417
Griffin 1,W001640,Northern Carnarvon,WA-210-P,114.62134,-21.234278,BHP Petroleum (Australia) Pty Ltd,NFW,SUSP O,Griffin,19891215,19900318,20260417
Barrow_L42A,W001694,Northern Carnarvon,L 1H,115.376236,-20.812466,West Australian Petroleum Pty Limited,DEV,O,Barrow Island,19901021,19901028,20260417
Pictor 2,W001716,Canning,EP 175,123.714473,-18.764472,Bridge Oil Limited,EXT,P&A OGS,,19901111,19901205,20260417
Yammaderry 2,W001720,Northern Carnarvon,TL/4,114.990219,-21.489459,West Australian Petroleum Pty Limited,EXT,P&A O,Yammaderry,19910121,19910226,20260417
Yammaderry 2 (Horizontal),W001720,Northern Carnarvon,TL/4,114.990219,-21.489459,West Australian Petroleum Pty Limited,EXT,P&A O,Yammaderry,19910130,19910226,20260417
South Yardanogo 1,W001721,Perth,EP 320,115.104532,-29.497923,Arrow Petroleum Limited,NFW,P&A,,19901129,19901226,20260417
Barrow_F25A,W001740,Northern Carnarvon,L 1H,115.386696,-20.83456,West Australian Petroleum Pty Limited,DEV,O,Barrow Island,19910607,19910613,20260417
Barrow_F72M,W001753,Northern Carnarvon,L 1H,115.375324,-20.852415,West Australian Petroleum Pty Limited,DEV,O,Barrow Island,19921122,19921211,20260417
Barrow_B41A,W001755,Northern Carnarvon,L 1H,115.341886,-20.868808,West Australian Petroleum Pty Limited,DEV,P&S,Barrow Island,19930204,19930210,20260417
Janpam North 1,W001527,Canning,EP 129,124.417953,-17.567151,Home Energy Co Ltd,NFW,P&A O,,19870816,19870926,20260417
South Pepper 5,W001540,Northern Carnarvon,WA-149-P,115.271704,-21.123505,Western Mining Corporation Ltd,DEV,P&A OG,South Pepper,19871127,19880102,20260417
Warren River 1,W001574,Perth,EP 50,115.916678,-34.566653,Westralian Mining & Oil Corporation,NFW,P&A,,19020615,,20260417
Robot 1A,W001580,Northern Carnarvon,WA-64-P,115.020185,-20.802656,BP Petroleum Development Australia Pty Ltd,NFW,P&A,,19880614,19880926,20260417
Robot 1,W001580,Northern Carnarvon,WA-64-P,115.020185,-20.802656,BP Petroleum Development Australia Pty Ltd,NFW,P&A,,19880516,19880926,20260417
Robot 1A ST1,W001580,Northern Carnarvon,WA-64-P,115.020185,-20.802656,BP Petroleum Development Australia Pty Ltd,NFW,P&A,,19880801,19880926,20260417
Garimala 1,W001584,Bonaparte,EP 126,128.72758,-15.186467,Santos Australia Ltd,NFW,P&A G,,19880919,19881108,20260417
Frankenstein 1,W001594,Canning,EP 232,123.017131,-21.380701,Command Petroleum Holdings NL,NFW,P&A,,19880919,19881113,20260417
Freney 1,W001601,Canning,EP 114,122.471678,-18.014883,Ampol Exploration Ltd,NFW,Water,,19881129,19881223,20260417
Saladin 05,W001602,Northern Carnarvon,EP 65,115.024522,-21.458802,West Australian Petroleum Pty Limited,DEV,P&A O,Saladin,19881124,19881225,20260417
Barrow_L73M,W001606,Northern Carnarvon,L 1H,115.380773,-20.822773,West Australian Petroleum Pty Limited,DEV,O,Barrow Island,19890117,19890205,20260417
Barrow_F55M,W001607,Northern Carnarvon,L 1H,115.389514,-20.844765,West Australian Petroleum Pty Limited,DEV,O,Barrow Island,19890309,19890321,20260417
Barrow_WDWE1,W001614,Northern Carnarvon,L 1H,115.366099,-20.804137,West Australian Petroleum Pty Limited,DEV,Shut in,Barrow Island,19890513,19890522,20260417
Fulica 1,W001625,Bonaparte,WA-199-P,125.876432,-11.087456,Bond Corporation Pty Ltd,NFW,P&A,,19890702,19890727,20260417
Avocet 2,W001628,Bonaparte,WA-199-P,125.758323,-11.362659,Bond Corporation Pty Ltd,EXT,P&A OS,,19890727,19890826,20260417
Cudalgarra North 1,W001629,Canning,EP 164,122.298621,-19.169456,Command Petroleum Holdings NL,NFW,P&A,,19890712,19890724,20260417
Saladin 08,W001634,Northern Carnarvon,TL/4,115.054149,-21.440222,West Australian Petroleum Pty Limited,DEV,P&A,Saladin,19891118,19891210,20260417
North Yardanogo 1,W001645,Perth,EP 320,115.102738,-29.466308,Barrack Energy Limited,NFW,P&A,North Yardanogo,19900203,19900307,20260417
Roller 04,W001649,Northern Carnarvon,TP/3,114.947043,-21.611649,West Australian Petroleum Pty Limited,DEV,P&A O,Roller,19900731,19900819,20260417
Dongara 27,W001655,Perth,L 2,115.023356,-29.200451,West Australian Petroleum Pty Limited,DEV,P&A,Dongara,19900220,19900323,20260417
Angel 4,W001658,Northern Carnarvon,WA-3-L,116.613318,-19.481185,Woodside Offshore Development Pty Ltd,DEV,P&A OGS,Angel,19900407,19900527,20260417
Campbell 1,W000954,Northern Carnarvon,WA-23-P,115.71808,-20.410254,West Australian Petroleum Pty Limited,NFW,P&A,Campbell,19790320,19790430,20260417
Tamar 1,W000956,Bonaparte,WA-70-P,126.212392,-11.869487,Getty Oil Development Co Ltd,NFW,P&A,,19790215,19790423,20260417
Barrow_B24A,W000962,Northern Carnarvon,L 1H,115.352527,-20.861542,West Australian Petroleum Pty Limited,DEV,O,Barrow Island,19790414,19790507,20260417
Barrow_G87A,W000965,Northern Carnarvon,L 1H,115.364031,-20.854802,West Australian Petroleum Pty Limited,DEV,O,Barrow Island,19790124,19790206,20260417
Barrow_Q85,W000976,Northern Carnarvon,L 1H,115.388701,-20.798373,West Australian Petroleum Pty Limited,DEV,P&S,Barrow Island,19790614,19790620,20260417
Barrow_B25A,W000993,Northern Carnarvon,L 1H,115.356283,-20.861717,West Australian Petroleum Pty Limited,DEV,O,Barrow Island,19790920,19790925,20260417
Walcott 1,W001003,Northern Carnarvon,WA-28-P,116.372707,-19.616709,Woodside Petroleum Development Pty Ltd,NFW,P&A,,19790713,19791124,20260417
Walcott 1 ST1,W001003,Northern Carnarvon,WA-28-P,116.372707,-19.616709,Woodside Petroleum Development Pty Ltd,NFW,P&A,,19790818,,20260417
Vinck 1,W001014,Northern Carnarvon,WA-97-P,112.193644,-20.583344,Esso Exploration & Production Australia Inc,NFW,P&A GS,,19791220,19800325,20260417
Dongara 21,W001018,Perth,L 2,115.013483,-29.233709,West Australian Petroleum Pty Limited,DEV,P&A GS,Dongara,19800213,19800410,20260417
Dongara 21 ST,W001018,Perth,L 2,115.013483,-29.233709,West Australian Petroleum Pty Limited,DEV,Suspended,Dongara,19800310,19800410,20260417
Phoenix 1,W001019,Roebuck,WA-62-P,118.786723,-18.63392,BP Petroleum Development Australia Pty Ltd,NFW,P&A G,,19800322,19800710,20260417
Dongara 22,W001023,Perth,L 2,114.980178,-29.238946,West Australian Petroleum Pty Limited,DEV,Shut in,Dongara,19800415,19800514,20260417
Whicher Range 2,W001037,Perth,EP 130,115.383916,-33.840637,Mesa Australia Ltd,EXT,P&A G,Whicher Range,19800425,19800727,20260417
Barrow_E31M,W001047,Northern Carnarvon,L 1H,115.404118,-20.838076,West Australian Petroleum Pty Limited,NPW,SUSP,Barrow Island,19800924,19801008,20260417
North Yardarino 1,W001062,Perth,L 2,115.0415,-29.1887,West Australian Petroleum Pty Limited,NFW,P&A,,19810703,19810728,20260417
Lawley 1,W001077,Northern Carnarvon,WA-58-P,117.010252,-19.904433,Hudbay Oil (Australia) Ltd.,NFW,P&A,,19810810,19810811,20260417
Tubridgi 05,W001098,Northern Carnarvon,EP 110,114.853796,-21.755246,Otter Exploration NL,EXT,P&A G,Tubridgi,19811122,19811203,20260417
Yardie East 1,W001101,Northern Carnarvon,WA-24-P,113.927331,-22.006471,Mesa Australia Ltd,NFW,P&A,,19811215,19820622,20260417
Tern 2,W001102,Bonaparte,WA-18-P,128.134034,-13.277156,Australian Aquitaine Petroleum Pty Ltd,EXT,SUSP G,Tern,19811116,19820207,20260417
Carnie 1,W001110,Northern Carnarvon,EP 137,115.682368,-21.404593,Avon Engineering Pty Ltd,NFW,SUSP G,,19820712,19820717,20260417
Ibis 1,W001485,Bonaparte,WA-147-P,125.347745,-12.060589,Western Mining Corporation Ltd,NFW,P&A,,19860503,19860523,20260417
Goodwyn 09,W001491,Northern Carnarvon,WA-5-L,115.976168,-19.602329,Woodside Offshore Petroleum Pty Ltd,EXT,P&A GC,Goodwyn,19860612,19860811,20260417
Glennie 1,W001509,Northern Carnarvon,TP/3,115.071314,-21.40724,West Australian Petroleum Pty Limited,NFW,P&A,,19861231,19870117,20260417
Mt Horner 07,W001513,Perth,L 7,115.092755,-29.123183,Barrack House Group,EXT,P&A O,Mount Horner,19870417,19870530,20260417
Lloyd 1,W001517,Canning,EP 129,124.250305,-17.466145,Home Energy Co Ltd,NFW,P&A O,Lloyd,19870605,19870714,20260417
Lloyd 1 ST1,W001517,Canning,EP 129,124.250305,-17.466145,Home Energy Co Ltd,NFW,P&A O,Lloyd,19870625,19870714,20260417
Runthrough 1,W001518,Canning,EP 129,124.200264,-17.488266,Home Energy Co Ltd,NFW,P&A,,19870606,19870723,20260417
Talandji 1,W001539,Northern Carnarvon,EP 110,114.915048,-21.80493,Pan Pacific Petroleum NL,NFW,P&A,,19871212,19880101,20260417
Hunt Gully 1,W001568,Perth,EP 96,115.153506,-29.097085,Barrack Energy Limited,NFW,P&A,,19881029,19881125,20260417
Pegasus 1,W001570,Canning,EP 316,123.951156,-20.097379,Amoco Australia Petroleum Company,NFW,P&A,,19880621,19880815,20260417
Saladin 07,W001571,Northern Carnarvon,TP/3,115.008301,-21.479485,West Australian Petroleum Pty Limited,EXT,P&A O,Saladin,19880528,19880623,20260417
Trafalgar 1,W001590,Northern Carnarvon,WA-203-P,117.320287,-19.165473,Ampol Exploration Ltd,NFW,P&A,,19880928,19881028,20260417
Mt Horner 10,W001591,Perth,L 7,115.097866,-29.130989,Arrow Petroleum Limited,DEV,P&A,Mount Horner,19890901,19890921,20260417
Arramall 1,W001600,Perth,EP 100,115.097218,-29.589742,Barrack House Group,NFW,P&A,,19881204,19890102,20260417
Saladin 04,W001603,Northern Carnarvon,TP/3,115.018753,-21.463091,West Australian Petroleum Pty Limited,DEV,P&A O,Saladin,19890306,19890418,20260417
Saladin 04 ST1,W001603,Northern Carnarvon,TP/3,115.018753,-21.463091,West Australian Petroleum Pty Limited,DEV,P&A O,Saladin,19890326,19890418,20260417
NRA 16,W001604,Northern Carnarvon,WA-1-L,116.138037,-19.584255,Woodside Offshore Petroleum Pty Ltd,DEV,SUSP G,North Rankin,19890109,19891015,20260417
Barrow_Y33M,W001611,Northern Carnarvon,L 1H,115.398566,-20.720625,West Australian Petroleum Pty Limited,DEV,P&A,Barrow Island,19890504,19890512,20260417
Barrow_WDWB2,W001616,Northern Carnarvon,L 1H,115.376198,-20.836349,West Australian Petroleum Pty Limited,DEV,Shut in,Barrow Island,19890619,19890629,20260417
Cygnus 1,W001627,Northern Carnarvon,WA-202-P,116.910415,-19.710918,Arco Australia Ltd,NFW,P&A,,19890708,19890809,20260417
Rakrani 1,W001639,Perth,EP 201,114.901205,-29.170196,Lassoc Pty Ltd,NFW,P&A,,19900222,19900311,20260417
Bullara 1,W001647,Northern Carnarvon,EP 41,113.889747,-22.702046,Ampol Exploration Ltd,NFW,P&A,,19900113,19900212,20260417
Barrow_Y63M,W001243,Northern Carnarvon,L 1H,115.398045,-20.73258,West Australian Petroleum Pty Limited,EXT,Shut in,Barrow Island,19830716,19830725,20260417
Peron 1,W001244,Perth,EP 100,115.16077,-29.95109,Hudbay Oil (Australia) Ltd.,NFW,P&A,,19830201,19830326,20260417
Barrow_AA72M,W001249,Northern Carnarvon,L 1H,115.440775,-20.708346,West Australian Petroleum Pty Limited,NPW,P&A,Barrow Island,19830210,19830224,20260417
Barrow_U63,W001252,Northern Carnarvon,L 1H,115.429308,-20.760556,West Australian Petroleum Pty Limited,NPW,P&S,Barrow Island,19830611,19830617,20260417
Pearl 1,W001257,Canning,WA-117-P,122.02911,-17.849742,Home Energy Co Ltd,NFW,P&A,,19830818,19831001,20260417
Garden Mill 1,W001267,Northern Carnarvon,EP 166,114.473605,-22.559428,Golden West Hydrocarbons Pty Ltd,STR,P&A STR,,19830616,19830624,20260417
Frankenia 1,W001275,Canning,EP 143,125.239358,-19.448304,Western Mining Corporation Ltd,STR,P&A STR,,19840201,19840211,20260417
Eremophila 2,W001279,Canning,EP 225,125.219362,-19.778861,Western Mining Corporation Ltd,STR,P&A STR,,19831201,19831206,20260417
Eremophila 3,W001280,Canning,EP 225,125.238251,-19.778028,Western Mining Corporation Ltd,STR,P&A STR,,19831207,19831216,20260417
Diamond Soak 1,W001304,Perth,EP 111,115.268396,-28.914857,Pancontinental Petroleum Pty Ltd,NFW,P&A,,19830925,19831010,20260417
Mt Horner 06,W001305,Perth,EP 96,115.091733,-29.13545,Barrack House Group,DEV,P&A,Mount Horner,19830930,19831101,20260417
Turtle 1,W001309,Bonaparte,WA-128-P,128.946092,-14.475157,Western Mining Corporation Ltd,NFW,P&A OS,Turtle,19840107,19840309,20260417
HA 02,W001317,Northern Carnarvon,WA-192-P,115.614233,-20.60218,Australian Occidental Oil Pty Ltd,EXT,P&A,Harriet,19831218,19840225,20260417
Harriet 2 ST1,W001317,Northern Carnarvon,WA-192-P,115.614233,-20.60218,Australian Occidental Oil Pty Ltd,EXT,P&A,Harriet,19830121,19840225,20260417
Narkarino 1,W001318,Perth,EP 201,114.901324,-29.116971,Command Petroleum Holdings NL,NFW,P&A,,19840108,19840120,20260417
Kunzea 1,W001344,Canning,EP 225,124.990999,-19.533696,Western Mining Corporation Ltd,STR,P&A STR,,19840527,19850604,20260417
Echo Bluff 1,W001345,Northern Carnarvon,EP 137,115.725027,-21.39033,Avon Engineering Pty Ltd,NFW,P&A,,19840613,19840703,20260417
Mariana 1,W001349,Canning,EP 129,124.453751,-17.56432,Home Energy Co Ltd,NFW,P&A,,19840628,19840713,20260417
Barrow_F45M,W001363,Northern Carnarvon,L 1H,115.387013,-20.839339,West Australian Petroleum Pty Limited,EXT,O,Barrow Island,19840816,19840827,20260417
Barrow_Q54A,W001372,Northern Carnarvon,L 1H,115.383689,-20.785436,West Australian Petroleum Pty Limited,EXT,O,Barrow Island,19841112,19841116,20260417
Nuytsia 1,W001383,Canning,EP 103,124.192972,-18.556393,IEDC Australia Pty Ltd,NFW,P&A,,19841010,19841102,20260417
Wattle Grove 1,W001400,Perth,EP 201,114.906455,-29.142863,Balmoral Resources NL,NFW,P&A,,19850313,19850323,20260417
Barrow_B35A,W000992,Northern Carnarvon,L 1H,115.356001,-20.864675,West Australian Petroleum Pty Limited,DEV,O,Barrow Island,19791124,19791129,20260417
Barrow_WDWAA,W000996,Northern Carnarvon,L 1H,115.346862,-20.861947,West Australian Petroleum Pty Limited,DEV,P&A,Barrow Island,19790517,19790604,20260417
Barrow_R28,W001032,Northern Carnarvon,L 1H,115.370009,-20.775757,West Australian Petroleum Pty Limited,DEV,O,Barrow Island,19800815,19800822,20260417
Lesueur 1,W001035,Bonaparte,WA-18-P,128.127155,-13.95117,Australian Aquitaine Petroleum Pty Ltd,NFW,P&A,,19800516,19800930,20260417
Woodada 02,W001044,Perth,EP 100,115.153497,-29.793859,Hughes & Hughes Australia Pty Ltd,EXT,P&A G,Woodada,19800628,19800803,20260417
Sirius 1,W001049,Northern Carnarvon,WA-97-P,112.690609,-20.883244,Esso Exploration & Production Australia Inc,NFW,P&A,,19801016,19801202,20260417
Barrow_R36,W001050,Northern Carnarvon,L 1H,115.360942,-20.779265,West Australian Petroleum Pty Limited,NPW,P&S,Barrow Island,19800712,19800719,20260417
Warradong 1,W001051,Perth,EP 105,115.172761,-29.300253,Mesa Australia Ltd,NFW,P&A GS,,19810204,19810414,20260417
Dongara 23,W001056,Perth,L 1,115.006852,-29.260953,West Australian Petroleum Pty Limited,DEV,Suspended,Dongara,19801206,19810110,20260417
Boab 1,W001072,Canning,EP 143,125.147137,-19.576917,Western Mining Corporation Ltd,STR,P&A STR,,19810923,19811029,20260417
Ficus 1,W001075,Canning,EP 143,125.299362,-19.817472,Western Mining Corporation Ltd,STR,P&A STR,,19820105,19820206,20260417
Barrow_Y34M,W001079,Northern Carnarvon,L 1H,115.401233,-20.7209,West Australian Petroleum Pty Limited,DEV,SUSP,Barrow Island,19810813,19810827,20260417
Point Louise 1,W001080,Perth,EP 100,115.07035,-30.03866,Mesa Australia Ltd,NFW,P&A,,19810828,19810917,20260417
Adele Island 1,W001086,Browse,WA-104-P,123.158228,-15.511085,Oberon Oil Pty Ltd,NFW,P&A,,19820729,19820821,20260417
Barrow_R63,W001090,Northern Carnarvon,L 1H,115.35159,-20.791817,West Australian Petroleum Pty Limited,EXT,O,Barrow Island,19811020,19811030,20260417
West Barrow 1A,W001122,Northern Carnarvon,WA-64-P,114.916008,-20.889364,Offshore Oil NL,NFW,P&A,,19820224,19820716,20260417
West Barrow 1,W001122,Northern Carnarvon,WA-64-P,114.916008,-20.889364,Offshore Oil NL,NFW,P&A,,19820220,19820716,20260417
Barrow_G45A,W001128,Northern Carnarvon,L 1H,115.356006,-20.839917,West Australian Petroleum Pty Limited,DEV,O,Barrow Island,19820303,19820309,20260417
Strickland 1,W001136,Northern Carnarvon,WA-58-P,116.685278,-20.207366,Hudbay Oil (Australia) Ltd.,NFW,P&A,,19820310,19820325,20260417
Sabina River 1,W001176,Perth,EP 130,115.411217,-33.664815,BP Petroleum Development Australia Pty Ltd,NFW,P&A,,19820512,19820803,20260417
Wilcox 1,W001207,Northern Carnarvon,WA-28-P,115.484997,-20.007528,Woodside Petroleum Development Pty Ltd,NFW,SUSP GC,Wilcox,19821128,19830327,20260417
Denison 1,W000915,Perth,L 2,114.956123,-29.224391,West Australian Petroleum Pty Limited,NFW,P&A,,19761223,19770121,20260417
Barrow_L44G,W000941,Northern Carnarvon,L 1H,115.387976,-20.812116,West Australian Petroleum Pty Limited,DEV,P&A,Barrow Island,19781026,19781104,20260417
Finucane 1,W000951,Northern Carnarvon,WA-1-P,116.766278,-19.288647,Woodside Offshore Development Pty Ltd,NFW,P&A,,19781021,19781203,20260417
Barrow_B17B,W000964,Northern Carnarvon,L 1H,115.366006,-20.86037,West Australian Petroleum Pty Limited,DEV,P&S,Barrow Island,19790508,19790515,20260417
Barrow_B15A,W000966,Northern Carnarvon,L 1H,115.356161,-20.857989,West Australian Petroleum Pty Limited,DEV,O,Barrow Island,19790224,,20260417
Barrow_L78G,W000971,Northern Carnarvon,L 1H,115.401036,-20.822728,West Australian Petroleum Pty Limited,DEV,SUSP,Barrow Island,19790721,19790726,20260417
Barrow_B22A,W000988,Northern Carnarvon,L 1H,115.344801,-20.861047,West Australian Petroleum Pty Limited,DEV,O,Barrow Island,19791001,19791007,20260417
Fitzroy River 1,W001001,Canning,EP 97,124.882378,-18.493089,Amax Petroleum (Australia) Inc,NFW,P&A,,19800829,19801123,20260417
Resolution 1,W001004,Northern Carnarvon,WA-97-P,113.691473,-21.297684,Esso Exploration & Production Australia Inc,NFW,P&A,,19790724,19791110,20260417
Resolution 1 ST1,W001004,Northern Carnarvon,WA-97-P,113.691473,-21.297684,Esso Exploration & Production Australia Inc,NFW,P&A,,,,20260417
Parker 1,W001006,Northern Carnarvon,WA-28-P,115.670188,-20.000856,Woodside Petroleum Development Pty Ltd,NFW,P&A,,19791126,19800504,20260417
Parker 1,W001006,Northern Carnarvon,WA-28-P,115.670188,-20.000856,Woodside Petroleum Development Pty Ltd,NFW,P&A,,19800413,,20260417
Ellendale 1,W001009,Canning,EP 101,124.705747,-17.9043,Amax Petroleum (Australia) Inc,NFW,P&A G,,19790724,19791014,20260417
Moogana 1,W001013,Canning,EP 104,122.692144,-16.936647,Esso Exploration & Production Australia Inc,NFW,P&A,,19800128,19800317,20260417
Brewster 1,W001024,Browse,WA-35-P,123.259201,-13.912286,Woodside Petroleum Development Pty Ltd,NFW,SUSP G,Ichthys,19800512,19801219,20260417
Brewster 1A ST1,W001024,Browse,WA-35-P,123.259201,-13.912286,Woodside Petroleum Development Pty Ltd,NFW,SUSP G,Ichthys,19800928,19801219,20260417
Brewster 1A,W001024,Browse,WA-35-P,123.259201,-13.912286,Woodside Petroleum Development Pty Ltd,NFW,SUSP G,Ichthys,19800523,19801219,20260417
Barrow_L14,W001028,Northern Carnarvon,L 1H,115.38492,-20.800993,West Australian Petroleum Pty Limited,EXT,O,Barrow Island,19800616,19800621,20260417
Barrow_L45M,W001029,Northern Carnarvon,L 1H,115.390391,-20.813869,West Australian Petroleum Pty Limited,WSW,SUSP,Barrow Island,19800422,19800511,20260417
Woodada 04,W001057,Perth,EP 100,115.1441,-29.833811,Hughes & Hughes Australia Pty Ltd,EXT,P&A G,Woodada,19810216,19810405,20260417
Mt Horner 05,W001060,Perth,EP 96,115.089555,-29.12545,XLX NL,EXT,P&A,,19810224,19810422,20260417
South Pepper 11,W001659,Northern Carnarvon,TL/2,115.271704,-21.123505,Western Mining Corporation Ltd,DEV,P&A OS,South Pepper,19900327,19900419,20260417
South Pepper 11 ST1,W001659,Northern Carnarvon,TL/2,115.271704,-21.123505,Western Mining Corporation Ltd,DEV,P&A OS,South Pepper,19900401,19900419,20260417
Great Sandy 2,W001661,Canning,EP 164,122.356074,-19.211857,Western Mining Corporation Ltd,DEV,P&A OS,,19900502,19900526,20260417
Lovells Pocket 1,W001662,Canning,EP 103,123.437226,-18.514469,Kufpec Australia Pty Ltd,NFW,P&A,,19900604,19900711,20260417
Buccaneer 1,W001666,Browse,WA-35-P,123.957018,-13.660979,Shell Development (Australia) Pty Ltd,NFW,P&A,,19900226,19900412,20260417
Lauchie 1,W001667,Northern Carnarvon,WA-208-P,116.524402,-19.774151,Phillips Australian Oil Company,NFW,P&A,,19900501,19900713,20260417
North Herald 5,W001675,Northern Carnarvon,TL/2,115.265149,-21.173922,Western Mining Corporation Ltd,DEV,P&A OS,North Herald,19900702,19900712,20260417
Barberton 1,W001678,Perth,EP 321,115.940342,-30.818006,Ampol Exploration Ltd,NFW,P&A,,19900921,19901022,20260417
Scindian 1,W001679,Northern Carnarvon,WA-210-P,114.696311,-21.192887,BHP Petroleum (Australia) Pty Ltd,NFW,,Chinook/Scindian,19900828,19900901,20260417
Scindian 1A,W001679,Northern Carnarvon,WA-210-P,114.696311,-21.192887,BHP Petroleum (Australia) Pty Ltd,NFW,P&A OG,Chinook/Scindian,19900902,19901014,20260417
Yodel 1,W001684,Northern Carnarvon,WA-28-P,115.720035,-19.744539,Woodside Offshore Petroleum Pty Ltd,NFW,P&A GC,Echo Yodel,19900822,19901008,20260417
Barrow_L41A,W001693,Northern Carnarvon,L 1H,115.371711,-20.812546,West Australian Petroleum Pty Limited,DEV,O,Barrow Island,19901030,19901108,20260417
Barrow_L48A,W001700,Northern Carnarvon,L 1H,115.399014,-20.812666,West Australian Petroleum Pty Limited,DEV,Shut in,Barrow Island,19910429,19910504,20260417
Barrow_F22A,W001737,Northern Carnarvon,L 1H,115.375653,-20.833992,West Australian Petroleum Pty Limited,DEV,O,Barrow Island,19910622,19910626,20260417
Barrow_F42A,W001744,Northern Carnarvon,L 1H,115.375961,-20.841403,West Australian Petroleum Pty Limited,DEV,O,Barrow Island,19910404,19910411,20260417
Barrow_B41B,W001757,Northern Carnarvon,L 1H,115.341874,-20.868757,West Australian Petroleum Pty Limited,DEV,P&S,Barrow Island,19930114,19930202,20260417
NRA 23,W001766,Northern Carnarvon,WA-1-L,116.138037,-19.583955,Woodside Offshore Petroleum Pty Ltd,DEV,G,North Rankin,19910513,19910823,20260417
South Pepper 16,W001767,Northern Carnarvon,TL/2,115.288696,-21.124794,Western Mining Corporation Ltd,DEV,P&A OG,South Pepper,19910731,19910919,20260417
Tanami 1,W001772,Northern Carnarvon,EP 307,115.581141,-20.653475,Hadson Australia Development Pty Ltd,NFW,WI,Tanami,19910608,19910723,20260417
Beharra Springs 3,W001773,Perth,L 11,115.140625,-29.450214,Saagex Pty Ltd,EXT,P&S,Beharra Springs,19921014,19921207,20260417
South Pepper 17,W001768,Northern Carnarvon,TL/2,115.288696,-21.124794,Western Mining Corporation Ltd,DEV,P&A OG,South Pepper,19910729,19910919,20260417
South Pepper 17 ST1,W001768,Northern Carnarvon,TL/2,115.288696,-21.124794,Western Mining Corporation Ltd,DEV,P&A OG,South Pepper,19910811,19910919,20260417
Skate 02,W001788,Northern Carnarvon,TP/3,114.98017,-21.596986,West Australian Petroleum Pty Limited,NFW,P&A O,Skate,19911113,19911124,20260417
Cassidy 1,W001798,Northern Carnarvon,EP 325,114.16906,-22.019753,Mobil Exploration & Producing Australia Pty Ltd,NFW,P&A,,19920125,19920228,20260417
Campbell 3,W001804,Northern Carnarvon,TL/5,115.730239,-20.414035,Hadson Australia Development Pty Ltd,EXT,P&A,Campbell,19920425,19920514,20260417
Oberon 1,W001808,Bonaparte,WA-217-P,126.701814,-12.224099,Kufpec Australia Pty Ltd,NFW,P&A,,19920627,19920718,20260417
Wandoo 2,W001809,Northern Carnarvon,WA-202-P,116.426558,-20.122809,Ampol Exploration Ltd,NFW,P&A OG,Wandoo,19920601,19920702,20260417
Barrow_WDWJ2,W001815,Northern Carnarvon,L 1H,115.386173,-20.819331,West Australian Petroleum Pty Limited,WDW,P&A,Barrow Island,,,20260417
Barrow_WDWC1,W001817,Northern Carnarvon,L 1H,115.410913,-20.818075,West Australian Petroleum Pty Limited,WDW,P&A,Barrow Island,,,20260417
WA 01,W001831,Northern Carnarvon,WA-202-P,116.422909,-20.137378,Ampol Exploration Ltd,DEV,SUSP O,Wandoo,19921229,19930213,20260417
Wandoo 5,W001833,Northern Carnarvon,WA-202-P,116.42802,-20.148059,Ampol Exploration Ltd,DEV,P&A OS,Wandoo,19921216,19921228,20260417
Griffin 6H,W001836,Northern Carnarvon,WA-10-L,114.619483,-21.22455,BHP Petroleum (Australia) Pty Ltd,DEV,SUSP O,Griffin,19930224,19930410,20260417
Griffin 6H ST1,W001836,Northern Carnarvon,WA-10-L,114.619483,-21.22455,BHP Petroleum (Australia) Pty Ltd,DEV,SUSP O,Griffin,19930224,19930410,20260417
Sheherazade 1,W001840,Browse,WA-206-P,121.372404,-15.471107,Amoco Australia Petroleum Company,NFW,P&A,,19930419,19930518,20260417
Saladin 09,W001849,Northern Carnarvon,TL/4,115.054128,-21.440237,West Australian Petroleum Pty Limited,DEV,P&A,Saladin,19951019,19951102,20260417
York 1,W001850,Northern Carnarvon,WA-210-P,114.591781,-20.933613,BHP Petroleum (Australia) Pty Ltd,NFW,P&A,,19930602,19930701,20260417
Wandoo 7,W001854,Northern Carnarvon,WA-202-P,116.445772,-20.117356,Ampol Exploration Ltd,EXT,P&A,Wandoo,19930714,19930730,20260417
Walkley 1,W001858,Browse,WA-212-P,122.49998,-14.269328,Ampol Exploration Ltd,NFW,P&A,,19930731,19930927,20260417
Roller 06,W001859,Northern Carnarvon,TP/3,114.942568,-21.615677,West Australian Petroleum Pty Limited,DEV,P&A O,Roller,19930811,19930909,20260417
Roller 14,W001860,Northern Carnarvon,TL/7,114.906912,-21.64121,West Australian Petroleum Pty Limited,DEV,P&A O,Roller,19940211,19940219,20260417
Australind 1,W001864,Northern Carnarvon,TP/3,115.039611,-21.413704,West Australian Petroleum Pty Limited,NFW,P&A OG,Australind,19930910,19930924,20260417
Caswell 2 ST2,W001097,Browse,WA-34-P,122.4708,-14.241114,Woodside Offshore Development Pty Ltd,NFW,P&A O,,19831010,19831106,20260417
Barrow_L76M,W001106,Northern Carnarvon,L 1H,115.393339,-20.823468,West Australian Petroleum Pty Limited,SPT,P&S,Barrow Island,19811226,19820109,20260417
Tubridgi 06,W001113,Northern Carnarvon,EP 110,114.875279,-21.743215,Otter Exploration NL,EXT,P&A G,Tubridgi,19811204,19820106,20260417
Barrow_G35A,W001114,Northern Carnarvon,L 1H,115.356133,-20.83608,West Australian Petroleum Pty Limited,DEV,P&S,Barrow Island,19820310,19820315,20260417
Canebreak 1,W001117,Perth,EP 112,115.469774,-34.28261,Weaver Oil & Gas Corporation Of Australia,NFW,P&A,,19820810,19820902,20260417
Murat 1,W001121,Northern Carnarvon,EP 41,114.146432,-21.871714,Mesa Australia Ltd,NFW,P&A,,19820610,19820711,20260417
Barrow_G42A,W001125,Northern Carnarvon,L 1H,115.344276,-20.839672,West Australian Petroleum Pty Limited,DEV,P&S,Barrow Island,19820213,19820219,20260417
Barrow_L54M,W001130,Northern Carnarvon,L 1H,115.383891,-20.814242,West Australian Petroleum Pty Limited,EXT,P&S,Barrow Island,19820704,19820718,20260417
Barrow_L56M,W001131,Northern Carnarvon,L 1H,115.393573,-20.815932,West Australian Petroleum Pty Limited,EXT,SUSP,Barrow Island,19820719,19820802,20260417
Phoenix 2,W001135,Roebuck,WA-62-P,118.843851,-18.600822,BP Petroleum Development Australia Pty Ltd,NFW,P&A,,19820310,19820629,20260417
Barrow_G23A,W001143,Northern Carnarvon,L 1H,115.348748,-20.832143,West Australian Petroleum Pty Limited,DEV,O,Barrow Island,19820405,19820410,20260417
Barrow_G12A,W001147,Northern Carnarvon,L 1H,115.344248,-20.828564,West Australian Petroleum Pty Limited,DEV,O,Barrow Island,19820428,19820503,20260417
Barrow_G36A,W001154,Northern Carnarvon,L 1H,115.360161,-20.835812,West Australian Petroleum Pty Limited,DEV,P&S,Barrow Island,19820614,19820619,20260417
Barrow_G65A,W001158,Northern Carnarvon,L 1H,115.356194,-20.847005,West Australian Petroleum Pty Limited,DEV,O,Barrow Island,19820816,19820820,20260417
Barrow_G51A,W001164,Northern Carnarvon,L 1H,115.340949,-20.843304,West Australian Petroleum Pty Limited,DEV,P&S,Barrow Island,19820916,19820920,20260417
Barrow_G62A,W001168,Northern Carnarvon,L 1H,115.344818,-20.846971,West Australian Petroleum Pty Limited,DEV,P&S,Barrow Island,19821004,19821009,20260417
Barrow_Q31,W001170,Northern Carnarvon,L 1H,115.373629,-20.779075,West Australian Petroleum Pty Limited,DEV,P&S,Barrow Island,19821118,19821122,20260417
Curringa 1,W001173,Canning,EP 104,122.74293,-16.831508,Esso Exploration & Production Australia Inc,NFW,P&A,,19820527,19820704,20260417
Kora 1,W001184,Canning,EP 104,123.828487,-17.260655,Esso Exploration & Production Australia Inc,NFW,P&A OS,,19820717,19821009,20260417
Kambara 1,W001187,Canning,WA-109-P,122.438877,-16.741604,Esso Exploration & Production Australia Inc,NFW,P&A,,19821020,19830102,20260417
Bullara 1 S/T,W001647,Northern Carnarvon,EP 41,113.889747,-22.702046,Ampol Exploration Ltd,NFW,P&A,,19900128,19900212,20260417
Beharra Springs 1,W001657,Perth,EP 320,115.141165,-29.464122,Barrack Energy Limited,NFW,P&S,Beharra Springs,19900312,19900513,20260417
HC 3,W001660,Northern Carnarvon,TL/1,115.627227,-20.588995,Hadson Australia Development Pty Ltd,DEV,P&A O,Harriet,19900405,19900505,20260417
Weld 1,W001663,Northern Carnarvon,TL/4,114.947529,-21.565434,West Australian Petroleum Pty Limited,NFW,P&A,,19940926,19941009,20260417
NRA 20,W001664,Northern Carnarvon,WA-1-L,116.138037,-19.584455,Woodside Offshore Petroleum Pty Ltd,DEV,G,North Rankin,19900429,19901008,20260417
Yallallie 1,W001677,Perth,EP 321,115.772689,-30.443275,Ampol Exploration Ltd,NFW,P&A,,19900807,19900915,20260417
Stork 1,W001689,Bonaparte,WA-199-P,125.793855,-11.489963,Lasmo Oil (Australia) Limited,NFW,P&A,,19900928,19901014,20260417
Barrow_L43A,W001695,Northern Carnarvon,L 1H,115.380059,-20.812732,West Australian Petroleum Pty Limited,DEV,O,Barrow Island,19901011,19901019,20260417
Barrow_L46A,W001698,Northern Carnarvon,L 1H,115.390882,-20.812379,West Australian Petroleum Pty Limited,DEV,P&S,Barrow Island,19910515,19910523,20260417
Barrow_L82A,W001707,Northern Carnarvon,L 1H,115.375578,-20.826968,West Australian Petroleum Pty Limited,DEV,Shut in,Barrow Island,19901204,19901212,20260417
Barrow_F82M,W001726,Northern Carnarvon,L 1H,115.374896,-20.857067,West Australian Petroleum Pty Limited,DEV,Shut in,Barrow Island,19901222,19910107,20260417
Caretta 1,W001769,Northern Carnarvon,TP/9,114.433889,-21.605964,Lasmo Oil (Australia) Limited,NFW,P&A OS,,19910505,19910530,20260417
Wandoo 1,W001770,Northern Carnarvon,WA-202-P,116.423411,-20.137714,Ampol Exploration Ltd,NFW,SUSP O,Wandoo,19910520,19910630,20260417
Leatherback 1,W001777,Northern Carnarvon,EP 342,114.365152,-21.685613,Lasmo Oil (Australia) Limited,NFW,P&A OS,Leatherback,19910531,19910706,20260417
Abduls Dam 1,W001778,Northern Carnarvon,EP 110,114.830131,-21.949284,Pan Pacific Petroleum NL,NFW,P&A,,19910818,19910904,20260417
Mardie 1B,W001789,Northern Carnarvon,EP 137,115.697113,-21.357044,Lennard Oil NL,EXT,P&A,,19911104,19911118,20260417
Cossack 3,W001799,Northern Carnarvon,WA-9-L,116.497544,-19.555008,Woodside Offshore Petroleum Pty Ltd,EXT,P&A O,Cossack,19920211,19920407,20260417
Warramia 1,W001802,Perth,EP 351,115.729406,-30.184403,Ampol Exploration Ltd,NFW,P&A,,19920406,19920420,20260417
Wanaea 5,W001810,Northern Carnarvon,WA-28-P,116.4115,-19.586855,Woodside Offshore Petroleum Pty Ltd,DEV,P&A O,Wanaea,19920615,19920717,20260417
Fishburn 1,W001811,Bonaparte,WA-218-P,127.585602,-12.966542,BHP Petroleum (Australia) Pty Ltd,NFW,P&A,,19920923,19921027,20260417
Barrow_WDWC2,W001816,Northern Carnarvon,L 1H,115.411635,-20.815754,West Australian Petroleum Pty Limited,WDW,SUSP,Barrow Island,,,20260417
Barrow_G55M,W001403,Northern Carnarvon,L 1H,115.356553,-20.842989,West Australian Petroleum Pty Limited,EXT,O,Barrow Island,19850127,19850205,20260417
Barrow_M72M,W001405,Northern Carnarvon,L 1H,115.406033,-20.821145,West Australian Petroleum Pty Limited,EXT,SUSP,Barrow Island,19850216,19850226,20260417
Barrow P41A,W001412,Northern Carnarvon,L 1H,115.402379,-20.78127,West Australian Petroleum Pty Limited,EXT,P&A,Barrow Island,19850315,19850320,20260417
Barrow_G75M,W001419,Northern Carnarvon,L 1H,115.356348,-20.850449,West Australian Petroleum Pty Limited,EXT,P&S,Barrow Island,19850529,19850608,20260417
Barrow_Q67A,W001423,Northern Carnarvon,L 1H,115.394521,-20.788958,West Australian Petroleum Pty Limited,EXT,P&S,Barrow Island,19850715,19850723,20260417
Barrow_P74M,W001424,Northern Carnarvon,L 1H,115.414527,-20.791726,West Australian Petroleum Pty Limited,DEV,SUSP,Barrow Island,19850624,19850705,20260417
Barrow_L17A,W001425,Northern Carnarvon,L 1H,115.394643,-20.799765,West Australian Petroleum Pty Limited,DEV,O,Barrow Island,19850802,19850806,20260417
Blina 5,W001446,Canning,L 6,124.504189,-17.624846,Home Energy Co Ltd,EXT,Shut in,Blina,19850603,19850628,20260417
Blina 6,W001459,Canning,L 6,124.502094,-17.623174,Home Energy Co Ltd,EXT,Shut in,Blina,19850701,19850716,20260417
HB 2,W001462,Northern Carnarvon,WA-192-P,115.637588,-20.575162,Bond Corporation Pty Ltd,EXT,P&A OG,Harriet,19850629,19850809,20260417
Dodonea 1,W001469,Canning,EP 143,125.162052,-19.385028,Western Mining Corporation Ltd,NFW,P&A,,19850809,19850928,20260417
BMR 10A Dongara,W001504,Perth,PE-27H,114.975009,-29.826653,Geoscience Australia,STR,P&A STR,,19600502,19600710,20260417
Avocet 1A,W001505,Bonaparte,WA-199-P,125.756317,-11.371379,Bond Corporation Pty Ltd,NFW,P&A,,19860719,19860901,20260417
Avocet 1A,W001505,Bonaparte,WA-199-P,125.756317,-11.371379,Bond Corporation Pty Ltd,NFW,P&A,,19860729,19860901,20260417
Hibiscus 1,W001525,Canning,EP 143,125.431581,-19.636637,Western Mining Corporation Ltd,NFW,P&A,,19870728,19871003,20260417
Hibiscus 1 ST1,W001525,Canning,EP 143,125.431581,-19.636637,Western Mining Corporation Ltd,NFW,P&A,,19870912,19871003,20260417
Oscar Hill 1,W001530,Canning,EP 102,125.584069,-18.100297,Kufpec Australia Pty Ltd,NFW,Water,,19870923,19871028,20260417
Needle Eye Rocks 1,W001531,Canning,EP 314,125.820901,-18.239797,Kufpec Australia Pty Ltd,NFW,P&A,,19871101,19871119,20260417
North Herald 3,W001533,Northern Carnarvon,TP/7,115.265149,-21.173922,Western Mining Corporation Ltd,DEV,P&A OG,North Herald,19871027,19871124,20260417
Lloyd 2,W001538,Canning,EP 129,124.253058,-17.46838,Home Energy Co Ltd,EXT,P&A OS,Lloyd,19871115,19871202,20260417
Mt Horner 05A,W001546,Perth,L 7,115.090386,-29.125739,Barrack House Group,DEV,Shut in,Mount Horner,19880211,19880223,20260417
Mt Horner 09,W001551,Perth,L 7,115.09451,-29.12685,Barrack House Group,EXT,P&A O,Mount Horner,19880331,19880413,20260417
Woodada 05,W001118,Perth,EP 100,115.141146,-29.771483,Hudbay Oil (Australia) Ltd.,EXT,P&A G,Woodada,19820115,19820318,20260417
White Hills 1,W001133,Canning,EP 134,127.5888,-21.154223,Mobil Oil (Australia) Ltd,NFW,P&A,,19820719,19821212,20260417
Blina 4,W001140,Canning,EP 129,124.500373,-17.620257,Home Energy Co Ltd,EXT,Shut in,Blina,19820410,19820504,20260417
Barrow_G13A,W001148,Northern Carnarvon,L 1H,115.34831,-20.828473,West Australian Petroleum Pty Limited,DEV,SUSP,Barrow Island,19820504,19820511,20260417
Barrow_G31A,W001156,Northern Carnarvon,L 1H,115.340791,-20.836554,West Australian Petroleum Pty Limited,DEV,P&S,Barrow Island,19820624,19820629,20260417
Barrow_G66A,W001159,Northern Carnarvon,L 1H,115.360465,-20.846927,West Australian Petroleum Pty Limited,DEV,O,Barrow Island,19820821,19820825,20260417
Barrow_G52A,W001166,Northern Carnarvon,L 1H,115.3444,-20.843398,West Australian Petroleum Pty Limited,DEV,P&S,Barrow Island,19820925,19820929,20260417
Barrow_G61A,W001169,Northern Carnarvon,L 1H,115.340622,-20.846907,West Australian Petroleum Pty Limited,DEV,Shut in,Barrow Island,19821010,19821016,20260417
Tern 3,W001186,Bonaparte,WA-18-P,128.105362,-13.334153,Australian Aquitaine Petroleum Pty Ltd,EXT,P&A,Tern,19820723,19820911,20260417
Candace 1,W001188,Northern Carnarvon,WA-192-P,115.919959,-20.825718,Australian Occidental Oil Pty Ltd,NFW,P&A,,19820903,19821006,20260417
Multhuwarra 1,W001189,Northern Carnarvon,EP 137,115.703441,-21.326147,Avon Engineering Pty Ltd,NFW,P&A,,19820820,19820825,20260417
Aquanita 1,W001190,Canning,EP 129,124.358642,-17.627515,Home Energy Co Ltd,NFW,P&A,,19820904,19821027,20260417
Pasco 4,W001198,Northern Carnarvon,WA-23-P,115.326957,-20.971681,West Australian Petroleum Pty Limited,EXT,P&A O,Pasco,19821120,19830213,20260417
Pasco 4 ST1,W001198,Northern Carnarvon,WA-23-P,115.326957,-20.971681,West Australian Petroleum Pty Limited,EXT,P&A O,Pasco,19821231,19830213,20260417
Barrow_Y35M,W001222,Northern Carnarvon,L 1H,115.404476,-20.720346,West Australian Petroleum Pty Limited,DEV,P&A,Barrow Island,19821219,19830102,20260417
Barrow_F42M,W001231,Northern Carnarvon,L 1H,115.377865,-20.841455,West Australian Petroleum Pty Limited,DEV,O,Barrow Island,19681114,19681122,20260417
Barrow_X62M,W001234,Northern Carnarvon,L 1H,115.423169,-20.732219,West Australian Petroleum Pty Limited,EXT,P&A,Barrow Island,19830131,19830209,20260417
Barrow_L63M,W001236,Northern Carnarvon,L 1H,115.378623,-20.817155,West Australian Petroleum Pty Limited,EXT,O,Barrow Island,19830415,19830429,20260417
Barrow_F42MA,W001238,Northern Carnarvon,L 1H,115.376017,-20.839961,West Australian Petroleum Pty Limited,EXT,O,Barrow Island,19830523,19830603,20260417
Barrow_O81,W001239,Northern Carnarvon,L 1H,115.436883,-20.798838,West Australian Petroleum Pty Limited,EXT,P&A,Barrow Island,19830605,19830610,20260417
Barrow_Y54M,W001241,Northern Carnarvon,L 1H,115.401153,-20.728684,West Australian Petroleum Pty Limited,EXT,P&S,Barrow Island,19830627,19830705,20260417
Rambler 1,W001869,Bonaparte,WA-224-P,126.372865,-11.519031,Saagex Pty Ltd,NFW,P&A,,19931028,19940119,20260417
Sapphire 2,W001888,Northern Carnarvon,EP 361,114.899204,-21.841248,Carnarvon Petroleum NL,NFW,P&A,,19931213,19931219,20260417
Hawksbill 1,W001889,Northern Carnarvon,EP 342,114.53046,-21.688527,Hadson Carnarvon Pty Ltd,NFW,P&A,,19931212,19940103,20260417
Skate 4H,W001906,Northern Carnarvon,TP/3,114.980156,-21.59699,West Australian Petroleum Pty Limited,DEV,P&A O,Skate,19940419,19940506,20260417
Skate 4 Pilot,W001906,Northern Carnarvon,TP/3,114.980156,-21.59699,West Australian Petroleum Pty Limited,DEV,P&A O,Skate,19940328,19940407,20260417
Yampi 2,W001915,Browse,WA-239-P,123.279855,-14.565101,BHP Petroleum (Australia) Pty Ltd,NFW,P&A GS,,19940528,19940705,20260417
Macedon 3,W001924,Northern Carnarvon,WA-155-P,114.173991,-21.566946,BHP Petroleum (Australia) Pty Ltd,EXT,SUSP G,Macedon,19940827,19940918,20260417
Barrow_M86,W001935,Northern Carnarvon,L 1H,115.423648,-20.826433,West Australian Petroleum Pty Limited,DEV,P&S,Barrow Island,19941104,19941111,20260417
Woodada 14,W001944,Perth,L 5,115.140814,-29.834517,Consolidated Gas Pty Ltd,DEV,P&A G,Woodada,19940924,19941031,20260417
Woodada 14ST,W001944,Perth,L 5,115.140814,-29.834517,Consolidated Gas Pty Ltd,DEV,P&A G,Woodada,19941024,19941223,20260417
Griffin 7,W001956,Northern Carnarvon,WA-10-L,114.647743,-21.175018,BHP Petroleum (Australia) Pty Ltd,EXT,P&A,Griffin,19950403,19950420,20260417
GWA 01,W001961,Northern Carnarvon,WA-5-L,115.929672,-19.652111,Woodside Offshore Petroleum Pty Ltd,DEV,G&C,Goodwyn,19941027,19950204,20260417
Perseus 1,W001968,Northern Carnarvon,WA-1-L,116.091593,-19.55988,Woodside Offshore Petroleum Pty Ltd,NFW,P&A GS,Perseus,19950211,19950308,20260417
GWA 05,W001974,Northern Carnarvon,WA-5-L,115.929847,-19.652231,Woodside Petroleum Ltd,DEV,G&C,Goodwyn,19950428,19950613,20260417
GWA 06,W001982,Northern Carnarvon,WA-5-L,115.929689,-19.652126,Woodside Offshore Petroleum Pty Ltd,DEV,G&C,Goodwyn,19950614,19950828,20260417
GWA 06 ST1,W001982,Northern Carnarvon,WA-5-L,115.929689,-19.652126,Woodside Offshore Petroleum Pty Ltd,DEV,G&C,Goodwyn,19950723,19950828,20260417
Gwydion 1,W001983,Browse,WA-239-P,123.981935,-14.526683,BHP Petroleum (Australia) Pty Ltd,NFW,P&A OS,Gwydion,19950604,19950612,20260417
HA 10,W001989,Northern Carnarvon,TL/1,115.61423,-20.60214,Apache Northwest Pty Ltd,DEV,P&A,Harriet,19950914,19950924,20260417
Skate 6,W001994,Northern Carnarvon,TL/4,114.99034,-21.580584,West Australian Petroleum Pty Limited,EXT,P&A GS,Skate,19951118,19951129,20260417
North Gorgon 3,W002002,Northern Carnarvon,WA-2-R,114.888044,-20.286346,West Australian Petroleum Pty Limited,EXT,P&A GS,Gorgon,19951029,19960104,20260417
Barrow_M65A,W002006,Northern Carnarvon,L 1H,115.41757,-20.819434,West Australian Petroleum Pty Limited,DEV,O,Barrow Island,19951213,19951218,20260417
Marri 1,W001775,Perth,WA-220-P,115.356871,-31.744752,Ampol Exploration Ltd,NFW,P&A,,19930302,19930405,20260417
East Somelim 1,W001786,Northern Carnarvon,EP 137,115.823847,-21.313112,Lennard Oil NL,NFW,P&A,,19911017,19911102,20260417
Black Ledge 1,W001796,Northern Carnarvon,TP/3,115.043613,-21.612604,West Australian Petroleum Pty Limited,NFW,P&A,,19911213,19920113,20260417
Coojong 1,W001805,Northern Carnarvon,WA-202-P,116.550732,-20.005181,Ampol Exploration Ltd,NFW,P&A OGS,,19920502,19920531,20260417
Forrest 1A,W001807,Northern Carnarvon,WA-192-P,115.538925,-20.224197,Phillips Australian Oil Company,NFW,P&A,,19920521,19921006,20260417
Forrest 1,W001807,Northern Carnarvon,WA-192-P,115.538925,-20.224197,Phillips Australian Oil Company,NFW,P&A,,19920502,19920521,20260417
Forrest 1A ST1,W001807,Northern Carnarvon,WA-192-P,115.538925,-20.224197,Phillips Australian Oil Company,NFW,P&A,,19920521,19921006,20260417
Mt Horner 12,W001814,Perth,L 7,115.085012,-29.121645,Arrow Petroleum Limited,DEV,P&A O,Mount Horner,19920720,19920818,20260417
Maitland 1,W001818,Northern Carnarvon,WA-149-P,115.175538,-20.561043,Western Mining Corporation Ltd,NFW,P&A G,Maitland,19920824,19920925,20260417
East Lake Logue 2,W001819,Perth,L 4,115.156156,-29.831837,Consolidated Gas Pty Ltd,DEV,Suspended,Woodada,19920915,19921026,20260417
Wandoo 4,W001830,Northern Carnarvon,WA-202-P,116.423009,-20.137545,Ampol Exploration Ltd,EXT,P&A,Wandoo,19921230,19930213,20260417
Sapphire 1,W001855,Northern Carnarvon,EP 361,114.883523,-21.868488,Carnarvon Petroleum NL,NFW,P&A GS,,19930820,19930826,20260417
WA 02,W001857,Northern Carnarvon,WA-202-P,116.422907,-20.137378,Ampol Exploration Ltd,DEV,O&G,Wandoo,19930807,19930904,20260417
Roller 11,W001861,Northern Carnarvon,TL/7,114.906912,-21.64121,West Australian Petroleum Pty Limited,DEV,P&A O,Roller,19940219,19940227,20260417
Roller 11 ST1,W001861,Northern Carnarvon,TL/7,114.906912,-21.64121,West Australian Petroleum Pty Limited,DEV,P&A O,Roller,19940228,19940307,20260417
Jay 1,W001866,Perth,EP 111,115.057862,-29.077747,Victoria International Petroleum NL,NFW,P&A,,19931002,19931018,20260417
Lightfoot 1,W001867,Northern Carnarvon,TP/3,114.847381,-21.550904,West Australian Petroleum Pty Limited,NFW,P&A OS,,19930925,19931009,20260417
Nemile 1,W001885,Canning,EP 371,124.558328,-17.85889,Wildcat Australia Pty Ltd,NFW,P&A,,19940528,19940625,20260417
Cataby 1,W001902,Perth,EP 323,115.333616,-30.686381,Discovery Petroleum NL,NFW,P&A OS,,19940331,19940512,20260417
WA 03,W001903,Northern Carnarvon,WA-202-P,116.423003,-20.137556,Ampol Exploration Ltd,DEV,SUSP O,Wandoo,19940316,19940505,20260417
Kanak 1,W001914,Canning,DR 4,122.384007,-18.376741,Maple Oil & Exploration NL,NFW,P&A,,19940815,19940915,20260417
Belinda 1,W001925,Northern Carnarvon,TP/8,115.651264,-20.488614,Hadson Australia Development Pty Ltd,NFW,P&A,,19940914,19940925,20260417
East Spar 1,W001837,Northern Carnarvon,WA-214-P,114.983065,-20.707023,Western Mining Corporation Ltd,NFW,P&A GC,East Spar,19930308,19930415,20260417
Mountain Bridge 1,W001838,Perth,EP 100,115.11539,-29.600108,Saagex Pty Ltd,NFW,P&A GS,,19930311,19930517,20260417
West Dixon 1,W001842,Northern Carnarvon,WA-28-P,115.775133,-19.861877,Woodside Offshore Development Pty Ltd,NFW,P&A OG,Dixon/W.Dixon,19930427,19931002,20260417
West Muiron 5,W001852,Northern Carnarvon,WA-155-P,114.148254,-21.547996,BHP Petroleum (Australia) Pty Ltd,EXT,SUSP OG,Pyrenees,19930623,19930723,20260417
Torrens 1,W001862,Bonaparte,WA-217-P,126.748393,-12.952235,Kufpec Australia Pty Ltd,NFW,P&A OS,,19930906,19931010,20260417
Wandoo 6H,W001865,Northern Carnarvon,WA-202-P,116.436403,-20.141142,Ampolex (Western Australia) Inc,EXT,P&A OG,Wandoo,19930924,19931018,20260417
Wandoo 6,W001865,Northern Carnarvon,WA-202-P,116.436403,-20.141142,Ampolex (Western Australia) Inc,EXT,P&A OG,Wandoo,19930913,19931018,20260417
Wandoo 6H (ST1),W001865,Northern Carnarvon,WA-202-P,116.436403,-20.141142,Ampolex (Western Australia) Inc,EXT,P&A OG,Wandoo,19931001,19931018,20260417
East Spar 4A ST1,W001920,Northern Carnarvon,WA-214-P,114.961048,-20.708403,Western Mining Corporation Ltd,EXT,SUSP GS,East Spar,19940818,19940923,20260417
East Spar 4A,W001920,Northern Carnarvon,WA-214-P,114.961048,-20.708403,Western Mining Corporation Ltd,EXT,P&A,East Spar,19940807,19940923,20260417
East Spar 4,W001920,Northern Carnarvon,WA-214-P,114.961048,-20.708403,Western Mining Corporation Ltd,EXT,P&A,East Spar,19940726,19940807,20260417
Jasper 1,W001927,Northern Carnarvon,EP 110,115.171774,-21.543096,Pan Pacific Petroleum NL,NFW,P&A,,19941012,19941020,20260417
Macedon 5,W001928,Northern Carnarvon,WA-155-P,114.253744,-21.549402,BHP Petroleum (Australia) Pty Ltd,EXT,P&A GS,Macedon,19941110,19941123,20260417
Stag 2,W001940,Northern Carnarvon,WA-209-P,116.286738,-20.292681,Hadson Dampier,EXT,P&A OGS,Stag,19941102,19941117,20260417
Amber 1,W001947,Northern Carnarvon,EP 110,115.120694,-21.733846,Pan Pacific Petroleum Pty Ltd,NFW,P&A,,19940930,19941010,20260417
Darwin 1,W001953,Northern Carnarvon,WA-237-P,118.226111,-18.669643,Apache Beagle Pty Ltd,NFW,P&A,,19950118,19950213,20260417
Barrow_E14,W001969,Northern Carnarvon,LP-113H,115.41684,-20.83155,West Australian Petroleum Pty Limited,EXT,P&S,Barrow Island,19650925,19651008,20260417
Barrow_Q84A,W001970,Northern Carnarvon,L 1H,115.38365,-20.795978,West Australian Petroleum Pty Limited,DEV,P&S,Barrow Island,19850729,,20260417
Woodada 15,W001977,Perth,L 4,115.147534,-29.82095,Consolidated Gas Pty Ltd,DEV,P&A G,Woodada,19950526,19950629,20260417
Woodada 15 (ST1),W001977,Perth,L 4,115.147534,-29.82095,Consolidated Gas Pty Ltd,DEV,P&A G,Woodada,19950614,19950629,20260417
Woodada 15 (ST2),W001977,Perth,L 4,115.147534,-29.82095,Consolidated Gas Pty Ltd,DEV,P&A G,Woodada,19950926,19951004,20260417
Dongara 25,W001065,Perth,L 2,115.026233,-29.241737,West Australian Petroleum Pty Limited,DEV,Suspended,Dongara,19810619,19810805,20260417
Great Sandy 1,W001087,Canning,EP 164,122.356127,-19.211857,Meridian Oil NL,NFW,P&A,,19810927,19811113,20260417
Casuarinas 1,W001100,Perth,EP 111,115.153397,-28.925414,Jervois Sulphates N.T. Ltd,NFW,P&A,,19811023,19811125,20260417
Saddleback 1,W001108,Northern Carnarvon,EP 137,115.775471,-21.445014,Avon Engineering Pty Ltd,NFW,P&A,,19820719,19820722,20260417
Thringa 1,W001109,Northern Carnarvon,EP 137,115.684732,-21.359222,Avon Engineering Pty Ltd,NFW,P&A,,19820701,19820709,20260417
North Scott Reef 1,W001111,Browse,WA-33-P,121.976709,-13.947041,Woodside Offshore Development Pty Ltd,NFW,P&A G,Torosa,19820206,19820618,20260417
Barrow_F13,W001112,Northern Carnarvon,L 1H,115.381404,-20.8305,West Australian Petroleum Pty Limited,DEV,O,Barrow Island,19690328,19690401,20260417
Woodada 06,W001134,Perth,EP 100,115.14198,-29.81087,Hudbay Oil (Australia) Ltd.,EXT,Suspended,Woodada,19820324,19820508,20260417
Jurabi 1,W001137,Northern Carnarvon,WA-155-P,114.200107,-21.618708,Esso Exploration & Production Australia Inc,NFW,P&A GS,,19820421,19820706,20260417
Berkley 1,W001141,Bonaparte,WA-77-P,127.832644,-14.002996,Magnet Metals Ltd,NFW,P&A,,19820330,19820416,20260417
Barrow_G22A,W001144,Northern Carnarvon,L 1H,115.34475,-20.832144,West Australian Petroleum Pty Limited,DEV,O,Barrow Island,19820411,19820416,20260417
Barrow_G54A,W001162,Northern Carnarvon,L 1H,115.351907,-20.843,West Australian Petroleum Pty Limited,DEV,O,Barrow Island,19820906,19820910,20260417
Barrow_R37,W001171,Northern Carnarvon,L 1H,115.366281,-20.779527,West Australian Petroleum Pty Limited,DEV,Shut in,Barrow Island,19821123,19821128,20260417
North Turtle 1,W001174,Northern Carnarvon,WA-137-P,118.088232,-18.909792,BP Petroleum Development Australia Pty Ltd,NFW,P&A,,19820627,19820916,20260417
Acacia 2,W001177,Canning,EP 143,124.99547,-19.329695,Western Mining Corporation Ltd,NFW,P&A OS,,19820602,19820709,20260417
Middle Island 1,W001182,Northern Carnarvon,L 2H,115.331561,-20.917209,West Australian Petroleum Pty Limited,NFW,P&A,,19820814,19821021,20260417
Booran 1,W001191,Canning,EP 104,123.664863,-17.334243,Esso Exploration & Production Australia Inc,NFW,P&A,,19821017,19821217,20260417
Thompsons 1,W001192,Canning,EP 129,124.387501,-17.610098,Home Energy Co Ltd,NFW,P&A,,19870804,19871015,20260417
Sundown 1,W001194,Canning,EP 129,124.243197,-17.551369,Home Energy Co Ltd,NFW,P&A O,Sundown,19821013,19821130,20260417
Indoon 1,W001201,Perth,EP 100,115.152675,-29.882384,Hudbay Oil (Australia) Ltd.,NFW,P&A G,Woodada,19821102,19821214,20260417
Goonderoo 1,W001204,Yilgarn Craton,EP 278,116.036471,-30.511252,Agnew Clough Ltd,NFW,P&A,,19821110,19821114,20260417
Bambra 1,W001206,Northern Carnarvon,WA-192-P,115.633603,-20.524887,Australian Occidental Oil Pty Ltd,NFW,P&A O,Bambra,19821121,19830224,20260417
Barrow_S84,W001217,Northern Carnarvon,L 1H,115.371136,-20.767557,West Australian Petroleum Pty Limited,EXT,P&A,Barrow Island,19821018,19821023,20260417
Barrow_K84,W001223,Northern Carnarvon,L 1H,115.353819,-20.827252,West Australian Petroleum Pty Limited,DEV,O,Barrow Island,19690507,,20260417
Murnda 1,W001262,Northern Carnarvon,EP 137,115.6902,-21.352555,Avon Engineering Pty Ltd,STR,P&A STR,,19830507,19830517,20260417
Bambra 2,W001265,Northern Carnarvon,WA-192-P,115.602107,-20.544262,Australian Occidental Oil Pty Ltd,NFW,SUSP O,Bambra,19830503,19830909,20260417
Triodia 1,W001273,Canning,EP 143,125.233805,-19.636639,Western Mining Corporation Ltd,STR,P&A STR,,19840106,19840121,20260417
Panicum 1,W001274,Canning,EP 143,125.13436,-19.539694,Western Mining Corporation Ltd,STR,P&A STR,,19840321,19840329,20260417
NRA 12,W001298,Northern Carnarvon,WA-1-L,116.138123,-19.584228,Woodside Offshore Petroleum Pty Ltd,DEV,SUSP GC,North Rankin,19860601,19870430,20260417
Georgette 1,W001303,Northern Carnarvon,WA-192-P,115.655884,-20.760628,Australian Occidental Oil Pty Ltd,NFW,P&A,,19830910,19831002,20260417
South Chervil 1,W001314,Northern Carnarvon,WA-149-P,115.204572,-21.343149,Wesminco Oil Pty Ltd,NFW,P&A OG,South Chervil,19831101,19831202,20260417
Kybra 1,W001315,Northern Carnarvon,WA-192-P,115.770566,-20.863037,Bond Corporation Pty Ltd,NFW,P&A,,19871115,19871219,20260417
Minjin 1,W001319,Canning,WA-109-P,122.380391,-16.800747,Esso Exploration & Production Australia Inc,NFW,P&A,,19840425,19840514,20260417
Clianthus 1,W001332,Canning,EP 225,126.089917,-20.308525,Western Mining Corporation Ltd,STR,P&A STR,,19840514,19840520,20260417
Notabilis 1,W001337,Canning,EP 103,123.551455,-18.328689,IEDC Australia Pty Ltd,NFW,P&A,,19840507,19840628,20260417
Montague 1,W001338,Northern Carnarvon,WA-28-P,116.352614,-19.526792,Woodside Offshore Petroleum Pty Ltd,NFW,P&A,Montague,19841029,19850602,20260417
Hedonia 1,W001343,Canning,EP 114,122.4027,-18.275268,Gulf (Aust) Resources NL,NFW,P&A,,19840511,19840927,20260417
HA 06,W001377,Northern Carnarvon,WA-192-P,115.614222,-20.602135,Australian Occidental Oil Pty Ltd,EXT,P&A OG,Harriet,19840725,19840828,20260417
Samson 1,W001378,Northern Carnarvon,WA-1-P,116.64264,-19.726091,Woodside Offshore Petroleum Pty Ltd,NFW,P&A,,19840817,19841019,20260417
Justago 1,W001390,Canning,EP 102,126.236972,-18.866481,International Energy Development Corporation of Australia,NFW,P&A,,19841213,19850216,20260417
Auld 1,W001391,Canning,EP 232,123.020159,-21.778875,Churchill Resources NL,NFW,P&A,,19850420,19850501,20260417
Wilcox 2,W001396,Northern Carnarvon,WA-28-P,115.50855,-19.994491,Woodside Offshore Development Pty Ltd,EXT,P&A,Wilcox,19850602,19850821,20260417
Barrow_G38M,W001404,Northern Carnarvon,L 1H,115.367898,-20.835915,West Australian Petroleum Pty Limited,EXT,O,Barrow Island,19850206,19850215,20260417
Saladin 06 ST4,W001553,Northern Carnarvon,TP/3,115.024539,-21.458815,West Australian Petroleum Pty Limited,DEV,P&A O,Saladin,19890425,19890522,20260417
Saladin 06,W001553,Northern Carnarvon,TP/3,115.024539,-21.458815,West Australian Petroleum Pty Limited,DEV,P&A O,Saladin,19881226,19890522,20260417
Saladin 06 ST1,W001553,Northern Carnarvon,TP/3,115.024539,-21.458815,West Australian Petroleum Pty Limited,DEV,P&A O,Saladin,19890119,19890522,20260417
Saladin 06 ST2,W001553,Northern Carnarvon,TP/3,115.024539,-21.458815,West Australian Petroleum Pty Limited,DEV,P&A O,Saladin,19890129,19890522,20260417
Saladin 06 ST3,W001553,Northern Carnarvon,TP/3,115.024539,-21.458815,West Australian Petroleum Pty Limited,DEV,P&A O,Saladin,19890221,19890522,20260417
Barrow_G68M,W001557,Northern Carnarvon,L 1H,115.367674,-20.846512,West Australian Petroleum Pty Limited,DEV,O,Barrow Island,19881030,19881110,20260417
Barrow_L64MA,W001558,Northern Carnarvon,L 1H,115.383577,-20.820187,West Australian Petroleum Pty Limited,DEV,Shut in,Barrow Island,19881006,19881018,20260417
Warren River 3,W001576,Perth,EP 50,115.850011,-34.616686,Westralian Mining & Oil Corporation,NFW,P&A,,19020615,,20260417
Conder 1,W001579,Perth,EP 111,114.92423,-29.044026,Doral Resources NL,NFW,P&A,,19880629,19880710,20260417
Eleven Mile 1,W001586,Perth,EP 201,114.883954,-29.076251,Lassoc Pty Ltd,NFW,P&A,,19880805,19880815,20260417
Bambra 3 Logging Bypass,W001596,Northern Carnarvon,TL/1,115.60748,-20.547337,Bond Corporation Pty Ltd,NFW,P&A OGS,Bambra,20061215,20061219,20260417
Bambra 3,W001596,Northern Carnarvon,TL/1,115.60748,-20.547337,Bond Corporation Pty Ltd,NFW,Abandoned,Bambra,19881002,19881030,20260417
Barrow_Y52M,W001610,Northern Carnarvon,L 1H,115.393844,-20.728855,West Australian Petroleum Pty Limited,DEV,P&A,Barrow Island,19890427,19890503,20260417
Alpha North 1,W001623,Northern Carnarvon,WA-191-P,116.969258,-19.469357,Marathon Petroleum Australia Ltd,NFW,P&A,,19890617,19890722,20260417
NRA 18,W001630,Northern Carnarvon,WA-1-L,116.138037,-19.584255,Woodside Offshore Petroleum Pty Ltd,DEV,SUSP GC,North Rankin,19891016,19891224,20260417
Cossack 1,W001637,Northern Carnarvon,WA-28-P,116.497292,-19.554697,Woodside Offshore Development Pty Ltd,NFW,SUSP O,Cossack,19891116,19900130,20260417
Sandalwood 1,W001643,Southern Carnarvon,EP 166,113.852405,-22.761807,SRL Exploration Pty Ltd,NFW,P&A,,19900216,19900227,20260417
South Pepper 9,W001653,Northern Carnarvon,TL/2,115.271704,-21.123505,Western Mining Corporation Ltd,DEV,P&A OGS,South Pepper,19900306,19900320,20260417
Griffin 2,W001673,Northern Carnarvon,WA-210-P,114.624121,-21.223122,BHP Petroleum (Australia) Pty Ltd,EXT,SUSP O,Griffin,19900625,19900827,20260417
Blina 8,W001680,Canning,L 6,124.492807,-17.618333,Petroleum Securities Energy Limited,DEV,P&A,Blina,19900717,19900731,20260417
Gairdner 1,W001687,Perth,EP 100,115.147214,-30.070097,Arrow Petroleum Limited,NFW,P&A,,19901029,19901122,20260417
Barrow_Y43M,W001242,Northern Carnarvon,L 1H,115.396071,-20.725019,West Australian Petroleum Pty Limited,EXT,P&A,Barrow Island,19830706,19830716,20260417
Hangover 1,W001246,Canning,EP 129,124.276806,-17.576124,Home Energy Co Ltd,NFW,P&A,,19830421,19830512,20260417
Emma 1,W001253,Northern Carnarvon,WA-192-P,115.779866,-20.517165,Australian Occidental Oil Pty Ltd,NFW,P&A OS,,19830405,19830502,20260417
Drosera 1,W001281,Canning,EP 225,125.040751,-19.678029,Western Mining Corporation Ltd,STR,P&A STR,,19840330,19840407,20260417
Santalum 1A,W001284,Canning,EP 225,124.869638,-19.471685,Western Mining Corporation Ltd,STR,P&A STR,,19830924,19831016,20260417
Santalum 1,W001284,Canning,EP 225,124.869638,-19.471685,Western Mining Corporation Ltd,STR,P&A STR,,19830914,19830923,20260417
Flores 1,W001286,Northern Carnarvon,WA-192-P,115.595045,-20.757467,Australian Occidental Oil Pty Ltd,NFW,P&A,,19831002,19831019,20260417
NRA 02,W001288,Northern Carnarvon,WA-1-L,116.138129,-19.584228,Woodside Offshore Petroleum Pty Ltd,DEV,G&C,North Rankin,19830827,19840329,20260417
NRA 03,W001289,Northern Carnarvon,WA-1-L,116.138129,-19.584228,Woodside Offshore Petroleum Pty Ltd,DEV,G&C,North Rankin,19840330,19840820,20260417
Woodada 08,W001302,Perth,EP 100,115.146667,-29.862084,Strata Oil NL,EXT,Suspended,Woodada,19830822,19830918,20260417
Cow Bore 1,W001307,Canning,EP 114,122.725151,-17.967969,Gulf (Aust) Resources NL,NFW,P&A,,19831017,19831223,20260417
South Pepper 04,W001326,Northern Carnarvon,WA-149-P,115.288699,-21.124797,Wesminco Oil Pty Ltd,EXT,P&A OG,South Pepper,19840412,19840517,20260417
Hoya 1,W001333,Canning,EP 225,126.089807,-20.39225,Western Mining Corporation Ltd,STR,P&A STR,,19840507,19840514,20260417
Terrace 1,W001342,Canning,EP 129,124.265287,-17.505069,Home Energy Co Ltd,NFW,P&A O,,19840522,19840625,20260417
Bindi 1,W001347,Canning,EP 170,126.800627,-19.72076,Santos Australia Ltd,NFW,P&A,,19840710,19840814,20260417
Atrax 1,W001351,Canning,EP 294,126.605108,-19.401502,Gulf (Aust) Resources NL,STR,P&A STR,,19840705,19840715,20260417
Ngalti 1,W001356,Canning,EP 216,127.314072,-19.867457,Ranger Oil (Australia) Ltd,NFW,P&A,,19840821,19841017,20260417
Barrow_E11M,W001362,Northern Carnarvon,L 1H,115.402472,-20.828369,West Australian Petroleum Pty Limited,EXT,O,Barrow Island,19840731,19840815,20260417
Barrow_F71M,W001364,Northern Carnarvon,L 1H,115.371752,-20.85056,West Australian Petroleum Pty Limited,EXT,O,Barrow Island,19840829,19840909,20260417
Barrow_L48M,W001369,Northern Carnarvon,L 1H,115.398865,-20.810987,West Australian Petroleum Pty Limited,DEV,SUSP,Barrow Island,19841003,19841013,20260417
Sundown 3,W001384,Canning,EP 129,124.248187,-17.556692,Home Energy Co Ltd,DEV,P&A O,Sundown,19841013,19841028,20260417
Woods Hills 1,W001389,Canning,EP 231,122.020374,-19.574691,Royal Resources Exploration Inc,NFW,P&A,,19841111,19841203,20260417
Janpam 1,W001193,Canning,EP 129,124.415738,-17.600803,Home Energy Co Ltd,NFW,P&A,,19821104,19821202,20260417
Hussar 1,W001197,Officer,EP 187,124.377445,-24.819267,Eagle Corporation Limited,STR,P&A STR,,19820924,19821209,20260417
Hussar 1 ST1,W001197,Officer,EP 187,124.377445,-24.819267,Eagle Corporation Limited,STR,P&A STR,,19821112,19821209,20260417
South Pepper 01,W001200,Northern Carnarvon,WA-149-P,115.276107,-21.123579,Mesa Australia Ltd,NFW,P&A OGS,South Pepper,19821109,19830111,20260417
La Grange 1,W001203,Roebuck,WA-142-P,119.303319,-18.272889,BP Petroleum Development Australia Pty Ltd,NFW,P&A,,19821109,19830105,20260417
Serrurier 1,W001210,Northern Carnarvon,WA-155-P,114.7039,-21.576347,Esso Exploration & Production Australia Inc,NFW,P&A,,19830108,19830212,20260417
Rockingham 1,W001213,Perth,EP 204,115.890748,-32.292659,Phoenix Oil & Gas NL,NFW,P&A,,19830516,19830601,20260417
Barrow_F27,W001232,Northern Carnarvon,L 1H,115.396822,-20.834216,West Australian Petroleum Pty Limited,EXT,O,Barrow Island,19830118,19830129,20260417
Barrow_F12M,W001237,Northern Carnarvon,L 1H,115.374992,-20.829017,West Australian Petroleum Pty Limited,EXT,O,Barrow Island,19830512,19830522,20260417
Katy 1,W001248,Canning,EP 129,124.359444,-17.64302,Home Energy Co Ltd,NFW,P&A,,19830620,19830716,20260417
Barrow_X81M,W001250,Northern Carnarvon,L 1H,115.421552,-20.739528,West Australian Petroleum Pty Limited,NPW,P&A,Barrow Island,19830225,19830306,20260417
Barrow_X86M,W001251,Northern Carnarvon,L 1H,115.440512,-20.739128,West Australian Petroleum Pty Limited,EXT,P&S,Barrow Island,19830307,19830317,20260417
Bounty 1,W001256,Northern Carnarvon,WA-191-P,116.640871,-19.288051,Marathon Petroleum Australia Ltd,NFW,P&A,,19830523,19830802,20260417
Depot Hill 1,W001261,Perth,EP 23,115.326454,-29.100412,Mesa Australia Ltd,NFW,P&A,,19830620,19830717,20260417
Central Gorgon 1,W001266,Northern Carnarvon,WA-25-P,114.810534,-20.467972,West Australian Petroleum Pty Limited,NFW,P&A G,Gorgon,19830513,19830902,20260417
Caladenia 1,W001282,Canning,EP 225,125.108529,-19.678029,Western Mining Corporation Ltd,STR,P&A STR,,19830905,19830913,20260417
NRA 01,W001287,Northern Carnarvon,WA-1-L,116.138129,-19.584228,Woodside Offshore Petroleum Pty Ltd,DEV,G&C,North Rankin,19831003,19840113,20260417
NRA 09,W001295,Northern Carnarvon,WA-1-L,116.138129,-19.584228,Woodside Offshore Petroleum Pty Ltd,DEV,G&C,North Rankin,19851202,19860208,20260417
Leander Reef 1,W001310,Perth,WA-162-P,114.737618,-29.438366,Diamond Shamrock Oil Company (Australia) Pty Ltd,NFW,P&A,,19831108,19840108,20260417
Dailey 1,W001328,Northern Carnarvon,WA-155-P,114.558387,-21.638693,Esso Exploration & Production Australia Inc,NFW,P&A,,19840715,19840811,20260417
Fennel 1,W001341,Northern Carnarvon,WA-149-P,115.252401,-21.374481,Wesminco Oil Pty Ltd,NFW,P&A,,19850627,19850711,20260417
Pictor 1,W001346,Canning,EP 175,123.71419,-18.764442,BHP Petroleum (Australia) Pty Ltd,NFW,P&A OG,,19840820,19841003,20260417
Barrow_M36A1,W001937,Northern Carnarvon,L 1H,115.423493,-20.808923,West Australian Petroleum Pty Limited,DEV,SUSP O,Barrow Island,19941210,19941221,20260417
Barrow_M36A2,W001937,Northern Carnarvon,L 1H,115.423493,-20.808923,West Australian Petroleum Pty Limited,DEV,SUSP O,Barrow Island,19941214,19941221,20260417
Barrow_M36A,W001937,Northern Carnarvon,L 1H,115.423493,-20.808923,West Australian Petroleum Pty Limited,DEV,O,Barrow Island,19941118,19941221,20260417
Tern 4,W001945,Bonaparte,WA-18-P,128.10721,-13.228418,Santos Australia Ltd,EXT,P&A G,Tern,19941023,19941128,20260417
Altair 1,W001952,Northern Carnarvon,WA-213-P,114.350958,-20.908244,West Australian Petroleum Pty Limited,NFW,P&A,,19950126,19950408,20260417
Venture 2,W001958,Northern Carnarvon,WA-25-P,115.343248,-20.113604,West Australian Petroleum Pty Limited,EXT,P&A GS,,19950410,19950907,20260417
Venture 2 ST1,W001958,Northern Carnarvon,WA-25-P,115.343248,-20.113604,West Australian Petroleum Pty Limited,EXT,P&A GS,,19950721,19950907,20260417
Cycad 1,W001966,Northern Carnarvon,TP/8,115.573371,-20.792137,Ampol Exploration Ltd,NFW,P&A GS,,19950313,19950331,20260417
Hyperno 1,W001967,Northern Carnarvon,WA-243-P,116.428684,-20.191486,Ampol Exploration Ltd,NFW,P&A,Wandoo,19950402,19950410,20260417
Scott River 1,W001975,Perth,EP 381,115.337053,-34.26519,Amity Oil NL,NFW,P&A,,19950330,19950505,20260417
Austin 1,W001980,Northern Carnarvon,WA-192-P,115.460497,-20.2924,Ampolex (Western Australia) Inc,NFW,P&A OGS,,19950512,19950622,20260417
Crest 5,W001995,Northern Carnarvon,EP 65,115.006637,-21.451602,West Australian Petroleum Pty Limited,EXT,P&A,Crest,19950910,19950918,20260417
Topaz 1,W002000,Northern Carnarvon,EP 110,115.170518,-21.707701,Pan Pacific Petroleum NL,NFW,P&A OGS,,19951116,19951209,20260417
GWA 08,W002014,Northern Carnarvon,WA-5-L,115.929829,-19.652216,Woodside Offshore Petroleum Pty Ltd,DEV,G&C,Goodwyn,19951102,19960126,20260417
Barrow_K68A,W002019,Northern Carnarvon,L 1H,115.367529,-20.819497,West Australian Petroleum Pty Limited,DEV,O,Barrow Island,19960201,19960209,20260417
Perseus 2,W002025,Northern Carnarvon,WA-1-L,116.073326,-19.538681,Woodside Offshore Petroleum Pty Ltd,EXT,P&A GS,Perseus,19960104,19960124,20260417
Greenshank 1,W002044,Northern Carnarvon,WA-246-P,116.08266,-20.162597,Apache Northwest Pty Ltd,NFW,P&A,,19960619,19960701,20260417
Helicon 1,W002049,Northern Carnarvon,WA-254-P,116.19972,-20.016156,Apache Energy Limited,NFW,P&A OS,,19960702,19960731,20260417
Helicon 1 CH1,W002049,Northern Carnarvon,WA-254-P,116.19972,-20.016156,Apache Energy Limited,NFW,P&A OS,,19960725,19960731,20260417
Nimrod 1,W002053,Northern Carnarvon,WA-155-P,114.642632,-21.359859,BHP Petroleum (Australia) Pty Ltd,NFW,P&A,Nimrod,19960724,19960811,20260417
Nimrod 1 ST1,W002053,Northern Carnarvon,WA-155-P,114.642632,-21.359859,BHP Petroleum (Australia) Pty Ltd,NFW,P&A,Nimrod,19960812,19960905,20260417
Barrow_M67A,W002007,Northern Carnarvon,L 1H,115.42492,-20.819643,West Australian Petroleum Pty Limited,DEV,O,Barrow Island,19951218,19951224,20260417
Lambert 2,W002035,Northern Carnarvon,WA-8-R,116.485733,-19.438919,Woodside Offshore Petroleum Pty Ltd,EXT,P&A OGS,Lambert Deep,19960125,19960322,20260417
Barrow_G48A,W002054,Northern Carnarvon,L 1H,115.367481,-20.84114,West Australian Petroleum Pty Limited,DEV,O,Barrow Island,19960726,19960729,20260417
Barrow_L85A,W002058,Northern Carnarvon,L 1H,115.386884,-20.826566,West Australian Petroleum Pty Limited,DEV,O,Barrow Island,19960815,19960819,20260417
Barrow_K87A,W002059,Northern Carnarvon,L 1H,115.363876,-20.826682,West Australian Petroleum Pty Limited,DEV,O,Barrow Island,19960807,19960809,20260417
Barrow_K87A2,W002059,Northern Carnarvon,L 1H,115.363876,-20.826682,West Australian Petroleum Pty Limited,DEV,O,Barrow Island,19960916,19960921,20260417
Barrow_L15A,W002074,Northern Carnarvon,L 1H,115.387165,-20.801198,West Australian Petroleum Pty Limited,DEV,O,Barrow Island,19960909,19960912,20260417
Spica 1,W002079,Northern Carnarvon,WA-4-L,116.530929,-19.411138,Woodside Offshore Petroleum Pty Ltd,NFW,P&A,,19961030,19961114,20260417
Keast 1,W002088,Northern Carnarvon,WA-6-L,115.777009,-19.748294,Woodside Offshore Petroleum Pty Ltd,NFW,P&A OGS,Keast,19961218,19970202,20260417
Wandoo B1,W002089,Northern Carnarvon,WA-14-L,116.434466,-20.128083,Ampol Exploration Ltd,DEV,O,Wandoo,19961110,19970406,20260417
Wandoo B 1A,W002089,Northern Carnarvon,WA-14-L,116.434466,-20.128083,Ampol Exploration Ltd,DEV,O,Wandoo,19970406,19970410,20260417
Wandoo B12 ST2,W002100,Northern Carnarvon,WA-14-L,116.434466,-20.128083,Ampol Exploration Ltd,DEV,O,Wandoo,20001217,20001230,20260417
Wandoo B12 ST3,W002100,Northern Carnarvon,WA-14-L,116.434466,-20.128083,Ampol Exploration Ltd,DEV,O,Wandoo,20100831,20100916,20260417
Wandoo B12,W002100,Northern Carnarvon,WA-14-L,116.434466,-20.128083,Ampol Exploration Ltd,DEV,P&A,Wandoo,19961107,19970618,20260417
Wandoo B12 Completion,W002100,Northern Carnarvon,WA-14-L,116.434466,-20.128083,Ampol Exploration Ltd,DEV,P&A,Wandoo,20001204,,20260417
Wandoo B12 ST1,W002100,Northern Carnarvon,WA-14-L,116.434466,-20.128083,Ampol Exploration Ltd,DEV,P&A,Wandoo,20001212,,20260417
Woollybutt 1,W002111,Northern Carnarvon,WA-234-P,114.910086,-20.903038,Ampol Exploration Ltd,NFW,SUSP O,Woollybutt,19970405,19970507,20260417
Chervil 6H,W002123,Northern Carnarvon,TL/2,115.228374,-21.30863,WMC Resources Ltd,DEV,P&A OG,Chervil,19970718,19970803,20260417
Chervil 6,W002123,Northern Carnarvon,TL/2,115.228374,-21.30863,WMC Resources Ltd,DEV,P&A OG,Chervil,19970704,19970803,20260417
Chervil 6H ST1,W002123,Northern Carnarvon,TL/2,115.228374,-21.30863,WMC Resources Ltd,DEV,P&A OG,Chervil,19970723,19970803,20260417
West Muiron 1,W002138,Northern Carnarvon,WA-24-P,114.246066,-21.564241,West Australian Petroleum Pty Limited,NFW,P&A,,19720828,19721004,20260417
Kanpa 1,W001209,Officer,EP 178,125.615725,-26.526852,The Shell Company Of Australia Ltd,NFW,P&A,,19821207,19821226,20260417
Kanpa 1A,W001209,Officer,EP 178,125.615725,-26.526852,The Shell Company Of Australia Ltd,NFW,P&A,,19821226,19830627,20260417
Robb 1,W001211,Perth,EP 100,115.038352,-29.545306,Strata Oil NL,NFW,P&A,,19850301,19850320,20260417
Barrow_B16,W001214,Northern Carnarvon,L 1H,115.361937,-20.858637,West Australian Petroleum Pty Limited,EXT,O,Barrow Island,19821106,19821112,20260417
Barrow_Q21,W001216,Northern Carnarvon,L 1H,115.374349,-20.776155,West Australian Petroleum Pty Limited,EXT,O,Barrow Island,19821112,19821117,20260417
Barrow_R27,W001219,Northern Carnarvon,L 1H,115.366293,-20.776462,West Australian Petroleum Pty Limited,EXT,P&S,Barrow Island,19821101,19821105,20260417
Barrow_K51,W001225,Northern Carnarvon,L 1H,115.342386,-20.815977,West Australian Petroleum Pty Limited,DEV,P&A,Barrow Island,19700529,,20260417
Barrow_Y44M,W001233,Northern Carnarvon,L 1H,115.399529,-20.725374,West Australian Petroleum Pty Limited,EXT,Shut in,Barrow Island,19830118,19830129,20260417
Barrow_Y53M,W001240,Northern Carnarvon,L 1H,115.398123,-20.729875,West Australian Petroleum Pty Limited,EXT,P&A,Barrow Island,19830617,19830626,20260417
Bluebell 1,W001245,Northern Carnarvon,WA-25-P,114.95256,-20.256959,West Australian Petroleum Pty Limited,NFW,P&A,,19830215,19830510,20260417
Chervil 1,W001254,Northern Carnarvon,WA-149-P,115.227021,-21.302344,Mesa Australia Ltd,NFW,P&A OGS,Chervil,19830630,19830812,20260417
Perindi 1,W001258,Canning,WA-109-P,122.264448,-16.82698,Esso Exploration & Production Australia Inc,NFW,P&A,,19830318,19830330,20260417
Barrow_L78M,W001259,Northern Carnarvon,L 1H,115.398351,-20.82114,West Australian Petroleum Pty Limited,DEV,O,Barrow Island,19830318,19830330,20260417
Cycas 1,W001268,Canning,EP 102,126.016131,-19.008204,International Energy Development Corporation of Australia,NFW,P&A,,19830621,19830822,20260417
Typha 1,W001283,Canning,EP 225,125.07297,-19.528028,Western Mining Corporation Ltd,STR,P&A STR,,19840311,19840320,20260417
HA 01,W001311,Northern Carnarvon,WA-192-P,115.614202,-20.602176,Australian Occidental Oil Pty Ltd,NFW,P&A OG,Harriet,19831020,19831130,20260417
Basil 1,W001316,Northern Carnarvon,WA-149-P,115.194669,-21.308982,Wesminco Oil Pty Ltd,NFW,P&A GS,,19831203,19831227,20260417
Mullaloo 1,W001320,Perth,WA-170-P,115.463211,-31.866273,Esso Exploration & Production Australia Inc,NFW,P&A,,19840415,19840520,20260417
HA 03,W001323,Northern Carnarvon,WA-192-P,115.614183,-20.602162,Australian Occidental Oil Pty Ltd,EXT,P&A O,Harriet,19840229,19840420,20260417
HA 04,W001348,Northern Carnarvon,WA-192-P,115.614199,-20.60219,Australian Occidental Oil Pty Ltd,EXT,P&A O,Harriet,19840521,19840625,20260417
Selenops 1,W001350,Canning,EP 294,126.718246,-19.413906,Gulf (Aust) Resources NL,STR,P&A STR,,19840719,19840804,20260417
Menzies 1,W001978,Northern Carnarvon,EP 363,115.686353,-20.705364,Discovery Petroleum NL,NFW,P&A,,19950411,19950430,20260417
Crest 4,W001984,Northern Carnarvon,EP 65,115.006637,-21.451602,West Australian Petroleum Pty Limited,EXT,P&A,Crest,19950719,19950802,20260417
Wonnich 1,W001985,Northern Carnarvon,TP/8,115.429105,-20.499653,Ampolex (Western Australia) Inc,NFW,Suspended,Wonnich,19950705,19950813,20260417
BMR Westwood 1,W001990,Officer,,124.819722,-27.043621,Geoscience Australia,STR,P&A STR,,19720101,19720101,20260417
GWA 07,W001997,Northern Carnarvon,WA-5-L,115.929656,-19.652128,Woodside Offshore Petroleum Pty Ltd,DEV,G&C,Goodwyn,19950829,19951015,20260417
Waggon Creek 1,W001998,Bonaparte,EP 386,128.71179,-15.322384,Amity Oil NL,NFW,SUSP GS,,19951026,19951117,20260417
Dongara 28,W002001,Perth,L 2,115.015345,-29.243687,West Australian Petroleum Pty Limited,DEV,Suspended,Dongara,19951027,19951115,20260417
Barrow_M82A,W002008,Northern Carnarvon,L 1H,115.405938,-20.826893,West Australian Petroleum Pty Limited,DEV,O,Barrow Island,19951123,19951130,20260417
Barrow_G47A,W002052,Northern Carnarvon,L 1H,115.363996,-20.841191,West Australian Petroleum Pty Limited,DEV,O,Barrow Island,19960719,19960724,20260417
Barrow_G67A,W002055,Northern Carnarvon,L 1H,115.363799,-20.848872,West Australian Petroleum Pty Limited,DEV,O,Barrow Island,19960730,19960803,20260417
Barrow_L28A,W002072,Northern Carnarvon,L 1H,115.39843,-20.804778,West Australian Petroleum Pty Limited,DEV,P&S,Barrow Island,19960904,19960908,20260417
Barrow_R68A,W002075,Northern Carnarvon,L 1H,115.368025,-20.790324,West Australian Petroleum Pty Limited,DEV,O,Barrow Island,19960912,19960916,20260417
Barrow_Q46J,W002082,Northern Carnarvon,L 1H,115.394668,-20.782532,West Australian Petroleum Pty Limited,NPW,Shut in,Barrow Island,19961103,19961209,20260417
Topaz 2,W002085,Northern Carnarvon,EP 110,115.171516,-21.708826,Pan Pacific Petroleum NL,NFW,P&A OGS,,19961117,19961130,20260417
Wandoo B9 ST1,W002097,Northern Carnarvon,WA-14-L,116.435818,-20.126764,Ampol Exploration Ltd,DEV,,Wandoo,20130316,20130403,20260417
Wandoo B9,W002097,Northern Carnarvon,WA-14-L,116.435818,-20.126764,Ampol Exploration Ltd,DEV,O,Wandoo,19961105,19970604,20260417
Cornea 1,W002103,Browse,WA-241-P,124.492055,-13.695651,Shell Development (Australia) Pty Ltd,NFW,P&A GS,Cornea,19961226,19970112,20260417
Cornea 1B,W002104,Browse,WA-241-P,124.494911,-13.698634,Shell Development (Australia) Pty Ltd,NFW,P&A OGS,Cornea,19970116,19970124,20260417
Cornea 1A,W002104,Browse,WA-241-P,124.494911,-13.698634,Shell Development (Australia) Pty Ltd,NFW,P&A OGS,Cornea,19970113,19970116,20260417
Border 1,W002107,Northern Carnarvon,EP 399,115.873136,-20.669956,Ampol Exploration Ltd,NFW,P&A GS,,19970213,19970224,20260417
Crecy 1,W002120,Northern Carnarvon,TL/6,115.514318,-20.668772,Apache Northwest Pty Ltd,NFW,P&A,,19970612,19970620,20260417
Barrow_L47A,W001699,Northern Carnarvon,L 1H,115.394701,-20.812347,West Australian Petroleum Pty Limited,DEV,O,Barrow Island,19910506,19910513,20260417
Barrow_L81A,W001706,Northern Carnarvon,L 1H,115.371641,-20.82707,West Australian Petroleum Pty Limited,DEV,O,Barrow Island,19901127,19901202,20260417
Griffin 3,W001713,Northern Carnarvon,WA-210-P,114.61181,-21.243587,BHP Petroleum (Australia) Pty Ltd,EXT,SUSP O,Griffin,19901015,19901121,20260417
Talisman 7,W001714,Northern Carnarvon,WA-8-L,116.932867,-19.495055,Marathon Petroleum Australia Ltd,DEV,O,Talisman,19901005,19901109,20260417
Beharra Springs 2,W001727,Perth,EP 320,115.144935,-29.477988,Arrow Petroleum Limited,EXT,P&S,Beharra Springs,19901231,19910305,20260417
Mawby 1,W001728,Northern Carnarvon,WA-1-P,116.104657,-20.218722,Woodside Offshore Development Pty Ltd,NFW,P&A,,19910124,19910308,20260417
Mawby 1A,W001728,Northern Carnarvon,WA-1-P,116.104657,-20.218722,Woodside Offshore Development Pty Ltd,NFW,P&A,,19910531,19910605,20260417
Barrow_F71A,W001730,Northern Carnarvon,L 1H,115.372141,-20.850564,West Australian Petroleum Pty Limited,DEV,O,Barrow Island,19910710,19910715,20260417
Barrow_F61A,W001748,Northern Carnarvon,L 1H,115.371727,-20.846916,West Australian Petroleum Pty Limited,DEV,O,Barrow Island,19910412,19910420,20260417
Woodada 11,W001760,Perth,L 4,115.143659,-29.828465,Consolidated Gas Pty Ltd,DEV,P&A G,Woodada,19910328,19910521,20260417
Halcyon 1,W001779,Bonaparte,WA-199-P,125.472973,-11.936361,Lasmo Oil (Australia) Limited,NFW,P&A,,19910706,19910806,20260417
Taunton 1,W001780,Northern Carnarvon,TL/2,115.094685,-21.328175,Western Mining Corporation Ltd,NFW,P&A OS,,19910627,19910721,20260417
Arquebus 1,W001782,Browse,WA-206-P,121.49274,-15.313033,Amoco Australia Petroleum Company,NFW,P&A,,19910921,19911202,20260417
Arquebus 1 ST1,W001782,Browse,WA-206-P,121.49274,-15.313033,Amoco Australia Petroleum Company,NFW,P&A,,19911007,19911202,20260417
Rough Range 11,W001792,Northern Carnarvon,EP 41,114.084696,-22.416472,Ampol Exploration Ltd,NFW,P&A,Rough Range,19911111,19911126,20260417
Dill 1,W001820,Northern Carnarvon,TP/7,115.1748,-21.426417,Western Mining Corporation Ltd,NFW,P&A OS,,19920927,19921014,20260417
Point Torment 1,W001821,Canning,EP 104,123.739979,-17.163014,Anzoil NL,NFW,SUSP G,Point Torment,19921102,19921128,20260417
Griffin 4,W001824,Northern Carnarvon,WA-210-P,114.637544,-21.208741,BHP Petroleum (Australia) Pty Ltd,DEV,SUSP O,Griffin,19921108,19921201,20260417
Ulidia 1,W001826,Northern Carnarvon,TL/1,115.72228,-20.519441,Hadson Australia Development Pty Ltd,NFW,P&A GS,Ulidia,19921112,19921128,20260417
Mardie 3,W001872,Northern Carnarvon,EP 137,115.732391,-21.341358,Stirling Resources NL,NFW,P&A,,19931103,19931119,20260417
Roller 10,W001883,Northern Carnarvon,TP/3,114.906882,-21.64121,West Australian Petroleum Pty Limited,DEV,P&A O,Roller,19940308,19940324,20260417
West Muiron 1,W002138,Northern Carnarvon,WA-24-P,114.246066,-21.564241,West Australian Petroleum Pty Limited,NFW,P&A,,,,20260417
Millard 1,W002139,Canning,EP 129,123.919362,-17.392213,Capital Energy NL,NFW,P&A,,19970807,19970907,20260417
Malmsey 1,W002149,Northern Carnarvon,WA-28-P,115.442858,-19.846208,Woodside Offshore Petroleum Pty Ltd,NFW,P&A,,19970823,19970919,20260417
Sundown 3H,W002156,Canning,L 8,124.248187,-17.556692,Santos Australia Ltd,DEV,P&A,Sundown,19951020,19951114,20260417
Sundown 3H ST1,W002156,Canning,L 8,124.248187,-17.556692,Santos Australia Ltd,DEV,P&A,Sundown,19951101,19951114,20260417
Roller 09H,W002164,Northern Carnarvon,TL/7,114.923835,-21.636154,West Australian Petroleum Pty Limited,DEV,P&A OS,Roller,19940120,19940207,20260417
Mundadjini 1,W002166,Officer,EP 380,121.231146,-23.453742,Amadeus Petroleum NL,STR,P&A STR,,19971008,19971023,20260417
Tubridgi 11,W002167,Northern Carnarvon,L 9,114.866588,-21.775631,Boral Energy Resources Limited,DEV,P&A,Tubridgi,19971008,19971018,20260417
Akubra 1,W002179,Officer,EP 380,121.376877,-23.490336,Amadeus Petroleum NL,STR,P&A STR,,19971126,19971129,20260417
Leatherback 2,W002180,Northern Carnarvon,EP 342,114.370467,-21.680343,Apache Northwest Pty Ltd,EXT,P&A,Leatherback,19971120,19971128,20260417
Felix 1,W002191,Perth,WA-227-P,114.842837,-32.744318,Woodside Oil Ltd,NFW,P&A,,19980130,19980216,20260417
Psepotus 1,W002195,Browse,WA-242-P,122.045731,-15.618513,Woodside Petroleum Ltd,NFW,P&A,,19980212,19980304,20260417
Barrow_K61A,W002218,Northern Carnarvon,L 1H,115.341379,-20.818316,West Australian Petroleum Pty Limited,DEV,O,Barrow Island,19971215,19971218,20260417
Stirrup 1,W002233,Browse,WA-266-P,124.545957,-13.622242,Shell Development (Australia) Pty Ltd,NFW,P&A OS,Cornea,19980505,19980522,20260417
Stag 13H,W002244,Northern Carnarvon,WA-209-P,116.275307,-20.289995,Apache Northwest Pty Ltd,WIW,P&A,Stag,19980420,19980706,20260417
Stag 13H ST1,W002244,Northern Carnarvon,WA-209-P,116.275307,-20.289995,Apache Northwest Pty Ltd,WIW,P&A,Stag,19980611,19980706,20260417
Stag 13H ST2,W002244,Northern Carnarvon,WA-209-P,116.275307,-20.289995,Apache Northwest Pty Ltd,WIW,P&A,Stag,19980613,19980706,20260417
Mutineer 1B,W002249,Northern Carnarvon,WA-191-P,116.637289,-19.248566,Santos Limited,NFW,P&A OS,Mutineer,19980715,19980818,20260417
Mutineer 1,W002249,Northern Carnarvon,WA-191-P,116.637289,-19.248566,Santos Limited,NFW,P&A OS,Mutineer,19980625,19980818,20260417
Mutineer 1A,W002249,Northern Carnarvon,WA-191-P,116.637289,-19.248566,Santos Limited,NFW,P&A OS,Mutineer,19980704,19980818,20260417
Vincent 1,W002283,Northern Carnarvon,WA-271-P,114.046016,-21.423024,Woodside Offshore Petroleum Pty Ltd,NFW,P&A OG,Vincent,19981218,19990113,20260417
GSWA Woodleigh 2A,W002317,Southern Carnarvon,,114.527592,-26.056448,Geological Survey of Western Australia (GSWA),STR,P&A STR,,19990321,19990327,20260417
Nimrod 1 ST2,W002053,Northern Carnarvon,WA-155-P,114.642632,-21.359859,BHP Petroleum (Australia) Pty Ltd,NFW,P&A,Nimrod,19960906,19960919,20260417
Nimrod 1 ST3,W002053,Northern Carnarvon,WA-155-P,114.642632,-21.359859,BHP Petroleum (Australia) Pty Ltd,NFW,P&A,Nimrod,19960920,19961016,20260417
Capella 1,W002083,Northern Carnarvon,WA-1-L,116.03808,-19.514685,Woodside Offshore Petroleum Pty Ltd,NPW,SUSP GS,Capella,19961117,19961215,20260417
Trap Reef South 1,W002101,Northern Carnarvon,TL/4,115.00344,-21.513158,West Australian Petroleum Pty Limited,NFW,P&A,,19970105,19970115,20260417
Curler 1,W002102,Northern Carnarvon,TP/3,115.05471,-21.630054,West Australian Petroleum Pty Limited,NFW,P&A,,19970116,19970121,20260417
Saladin 16,W002105,Northern Carnarvon,TL/4,115.054142,-21.440234,West Australian Petroleum Pty Limited,DEV,P&A,Saladin,19970128,19970211,20260417
Lambert 1,W002124,Northern Carnarvon,WA-28-P,116.491049,-19.455088,Woodside Offshore Petroleum Pty Ltd,NFW,SUSP OG,Lambert,19731113,19740203,20260417
BMR Throssell 1,W002126,Officer,,124.409728,-27.271961,Geoscience Australia,STR,P&A STR,,19720101,19720101,20260417
BMR Westwood 2,W002127,Officer,,124.71139,-27.120845,Geoscience Australia,STR,P&A STR,,19720101,19720101,20260417
Athena 1,W002152,Northern Carnarvon,WA-248-P,116.146066,-19.49526,Mobil Exploration & Producing Australia Pty Ltd,EXT,P&A G,Athena,19970921,19971028,20260417
Woodleigh 1982/01,W002153,Southern Carnarvon,,114.854732,-26.249002,Lassoc Pty Ltd,STR,P&A STR,,19820104,19820115,20260417
Loris 1,W002163,Canning,L 8,124.228115,-17.506792,Capital Energy NL,NFW,P&A,,19970917,19971008,20260417
Loris 1 ST1,W002163,Canning,L 8,124.228115,-17.506792,Capital Energy NL,NFW,P&A,,19971008,19971010,20260417
Loris 1 ST2,W002163,Canning,L 8,124.228115,-17.506792,Capital Energy NL,NFW,P&A,,19971010,19971028,20260417
Sawback 1,W002182,Northern Carnarvon,EP 342,114.555667,-21.682042,Apache Northwest Pty Ltd,NFW,P&A,,19971129,19971205,20260417
Lepus 1,W002190,Northern Carnarvon,WA-209-P,116.336302,-20.001645,Apache Energy Limited,NFW,P&A,,19980108,19980118,20260417
Barrow_F35A,W002213,Northern Carnarvon,L 1H,115.387418,-20.837552,West Australian Petroleum Pty Limited,WIW,O,Barrow Island,19971118,19971122,20260417
Hammer 1,W002234,Browse,WA-266-P,124.515437,-13.663203,Shell Development (Australia) Pty Ltd,NFW,P&A OS,Cornea,19980523,19980608,20260417
Barrow_K51A,W002238,Northern Carnarvon,L 1H,115.342385,-20.815977,West Australian Petroleum Pty Limited,WIW,Shut in,Barrow Island,19980527,19980613,20260417
Barrow_K38A,W002239,Northern Carnarvon,L 1H,115.369265,-20.808616,West Australian Petroleum Pty Limited,WIW,Shut in,Barrow Island,19980604,19980611,20260417
Gorgon 3,W002265,Northern Carnarvon,WA-2-R,114.801037,-20.521948,West Australian Petroleum Pty Limited,EXT,P&A G,Gorgon,19980802,19981026,20260417
Lee 1,W002284,Northern Carnarvon,TL/1,115.726132,-20.569982,Apache Northwest Pty Ltd,NFW,P&A G,Lee,19990103,19990126,20260417
Barrow_J27M,W001365,Northern Carnarvon,L 1H,115.333457,-20.806884,West Australian Petroleum Pty Limited,EXT,P&S,Barrow Island,19841130,19841210,20260417
Barrow_Q88A,W001374,Northern Carnarvon,L 1H,115.398337,-20.795809,West Australian Petroleum Pty Limited,EXT,Shut in,Barrow Island,19841027,19841031,20260417
Cambridge 1,W001379,Bonaparte,WA-128-P,128.433888,-14.288982,Western Mining Corporation Ltd,NFW,P&A,,19840823,19840919,20260417
Bonniefield 1,W001385,Perth,EP 201,114.914489,-29.170274,Balmoral Resources NL,NFW,P&A,,19850301,19850312,20260417
Elder 1,W001392,Northern Carnarvon,WA-149-P,115.232786,-21.31075,Wesminco Oil Pty Ltd,NFW,P&A,,19850509,19850605,20260417
Whitlock Dam 1,W001399,Southern Carnarvon,EP 166,114.190244,-22.830644,Golden West Hydrocarbons Pty Ltd,NFW,Water,,19850220,19850223,20260417
Barrow_Q52A,W001411,Northern Carnarvon,L 1H,115.375424,-20.784832,West Australian Petroleum Pty Limited,DEV,O,Barrow Island,19850407,19850411,20260417
Barrow Q77A,W001434,Northern Carnarvon,L 1H,115.394649,-20.791795,West Australian Petroleum Pty Limited,DEV,P&A,Barrow Island,19850906,19850910,20260417
West Barrow 2,W001442,Northern Carnarvon,WA-64-P,114.927936,-20.897629,BHP Petroleum (Australia) Pty Ltd,EXT,P&A,,19850421,19850805,20260417
West Barrow 2 ST1,W001442,Northern Carnarvon,WA-64-P,114.927936,-20.897629,BHP Petroleum (Australia) Pty Ltd,EXT,P&A,,,,20260417
West Terrace 1,W001448,Canning,L 8,124.259961,-17.505913,Home Energy Co Ltd,NFW,Shut in,West Terrace,19850517,19850601,20260417
West Blackstone 1,W001451,Canning,EP 129,124.338033,-17.574044,Home Energy Co Ltd,NFW,P&A,,19850601,19850619,20260417
Chinty 1,W001461,Northern Carnarvon,EP 110,114.805203,-21.810026,Esso Exploration & Production Australia Inc,NFW,P&A,,19850715,19850806,20260417
Alum 1,W001470,Northern Carnarvon,WA-149-P,115.276126,-21.165334,Wesminco Oil Pty Ltd,NFW,P&A,,19850919,19851010,20260417
Lukins 1,W001477,Canning,EP 129,124.535826,-17.535982,Home Energy Co Ltd,NFW,P&A,,19851020,19851105,20260417
Campbell 2,W001482,Northern Carnarvon,WA-192-P,115.73026,-20.414087,Bond Corporation Pty Ltd,EXT,P&A GC,Campbell,19860131,19860301,20260417
Browse Island 1,W001490,Browse,WA-197-P,123.550467,-14.111135,Santos Australia Ltd,STR,P&A STR,,19860515,19860527,20260417
BMR 04A Mandora,W001497,Canning,PE-30H,120.74331,-19.738287,Geoscience Australia,STR,P&A STR,,19580422,19580509,20260417
BMR 07 Kennedy Range,W001500,Southern Carnarvon,PE-28H,114.77501,-24.098597,Geoscience Australia,STR,P&A STR,,19580821,19580904,20260417
Saladin 03,W001511,Northern Carnarvon,TP/3,115.024584,-21.469696,West Australian Petroleum Pty Limited,EXT,P&A OG,Saladin,19870212,19870313,20260417
Sharon 1,W001512,Northern Carnarvon,EP 137,115.701821,-21.349958,Avon Engineering Pty Ltd,NFW,P&A,,19870512,19870527,20260417
Harold 1,W001520,Canning,L 6,124.572973,-17.559829,Home Energy Co Ltd,NFW,P&A,,19870612,19870825,20260417
Barrow_L14A,W001416,Northern Carnarvon,L 1H,115.383417,-20.799429,West Australian Petroleum Pty Limited,DEV,P&A,Barrow Island,19850422,19850426,20260417
Barrow_Q23M,W001420,Northern Carnarvon,L 1H,115.380828,-20.775823,West Australian Petroleum Pty Limited,DEV,P&S,Barrow Island,19850609,19850623,20260417
Barrow_Q85A,W001427,Northern Carnarvon,L 1H,115.387697,-20.796356,West Australian Petroleum Pty Limited,DEV,O,Barrow Island,19850819,19850823,20260417
Barrow_Q87A,W001428,Northern Carnarvon,L 1H,115.39474,-20.796054,West Australian Petroleum Pty Limited,DEV,O,Barrow Island,19850824,19850828,20260417
Barrow_Q64A,W001432,Northern Carnarvon,L 1H,115.383576,-20.788739,West Australian Petroleum Pty Limited,DEV,O,Barrow Island,19850705,19850709,20260417
West Philydrum 1,W001441,Canning,EP 101,124.616073,-17.804274,International Energy Development Corporation of Australia,NFW,P&A,,19850526,19850605,20260417
South Auld 1,W001452,Canning,EP 232,123.038377,-21.792323,Churchill Resources NL,NFW,P&A,,19850506,19850513,20260417
North Herald 2,W001473,Northern Carnarvon,WA-149-P,115.277585,-21.175616,Wesminco Oil Pty Ltd,EXT,P&A OGS,North Herald,19850829,19850912,20260417
HC 2,W001475,Northern Carnarvon,WA-192-P,115.627227,-20.588995,Bond Corporation Pty Ltd,DEV,P&A O,Harriet,19851006,19851029,20260417
Crane 1,W001486,Bonaparte,WA-147-P,125.629422,-12.124332,Western Mining Corporation Ltd,NFW,P&A,,19860328,19860502,20260417
Dillson 1,W001489,Northern Carnarvon,TP/7,115.18366,-21.383762,Western Mining Corporation Ltd,NFW,P&A,,19881111,19881210,20260417
BMR 10 Dongara,W001503,Perth,PE-27H,114.975009,-29.827208,Geoscience Australia,STR,P&A STR,,19590801,19591027,20260417
Saladin 02,W001508,Northern Carnarvon,TP/3,115.040813,-21.445621,West Australian Petroleum Pty Limited,DEV,P&A OS,Saladin,19861115,19861211,20260417
Dodonea 2,W001519,Canning,EP 143,125.179358,-19.403582,Western Mining Corporation Ltd,NFW,P&A,,19870610,19870720,20260417
Hilltop 1,W001524,Canning,EP 114,122.290045,-18.292185,Bridge Oil Limited,NFW,P&A,,19870720,19870811,20260417
Parrot Hill 1,W001526,Northern Carnarvon,EP 41,114.047378,-22.487661,Ampol Exploration Ltd,NFW,P&A OS,,19870812,19870918,20260417
Calamia 1,W001537,Canning,EP 231,121.797733,-19.578987,Oil Company Of Australia,NFW,P&A,,19871109,19871205,20260417
Mt Horner 04A,W001544,Perth,L 7,115.091315,-29.12897,Barrack House Group,DEV,SUSP O,Mount Horner,19880122,19880208,20260417
South Pepper 7,W001545,Northern Carnarvon,TP/7,115.271704,-21.123505,Western Mining Corporation Ltd,DEV,P&A OG,South Pepper,19871220,19880202,20260417
South Pepper 7 Re-Entry,W001545,Northern Carnarvon,TP/7,115.271704,-21.123505,Western Mining Corporation Ltd,DEV,P&A OG,South Pepper,19890413,19890420,20260417
Darriwell 1,W001569,Canning,EP 231,122.105302,-19.588472,Oil Company Of Australia,NFW,P&A,,19880608,19880701,20260417
North Giralia 1,W001395,Southern Carnarvon,EP 166,114.303573,-22.530639,Golden West Hydrocarbons Pty Ltd,NFW,Water,,19850122,19850207,20260417
Barrow_F24MA,W001401,Northern Carnarvon,L 1H,115.383067,-20.832257,West Australian Petroleum Pty Limited,EXT,O,Barrow Island,19850104,19850116,20260417
Barrow_Q65A,W001421,Northern Carnarvon,L 1H,115.38714,-20.789065,West Australian Petroleum Pty Limited,DEV,P&S,Barrow Island,19850710,19850714,20260417
Barrow_Q76A,W001433,Northern Carnarvon,L 1H,115.39114,-20.792543,West Australian Petroleum Pty Limited,DEV,P&S,Barrow Island,19850911,19850916,20260417
Barrow_Q75A,W001435,Northern Carnarvon,L 1H,115.386686,-20.792416,West Australian Petroleum Pty Limited,DEV,P&S,Barrow Island,19850917,19850920,20260417
Barrow_G53M,W001439,Northern Carnarvon,L 1H,115.347731,-20.843312,West Australian Petroleum Pty Limited,EXT,SUSP,Barrow Island,19851014,19851022,20260417
Barrow_G73M,W001440,Northern Carnarvon,L 1H,115.348458,-20.850825,West Australian Petroleum Pty Limited,EXT,O,Barrow Island,19851004,19851013,20260417
Chervil 3,W001447,Northern Carnarvon,WA-149-P,115.229585,-21.29635,Wesminco Oil Pty Ltd,EXT,P&A OS,Chervil,19850427,19850508,20260417
Marra 1,W001453,Northern Carnarvon,TL/1,115.645607,-20.601155,Hadson Australia Development Pty Ltd,NFW,P&A,,19921129,19921212,20260417
Nollamara 1,W001455,Canning,EP 103,124.232467,-18.566019,IEDC Australia Pty Ltd,NFW,P&A,,19850622,19850805,20260417
Juno 1,W001472,Canning,EP 231,122.06329,-19.463829,Royal Resources Exploration Inc,NFW,P&A,,19850908,19850928,20260417
Santo 1,W001478,Northern Carnarvon,WA-155-P,114.645926,-21.55284,BHP Petroleum (Australia) Pty Ltd,NFW,P&A,,19851031,19851123,20260417
BMR 05 Yanrey,W001498,Southern Carnarvon,,114.245843,-22.658598,Geoscience Australia,STR,P&A STR,,19580626,19580731,20260417
BMR 08 Glenburgh,W001501,Southern Carnarvon,PE-28H,115.67084,-25.757045,Geoscience Australia,STR,P&A STR,,19590525,19590712,20260417
BMR 09 Glenburgh,W001502,Southern Carnarvon,PE-28H,115.900006,-25.55704,Geoscience Australia,STR,P&A STR,,19590716,19590812,20260417
Talisman 3,W001515,Northern Carnarvon,WA-191-P,116.943802,-19.505195,Marathon Petroleum Australia Ltd,EXT,P&A,Talisman,19870507,19870611,20260417
Mellany 1,W001521,Canning,EP 129,124.289568,-17.400409,Home Energy Co Ltd,NFW,P&A,,19870619,19870805,20260417
Antares 1,W001534,Canning,EP 175,123.695179,-18.732651,Bridge Oil Limited,NFW,P&A,,19880417,19880506,20260417
Barrow_WDWB1,W001549,Northern Carnarvon,L 1H,115.375371,-20.835418,West Australian Petroleum Pty Limited,Service,P&A,Barrow Island,19870615,,20260417
Nickol Bay 1,W001554,Northern Carnarvon,WA-202-P,116.580063,-20.055765,Arco Australia Ltd,NFW,P&A,,19880404,19880525,20260417
Barrow_L72M,W001560,Northern Carnarvon,L 1H,115.376922,-20.822178,West Australian Petroleum Pty Limited,DEV,SUSP,Barrow Island,19881125,19881206,20260417
Kurrajong 1,W001890,Northern Carnarvon,WA-234-P,114.944429,-20.85036,Ampol Exploration Ltd,NFW,P&A,,19931225,19940123,20260417
North Gorgon 2,W001894,Northern Carnarvon,WA-2-R,114.854924,-20.347079,West Australian Petroleum Pty Limited,EXT,SUSP G,Gorgon,19940708,19941027,20260417
Pyrenees 1,W001896,Northern Carnarvon,WA-155-P,114.105385,-21.53516,BHP Petroleum (Australia) Pty Ltd,EXT,P&A,Pyrenees,19940125,19940210,20260417
Thevenard WDW 2,W001899,Northern Carnarvon,EP 65,115.021319,-21.456113,West Australian Petroleum Pty Limited,WDW,P&A,,19940411,19940527,20260417
WA 04,W001904,Northern Carnarvon,WA-202-P,116.423003,-20.136983,Ampol Exploration Ltd,DEV,P&A,Wandoo,19940321,19940503,20260417
Bay 1,W001905,Northern Carnarvon,WA-215-P,115.122482,-21.084769,Western Mining Corporation Ltd,NFW,P&A,,19950602,19951007,20260417
Sharon Ann 1,W001913,Canning,EP 382,122.001812,-18.476269,Maple Oil & Exploration NL,NFW,Water,,19940717,19940810,20260417
Harriet A9H,W001922,Northern Carnarvon,TL/1,115.614216,-20.602159,Hadson Australia Development Pty Ltd,DEV,P&A OG,Harriet,19940718,19940803,20260417
HA 09,W001922,Northern Carnarvon,TL/1,115.614216,-20.602159,Hadson Australia Development Pty Ltd,DEV,P&A O,Harriet,19940709,19940803,20260417
Saffron 1,W001926,Northern Carnarvon,WA-1-P,116.362071,-19.94385,Woodside Offshore Petroleum Pty Ltd,NFW,P&A OGS,Saffron,19940921,19941008,20260417
Macedon 4,W001929,Northern Carnarvon,WA-155-P,114.216978,-21.543907,BHP Petroleum (Australia) Pty Ltd,EXT,SUSP G,Macedon,19941011,19941028,20260417
Centaur 1,W001930,Northern Carnarvon,WA-209-P,116.239677,-20.284515,Hadson Dampier,NFW,P&A GS,,19941021,19941101,20260417
Wanaea 6,W001933,Northern Carnarvon,WA-11-L,116.449612,-19.578278,Woodside Petroleum (W.A. Oil) Pty Ltd,DEV,O,Wanaea,19941110,19941217,20260417
GWA 03,W001946,Northern Carnarvon,WA-5-L,115.929813,-19.652232,Woodside Offshore Petroleum Pty Ltd,DEV,G&C,Goodwyn,19941206,19950312,20260417
Barrow_M76A,W001954,Northern Carnarvon,L 1H,115.422846,-20.823174,West Australian Petroleum Pty Limited,DEV,Shut in,Barrow Island,19950125,19950210,20260417
Barrow_M76A1,W001954,Northern Carnarvon,L 1H,115.422846,-20.823174,West Australian Petroleum Pty Limited,DEV,Shut in,Barrow Island,19950210,19950217,20260417
Barrow_M76A2,W001954,Northern Carnarvon,L 1H,115.422846,-20.823174,West Australian Petroleum Pty Limited,DEV,Shut in,Barrow Island,19950217,19950227,20260417
Barrow_M76A3,W001954,Northern Carnarvon,L 1H,115.422846,-20.823174,West Australian Petroleum Pty Limited,DEV,Shut in,Barrow Island,19950227,19950303,20260417
Sculptor 1,W001955,Northern Carnarvon,WA-28-P,115.69934,-19.777545,Woodside Offshore Petroleum Pty Ltd,NFW,P&A,Rankin,19950127,19950208,20260417
Cossack 4H,W001972,Northern Carnarvon,WA-3-L,116.493281,-19.556336,Woodside Offshore Petroleum Pty Ltd,DEV,O,Cossack,19940918,19941108,20260417
Kilang Kilang 1,W001357,Canning,EP 216,127.128242,-20.211627,Ranger Oil (Australia) Ltd,NFW,P&A,,19841026,19841203,20260417
Skull 1,W001358,Bonaparte,EP 126,128.954568,-15.28359,Australian Aquitaine Petroleum Pty Ltd,NFW,P&A,,19840820,19841002,20260417
Barrow DWDB3,W001373,Northern Carnarvon,L 1H,115.3968,-20.784554,West Australian Petroleum Pty Limited,DEV,O,Barrow Island,19841117,19841129,20260417
Peewit 1,W001382,Bonaparte,WA-147-P,126.022148,-12.654708,Western Mining Corporation Ltd,NFW,P&A,,19840924,19841004,20260417
Mirbelia 1,W001394,Canning,EP 143,125.361442,-19.650721,Western Mining Corporation Ltd,NFW,P&A OS,,19850307,19850512,20260417
Barrow_G77M,W001402,Northern Carnarvon,L 1H,115.363887,-20.850944,West Australian Petroleum Pty Limited,EXT,O,Barrow Island,19850116,19850126,20260417
Barrow_Q68A,W001409,Northern Carnarvon,L 1H,115.398597,-20.788358,West Australian Petroleum Pty Limited,DEV,O,Barrow Island,19850320,19850328,20260417
Barrow_Q86A,W001410,Northern Carnarvon,L 1H,115.390067,-20.796025,West Australian Petroleum Pty Limited,DEV,P&S,Barrow Island,19850311,19850315,20260417
Barrow_M42M,W001413,Northern Carnarvon,L 1H,115.406594,-20.811068,West Australian Petroleum Pty Limited,DEV,SUSP,Barrow Island,19850506,19850517,20260417
Barrow_M11A,W001414,Northern Carnarvon,L 1H,115.402169,-20.799417,West Australian Petroleum Pty Limited,DEV,Shut in,Barrow Island,19850502,19850506,20260417
Barrow_L27A,W001415,Northern Carnarvon,L 1H,115.394368,-20.802743,West Australian Petroleum Pty Limited,DEV,O,Barrow Island,19850427,19880501,20260417
Barrow_P61A,W001422,Northern Carnarvon,L 1H,115.402094,-20.788723,West Australian Petroleum Pty Limited,DEV,P&S,Barrow Island,19850723,19850728,20260417
Barrow_L18A,W001429,Northern Carnarvon,L 1H,115.398508,-20.799729,West Australian Petroleum Pty Limited,DEV,P&S,Barrow Island,19850807,19850813,20260417
Barrow_Q78A,W001431,Northern Carnarvon,L 1H,115.399045,-20.79242,West Australian Petroleum Pty Limited,DEV,P&S,Barrow Island,19850902,19850905,20260417
Barrow_Q53A,W001438,Northern Carnarvon,L 1H,115.379869,-20.785157,West Australian Petroleum Pty Limited,EXT,P&S,Barrow Island,19850929,19851003,20260417
Nyanda 1,W001454,Northern Carnarvon,WA-192-P,115.626338,-20.615468,Bond Corporation Pty Ltd,NFW,P&A,,19850602,19850626,20260417
Calypso 1,W001463,Northern Carnarvon,WA-191-P,116.959754,-19.420202,Marathon Petroleum Australia Ltd,NFW,P&A,,19850704,19850815,20260417
Jum Jum 1,W001464,Canning,EP 104,123.083912,-17.121012,Esso Exploration & Production Australia Inc,NFW,P&A,,19850820,19850921,20260417
Sundown 4,W001465,Canning,L 8,124.245042,-17.551899,Home Energy Co Ltd,EXT,P&A O,Sundown,19850705,19850728,20260417
HC 1,W001476,Northern Carnarvon,WA-192-P,115.627227,-20.588995,Bond Corporation Pty Ltd,DEV,P&A O,Harriet,19850920,19851006,20260417
Midway Hill 1,W001480,Northern Carnarvon,EP 41,114.020783,-22.529074,Ampol Exploration Ltd,NFW,P&A,,19860101,19860127,20260417
GSWA Woodleigh 2,W002317,Southern Carnarvon,,114.527592,-26.056448,Geological Survey of Western Australia (GSWA),STR,P&A STR,,19990316,19990327,20260417
Saladin 24,W002335,Northern Carnarvon,TL/4,115.019045,-21.463085,West Australian Petroleum Pty Limited,DEV,P&A O,Saladin,19990904,19990923,20260417
Stag 20H,W002350,Northern Carnarvon,WA-15-L,116.275302,-20.289945,Apache Energy Limited,DEV,P&A O,Stag,19991203,19991212,20260417
Dongara 29,W002355,Perth,L 1,115.024576,-29.25269,Arc Energy NL,DEV,P&A,,19991220,20000116,20260417
Oryx 1,W002378,Northern Carnarvon,WA-209-P,116.081079,-20.31093,Apache Northwest Pty Ltd,NFW,P&A OGS,Oryx,20000421,20000501,20260417
Gorgonichthys 1,W002384,Browse,WA-285-P,123.127938,-13.976745,Inpex Browse Ltd,NFW,P&A G,Ichthys,20000523,20000730,20260417
Tanami 4,W002389,Northern Carnarvon,TL/1,115.5855,-20.672213,Apache Northwest Pty Ltd,EXT,P&A,Simpson,20000608,20000629,20260417
Lambert 5,W002398,Northern Carnarvon,WA-16-L,116.479185,-19.475711,Woodside Energy Ltd,DEV,SUSP O,Lambert,20000717,20000822,20260417
Lambert 5 ST1,W002398,Northern Carnarvon,WA-16-L,116.479185,-19.475711,Woodside Energy Ltd,DEV,SUSP O,Lambert,20000804,20000822,20260417
Brecknock South 1,W002400,Browse,WA-33-P,121.640325,-14.605051,Woodside Energy Ltd,NFW,P&A GC,Calliance,20000803,20000827,20260417
Cavalier 1,W002414,Northern Carnarvon,WA-9-L,116.500213,-19.558226,Woodside Energy Ltd,NFW,P&A,,20000924,20001021,20260417
Barrow_Z83M,W002421,Northern Carnarvon,L 1H,115.413628,-20.709837,Chevron Australia Pty Ltd,DEV,P&S,Barrow Island,20001022,20001110,20260417
North Gipsy 2H,W002428,Northern Carnarvon,TL/1,115.728737,-20.635252,Apache Northwest Pty Ltd,DEV,P&A O,North Gipsy,20001102,20010117,20260417
Legendre North 3H,W002441,Northern Carnarvon,WA-20-L,116.708732,-19.703917,Woodside Energy Ltd,DEV,P&A O,Legendre North,20010123,20010704,20260417
Legendre North 3H ST4,W002441,Northern Carnarvon,WA-20-L,116.708732,-19.703917,Woodside Energy Ltd,DEV,P&A O,Legendre North,20010430,20010704,20260417
Legendre North 3H ST1,W002441,Northern Carnarvon,WA-20-L,116.708732,-19.703917,Woodside Energy Ltd,DEV,P&A,Legendre North,20010425,,20260417
Legendre North 3H ST2,W002441,Northern Carnarvon,WA-20-L,116.708732,-19.703917,Woodside Energy Ltd,DEV,P&A,Legendre North,20010426,,20260417
Legendre North 3H ST3,W002441,Northern Carnarvon,WA-20-L,116.708732,-19.703917,Woodside Energy Ltd,DEV,P&A,Legendre North,20010429,,20260417
South Plato 1,W002448,Northern Carnarvon,TL/6,115.564405,-20.6993,Apache Northwest Pty Ltd,NFW,P&A,South Plato,20010214,20010311,20260417
Atlas 1,W002450,Northern Carnarvon,WA-269-P,115.022782,-19.427877,Woodside Energy Ltd,NFW,P&A,,20010220,20010305,20260417
Tayra 1,W002460,Northern Carnarvon,WA-270-P,117.165304,-19.06223,Woodside Energy Ltd,NFW,P&A,,20010410,20010421,20260417
Maia 1,W002464,Northern Carnarvon,WA-4-L,116.505727,-19.394818,Woodside Energy Ltd,NFW,P&A,,20010522,20010608,20260417
Blina 7,W001535,Canning,L 6,124.501087,-17.626929,Home Energy Co Ltd,DEV,P&A,Blina,19871028,19871113,20260417
Petaluma 1,W001536,Canning,EP 306,124.32635,-18.266817,Ultramar Australia Inc,NFW,P&A,,19871205,19871231,20260417
Barrow_WDWA1,W001547,Northern Carnarvon,L 1H,115.351049,-20.841408,West Australian Petroleum Pty Limited,DEV,SUSP,Barrow Island,19870615,,20260417
Barrow_P18J,W001561,Northern Carnarvon,L 1H,115.430321,-20.770991,West Australian Petroleum Pty Limited,NFW,O,Barrow Island,19880627,19880809,20260417
Barrow_Z44J,W001562,Northern Carnarvon,L 1H,115.416156,-20.697176,West Australian Petroleum Pty Limited,NFW,P&A,Barrow Island,19880812,19880923,20260417
Leo 1,W001587,Canning,EP 164,122.344344,-19.248636,Command Petroleum Holdings NL,NFW,P&A,,19880706,19880819,20260417
Wanaea 1,W001597,Northern Carnarvon,WA-28-P,116.435392,-19.591792,Woodside Offshore Petroleum Pty Ltd,NFW,O,Wanaea,19881108,19890620,20260417
Roller 02,W001648,Northern Carnarvon,TP/3,114.92729,-21.633652,West Australian Petroleum Pty Limited,EXT,P&A,Roller,19900202,19900215,20260417
Barrow_L45A,W001697,Northern Carnarvon,L 1H,115.386962,-20.812471,West Australian Petroleum Pty Limited,DEV,O,Barrow Island,19910524,,20260417
Barrow_L62A,W001702,Northern Carnarvon,L 1H,115.375369,-20.819799,West Australian Petroleum Pty Limited,DEV,O,Barrow Island,19901109,19901119,20260417
Cowle 2H ST1,W001718,Northern Carnarvon,TL/4,114.969648,-21.522192,West Australian Petroleum Pty Limited,DEV,P&A O,Cowle,19910312,19910409,20260417
Cowle 2 Pilot,W001718,Northern Carnarvon,TL/4,114.969648,-21.522192,West Australian Petroleum Pty Limited,DEV,P&A O,Cowle,19910302,19910409,20260417
Cowle 2H,W001718,Northern Carnarvon,TL/4,114.969648,-21.522192,West Australian Petroleum Pty Limited,DEV,P&A O,Cowle,19910309,19910409,20260417
Barrow_B43A,W001729,Northern Carnarvon,L 1H,115.350066,-20.867797,West Australian Petroleum Pty Limited,DEV,P&S,Barrow Island,19910531,19910605,20260417
Barrow_E21A,W001734,Northern Carnarvon,L 1H,115.402551,-20.834247,West Australian Petroleum Pty Limited,DEV,O,Barrow Island,19910422,19910428,20260417
Barrow_F21A,W001736,Northern Carnarvon,L 1H,115.371564,-20.834089,West Australian Petroleum Pty Limited,DEV,O,Barrow Island,19910704,19910709,20260417
Barrow_F35M,W001754,Northern Carnarvon,L 1H,115.390669,-20.837014,West Australian Petroleum Pty Limited,DEV,O,Barrow Island,19921214,19930105,20260417
Barrow_B28,W001756,Northern Carnarvon,L 1H,115.369462,-20.862582,West Australian Petroleum Pty Limited,DEV,O,Barrow Island,19930114,19930202,20260417
Jacana 1,W001781,Bonaparte,WA-199-P,125.716251,-11.971865,Lasmo Oil (Australia) Limited,NFW,P&A,,19910807,19910829,20260417
Skate 01,W001787,Northern Carnarvon,TP/3,114.98017,-21.596986,West Australian Petroleum Pty Limited,NFW,P&A O,Skate,19911030,19911113,20260417
Whistler 1,W001790,Canning,EP 142,122.896979,-18.370956,Bridge Oil Limited,NFW,P&A,,19911101,19911106,20260417
Agincourt 4H,W002121,Northern Carnarvon,TL/6,115.514324,-20.668751,Apache Northwest Pty Ltd,DEV,Shut in,Agincourt,19970705,19970801,20260417
BMR Neale 1A - 1B,W002129,Officer,,125.944729,-28.303619,Geoscience Australia,STR,P&A STR,,19720101,19720101,20260417
Yodel 2,W002135,Northern Carnarvon,WA-28-P,115.740728,-19.722101,Woodside Offshore Petroleum Pty Ltd,EXT,P&A GC,Echo Yodel,19970725,19970821,20260417
Schilling 1,W002145,Bonaparte,WA-74-P,127.159877,-11.944472,Petroz NL,NFW,P&A,,19970824,19970920,20260417
Reindeer 1,W002154,Northern Carnarvon,WA-209-P,116.307043,-20.016401,Apache Northwest Pty Ltd,NFW,SUSP G,Reindeer,19971004,19971101,20260417
Point Torment 1 Deepening,W002157,Canning,EP 104,123.739979,-17.163014,Stirling Resources NL,NFW,P&A,Point Torment,19940922,19941026,20260417
Saladin 17,W002162,Northern Carnarvon,TL/4,115.040761,-21.445643,West Australian Petroleum Pty Limited,DEV,P&A O,Saladin,19971007,19971025,20260417
Saladin 17 ST1,W002162,Northern Carnarvon,TL/4,115.040761,-21.445643,West Australian Petroleum Pty Limited,DEV,P&A O,Saladin,19971020,19971025,20260417
Andromeda 1,W002168,Northern Carnarvon,WA-248-P,116.321094,-18.981169,Mobil Exploration & Producing Australia Pty Ltd,NFW,P&A,,19971029,19971209,20260417
Tubridgi 14,W002175,Northern Carnarvon,L 9,114.835721,-21.770015,Boral Energy Resources Limited,DEV,P&A G,Tubridgi,19971112,19971123,20260417
Longneck 1,W002183,Northern Carnarvon,EP 342,114.769598,-21.734121,Apache Northwest Pty Ltd,NFW,P&A OS,,19971206,19971215,20260417
Barrow_L63A,W002187,Northern Carnarvon,L 1H,115.379524,-20.819677,West Australian Petroleum Pty Limited,DEV,O,Barrow Island,19971010,19971014,20260417
Barrow_M83A,W002207,Northern Carnarvon,L 1H,115.410396,-20.827472,West Australian Petroleum Pty Limited,DEV,Shut in,Barrow Island,19971021,19971024,20260417
Barrow_F26A,W002212,Northern Carnarvon,L 1H,115.391071,-20.833872,West Australian Petroleum Pty Limited,DEV,O,Barrow Island,19971113,19971118,20260417
Barrow_F45A,W002214,Northern Carnarvon,L 1H,115.387163,-20.841377,West Australian Petroleum Pty Limited,DEV,O,Barrow Island,19971123,19971125,20260417
Barrow_K45A,W002219,Northern Carnarvon,L 1H,115.356232,-20.812005,West Australian Petroleum Pty Limited,DEV,O,Barrow Island,19971219,19971221,20260417
Barrow_Q24,W002227,Northern Carnarvon,L 1H,115.385518,-20.776385,West Australian Petroleum Pty Limited,DEV,P&A,Barrow Island,19980119,19980124,20260417
Legendre South 1,W002230,Northern Carnarvon,WA-1-P,116.697938,-19.721756,Woodside Petroleum Development Pty Ltd,EXT,P&A OGS,Legendre South,19980425,19980510,20260417
Murrumbah 1,W002236,Perth,EP 368,115.17976,-29.157416,Premier Petroleum (Australia) Pty Ltd,NFW,P&A,,19980508,19980610,20260417
Stag 11H,W002242,Northern Carnarvon,WA-209-P,116.275304,-20.289962,Apache Northwest Pty Ltd,DEV,P&A O,Stag,19970831,19971112,20260417
Stag 14H ST1,W002245,Northern Carnarvon,WA-209-P,116.275327,-20.289995,Apache Northwest Pty Ltd,WIW,A,Stag,19980516,19980706,20260417
BMR 04 Mandora,W001496,Canning,PE-30H,120.74111,-19.736687,Geoscience Australia,STR,P&A STR,,19580401,19580608,20260417
Somerville 1,W001510,Northern Carnarvon,WA-155-P,114.668131,-21.497235,BHP Petroleum (Australia) Pty Ltd,NFW,P&A,,19870120,19870210,20260417
Horner West 1,W001514,Perth,L 7,115.044296,-29.135356,Barrack Energy Limited,NFW,P&A,,19870602,19870712,20260417
Horner West 1 ST1,W001514,Perth,L 7,115.044296,-29.135356,Barrack Energy Limited,NFW,P&A,,19870619,19870712,20260417
Horner West 1 ST2,W001514,Perth,L 7,115.044296,-29.135356,Barrack Energy Limited,NFW,P&A,,19870622,19870712,20260417
Anna Plains 1,W001532,Canning,EP 142,121.468016,-19.337078,Sydney Oil Company,NFW,P&A,,19871012,19871104,20260417
Mt Horner 08,W001552,Perth,L 7,115.093121,-29.13235,Barrack House Group,DEV,P&A O,Mount Horner,19880226,19880312,20260417
Barrow_L65M,W001559,Northern Carnarvon,L 1H,115.391024,-20.819439,West Australian Petroleum Pty Limited,DEV,O,Barrow Island,19890323,19890406,20260417
Barrow_A34M,W001564,Northern Carnarvon,L 1H,115.325363,-20.867484,West Australian Petroleum Pty Limited,DEV,P&A,Barrow Island,19880926,19881004,20260417
Barrow_F13M,W001565,Northern Carnarvon,L 1H,115.379891,-20.828435,West Australian Petroleum Pty Limited,DEV,SUSP,Barrow Island,19881111,19881124,20260417
Gap Creek 1,W001577,Canning,EP 102,125.811278,-18.631083,Kufpec Australia Pty Ltd,NFW,P&A,,19880529,19880614,20260417
Chervil 4,W001605,Northern Carnarvon,TP/7,115.228377,-21.308669,Western Mining Corporation Ltd,EXT,P&A O,Chervil,19890207,19890307,20260417
Chervil 4H,W001605,Northern Carnarvon,TP/7,115.228377,-21.308669,Western Mining Corporation Ltd,EXT,P&A O,Chervil,19890220,19890307,20260417
Barrow_R65,W001608,Northern Carnarvon,L 1H,115.357877,-20.790167,West Australian Petroleum Pty Limited,DEV,O,Barrow Island,19890405,19890413,20260417
South Pepper 08 (Deviated),W001619,Northern Carnarvon,TL/2,115.271704,-21.123505,Western Mining Corporation Ltd,DEV,P&A OG,South Pepper,19890305,19890501,20260417
South Pepper 08 (Deviated) ST1,W001619,Northern Carnarvon,TL/2,115.271704,-21.123505,Western Mining Corporation Ltd,DEV,P&A OG,South Pepper,19890320,19890501,20260417
South Pepper 8H,W001619,Northern Carnarvon,TL/2,115.271704,-21.123505,Western Mining Corporation Ltd,DEV,P&A OG,South Pepper,19890327,19890501,20260417
Chervil 5,W001622,Northern Carnarvon,TP/7,115.228377,-21.308669,Western Mining Corporation Ltd,EXT,P&A,Chervil,19890708,19890817,20260417
Chervil 5H,W001622,Northern Carnarvon,TP/7,115.228377,-21.308669,Western Mining Corporation Ltd,EXT,P&A,Chervil,19890729,19890817,20260417
Garganey 1,W001631,Bonaparte,WA-199-P,125.91767,-11.355161,Bond Corporation Pty Ltd,NFW,P&A,,19890826,19890919,20260417
Garganey 1 ST1,W001631,Bonaparte,WA-199-P,125.91767,-11.355161,Bond Corporation Pty Ltd,NFW,P&A,,19890901,19890919,20260417
Montebello 1,W001636,Northern Carnarvon,WA-209-P,116.291219,-20.087755,BHP Petroleum (Australia) Pty Ltd,NFW,P&A,,19891106,19891213,20260417
Stag 5,W001976,Northern Carnarvon,WA-209-P,116.292807,-20.282306,Hadson Dampier,EXT,P&A OS,Stag,19950501,19950509,20260417
Wandoo North 1,W001992,Northern Carnarvon,WA-202-P,116.432222,-20.106057,Ampol Exploration Ltd,EXT,P&A OS,Wandoo,19950817,19950828,20260417
Central Yardarino 1,W001999,Perth,L 2,115.05136,-29.199228,West Australian Petroleum Pty Limited,NFW,P&A,,19951005,19951024,20260417
Barrow_M62A,W002005,Northern Carnarvon,L 1H,115.406121,-20.819673,West Australian Petroleum Pty Limited,DEV,P&S,Barrow Island,19951112,19951122,20260417
Barrow_P66A,W002017,Northern Carnarvon,L 1H,115.421729,-20.790496,West Australian Petroleum Pty Limited,DEV,O,Barrow Island,19960315,19960318,20260417
Barrow_K67A,W002020,Northern Carnarvon,L 1H,115.363604,-20.819702,West Australian Petroleum Pty Limited,DEV,O,Barrow Island,19960210,19960214,20260417
Barrow_K65A,W002021,Northern Carnarvon,L 1H,115.356057,-20.81964,West Australian Petroleum Pty Limited,DEV,P&S,Barrow Island,19960215,19960219,20260417
Spider 1,W002026,Northern Carnarvon,EP 325,114.615737,-21.826101,Discovery Petroleum NL,NFW,P&A,,19951130,19951208,20260417
Maitland North 1,W002032,Northern Carnarvon,WA-149-P,115.176692,-20.53014,Western Mining Corporation Ltd,NFW,P&A GS,,19960122,19960223,20260417
Wye 1,W002037,Perth,EP 394,114.991121,-29.112782,Discovery Petroleum NL,NFW,P&A OGS,,19960222,19960424,20260417
Cognac 1B,W002047,Northern Carnarvon,WA-258-P,115.881058,-19.928413,Mount Isa Mines Limited,NFW,P&A,,19960720,19960817,20260417
Cognac 1,W002047,Northern Carnarvon,WA-258-P,115.881058,-19.928413,Mount Isa Mines Limited,NFW,P&A,,19960615,19960628,20260417
Cognac 1 ST1,W002047,Northern Carnarvon,WA-258-P,115.881058,-19.928413,Mount Isa Mines Limited,NFW,P&A,,19960630,19960705,20260417
Cognac 1A,W002047,Northern Carnarvon,WA-258-P,115.881058,-19.928413,Mount Isa Mines Limited,NFW,P&A,,19960705,19960719,20260417
Leyden 1B,W002062,Northern Carnarvon,WA-252-P,113.998324,-20.848877,BHP Petroleum (Australia) Pty Ltd,NFW,P&A,,19960825,19960927,20260417
Leyden 1,W002062,Northern Carnarvon,WA-252-P,113.998324,-20.848877,BHP Petroleum (Australia) Pty Ltd,NFW,P&A,,19960811,19960819,20260417
Leyden 1A,W002062,Northern Carnarvon,WA-252-P,113.998324,-20.848877,BHP Petroleum (Australia) Pty Ltd,NFW,P&A,,19960820,19960825,20260417
Leyden 1B ST1,W002062,Northern Carnarvon,WA-252-P,113.998324,-20.848877,BHP Petroleum (Australia) Pty Ltd,NFW,P&A,,19961009,19961210,20260417
Barrow_M64A,W002067,Northern Carnarvon,L 1H,115.413551,-20.819354,West Australian Petroleum Pty Limited,DEV,O,Barrow Island,19960827,19960831,20260417
Marsi 1,W002071,Bonaparte,WA-235-P,127.632907,-11.980108,MIM Petroleum Exploration Pty Ltd.,NFW,P&A,,19960924,19961021,20260417
Marsi 1 ST1,W002071,Bonaparte,WA-235-P,127.632907,-11.980108,MIM Petroleum Exploration Pty Ltd.,NFW,P&A,,19961025,19961105,20260417
Tea Tree 1,W002289,Northern Carnarvon,WA-210-P,114.869545,-21.223547,Mobil Exploration & Producing Australia Pty Ltd,NFW,P&A,,19990204,19990220,20260417
Capsule 1,W002295,Browse,WA-266-P,124.506241,-13.65545,Shell Development (Australia) Pty Ltd,NFW,P&A,,19990306,19990313,20260417
Capsule 1 ST1,W002295,Browse,WA-266-P,124.506241,-13.65545,Shell Development (Australia) Pty Ltd,NFW,P&A,,19990309,,20260417
BMR Rason 1,W002304,Gunbarrel,,123.794718,-28.553646,Geoscience Australia,STR,P&A STR,,19720101,19720101,20260417
BMR Talbot 4,W002309,Officer,,126.533069,-26.162501,Geoscience Australia,STR,P&A STR,,,,20260417
BMR Yowalga 1,W002310,Officer,,125.528182,-26.833013,Geoscience Australia,STR,P&A STR,,,,20260417
Polaris 1,W002318,Northern Carnarvon,WA-1-P,116.859828,-19.561053,Woodside Offshore Petroleum Pty Ltd,NFW,P&A,,19990609,19990617,20260417
Hyacinthus 1,W002323,Northern Carnarvon,WA-1-P,116.453594,-19.870651,Woodside Offshore Petroleum Pty Ltd,NFW,P&A OS,,19990618,19990627,20260417
HB 5H,W002331,Northern Carnarvon,TL/1,115.637556,-20.575203,Apache Northwest Pty Ltd,DEV,SUSP O,Harriet,19990807,19990918,20260417
Geryon 1,W002334,Northern Carnarvon,WA-267-P,114.883826,-19.920327,West Australian Petroleum Pty Limited,NFW,P&A G,Geryon,19990831,19990926,20260417
Saladin 19M,W002339,Northern Carnarvon,TL/4,115.019045,-21.462835,West Australian Petroleum Pty Limited,DEV,P&A O,Saladin,19990923,19991001,20260417
Saladin 19M ST1,W002339,Northern Carnarvon,TL/4,115.019045,-21.462835,West Australian Petroleum Pty Limited,DEV,P&A O,Saladin,19991002,19991018,20260417
Illyarrie 1,W002342,Perth,L 2,115.046694,-29.229677,Arc Energy NL,NFW,P&A,,19991018,19991113,20260417
Saladin 18M,W002343,Northern Carnarvon,TL/4,115.019053,-21.462746,West Australian Petroleum Pty Limited,DEV,P&A O,Saladin,19991019,19991103,20260417
Hakia 1,W002351,Perth,L 2,115.096037,-29.221488,Arc Energy NL,NFW,P&A GS,,19991120,19991210,20260417
Coaster 1,W002356,Northern Carnarvon,TL/7,114.857345,-21.656351,West Australian Petroleum Pty Limited,NFW,P&A O,Coaster,19991222,19991230,20260417
Saracen 1,W002359,Northern Carnarvon,TL/4,115.07685,-21.427045,West Australian Petroleum Pty Limited,NFW,P&A,,19991231,20000107,20260417
Roebuck 1,W002368,Northern Carnarvon,WA-15-L,116.253126,-20.268429,Apache Northwest Pty Ltd,NFW,P&A,,20000201,20000212,20260417
White Opal 1,W002377,Northern Carnarvon,EP 325,114.184511,-21.81407,Victoria International Petroleum NL,NFW,P&A,,20000310,20000404,20260417
Stag 21H,W002397,Northern Carnarvon,WA-15-L,116.275291,-20.289993,Apache Energy Limited,DEV,O,Stag,20000709,20000803,20260417
Cowle 5M,W002412,Northern Carnarvon,TL/4,114.96965,-21.522231,Chevron Australia Pty Ltd,DEV,P&A O,Cowle,20000911,20000927,20260417
Cowle 5M-ST1,W002412,Northern Carnarvon,TL/4,114.96965,-21.522231,Chevron Australia Pty Ltd,DEV,P&A O,Cowle,20000919,,20260417
Jonacoonack 1,W001573,Bight,OPA-4H,119.459178,-34.024708,Lathlain,STR,P&A STR,,19210615,19880706,20260417
Crimson Lake 1,W001578,Canning,EP 101,124.677094,-17.883414,Kufpec Australia Pty Ltd,NFW,P&A OS,,19880710,19880804,20260417
Cypress Hill 1,W001583,Perth,EP 321,115.813193,-30.462963,Ampol Exploration Ltd,NFW,P&A,,19880714,19880803,20260417
Yammaderry 1,W001588,Northern Carnarvon,TP/3,114.980754,-21.494953,West Australian Petroleum Pty Limited,NFW,P&A OG,Yammaderry,19880720,19880805,20260417
Wakeford 1,W001589,Perth,EP 201,114.900898,-29.014028,Lassoc Pty Ltd,NFW,P&A,,19880817,19880818,20260417
Echo 1,W001593,Northern Carnarvon,WA-28-P,115.724028,-19.710476,Woodside Offshore Petroleum Pty Ltd,NFW,P&A GC,Echo Yodel,19880908,19881106,20260417
Setaria 1,W001598,Canning,EP 143,124.975748,-19.400806,Western Mining Corporation Ltd,NFW,P&A,,19890514,19890531,20260417
NRA 15,W001599,Northern Carnarvon,WA-1-L,116.138037,-19.584255,Woodside Offshore Petroleum Pty Ltd,DEV,G&C,North Rankin,19881113,19900315,20260417
Barrow_Y73M,W001609,Northern Carnarvon,L 1H,115.397876,-20.735294,West Australian Petroleum Pty Limited,DEV,P&S,Barrow Island,19890415,19890425,20260417
Barrow_L71M,W001617,Northern Carnarvon,L 1H,115.375286,-20.825053,West Australian Petroleum Pty Limited,DEV,P&S,Barrow Island,19890619,19890629,20260417
NRA 17,W001620,Northern Carnarvon,WA-1-L,116.138037,-19.584255,Woodside Offshore Petroleum Pty Ltd,DEV,SUSP G,North Rankin,19890318,19890901,20260417
Chinook 1,W001621,Northern Carnarvon,WA-210-P,114.697944,-21.168848,BHP Petroleum (Australia) Pty Ltd,NFW,SUSP OG,Chinook/Scindian,19890507,19890813,20260417
Somelim 1,W001624,Northern Carnarvon,EP 137,115.818453,-21.316416,Orca Petroleum NL,NFW,P&A,,19890607,19890718,20260417
Rivoli 1,W001626,Northern Carnarvon,EP 325,114.181532,-21.981411,Minora Resources NL,NFW,P&A GS,Rivoli,19890819,19890915,20260417
Mt Horner 11,W001633,Perth,L 7,115.110355,-29.14595,Arrow Petroleum Limited,DEV,P&A,Mount Horner,19891016,19891102,20260417
Wanaea 2A,W001641,Northern Carnarvon,WA-28-P,116.412437,-19.612253,Woodside Offshore Petroleum Pty Ltd,EXT,SUSP O,Wanaea,19900131,19900406,20260417
Wanaea 2,W001641,Northern Carnarvon,WA-28-P,116.412437,-19.612253,Woodside Offshore Petroleum Pty Ltd,EXT,SUSP O,Wanaea,,,20260417
Nares 1,W001644,Northern Carnarvon,TP/7,115.345019,-21.30952,Western Mining Corporation Ltd,NFW,P&A OS,,19900126,19900211,20260417
Roller 01,W001646,Northern Carnarvon,TP/3,114.927335,-21.633722,West Australian Petroleum Pty Limited,NFW,P&A O,Roller,19900104,19900131,20260417
Roller 03,W001650,Northern Carnarvon,TP/3,114.905102,-21.645072,West Australian Petroleum Pty Limited,EXT,P&A OGS,Roller,19911126,19911205,20260417
Roller 05,W001651,Northern Carnarvon,TP/3,114.905102,-21.645072,West Australian Petroleum Pty Limited,EXT,P&A OGS,Roller,19911205,19911212,20260417
Margaret 1,W001572,Canning,EP 314,125.909536,-18.262888,Kufpec Australia Pty Ltd,NFW,P&A,,19880623,19880706,20260417
Trap Reef 1,W001582,Northern Carnarvon,TP/3,115.02129,-21.491036,West Australian Petroleum Pty Limited,NFW,P&A,,19880624,19880719,20260417
Crystal Creek 1,W001585,Canning,EP 103,123.60223,-18.556171,Kufpec Australia Pty Ltd,NFW,P&A,,19880810,19880920,20260417
NRA 14,W001592,Northern Carnarvon,WA-1-L,116.138237,-19.583955,Woodside Offshore Petroleum Pty Ltd,DEV,G&C,North Rankin,19880912,19881110,20260417
Barrow_F53M,W001612,Northern Carnarvon,L 1H,115.380868,-20.845245,West Australian Petroleum Pty Limited,DEV,Shut in,Barrow Island,19890530,19890617,20260417
Barrow_WDWF1,W001615,Northern Carnarvon,L 1H,115.415311,-20.800014,West Australian Petroleum Pty Limited,WDW,P&A,Barrow Island,,,20260417
Turtle 2,W001618,Bonaparte,WA-128-P,128.947069,-14.504441,Western Mining Corporation Ltd,EXT,P&A OGS,Turtle,19890320,19890702,20260417
Tent Hill 1,W001632,Northern Carnarvon,EP 325,114.618467,-22.182754,Minora Resources NL,NFW,P&A,,19891222,19891228,20260417
NRA 19,W001635,Northern Carnarvon,WA-1-L,116.138037,-19.584455,Woodside Offshore Petroleum Pty Ltd,DEV,G,North Rankin,19891130,19900303,20260417
Cowle 1,W001638,Northern Carnarvon,TP/3,114.969664,-21.5222,West Australian Petroleum Pty Limited,NFW,P&A O,Cowle,19891211,19900103,20260417
Boundary 1,W001682,Canning,EP 129,124.245208,-17.485859,Petroleum Securities Energy Limited,NFW,P&A O,Boundary,19900806,19900825,20260417
Tubridgi 07,W001685,Northern Carnarvon,L 9,114.84246,-21.775043,Doral Resources NL,DEV,P&A G,Tubridgi,19900919,19901002,20260417
Talisman 6,W001688,Northern Carnarvon,WA-8-L,116.932867,-19.495055,Marathon Petroleum Australia Ltd,DEV,P&A,Talisman,19900916,19901004,20260417
Barrow_L22A,W001691,Northern Carnarvon,L 1H,115.375281,-20.805736,West Australian Petroleum Pty Limited,DEV,O,Barrow Island,19960126,19960130,20260417
Barrow_L44A,W001696,Northern Carnarvon,L 1H,115.383188,-20.812301,West Australian Petroleum Pty Limited,DEV,O,Barrow Island,19901001,19901009,20260417
Barrow_L61A,W001701,Northern Carnarvon,L 1H,115.37136,-20.819389,West Australian Petroleum Pty Limited,DEV,O,Barrow Island,19901121,19901126,20260417
Ramillies 1,W001719,Northern Carnarvon,WA-155-P,114.602998,-21.257084,BHP Petroleum (Australia) Pty Ltd,NFW,SUSP O,Ramillies,19901123,19901229,20260417
South Pepper 15,W001723,Northern Carnarvon,TL/2,115.297843,-21.123919,Western Mining Corporation Ltd,EXT,P&A OS,South Pepper,19901221,19901229,20260417
Minden 1,W001724,Northern Carnarvon,WA-210-P,114.72294,-20.823734,BHP Petroleum (Australia) Pty Ltd,NFW,P&A GS,,19901231,19910603,20260417
Minden 1 ST1,W001724,Northern Carnarvon,WA-210-P,114.72294,-20.823734,BHP Petroleum (Australia) Pty Ltd,NFW,P&A GS,,19910214,19910603,20260417
Barrow_F55MA,W001725,Northern Carnarvon,L 1H,115.389047,-20.84374,West Australian Petroleum Pty Limited,DEV,O,Barrow Island,19910109,19910118,20260417
Sunshine 1,W001791,Canning,EP 142,122.894752,-18.457218,Bridge Oil Limited,NFW,P&A,,19911110,19911114,20260417
Shalimar 1,W001797,Bonaparte,WA-217-P,126.65233,-12.035616,Kufpec Australia Pty Ltd,NFW,P&A,,19911228,19920130,20260417
Wanaea 4,W001803,Northern Carnarvon,WA-28-P,116.396797,-19.629886,Woodside Offshore Petroleum Pty Ltd,EXT,SUSP O,Wanaea,19920408,19920614,20260417
Billabong 1,W001825,Bonaparte,WA-218-P,127.412146,-12.737748,BHP Petroleum (Australia) Pty Ltd,NFW,P&A,,19921029,19921119,20260417
West Muiron 4,W001843,Northern Carnarvon,WA-155-P,114.202927,-21.541574,BHP Petroleum (Australia) Pty Ltd,EXT,SUSP G,Pyrenees,19930503,19930521,20260417
Baleena 1,W001853,Northern Carnarvon,WA-208-P,116.574938,-19.779253,Phillips Australian Oil Company,NFW,P&A,,19930703,19930725,20260417
East Spar 2 ST1,W001863,Northern Carnarvon,WA-214-P,115.000067,-20.657328,Western Mining Corporation Ltd,EXT,P&A G,East Spar,19931015,19931106,20260417
East Spar 2,W001863,Northern Carnarvon,WA-214-P,115.000067,-20.657328,Western Mining Corporation Ltd,EXT,P&A G,East Spar,19930915,19931014,20260417
Sundown 5,W001874,Canning,L 8,124.244953,-17.555242,Minora Energy (Australasia) Pty Ltd,DEV,P&A O,Sundown,19931113,19931122,20260417
Roller 13,W001878,Northern Carnarvon,TP/3,114.923801,-21.636169,West Australian Petroleum Pty Limited,DEV,P&A O,Roller,19931110,19931117,20260417
Tubridgi 09,W001879,Northern Carnarvon,L 9,114.865449,-21.764934,Doral Resources NL,DEV,P&A G,Tubridgi,19931021,19931105,20260417
Mooratara 1,W001887,Perth,EP 201,114.910278,-29.212835,Royal Resources Exploration Inc,NFW,P&A,,19931210,19940107,20260417
Crest 1,W001895,Northern Carnarvon,EP 65,115.021372,-21.455988,West Australian Petroleum Pty Limited,NFW,O,Crest,19940120,19940214,20260417
Crest 2,W001908,Northern Carnarvon,EP 65,115.02132,-21.456113,West Australian Petroleum Pty Limited,EXT,P&A,Crest,19940414,19940424,20260417
Petrel 5,W001921,Bonaparte,WA-6-R,128.40943,-12.812329,Santos Australia Ltd,EXT,P&A G,Petrel,19940727,19941021,20260417
Pyrenees 2,W001934,Northern Carnarvon,WA-155-P,114.19091,-21.521005,BHP Petroleum (Australia) Pty Ltd,EXT,P&A GS,Pyrenees,19941028,19941108,20260417
Barrow_M36B,W001936,Northern Carnarvon,L 1H,115.423493,-20.80887,West Australian Petroleum Pty Limited,DEV,Shut in,Barrow Island,19941228,19950120,20260417
Barrow_M36B1,W001936,Northern Carnarvon,L 1H,115.423493,-20.80887,West Australian Petroleum Pty Limited,DEV,UNKNOWN,Barrow Island,19950113,19950120,20260417
Barrow_M36B2,W001936,Northern Carnarvon,L 1H,115.423493,-20.80887,West Australian Petroleum Pty Limited,DEV,UNKNOWN,Barrow Island,19950115,19950120,20260417
Stag 3,W001941,Northern Carnarvon,WA-209-P,116.269916,-20.303851,Hadson Dampier,EXT,P&A OS,Stag,19941118,19941125,20260417
GWA 04,W001960,Northern Carnarvon,WA-5-L,115.929778,-19.652202,Woodside Offshore Petroleum Pty Ltd,DEV,Service,Goodwyn,19941127,19950424,20260417
Stag 14H ST2,W002245,Northern Carnarvon,WA-209-P,116.275327,-20.289995,Apache Northwest Pty Ltd,WIW,P&A,Stag,19980620,19980706,20260417
Stag 14H,W002245,Northern Carnarvon,WA-209-P,116.275327,-20.289995,Apache Northwest Pty Ltd,WIW,Service,Stag,19980419,19980706,20260417
Stag 14H ST3,W002245,Northern Carnarvon,WA-209-P,116.275327,-20.289995,Apache Northwest Pty Ltd,WIW,Service,Stag,19980622,19980706,20260417
John Brookes 1,W002267,Northern Carnarvon,WA-214-P,115.110167,-20.432397,Mobil Exploration & Producing Australia Pty Ltd,NFW,P&A G,John Brookes,19980901,19981107,20260417
John Brookes 1 ST1,W002267,Northern Carnarvon,WA-214-P,115.110167,-20.432397,Mobil Exploration & Producing Australia Pty Ltd,NFW,P&A G,John Brookes,19980910,,20260417
Rose 3,W002280,Northern Carnarvon,TL/1,115.701105,-20.617628,Apache Northwest Pty Ltd,DEV,P&A GC,Rose,19981210,19990102,20260417
Barrow_Z56M,W002281,Northern Carnarvon,L 1H,115.421881,-20.698087,West Australian Petroleum Pty Limited,NPW,P&S,Barrow Island,19981215,19990101,20260417
Serval 1,W002286,Northern Carnarvon,WA-270-P,116.74768,-19.152896,Woodside Energy Ltd,NFW,P&A,,19990116,19990214,20260417
Enfield 1,W002297,Northern Carnarvon,WA-271-P,113.978398,-21.486886,Woodside Energy Ltd,NFW,P&A OG,Enfield,19990316,19990503,20260417
BMR Yowalga 4,W002311,Officer,,125.627181,-26.833012,Geoscience Australia,STR,P&A STR,,19720101,19720101,20260417
GSWA Woodleigh 1,W002316,Southern Carnarvon,,114.665647,-26.055335,Geological Survey of Western Australia (GSWA),STR,P&A STR,,19990309,19990315,20260417
Enfield 2,W002324,Northern Carnarvon,WA-271-P,113.988149,-21.459662,Woodside Energy Ltd,EXT,P&A,Enfield,19990625,19990718,20260417
North Harriet 1,W002325,Northern Carnarvon,TL/1,115.645511,-20.561387,Apache Northwest Pty Ltd,NFW,P&A OGS,,19990628,19990704,20260417
Euryale 1,W002329,Northern Carnarvon,WA-205-P,114.611611,-20.658856,West Australian Petroleum Pty Limited,NFW,P&A,,19990724,19990827,20260417
Glatton 1,W002344,Northern Carnarvon,WA-269-P,116.041611,-19.03826,Woodside Energy Ltd,NFW,P&A,,19991021,19991102,20260417
Stag 19H,W002349,Northern Carnarvon,WA-15-L,116.275336,-20.289946,Apache Energy Limited,DEV,P&A O,Stag,19991124,19991212,20260417
Boyd 1,W002360,Northern Carnarvon,EP 395,115.778298,-20.777859,Apache Northwest Pty Ltd,NFW,P&A,,19991231,20000104,20260417
Josephine 1,W002361,Northern Carnarvon,TL/1,115.736424,-20.641115,Apache Northwest Pty Ltd,NFW,P&A GS,Josephine,20000105,20000115,20260417
Teewinot 1,W002366,Northern Carnarvon,TP/8,115.731069,-20.751538,Apache Northwest Pty Ltd,NFW,P&A,,20000124,20000131,20260417
Dinichthys 1,W002373,Browse,WA-285-P,123.18989,-13.823336,Inpex Browse Ltd,NFW,P&A G,Ichthys,20000304,20000520,20260417
Rough Range 01B,W002382,Northern Carnarvon,EP 41,114.083486,-22.41776,Empire Oil & Gas NL,DEV,Shut in,Rough Range,20000503,20000518,20260417
Wanaea 3,W001642,Northern Carnarvon,WA-28-P,116.450071,-19.578274,Woodside Offshore Development Pty Ltd,EXT,SUSP O,Wanaea,19900528,19900722,20260417
Sinbad 1,W001652,Northern Carnarvon,TP/8,115.712346,-20.483344,Bond Corporation Pty Ltd,NFW,P&A G,Sinbad,19900221,19900403,20260417
South Pepper 10 Deviated,W001665,Northern Carnarvon,TL/2,115.271704,-21.123505,Western Mining Corporation Ltd,DEV,P&A OG,South Pepper,19900321,19900419,20260417
South Pepper 10H,W001665,Northern Carnarvon,TL/2,115.271704,-21.123505,Western Mining Corporation Ltd,DEV,P&A OG,South Pepper,19900407,19900419,20260417
West Erregulla 1,W001668,Perth,EP 23,115.310395,-29.425794,Arrow Petroleum Limited,NFW,P&A GS,,19900520,19900731,20260417
Talisman 5,W001672,Northern Carnarvon,WA-8-L,116.932867,-19.495055,Marathon Petroleum Australia Ltd,DEV,P&A,Talisman,19900813,19900915,20260417
Orion 1,W001681,Northern Carnarvon,WA-1-P,116.526817,-19.879837,Woodside Offshore Petroleum Pty Ltd,NFW,P&A,,19900724,19900820,20260417
Tubridgi 08,W001686,Northern Carnarvon,L 9,114.841824,-21.796763,Doral Resources NL,DEV,P&A G,Tubridgi,19901005,19901023,20260417
Barrow_M36C,W001708,Northern Carnarvon,,115.423416,-20.808871,West Australian Petroleum Pty Limited,,Not drilled,,19970101,19970101,20260417
Aurora 1,W001712,Northern Carnarvon,WA-191-P,117.012733,-19.344193,Marathon Petroleum Australia Ltd,NFW,P&A,,19901111,19901214,20260417
Barrow_G88B,W001731,Northern Carnarvon,L 1H,115.371091,-20.857531,West Australian Petroleum Pty Limited,DEV,O,Barrow Island,19910120,19910208,20260417
Barrow_F24A,W001739,Northern Carnarvon,L 1H,115.382774,-20.834186,West Australian Petroleum Pty Limited,DEV,O,Barrow Island,19910616,19910620,20260417
Barrow_F44A,W001746,Northern Carnarvon,L 1H,115.383381,-20.840888,West Australian Petroleum Pty Limited,DEV,O,Barrow Island,19910326,19910402,20260417
Barrow_F82,W001759,Northern Carnarvon,L 1H,115.378961,-20.855762,West Australian Petroleum Pty Limited,DEV,P&S,Barrow Island,19910717,19910723,20260417
South Pepper 12 Deviated,W001761,Northern Carnarvon,TL/2,115.271704,-21.123505,Western Mining Corporation Ltd,DEV,P&A OG,South Pepper,19910228,19910511,20260417
South Pepper 12H,W001761,Northern Carnarvon,TL/2,115.271704,-21.123505,Western Mining Corporation Ltd,DEV,P&A OG,South Pepper,19910320,19910511,20260417
Eliassen 1,W001764,Northern Carnarvon,WA-209-P,116.403286,-20.081756,BHP Petroleum (Australia) Pty Ltd,NFW,P&A,,19910605,19910630,20260417
Tanami 2,W001784,Northern Carnarvon,TL/1,115.600504,-20.681333,Hadson Australia Development Pty Ltd,EXT,P&A,Tanami,19910929,19911022,20260417
Gregory 1,W001785,Northern Carnarvon,TP/8,115.533633,-20.826545,Phillips Australian Oil Company,NFW,P&A,,19910929,19911028,20260417
Cody 1,W001793,Northern Carnarvon,EP 325,114.296786,-21.966747,Mobil Exploration & Producing Australia Pty Ltd,NFW,P&A,,19911209,19920124,20260417
Perseus South 1,W002076,Northern Carnarvon,WA-1-L,116.03866,-19.593978,Woodside Offshore Petroleum Pty Ltd,NFW,P&A G,Perseus,19961009,19961029,20260417
Wandoo B5,W002093,Northern Carnarvon,WA-14-L,116.435818,-20.126764,Vermilion Oil & Gas Australia Pty Ltd,DEV,O,Wandoo,19961108,19970612,20260417
Wandoo B5 ST1,W002093,Northern Carnarvon,WA-14-L,116.435818,-20.126764,Vermilion Oil & Gas Australia Pty Ltd,DEV,Completed,Wandoo,20130204,20130314,20260417
Wandoo B6,W002094,Northern Carnarvon,WA-14-L,116.434466,-20.128083,Ampol Exploration Ltd,DEV,O,Wandoo,19961107,19970323,20260417
Wandoo B11,W002099,Northern Carnarvon,WA-14-L,116.434466,-20.128083,Ampol Exploration Ltd,DEV,O,Wandoo,19961109,19970403,20260417
Wandoo B11 ST1,W002099,Northern Carnarvon,WA-14-L,116.434466,-20.128083,Ampol Exploration Ltd,DEV,,Wandoo,20160522,,20260417
Keast 2,W002113,Northern Carnarvon,WA-6-L,115.801961,-19.70667,Woodside Offshore Petroleum Pty Ltd,EXT,P&A,Keast,19970313,19970402,20260417
Coburn 1,W002117,Southern Carnarvon,EP 401,114.226682,-26.69957,Pace Petroleum Pty Ltd,STR,P&A STR,,19970523,19970615,20260417
BMR Wanna 1,W002132,Officer,,127.630271,-28.366383,Geoscience Australia,STR,P&A STR,,19720101,19720101,20260417
GSWA Empress 1,W002146,Officer,,125.15814,-27.052311,Geological Survey of Western Australia (GSWA),STR,P&A STR,,19970621,19970828,20260417
GSWA Empress 1A,W002146,Officer,,125.15814,-27.052311,Geological Survey of Western Australia (GSWA),STR,P&A STR,,19970713,19970828,20260417
Rough Range 01A Re-Entry,W002159,Northern Carnarvon,EP 41,114.083572,-22.417584,Ampol Exploration Ltd,EXT,P&A OS,Rough Range,19870919,19870924,20260417
Tubridgi 12,W002169,Northern Carnarvon,L 9,114.836827,-21.804079,Boral Energy Resources Limited,DEV,P&A,Tubridgi,19971021,19971028,20260417
Saladin 15,W002176,Northern Carnarvon,TL/4,115.008281,-21.479474,West Australian Petroleum Pty Limited,DEV,P&A O,Saladin,19971103,19971119,20260417
Saladin 15 ST1,W002176,Northern Carnarvon,TL/4,115.008281,-21.479474,West Australian Petroleum Pty Limited,DEV,P&A O,Saladin,19971112,19971119,20260417
Saladin 15 ST2,W002176,Northern Carnarvon,TL/4,115.008281,-21.479474,West Australian Petroleum Pty Limited,DEV,P&A O,Saladin,19971114,19971119,20260417
Barrow_L67A,W002189,Northern Carnarvon,L 1H,115.395207,-20.819199,West Australian Petroleum Pty Limited,DEV,O,Barrow Island,19971015,19971019,20260417
Wowo Wiwi 1,W002194,Bonaparte,WA-260-P,126.320632,-10.990979,BHP Petroleum (Australia) Pty Ltd,NFW,P&A,,19980204,19980226,20260417
Caribou 1,W002198,Northern Carnarvon,WA-209-P,116.303908,-20.04259,Apache Energy Limited,NFW,P&A OGS,Caribou,19980119,19980306,20260417
Caribou 1 Re-Entry,W002198,Northern Carnarvon,WA-209-P,116.303908,-20.04259,Apache Energy Limited,NFW,P&A OGS,Caribou,19980330,19980424,20260417
Dockrell 2,W002203,Northern Carnarvon,WA-6-L,115.822391,-19.722912,Woodside Offshore Petroleum Pty Ltd,EXT,P&A OGS,Dockrell,19980330,19980428,20260417
Agincourt 5H,W002474,Northern Carnarvon,TL/6,115.514339,-20.668759,Apache Northwest Pty Ltd,DEV,P&A OS,Agincourt,20010717,20010807,20260417
Sandbar 1,W002486,Bonaparte,WA-280-P,128.748525,-14.596305,Woodside Energy Ltd,NFW,P&A OS,,20010905,20011005,20260417
Barrow_K44A,W002497,Northern Carnarvon,L 1H,115.352196,-20.812063,Chevron Australia Pty Ltd,DEV,P&S,Barrow Island,20010921,20010924,20260417
Carlston 1,W002515,Southern Carnarvon,EP 410,114.188588,-23.830931,Empire Services Pty Ltd,NFW,P&A,,20011230,20020213,20260417
East Spar 5,W002525,Northern Carnarvon,WA-13-L,114.990229,-20.674738,Apache Oil Australia Pty Ltd,EXT,P&A GS,East Spar,20020220,20020303,20260417
Hoover 1,W002530,Northern Carnarvon,TL/1,115.597868,-20.744234,Apache Northwest Pty Ltd,NFW,P&A OS,Hoover,20020401,20020405,20260417
South Simpson 1 BHC1,W002547,Northern Carnarvon,TL/1,115.584943,-20.673373,Apache Northwest Pty Ltd,NFW,P&A,,20020825,20020910,20260417
South Simpson 1,W002547,Northern Carnarvon,TL/1,115.584943,-20.673373,Apache Northwest Pty Ltd,NFW,P&A O,,20020818,20020910,20260417
Hovea 7,W002580,Perth,L 1,115.041694,-29.319092,Arc Energy NL,DEV,P&A O,Hovea,20030215,20030224,20260417
West Simpson 1,W002584,Northern Carnarvon,TL/1,115.585538,-20.67219,Apache Northwest Pty Ltd,DEV,P&A,Simpson,20030227,20030317,20260417
Ichthys 1,W002605,Browse,WA-285-P,123.191248,-13.94603,Inpex Browse Ltd,NFW,P&A,Ichthys,20030619,,20260417
Ichthys 1A,W002605,Browse,WA-285-P,123.191248,-13.94603,Inpex Browse Ltd,NFW,P&A GS,Ichthys,20030712,20031007,20260417
Kilauea 1,W002608,Northern Carnarvon,WA-257-P,115.95626,-20.234915,Apache Northwest Pty Ltd,NFW,P&A,,20030702,20030718,20260417
Ravensworth 1,W002609,Northern Carnarvon,WA-155-P,114.083841,-21.527515,BHP Billiton Petroleum (Australia) Pty Ltd,NFW,P&A OGS,Ravensworth,20030715,20030727,20260417
Ravensworth 1 CH1,W002609,Northern Carnarvon,WA-155-P,114.083841,-21.527515,BHP Billiton Petroleum (Australia) Pty Ltd,NFW,P&A OGS,Ravensworth,20030722,20030727,20260417
Felicia 1,W002615,Northern Carnarvon,TL/1,115.590566,-20.71703,Apache Northwest Pty Ltd,NFW,P&A,,20030804,20030810,20260417
Taunton 3,W002618,Northern Carnarvon,TL/2,115.114287,-21.319047,Apache Airlie Pty Limited,EXT,P&A OS,,20030816,20030824,20260417
Taunton 3 L1,W002618,Northern Carnarvon,TL/2,115.114287,-21.319047,Apache Airlie Pty Limited,EXT,P&A OS,,20030821,20030824,20260417
Hyssop 1,W002619,Northern Carnarvon,TP/7,115.441791,-21.233037,Apache Oil Australia Pty Ltd,NFW,P&A,,20030825,20030828,20260417
Campbell 6,W002623,Northern Carnarvon,TL/5,115.730245,-20.414054,Apache Northwest Pty Ltd,EXT,P&A GS,Campbell,20030903,20030915,20260417
Whicher Range 5 ST1,W002634,Perth,EP 408,115.361174,-33.847381,Amity Oil NL,EXT,P&A,Whicher Range,20031224,,20260417
Whicher Range 5,W002634,Perth,EP 408,115.361174,-33.847381,Amity Oil NL,EXT,P&A G,Whicher Range,20031011,20040121,20260417
Rhebok 1,W002413,Northern Carnarvon,WA-261-P,116.232485,-20.343973,Apache Northwest Pty Ltd,NFW,P&A,,20000922,20000926,20260417
Barrow_P83A,W002415,Northern Carnarvon,L 1H,115.40134,-20.79788,Chevron Australia Pty Ltd,DEV,O,Barrow Island,20000924,20001001,20260417
Nettie 1,W002419,Northern Carnarvon,TP/8,115.742129,-20.987479,Apache Northwest Pty Ltd,NFW,P&A,,20001005,20001010,20260417
Hero 1,W002430,Northern Carnarvon,EP 137,115.827178,-21.280666,Tap Oil Limited,NFW,P&A,Mardie,20001107,20001119,20260417
GWA 18,W002447,Northern Carnarvon,WA-5-L,115.928379,-19.656771,Woodside Energy Ltd,DEV,G&C,Goodwyn,20010206,20010613,20260417
Stag 22,W002453,Northern Carnarvon,WA-15-L,116.256193,-20.297681,Apache Energy Limited,DEV,P&A OS,Stag,20010312,20010317,20260417
Delilah 1,W002455,Northern Carnarvon,WA-208-P,116.661736,-19.720282,Woodside Energy Ltd,NFW,P&A,Legendre South,20010315,20010331,20260417
Stag 23H,W002462,Northern Carnarvon,WA-15-L,116.273985,-20.289948,Apache Northwest Pty Ltd,DEV,P&A O,Stag,20010424,20010523,20260417
Manaslu 1,W002463,Northern Carnarvon,WA-292-P,117.36698,-18.615751,IB Resources Pty Ltd,NFW,P&A,,20010524,20010610,20260417
Harpy 1,W002465,Northern Carnarvon,WA-264-P,114.658116,-21.476156,Santos Limited,NFW,P&A,,20010525,20010603,20260417
Yodel 3,W002469,Northern Carnarvon,WA-28-P,115.748302,-19.73806,Woodside Energy Ltd,DEV,SUSP GC,Echo Yodel,20010609,20010628,20260417
Endeavor 1,W002472,Bonaparte,WA-278-P,126.373115,-12.853564,Kerr-McGee NW Shelf Australia Energy Pty Ltd,NFW,P&A,,20010707,20010803,20260417
Beharra Springs North 1,W002473,Perth,L 11,115.145386,-29.434148,Origin Energy Developments Pty Limited,NFW,G,Beharra Springs,20010712,20010815,20260417
Blacktip 1,W002475,Bonaparte,WA-279-P,128.484698,-13.90414,Woodside Energy Ltd,NFW,P&A GS,Blacktip,20010725,20010903,20260417
Simpson 3H BHC2,W002479,Northern Carnarvon,TL/1,115.584899,-20.673379,Apache Northwest Pty Ltd,DEV,P&A O,Simpson,20010820,20010826,20260417
Simpson 3H,W002479,Northern Carnarvon,TL/1,115.584899,-20.673379,Apache Northwest Pty Ltd,DEV,P&A,Simpson,20010809,20010826,20260417
Simpson 3H BHC1,W002479,Northern Carnarvon,TL/1,115.584899,-20.673379,Apache Northwest Pty Ltd,DEV,P&A,Simpson,20010819,20010826,20260417
South Plato 2,W002496,Northern Carnarvon,TL/6,115.564438,-20.699323,Apache Northwest Pty Ltd,EXT,P&A OS,South Plato,20011012,20011025,20260417
Cliff Head 2,W002514,Perth,WA-286-P,114.869758,-29.464578,Roc Oil (WA) Pty Limited,EXT,P&A OS,Cliff Head,20011231,20020105,20260417
Exeter 1,W002531,Northern Carnarvon,WA-191-P,116.566441,-19.304321,Santos Limited,NFW,P&A OS,Exeter,20020405,20020419,20260417
Woollybutt 1H ST1,W002541,Northern Carnarvon,WA-234-P,114.910085,-20.903037,AGIP Australia BV,DEV,P&A,Woollybutt,20020914,,20260417
Woollybutt 1H,W002541,Northern Carnarvon,WA-234-P,114.910085,-20.903037,AGIP Australia BV,DEV,O,Woollybutt,20020722,20021012,20260417
Dongara 26,W001654,Perth,L 2,114.972256,-29.245952,West Australian Petroleum Pty Limited,DEV,P&A,Dongara,19900327,19900418,20260417
North Herald 4,W001656,Northern Carnarvon,TL/2,115.265149,-21.173922,Western Mining Corporation Ltd,DEV,P&A,North Herald,19900712,19900729,20260417
HA 07,W001669,Northern Carnarvon,TL/1,115.614219,-20.602196,Hadson Australia Development Pty Ltd,DEV,P&A O,Harriet,19900512,19900612,20260417
NRA 21,W001670,Northern Carnarvon,WA-1-L,116.137737,-19.583955,Woodside Offshore Petroleum Pty Ltd,DEV,SUSP G,North Rankin,19901017,19910402,20260417
HB 4,W001671,Northern Carnarvon,TL/1,115.637588,-20.575162,Hadson Australia Development Pty Ltd,EXT,P&A,Harriet,19900614,19900629,20260417
Kite 1,W001674,Bonaparte,WA-147-P,126.438009,-12.066356,Western Mining Corporation Ltd,NFW,P&A,,19900625,19900728,20260417
Barrow_F82J,W001676,Northern Carnarvon,L 1H,115.378541,-20.855866,West Australian Petroleum Pty Limited,DEV,P&A,Barrow Island,19900906,19910526,20260417
Venture 1,W001683,Northern Carnarvon,WA-25-P,115.322071,-20.140082,West Australian Petroleum Pty Limited,NFW,P&A,,19900820,19901105,20260417
Venture 1 ST1,W001683,Northern Carnarvon,WA-25-P,115.322071,-20.140082,West Australian Petroleum Pty Limited,NFW,P&A,,19901007,19901105,20260417
Barrow_L84A,W001709,Northern Carnarvon,L 1H,115.383622,-20.826791,West Australian Petroleum Pty Limited,DEV,O,Barrow Island,19901211,19901218,20260417
Barrow_L88A,W001710,Northern Carnarvon,L 1H,115.399036,-20.826509,West Australian Petroleum Pty Limited,DEV,O,Barrow Island,19960819,19960823,20260417
Scarpia 1,W001711,Canning,EP 101,124.844633,-18.052127,Kufpec Australia Pty Ltd,NFW,P&A,,19901015,19901102,20260417
NRA 22,W001717,Northern Carnarvon,WA-1-L,116.138037,-19.584255,Woodside Offshore Petroleum Pty Ltd,EXT,G,Perseus,19901017,19910708,20260417
South Pepper 14,W001722,Northern Carnarvon,TL/2,115.297843,-21.123919,Western Mining Corporation Ltd,EXT,P&A OS,South Pepper,19901208,19901229,20260417
South Pepper 14 ST1,W001722,Northern Carnarvon,TL/2,115.297843,-21.123919,Western Mining Corporation Ltd,EXT,P&A OS,South Pepper,19901217,19901229,20260417
Trochus 1,W001733,Browse,WA-207-P,121.101691,-15.923505,Shell Development (Australia) Pty Ltd,NFW,P&A,,19910313,19910403,20260417
Dugong 1,W001763,Northern Carnarvon,L 10,115.45962,-20.891821,West Australian Petroleum Pty Limited,NFW,P&A,,19910411,19910502,20260417
Wingette 1,W001765,Northern Carnarvon,EP 41,113.845643,-22.391378,Ampol Exploration Ltd,NFW,P&A,,19920105,19920123,20260417
West Pepper 1,W001774,Northern Carnarvon,TL/2,115.212127,-21.084747,Western Mining Corporation Ltd,NFW,P&A,,19910517,19910603,20260417
Tuart 1,W001776,Perth,WA-220-P,115.359104,-31.950157,Ampol Exploration Ltd,NFW,P&A,,19910711,19910820,20260417
Harbinger 1,W001783,Bonaparte,WA-217-P,126.745994,-12.218593,Kufpec Australia Pty Ltd,NFW,P&A,,19910928,19911109,20260417
North Alkimos 1,W002385,Northern Carnarvon,TL/6,115.570167,-20.609159,Apache Northwest Pty Ltd,NFW,P&A OGS,North Alkimos,20000525,20000607,20260417
Triller 1,W002393,Northern Carnarvon,TL/3,115.386913,-20.681468,Chevron Australia Pty Ltd,NFW,P&A OS,,20000628,20000707,20260417
Clementine 1,W002402,Northern Carnarvon,EP 403,115.857174,-20.471746,Apache Northwest Pty Ltd,NFW,P&A,,20000813,20000818,20260417
Gaea 1,W002429,Northern Carnarvon,WA-1-L,116.05101,-19.637385,Woodside Energy Ltd,NFW,P&A GS,Gaea,20001104,20001213,20260417
GSWA Ginginup 1,W002446,Perth,,115.905649,-31.315427,Geological Survey of Western Australia (GSWA),STR,P&A STR,,19691112,19691216,20260417
Gibson 1,W002449,Northern Carnarvon,TL/6,115.564405,-20.6993,Apache Northwest Pty Ltd,NFW,P&A O,Gibson,20010216,20010311,20260417
Gudrun 1,W002490,Northern Carnarvon,TL/1,115.618085,-20.630329,Apache Northwest Pty Ltd,NFW,P&A OS,Gudrun,20011005,20011010,20260417
Barrow_K84A,W002498,Northern Carnarvon,L 1H,115.352257,-20.826968,Chevron Australia Pty Ltd,DEV,O,Barrow Island,20010926,20010929,20260417
Barrow_F46A,W002500,Northern Carnarvon,L 1H,115.390032,-20.839665,Chevron Australia Pty Ltd,DEV,O,Barrow Island,20011007,20011010,20260417
Griffin 9,W002510,Northern Carnarvon,WA-10-L,114.637285,-21.209139,BHP Petroleum (Australia) Pty Ltd,DEV,SUSP O,Griffin,20011128,20020131,20260417
Griffin 9 ST1,W002510,Northern Carnarvon,WA-10-L,114.637285,-21.209139,BHP Petroleum (Australia) Pty Ltd,DEV,SUSP O,Griffin,20011226,20020131,20260417
Great Victoria 1,W002511,Northern Carnarvon,TP/8,115.554107,-20.779912,Apache Northwest Pty Ltd,NFW,P&A,,20011204,20011217,20260417
Double Island 1H ST1,W002520,Northern Carnarvon,TP/8,115.505524,-20.755878,Apache Northwest Pty Ltd,DEV,P&A,Double Island,20020130,20020209,20260417
Double Island 1H ST2 (inc. BHC 1-3),W002520,Northern Carnarvon,TP/8,115.505524,-20.755878,Apache Northwest Pty Ltd,DEV,SUSP O,Double Island,20020201,20020209,20260417
Double Island 1H,W002520,Northern Carnarvon,TP/8,115.505524,-20.755878,Apache Northwest Pty Ltd,DEV,Shut in,Double Island,20020127,20020209,20260417
Corowa Flank 1,W002521,Northern Carnarvon,WA-264-P,114.559153,-21.473483,Santos Offshore Pty Ltd,NFW,P&A,,20020201,20020218,20260417
Stag 24H BHC1,W002532,Northern Carnarvon,WA-15-L,116.275307,-20.289995,Apache Northwest Pty Ltd,DEV,P&A,Stag,20020413,20020417,20260417
Stag 24H,W002532,Northern Carnarvon,WA-15-L,116.275307,-20.289995,Apache Northwest Pty Ltd,DEV,P&A O,Stag,20020408,20020417,20260417
Stag 24H BHC2,W002532,Northern Carnarvon,WA-15-L,116.275307,-20.289995,Apache Northwest Pty Ltd,DEV,P&A O,Stag,20020413,20020417,20260417
Mutineer 2,W002535,Northern Carnarvon,WA-191-P,116.635682,-19.231282,Santos Limited,EXT,P&A,Mutineer,20020420,20020504,20260417
Hovea 3,W002544,Perth,L 1,115.041289,-29.317965,Arc Energy NL,WASTE_DISPOS,P&A,Hovea,20020803,20020927,20260417
Trealla 1,W001794,Northern Carnarvon,EP 359,114.057867,-22.290444,Ampol Exploration Ltd,NFW,P&A,,19911130,19920102,20260417
Trealla 1A,W001794,Northern Carnarvon,EP 359,114.057867,-22.290444,Ampol Exploration Ltd,NFW,P&A,,19911204,19920102,20260417
Trealla 1A ST1,W001794,Northern Carnarvon,EP 359,114.057867,-22.290444,Ampol Exploration Ltd,NFW,P&A,,19911218,19920102,20260417
Cossack 2,W001795,Northern Carnarvon,WA-9-L,116.497363,-19.554878,Woodside Petroleum (W.A. Oil) Pty Ltd,DEV,P&A O,Cossack,19911210,19920210,20260417
Loggerhead 1,W001827,Northern Carnarvon,EP 342,114.285461,-21.742461,Lasmo Oil (Australia) Limited,NFW,P&A,,19921028,19921207,20260417
Roller 08,W001870,Northern Carnarvon,TP/3,114.92379,-21.636149,West Australian Petroleum Pty Limited,DEV,P&A OS,Roller,19931010,19931029,20260417
Roller 8 ST1,W001870,Northern Carnarvon,TP/3,114.92379,-21.636149,West Australian Petroleum Pty Limited,DEV,P&A OS,Roller,19931016,19931029,20260417
Roller 8 ST1A,W001870,Northern Carnarvon,TP/3,114.92379,-21.636149,West Australian Petroleum Pty Limited,DEV,P&A OS,Roller,19931023,19931029,20260417
Tingle 1,W001871,Northern Carnarvon,WA-202-P,116.470534,-20.158174,Ampol Exploration Ltd,NFW,P&A,,19931019,19931101,20260417
Mt Horner 14,W001873,Perth,L 7,115.088721,-29.122689,Discovery Petroleum NL,EXT,P&A O,Mount Horner,19931114,19931210,20260417
Roller 09,W001876,Northern Carnarvon,TP/3,114.923801,-21.636169,West Australian Petroleum Pty Limited,DEV,P&A OS,Roller,19931030,19931107,20260417
Roller 07H,W001882,Northern Carnarvon,TP/3,114.942568,-21.615693,West Australian Petroleum Pty Limited,DEV,P&A O,Roller,19931127,19931212,20260417
Roller 07 Pilot,W001882,Northern Carnarvon,TP/3,114.942568,-21.615693,West Australian Petroleum Pty Limited,DEV,P&A O,Roller,19931118,19931127,20260417
Cimba 1,W001897,Northern Carnarvon,WA-225-P,117.939343,-18.81066,Kufpec Australia Pty Ltd,NFW,P&A,,19940214,19940314,20260417
Tanami 3 ST2,W001912,Northern Carnarvon,EP 307,115.579672,-20.653544,Hadson Australia Development Pty Ltd,EXT,SUSP O,Tanami,19940731,19940809,20260417
Tanami 3,W001912,Northern Carnarvon,EP 307,115.579672,-20.653544,Hadson Australia Development Pty Ltd,EXT,P&A O,Tanami,19940629,19940809,20260417
Tanami 3 ST1,W001912,Northern Carnarvon,EP 307,115.579672,-20.653544,Hadson Australia Development Pty Ltd,EXT,P&A O,Tanami,19940706,19940809,20260417
Helvetius 1,W001916,Bonaparte,WA-235-P,126.973746,-12.139427,Mount Isa Mines Limited,NFW,P&A,,19940609,19940724,20260417
Helvetius 1 ST1,W001916,Bonaparte,WA-235-P,126.973746,-12.139427,Mount Isa Mines Limited,NFW,P&A,,19940609,19940724,20260417
Helvetius 1 ST2,W001916,Bonaparte,WA-235-P,126.973746,-12.139427,Mount Isa Mines Limited,NFW,P&A,,19940609,19940724,20260417
Wanaea 7 ST1,W001919,Northern Carnarvon,WA-11-L,116.435158,-19.5921,Woodside Offshore Petroleum Pty Ltd,DEV,SUSP GC,Wanaea,19940717,19940915,20260417
Barrow_X62J,W001971,Northern Carnarvon,LP-113H,115.423477,-20.73237,West Australian Petroleum Pty Limited,EXT,P&A,Barrow Island,19650518,19650702,20260417
Dandaragan 1,W001991,Perth,EP 321,115.808879,-30.596515,Discovery Petroleum NL,NFW,P&A,,19950815,19950826,20260417
Barrow_M23A,W002018,Northern Carnarvon,L 1H,115.410096,-20.804273,West Australian Petroleum Pty Limited,DEV,P&S,Barrow Island,19960304,19960308,20260417
Barrow_G62B,W002023,Northern Carnarvon,L 1H,115.344743,-20.848777,West Australian Petroleum Pty Limited,DEV,P&S,Barrow Island,19960225,19960228,20260417
GSWA Trainor 1,W002034,Officer,,122.74115,-24.525605,Geological Survey of Western Australia (GSWA),STR,P&A STR,,19951101,19951110,20260417
Elk 1,W002038,Northern Carnarvon,WA-209-P,116.281422,-20.225576,Apache Energy Limited,NFW,P&A,,19960428,19960505,20260417
Antler 1,W002039,Northern Carnarvon,WA-209-P,116.197138,-20.29603,Apache Energy Limited,NFW,P&A,,19960419,19960427,20260417
Dionysus 1,W002048,Northern Carnarvon,WA-253-P,114.884787,-20.082111,West Australian Petroleum Pty Limited,NPW,P&A G,Chrysaor/Dionysus,19960622,19960918,20260417
Barrow_G66B,W002057,Northern Carnarvon,L 1H,115.360178,-20.848687,West Australian Petroleum Pty Limited,DEV,O,Barrow Island,19960803,19960806,20260417
Saladin 14,W002064,Northern Carnarvon,TL/4,115.024492,-21.459029,West Australian Petroleum Pty Limited,DEV,P&A O,Saladin,19960818,19960906,20260417
Livet 1,W002068,Perth,WA-226-P,112.904209,-27.27466,Seafield Resources PLC,NFW,P&A,,19960822,19960912,20260417
Cowle 3,W002069,Northern Carnarvon,TL/4,114.969648,-21.522192,West Australian Petroleum Pty Limited,DEV,P&A O,Cowle,19960916,19960923,20260417
Barrow_M43A,W002073,Northern Carnarvon,L 1H,115.410233,-20.812218,West Australian Petroleum Pty Limited,DEV,O,Barrow Island,19960831,19960904,20260417
Barrow_Y46M,W002087,Northern Carnarvon,L 1H,115.405969,-20.726287,West Australian Petroleum Pty Limited,NPW,P&A,Barrow Island,19961211,19961222,20260417
Wandoo B2,W002090,Northern Carnarvon,WA-14-L,116.434466,-20.128083,Ampol Exploration Ltd,DEV,O,Wandoo,19961110,19970411,20260417
Wandoo B 2A,W002090,Northern Carnarvon,WA-14-L,116.434466,-20.128083,Ampol Exploration Ltd,DEV,O,Wandoo,19970411,19970415,20260417
Wandoo B7,W002095,Northern Carnarvon,WA-14-L,116.434466,-20.128083,Ampol Exploration Ltd,DEV,O,Wandoo,19961109,19970427,20260417
Pitcairn 1,W002118,Northern Carnarvon,WA-191-P,116.630917,-19.271875,Santos Australia Ltd,NFW,P&A,,19970512,19970623,20260417
Wandoo South 1,W002119,Northern Carnarvon,WA-14-L,116.416423,-20.173338,Ampol Exploration Ltd,EXT,P&A,Wandoo,19970621,19970630,20260417
BMR Neale 3,W002134,Officer,,125.821395,-28.165286,Geoscience Australia,STR,P&A STR,,19720101,19720101,20260417
GWA 12,W002137,Northern Carnarvon,WA-5-L,115.929776,-19.65217,Woodside Offshore Petroleum Pty Ltd,DEV,G&C,Goodwyn,19970405,19970803,20260417
Ocean Hill 1,W001732,Perth,EP 320,115.397858,-29.935637,Arrow Petroleum Limited,NFW,P&A GS,,19910315,19910517,20260417
Barrow_F43A,W001745,Northern Carnarvon,L 1H,115.379651,-20.841823,West Australian Petroleum Pty Limited,DEV,O,Barrow Island,19910317,19910324,20260417
Barrow_G28A,W001750,Northern Carnarvon,L 1H,115.367519,-20.83401,West Australian Petroleum Pty Limited,DEV,O,Barrow Island,19910628,19910703,20260417
Barrow_F33M,W001758,Northern Carnarvon,L 1H,115.380874,-20.83773,West Australian Petroleum Pty Limited,DEV,O,Barrow Island,19930314,19930326,20260417
South Pepper 13,W001762,Northern Carnarvon,TL/2,115.271704,-21.123505,Western Mining Corporation Ltd,DEV,P&A OG,South Pepper,19910301,19910511,20260417
Woodada 12,W001771,Perth,L 5,115.129864,-29.835064,Consolidated Gas Pty Ltd,EXT,P&A G,Woodada,19910530,19910712,20260417
Mullering 1,W001800,Perth,EP 323,115.326373,-30.689458,Arrow Petroleum Limited,NFW,P&A,,19920311,19920329,20260417
Chapman Hill 1,W001801,Perth,EP 340,115.315039,-33.77109,Discovery Petroleum NL,NFW,P&A,,19920402,19920412,20260417
Campbell 4,W001806,Northern Carnarvon,TL/5,115.73025,-20.414038,Hadson Australia Development Pty Ltd,EXT,P&A,Campbell,19920514,19920608,20260417
Campbell 4ST,W001806,Northern Carnarvon,TL/5,115.73025,-20.414038,Hadson Australia Development Pty Ltd,EXT,P&A,Campbell,19920527,19920608,20260417
Sinbad 2,W001812,Northern Carnarvon,TL/5,115.721068,-20.483366,Hadson Australia Development Pty Ltd,EXT,P&A G,Sinbad,19920618,19920721,20260417
Scindian 2H,W001823,Northern Carnarvon,WA-10-L,114.69342,-21.20423,BHP Petroleum (Australia) Pty Ltd,DEV,P&A O,Chinook/Scindian,19921224,19930428,20260417
Scindian 2,W001823,Northern Carnarvon,WA-10-L,114.69342,-21.20423,BHP Petroleum (Australia) Pty Ltd,DEV,P&A O,Chinook/Scindian,19921203,19930428,20260417
Griffin 5H,W001834,Northern Carnarvon,WA-210-P,114.637455,-21.2084,BHP Petroleum (Australia) Pty Ltd,DEV,SUSP O,Griffin,19930113,19930223,20260417
Mt Horner 13,W001835,Perth,L 7,115.081706,-29.118046,Discovery Petroleum NL,DEV,P&A O,Mount Horner,19930226,19930330,20260417
Araucaria 1,W001839,Perth,WA-221-P,115.362335,-32.211397,Petrofina Exploration Australia,NFW,P&A,,19930601,19930706,20260417
Nebo 1,W001841,Northern Carnarvon,WA-225-P,117.828702,-18.779344,Kufpec Australia Pty Ltd,NFW,P&A OS,,19930420,19930529,20260417
Stag 1,W001851,Northern Carnarvon,WA-209-P,116.256677,-20.288598,Hadson Energy Limited,NFW,P&A OS,Stag,19930611,19930624,20260417
Jade 1,W001856,Northern Carnarvon,EP 110,114.988512,-21.720908,Pan Pacific Petroleum NL,NFW,P&A,,19930809,19930816,20260417
Canegrass 1,W001868,Canning,EP 129,124.226969,-17.390296,Bow Valley (Australia) Ltd,NFW,P&A,,19931014,19931106,20260417
East Spar 3,W001880,Northern Carnarvon,WA-214-P,114.973962,-20.733664,Western Mining Corporation Ltd,EXT,G&C,East Spar,19931108,19931223,20260417
Kittiwake 1,W002204,Bonaparte,WA-199-P,125.951942,-11.181314,Boral Energy Resources Limited,NFW,P&A OGS,,19980330,19980429,20260417
Kittiwake 1 ST1,W002204,Bonaparte,WA-199-P,125.951942,-11.181314,Boral Energy Resources Limited,NFW,P&A OGS,,19980501,19980517,20260417
Barrow_F28A,W002209,Northern Carnarvon,L 1H,115.384674,-20.835258,West Australian Petroleum Pty Limited,DEV,Shut in,Barrow Island,19971029,19971104,20260417
Barrow_P63A,W002223,Northern Carnarvon,L 1H,115.410396,-20.790468,West Australian Petroleum Pty Limited,DEV,P&S,Barrow Island,19980102,19980105,20260417
Barrow_T84,W002224,Northern Carnarvon,L 1H,115.397332,-20.768515,West Australian Petroleum Pty Limited,DEV,P&S,Barrow Island,19980105,19980108,20260417
Stag 9H,W002240,Northern Carnarvon,WA-209-P,116.275299,-20.289978,Apache Northwest Pty Ltd,DEV,O,Stag,19970830,19971112,20260417
Stag 9H L1,W002240,Northern Carnarvon,WA-209-P,116.275299,-20.289978,Apache Northwest Pty Ltd,DEV,O,Stag,20061015,20061020,20260417
Stag 9H ST3,W002240,Northern Carnarvon,WA-209-P,116.275299,-20.289978,Apache Northwest Pty Ltd,DEV,P&A O,Stag,19971007,19971112,20260417
Stag 9H ST1,W002240,Northern Carnarvon,WA-209-P,116.275299,-20.289978,Apache Northwest Pty Ltd,DEV,A,Stag,19971004,19971112,20260417
Stag 9H ST2,W002240,Northern Carnarvon,WA-209-P,116.275299,-20.289978,Apache Northwest Pty Ltd,DEV,A,Stag,19971006,19971112,20260417
Stag 10H,W002241,Northern Carnarvon,WA-209-P,116.275313,-20.289976,Apache Northwest Pty Ltd,DEV,P&A O,Stag,19970830,19971112,20260417
Stag 15H,W002246,Northern Carnarvon,WA-209-P,116.275335,-20.289979,Apache Northwest Pty Ltd,WIW,A,Stag,19980418,19980706,20260417
Stag 15H L2,W002246B,Northern Carnarvon,WA-15-L,116.275335,-20.289979,Apache Energy Limited,DEV,O,Stag,20000722,20000803,20260417
Caspar 1,W002252,Browse,WA-239-P,123.909869,-14.540691,BHP Petroleum (Australia) Pty Ltd,NFW,P&A GS,,19980610,19980615,20260417
Caspar 1A,W002252,Browse,WA-239-P,123.909869,-14.540691,BHP Petroleum (Australia) Pty Ltd,NFW,P&A GS,,19980616,19980626,20260417
Rose 1,W002257,Northern Carnarvon,TL/1,115.717355,-20.595052,Apache Northwest Pty Ltd,NFW,P&A GC,Rose,19980708,19980802,20260417
Wandoo A6H1 Phase 1,W002260,Northern Carnarvon,WA-14-L,116.422907,-20.137377,Ampolex (Legendre) Limited,DEV,P&A O,Wandoo,19980809,19980820,20260417
Wandoo A6H2,W002260,Northern Carnarvon,WA-14-L,116.422907,-20.137377,Ampolex (Legendre) Limited,DEV,P&A O,Wandoo,19980812,19980820,20260417
Wandoo A6H1 Phase 2,W002260,Northern Carnarvon,WA-14-L,116.422907,-20.137377,Ampolex (Legendre) Limited,DEV,P&A O,Wandoo,19980815,19980820,20260417
Wandoo A6,W002260,Northern Carnarvon,WA-14-L,116.422907,-20.137377,Ampolex (Legendre) Limited,DEV,O,Wandoo,19950121,19950216,20260417
Wandoo A6H3,W002260,Northern Carnarvon,WA-14-L,116.422907,-20.137377,Ampolex (Legendre) Limited,DEV,O,Wandoo,20101010,20101019,20260417
Woollybutt 2A ST3,W002542,Northern Carnarvon,WA-234-P,114.90621,-20.917809,AGIP Australia BV,DEV,Completed,Woollybutt,20020815,,20260417
Woollybutt 2H,W002542,Northern Carnarvon,WA-234-P,114.90621,-20.917809,AGIP Australia BV,DEV,P&A,Woollybutt,20020724,20020911,20260417
Woollybutt 2A ST2,W002542,Northern Carnarvon,WA-234-P,114.90621,-20.917809,AGIP Australia BV,DEV,P&A,Woollybutt,20020728,,20260417
Simpson 4,W002543,Northern Carnarvon,TL/1,115.584907,-20.673381,Apache Northwest Pty Ltd,EXT,P&A,Simpson,20020731,20020817,20260417
Simpson 4 H,W002543,Northern Carnarvon,TL/1,115.584907,-20.673381,Apache Northwest Pty Ltd,EXT,P&A,Simpson,20020810,20020817,20260417
Enfield 5,W002548,Northern Carnarvon,WA-271-P,113.957238,-21.507937,Woodside Energy Ltd,EXT,P&A OGS,Enfield,20020911,20020925,20260417
Victoria 2,W002549,Northern Carnarvon,TL/6,115.571704,-20.739473,Apache Northwest Pty Ltd,EXT,P&A,Victoria,20020915,20020922,20260417
Twin Lions 1,W002575,Perth,TP/15,114.886461,-29.369522,Roc Oil (WA) Pty Limited,NFW,P&A,,20030201,20030210,20260417
Gibson 2H BHC2,W002581,Northern Carnarvon,TL/6,115.564404,-20.699278,Apache Northwest Pty Ltd,DEV,P&A,Gibson,20030221,20030225,20260417
Gibson 2H,W002581,Northern Carnarvon,TL/6,115.564404,-20.699278,Apache Northwest Pty Ltd,DEV,P&A O,Gibson,20030216,20030225,20260417
Gibson 2H BHC1,W002581,Northern Carnarvon,TL/6,115.564404,-20.699278,Apache Northwest Pty Ltd,DEV,P&A O,Gibson,20030218,20030225,20260417
Guilford 1,W002596,Northern Carnarvon,WA-269-P,115.255974,-19.653073,Woodside Energy Ltd,NFW,P&A,,20030417,20030505,20260417
Campbell 7,W002624,Northern Carnarvon,TL/5,115.730245,-20.414054,Apache Northwest Pty Ltd,EXT,P&A,Campbell,20030912,20030915,20260417
CRA PER 9,W002638,Perth,EP 181,115.655299,-29.172168,CRA Exploration Pty Ltd,STR,P&A STR,,19830210,19830211,20260417
Gipsy 4,W002641,Northern Carnarvon,TL/1,115.728746,-20.635257,Apache Northwest Pty Ltd,DEV,P&A O,Gipsy,20031019,20031109,20260417
Hovea 10,W002642,Perth,L 1,115.044447,-29.328809,Arc Energy NL,WIW,P&A,Hovea,20031028,20031112,20260417
Simpson 8,W002646,Northern Carnarvon,TL/1,115.584902,-20.67336,Apache Northwest Pty Ltd,EXT,P&A OS,Simpson,20031129,20031210,20260417
Simpson 8 BHC1,W002646,Northern Carnarvon,TL/1,115.584902,-20.67336,Apache Northwest Pty Ltd,EXT,P&A OS,Simpson,20031201,20031210,20260417
Ichthys 2,W002647,Browse,WA-285-P,123.157837,-13.900153,Inpex Browse Ltd,EXT,P&A,Ichthys,20031129,,20260417
Ichthys 2A ST1,W002647,Browse,WA-285-P,123.157837,-13.900153,Inpex Browse Ltd,EXT,P&A,Ichthys,20031216,,20260417
Ichthys 2A,W002647,Browse,WA-285-P,123.157837,-13.900153,Inpex Browse Ltd,EXT,P&A GS,Ichthys,20031207,20040217,20260417
Ichthys 2A ST2,W002647,Browse,WA-285-P,123.157837,-13.900153,Inpex Browse Ltd,EXT,P&A GS,Ichthys,20040121,20040217,20260417
Bounty 3,W002658,Northern Carnarvon,WA-191-P,116.64477,-19.283127,Santos Limited,EXT,P&A OS,,20040216,20040224,20260417
East Spar 3 ST1,W001880,Northern Carnarvon,WA-214-P,114.973962,-20.733664,Western Mining Corporation Ltd,EXT,SUSP GC,East Spar,19931127,19931223,20260417
Crackling 1,W001881,Northern Carnarvon,EP 341,115.559439,-21.185898,Command Petroleum Holdings NL,NFW,P&A,,19931113,19931125,20260417
Arranoo 1,W001886,Perth,L 7,115.078913,-29.13869,Discovery Petroleum NL,NFW,P&A OS,,19940126,19940213,20260417
Skate 5 Pilot,W001893,Northern Carnarvon,TL/7,114.980156,-21.596973,West Australian Petroleum Pty Limited,DEV,P&A O,Skate,19931226,19931229,20260417
Skate 5H,W001893,Northern Carnarvon,TL/7,114.980156,-21.596973,West Australian Petroleum Pty Limited,DEV,P&A O,Skate,19931230,19940118,20260417
Kanji 1,W001901,Northern Carnarvon,WA-243-P,116.84155,-20.035934,Ampol Exploration Ltd,NFW,P&A,,19940227,19940312,20260417
Crest 3,W001909,Northern Carnarvon,EP 65,115.02132,-21.456113,West Australian Petroleum Pty Limited,EXT,P&A O,Crest,19940425,19940503,20260417
Saladin 11,W001910,Northern Carnarvon,TL/4,115.024542,-21.458521,West Australian Petroleum Pty Limited,DEV,P&A O,Saladin,19940710,19940807,20260417
Saladin 11 Pilot,W001910,Northern Carnarvon,TL/4,115.024542,-21.458521,West Australian Petroleum Pty Limited,DEV,P&A O,Saladin,19940601,19940807,20260417
Saladin 11 Pilot ST1,W001910,Northern Carnarvon,TL/4,115.024542,-21.458521,West Australian Petroleum Pty Limited,DEV,P&A O,Saladin,19940615,19940807,20260417
Saladin 11 ST1,W001910,Northern Carnarvon,TL/4,115.024542,-21.458521,West Australian Petroleum Pty Limited,DEV,P&A O,Saladin,19940722,19940807,20260417
Saladin 11 ST2,W001910,Northern Carnarvon,TL/4,115.024542,-21.458521,West Australian Petroleum Pty Limited,DEV,P&A O,Saladin,19940724,19940807,20260417
Saladin 11 ST3,W001910,Northern Carnarvon,TL/4,115.024542,-21.458521,West Australian Petroleum Pty Limited,DEV,P&A O,Saladin,19960918,19960926,20260417
Alkimos 1,W001917,Northern Carnarvon,EP 307,115.579648,-20.653545,Hadson Australia Development Pty Ltd,NFW,WI,Alkimos,19940814,19940908,20260417
Macedon 1,W001918,Northern Carnarvon,WA-155-P,114.157317,-21.555608,BHP Petroleum (Australia) Pty Ltd,EXT,P&A G,Macedon,19940714,19940730,20260417
Metters 1,W001938,Canning,EP 371,124.743353,-17.943436,Wildcat Australia Pty Ltd,NFW,P&A,,19941016,19941119,20260417
Tabletop 1,W001942,Perth,L 7,115.121565,-29.091384,Discovery Petroleum NL,NFW,P&A,,19941209,19941225,20260417
Hampton Arms 1,W001951,Perth,EP 201,114.744151,-28.968267,Victoria International Petroleum NL,STR,P&A STR,,19950131,19950212,20260417
Halo 1,W001959,Northern Carnarvon,WA-225-P,117.840527,-18.780714,Kufpec Australia Pty Ltd,NFW,P&A,,19950214,19950315,20260417
WA 06,W001963,Northern Carnarvon,WA-202-P,116.422909,-20.137378,Ampol Exploration Ltd,DEV,O,Wandoo,19950121,19950216,20260417
Ascalon 1A,W001986,Bonaparte,WA-217-P,126.589545,-12.270804,Mobil Exploration & Producing Australia Pty Ltd,NFW,P&A GS,,19950525,19950530,20260417
Whicher Range 5 ST2,W002634,Perth,EP 408,115.361174,-33.847381,Amity Oil NL,EXT,P&A G,Whicher Range,20040111,20040121,20260417
Kingia 1,W002654,Perth,L 1,115.028805,-29.392551,Arc Energy NL,NFW,P&A,,20040117,20040202,20260417
Blackdragon 1,W002662,Northern Carnarvon,WA-335-P,113.375541,-21.268978,Apache Northwest Pty Ltd,NFW,P&A,,20040310,20040416,20260417
Xyris 1,W002663,Perth,L 1,115.092628,-29.307148,Arc Energy NL,NFW,P&A G,Xyris,20040314,20040418,20260417
Legendre North 5H,W002674,Northern Carnarvon,WA-20-L,116.708727,-19.703943,Woodside Energy Ltd,DEV,P&A O,Legendre North,20040510,20040606,20260417
Legendre North 5H,W002674,Northern Carnarvon,WA-20-L,116.708727,-19.703943,Woodside Energy Ltd,DEV,P&A O,Legendre North,20040510,20040606,20260417
Crosby 2,W002680,Northern Carnarvon,WA-12-R,114.118664,-21.511045,BHP Billiton Petroleum (Australia) Pty Ltd,EXT,P&A OS,Crosby,20040531,20040612,20260417
Crosby 2 CH1,W002680,Northern Carnarvon,WA-12-R,114.118664,-21.511045,BHP Billiton Petroleum (Australia) Pty Ltd,EXT,P&A OS,Crosby,20040608,20040612,20260417
Indian 1,W002694,Northern Carnarvon,WA-271-P,113.730784,-21.500573,Woodside Energy Ltd,NFW,P&A,,20040713,20040727,20260417
South Galapagos 1,W002706,Browse,WA-306-P,120.728007,-15.893764,Antrim Energy Australia Pty Limited,NFW,P&A,,20041005,20041031,20260417
Dongara 31,W002710,Perth,L 2,115.018494,-29.236678,Arc Energy Limited,DEV,P&A,Dongara,20041104,20041120,20260417
Dongara 31 L1,W002710,Perth,L 2,115.018494,-29.236678,Arc Energy Limited,DEV,P&A,Dongara,20041117,20041120,20260417
Wendy 1,W002711,Perth,EP 427,115.016691,-28.299064,Victoria International Petroleum NL,STR,P&A,,20041107,20041211,20260417
Dongara 32,W002724,Perth,L 2,115.018442,-29.236599,Arc Energy Limited,DEV,Shut in,Dongara,20041219,20050105,20260417
Dongara 32 L1,W002724,Perth,L 2,115.018442,-29.236599,Arc Energy Limited,DEV,Shut in,Dongara,20050101,20050105,20260417
ENC 01,W002738,Northern Carnarvon,WA-28-L,113.975204,-21.487451,Woodside Energy Ltd,WIW,Completed,Enfield,20050308,20060129,20260417
ENC 01 RD1,W002738,Northern Carnarvon,WA-28-L,113.975204,-21.487451,Woodside Energy Ltd,WIW,P&A,Enfield,20090825,,20260417
ENC 01 RD2,W002738,Northern Carnarvon,WA-28-L,113.975204,-21.487451,Woodside Energy Ltd,WIW,P&A,Enfield,20090831,20090921,20260417
ENA 01,W002756,Northern Carnarvon,WA-28-L,113.989363,-21.481671,Woodside Energy Ltd,DEV,O,Enfield,20050427,20060510,20260417
ENA 01 ST1,W002756,Northern Carnarvon,WA-28-L,113.989363,-21.481671,Woodside Energy Ltd,DEV,O,Enfield,20080409,20080607,20260417
Adina 4,W002764,Perth,DR 7,115.159039,-33.752639,Red Mountain Energy Pty Ltd,CBM,P&A,,20050527,,20260417
Stuart 1,W002777,Northern Carnarvon,TL/6,115.571725,-20.73951,Apache Northwest Pty Ltd,NFW,P&A,,20050725,20050730,20260417
Lansdowne 1,W002787,Northern Carnarvon,TL/6,115.495403,-20.719812,Apache Northwest Pty Ltd,NFW,P&A,,20050905,20050921,20260417
Hovea 3 ST1,W002544,Perth,L 1,115.041289,-29.317965,Arc Energy NL,WASTE_DISPOS,P&A,Hovea,20020831,20020927,20260417
Tanami 6,W002546,Northern Carnarvon,TL/1,115.584938,-20.673351,Apache Northwest Pty Ltd,DEV,P&A O,Tanami,20020817,20020911,20260417
Vindara 1,W002582,Perth,WA-286-P,114.935722,-29.498104,Roc Oil (WA) Pty Limited,NFW,P&A,,20030219,20030228,20260417
Simpson 7,W002585,Northern Carnarvon,TL/1,115.585549,-20.672217,Apache Northwest Pty Ltd,DEV,P&A,Simpson,20030228,20030317,20260417
Skiddaw 1,W002599,Northern Carnarvon,WA-255-P,113.871913,-21.480437,BHP Billiton Petroleum (Australia) Pty Ltd,NFW,P&A OS,,20030508,20030604,20260417
Jingemia 2,W002621,Perth,EP 413,114.989725,-29.339259,Origin Energy Developments Pty Limited,EXT,P&A OS,Jingemia,20030824,20030917,20260417
Toobada 1,W002626,Northern Carnarvon,WA-192-P,115.416257,-20.353896,Tap (Harriet) Pty Ltd,NFW,P&A OS,,20030919,20031001,20260417
Ichthys Deep 1,W002632,Browse,WA-285-P,123.232262,-13.863064,Inpex Browse Ltd,NFW,P&A GS,Ichthys,20031008,20031127,20260417
GSWA Mendel Wongoondy Bore,W002635,Perth,,115.44701,-28.825987,Geological Survey of Western Australia (GSWA),STR,P&A STR,,19610116,19610208,20260417
CRA PER 11,W002640,Perth,EP 181,115.684788,-29.214961,CRA Exploration Pty Ltd,STR,P&A STR,,19830705,19830716,20260417
GSWA Lancer 1,W002643,Officer,,123.755593,-25.04568,Geological Survey of Western Australia (GSWA),STR,P&A STR,,20031010,20031117,20260417
South Simpson 2,W002644,Northern Carnarvon,TL/1,115.584952,-20.673443,Apache Northwest Pty Ltd,EXT,P&A O,Simpson,20031116,20031210,20260417
Scindian 4,W002655,Northern Carnarvon,WA-10-L,114.697705,-21.191643,BHP Billiton Petroleum (Australia) Pty Ltd,DEV,P&A,Chinook/Scindian,20040125,20040318,20260417
Exeter 5,W002661,Northern Carnarvon,WA-191-P,116.561433,-19.310062,Santos Limited,DEV,P&A,Exeter,20040305,20040424,20260417
Exeter 5 ST1,W002661,Northern Carnarvon,WA-191-P,116.561433,-19.310062,Santos Limited,DEV,P&A,Exeter,20040410,20040424,20260417
South Plato 4,W002666,Northern Carnarvon,TL/6,115.564404,-20.699279,Apache Northwest Pty Ltd,DEV,P&A OGS,South Plato,20040408,20040412,20260417
Jingemia 4,W002672,Perth,EP 413,114.993475,-29.337462,Origin Energy Developments Pty Limited,EXT,Shut in,Jingemia,20040423,20040515,20260417
Gauguin 1,W002675,Northern Carnarvon,TL/1,115.605291,-20.64727,Apache Northwest Pty Ltd,NFW,P&A,,20040425,20040502,20260417
Harrison 1,W002678,Northern Carnarvon,WA-12-R,114.1498,-21.528717,BHP Billiton Petroleum (Australia) Pty Ltd,NFW,P&A OS,,20040522,20040530,20260417
Mutineer 6,W002687,Northern Carnarvon,WA-26-L,116.637913,-19.259352,Santos Limited,DEV,P&A,Mutineer,20040620,20040625,20260417
Eremia 4,W002720,Perth,L 1,115.018071,-29.309293,Arc Energy Limited,EXT,Shut in,Eremia,20041206,20041213,20260417
Mutineer 10,W002727,Northern Carnarvon,WA-26-L,116.650663,-19.261431,Santos Limited,EXT,P&A OS,Mutineer,20041229,20050114,20260417
Wanaea 7,W001919,Northern Carnarvon,WA-11-L,116.435158,-19.5921,Woodside Offshore Petroleum Pty Ltd,DEV,O,Wanaea,19940703,19940915,20260417
Macedon 2,W001923,Northern Carnarvon,WA-155-P,114.229452,-21.530246,BHP Petroleum (Australia) Pty Ltd,EXT,P&A G,Macedon,19940801,19940826,20260417
Tubridgi 10,W001932,Northern Carnarvon,L 9,114.835746,-21.785982,Doral Resources NL,DEV,P&A G,Tubridgi,19941213,19941224,20260417
Huntswell 1,W001939,Perth,L 7,115.131305,-29.116595,Discovery Petroleum NL,NFW,P&A,,19941112,19941204,20260417
Chrysaor 1,W001948,Northern Carnarvon,WA-205-P,114.885153,-20.17883,West Australian Petroleum Pty Limited,NFW,P&A GS,Chrysaor/Dionysus,19941030,19950125,20260417
WA 07,W001964,Northern Carnarvon,WA-202-P,116.422909,-20.137378,Ampol Exploration Ltd,DEV,P&A,Wandoo,19950113,19950305,20260417
Emperor 1,W001973,Northern Carnarvon,TL/2,115.099117,-21.257075,Western Mining Corporation Ltd,NFW,P&A,,19950501,19950528,20260417
Bellerophon 1,W001981,Northern Carnarvon,WA-254-P,116.247562,-20.004353,Apache Northwest Pty Ltd,NFW,P&A,,19950623,19950703,20260417
GSWA Ballythanna 1,W001987,Southern Carnarvon,,115.671121,-26.060382,Geological Survey of Western Australia (GSWA),STR,P&A STR,,19950505,19950516,20260417
Saladin 13 ST1,W001993,Northern Carnarvon,TL/4,115.019047,-21.462996,West Australian Petroleum Pty Limited,DEV,P&A O,Saladin,19950830,19950906,20260417
Saladin 13 Pilot,W001993,Northern Carnarvon,TL/4,115.019047,-21.462996,West Australian Petroleum Pty Limited,DEV,P&A O,Saladin,19950807,19950906,20260417
Barrow_P24A,W002010,Northern Carnarvon,L 1H,115.414101,-20.775455,West Australian Petroleum Pty Limited,DEV,P&S,Barrow Island,19951231,19960104,20260417
Barrow_P45A,W002011,Northern Carnarvon,L 1H,115.4181,-20.7829,West Australian Petroleum Pty Limited,DEV,O,Barrow Island,19960105,19960111,20260417
Barrow_P85A,W002016,Northern Carnarvon,L 1H,115.418142,-20.79791,West Australian Petroleum Pty Limited,DEV,O,Barrow Island,19960308,19960314,20260417
Barrow_L16A,W002022,Northern Carnarvon,L 1H,115.391137,-20.800897,West Australian Petroleum Pty Limited,DEV,Shut in,Barrow Island,19960229,19960304,20260417
Campbell 5,W002027,Northern Carnarvon,TL/5,115.730231,-20.414042,Apache Northwest Pty Ltd,EXT,P&A G,Campbell,19951213,19960119,20260417
Stag 7,W002030,Northern Carnarvon,WA-209-P,116.31782,-20.289996,Apache Energy Limited,EXT,P&A,Stag,19960224,19960305,20260417
Stag 8,W002031,Northern Carnarvon,WA-209-P,116.290427,-20.310855,Apache Energy Limited,EXT,P&A,Stag,19960405,19960418,20260417
Laminaria East 1,W002036,Bonaparte,WA-260-P,126.051063,-10.632118,BHP Petroleum (Australia) Pty Ltd,NFW,P&A OGS,Laminaria East,19960212,19960322,20260417
GWA 09,W002040,Northern Carnarvon,WA-5-L,115.929688,-19.652169,Woodside Offshore Petroleum Pty Ltd,DEV,G&C,Goodwyn,19960129,19960518,20260417
Doric 1,W002041,Northern Carnarvon,TL/1,115.705285,-20.528298,Apache Energy Limited,NFW,P&A GS,Doric,19960506,19960515,20260417
GWA 13,W002141,Northern Carnarvon,WA-5-L,115.92843,-19.653484,Woodside Offshore Petroleum Pty Ltd,DEV,G&C,Goodwyn,19970811,19970924,20260417
GWA 13 ST1,W002141,Northern Carnarvon,WA-5-L,115.92843,-19.653484,Woodside Offshore Petroleum Pty Ltd,DEV,G&C,Goodwyn,19970927,19971101,20260417
GWA 13 ST2,W002141,Northern Carnarvon,WA-5-L,115.92843,-19.653484,Woodside Offshore Petroleum Pty Ltd,DEV,G&C,Goodwyn,19971107,19980302,20260417
Cornea South 1,W002142,Browse,WA-241-P,124.461461,-13.763517,Shell Development (Australia) Pty Ltd,NFW,P&A OGS,Cornea,19970802,19970829,20260417
Blina 4 Deepening,W002155,Canning,L 6,124.500339,-17.620266,Minora Energy (Australasia) Pty Ltd,DEV,Shut in,Blina,19931130,19931212,20260417
HA 08H1,W002165,Northern Carnarvon,TL/1,115.614233,-20.602173,Apache Northwest Pty Ltd,DEV,P&A O,Harriet,19961024,19961031,20260417
Mahe 1,W002171,Canning,EP 391,123.1531,-18.126022,Stirling Resources NL,NFW,P&A,,19971108,19971128,20260417
Frigate 1,W002172,Bonaparte,WA-18-P,127.924857,-13.178276,Arco Australia Ltd,NFW,P&A,,19780104,19780117,20260417
Jaubert 1,W002174,Northern Carnarvon,WA-1-P,116.721743,-19.694249,Woodside Offshore Petroleum Pty Ltd,EXT,P&A O,Legendre North,19971102,19971124,20260417
Jaubert 1 ST1,W002174,Northern Carnarvon,WA-1-P,116.721743,-19.694249,Woodside Offshore Petroleum Pty Ltd,EXT,P&A O,Legendre North,19971125,19971210,20260417
Bambra 4,W002185,Northern Carnarvon,TL/1,115.597457,-20.55293,Apache Northwest Pty Ltd,EXT,P&A OG,Bambra,19971218,19971227,20260417
Gipsy 1,W002196,Northern Carnarvon,TL/1,115.721166,-20.640435,Apache Northwest Pty Ltd,NFW,P&A OS,Gipsy,19980221,19980308,20260417
Banambu 1,W002199,Northern Carnarvon,WA-269-P,115.983666,-19.19005,Woodside Offshore Petroleum Pty Ltd,NFW,P&A,,19980219,19980312,20260417
Eastbrook 1,W002200,Northern Carnarvon,WA-263-P,115.733086,-19.604878,Woodside Offshore Petroleum Pty Ltd,NFW,P&A,,19980313,19980329,20260417
Crest 6,W002205,Northern Carnarvon,EP 65,115.021372,-21.455988,West Australian Petroleum Pty Limited,DEV,P&A O,Crest,19980322,19980407,20260417
Barrow_G65B,W002217,Northern Carnarvon,L 1H,115.356402,-20.848497,West Australian Petroleum Pty Limited,DEV,O,Barrow Island,19971212,19971215,20260417
Barrow_K27A,W002220,Northern Carnarvon,L 1H,115.364276,-20.805052,West Australian Petroleum Pty Limited,DEV,O,Barrow Island,19971222,19971224,20260417
Barrow_Q35,W002225,Northern Carnarvon,L 1H,115.389482,-20.779993,West Australian Petroleum Pty Limited,WIW,O,Barrow Island,19980109,19980111,20260417
Stag 12H,W002243,Northern Carnarvon,WA-209-P,116.275327,-20.289962,Apache Northwest Pty Ltd,DEV,O,Stag,19970828,19971112,20260417
Sparkle 1,W002254,Browse,WA-266-P,124.561168,-13.733993,Shell Development (Australia) Pty Ltd,NFW,P&A OS,Cornea,19980717,19980726,20260417
Springbok 1,W002258,Northern Carnarvon,TP/12,116.103291,-20.396607,Santos Limited,NFW,P&A,,19980821,19980831,20260417
Stickle 1,W002673,Northern Carnarvon,WA-12-R,114.127754,-21.521854,BHP Billiton Petroleum (Australia) Pty Ltd,NFW,P&A OS,Stickle,20040508,20040521,20260417
Stickle 1 CH2,W002673,Northern Carnarvon,WA-12-R,114.127754,-21.521854,BHP Billiton Petroleum (Australia) Pty Ltd,NFW,P&A OS,Stickle,20040519,20040521,20260417
Stickle 1 CH1,W002673,Northern Carnarvon,WA-12-R,114.127754,-21.521854,BHP Billiton Petroleum (Australia) Pty Ltd,NFW,P&A,Stickle,20040516,,20260417
Scalybutt 1H,W002689,Northern Carnarvon,WA-25-L,114.890821,-20.917941,ENI Australia Limited,NFW,SUSP O,Woollybutt,20050212,20050306,20260417
Scalybutt 1,W002689,Northern Carnarvon,WA-25-L,114.890821,-20.917941,ENI Australia Limited,NFW,O,Woollybutt,20040626,20040721,20260417
Bambra 5H,W002695,Northern Carnarvon,TL/1,115.622834,-20.566091,Apache Northwest Pty Ltd,DEV,P&A,Bambra,20040715,20040816,20260417
Bambra 5H BHC1,W002695,Northern Carnarvon,TL/1,115.622834,-20.566091,Apache Northwest Pty Ltd,DEV,P&A,Bambra,20040806,20040816,20260417
Bambra 5H BHC1 L1,W002695,Northern Carnarvon,TL/1,115.622834,-20.566091,Apache Northwest Pty Ltd,DEV,P&A,Bambra,20040810,20040816,20260417
Centella 1,W002698,Perth,L 1,115.103486,-29.300356,Arc Energy Limited,NFW,P&A,,20040806,20040904,20260417
Norfolk North 1,W002722,Northern Carnarvon,WA-26-L,116.661904,-19.230169,Santos Limited,EXT,P&A OS,Mutineer,20041212,20041228,20260417
Boojum 1,W002723,Northern Carnarvon,TP/18,115.036199,-21.235834,Tap Oil Limited,NFW,P&A GS,,20041216,20041226,20260417
Woollybutt 4,W002725,Northern Carnarvon,WA-25-L,114.868382,-20.954479,ENI Australia Limited,EXT,P&A O,Woollybutt,20041218,20050109,20260417
Cliff Head 6,W002736,Perth,WA-286-P,114.870039,-29.450105,Roc Oil (WA) Pty Limited,EXT,SUSP O,Cliff Head,20050227,20050314,20260417
ENA 05,W002749,Northern Carnarvon,WA-28-L,113.989181,-21.481876,Woodside Energy Ltd,DEV,O,Enfield,20050414,20060510,20260417
Harriet A 11,W002759,Northern Carnarvon,TL/1,115.614197,-20.602148,Apache Northwest Pty Ltd,DEV,P&A O,Harriet,20050429,20050507,20260417
Yardarino 6,W002760,Perth,L 2,115.060524,-29.21971,Arc Energy Limited,EXT,P&A GS,,20050511,20050522,20260417
John Brookes 3,W002761,Northern Carnarvon,WA-29-L,115.120141,-20.44735,Apache Northwest Pty Ltd,DEV,SUSP G,John Brookes,20050510,20050520,20260417
John Brookes 3 ST1,W002761,Northern Carnarvon,WA-29-L,115.120141,-20.44735,Apache Northwest Pty Ltd,DEV,SUSP G,John Brookes,20050725,20050820,20260417
Mohave 1,W002773,Northern Carnarvon,TL/6,115.571748,-20.739476,Apache Northwest Pty Ltd,NFW,O,Mohave,20050709,20050713,20260417
Mohave 1H,W002773,Northern Carnarvon,TL/6,115.571748,-20.739476,Apache Northwest Pty Ltd,NFW,Shut in,Mohave,20050714,20050720,20260417
Artreus 1,W002788,Northern Carnarvon,TL/6,115.514346,-20.668762,Apache Northwest Pty Ltd,NFW,Shut in,Artreus,20050909,20050924,20260417
ENB 01,W002794,Northern Carnarvon,WA-28-L,113.99287,-21.465474,Woodside Energy Ltd,WIW,SUSP,Enfield,20051003,20060510,20260417
Wandoo 3,W001813,Northern Carnarvon,WA-202-P,116.439273,-20.129476,Ampol Exploration Ltd,EXT,SUSP O,Wandoo,19920703,19920712,20260417
West Muiron 3,W001822,Northern Carnarvon,WA-155-P,114.220133,-21.567021,BHP Petroleum (Australia) Pty Ltd,NFW,P&A G,,19921021,19921106,20260417
Picul 1,W001829,Northern Carnarvon,EP 361,114.906071,-21.895007,Pan Pacific Petroleum NL,NFW,P&A,,19921212,19921217,20260417
Santa Cruz 1,W001875,Northern Carnarvon,EP 341,115.263025,-21.435205,Command Petroleum Holdings NL,NFW,P&A OS,,19931103,19931112,20260417
Roller 12,W001877,Northern Carnarvon,TP/3,114.923801,-21.636169,West Australian Petroleum Pty Limited,DEV,P&A O,Roller,19931107,19931110,20260417
Mydas 1,W001884,Northern Carnarvon,EP 342,114.379255,-21.750652,Hadson Carnarvon Pty Ltd,NFW,P&A,,19931127,19931211,20260417
Skate 3,W001891,Northern Carnarvon,TP/3,114.980156,-21.596973,West Australian Petroleum Pty Limited,DEV,P&A OG,Skate,19931213,19931225,20260417
Corbett 1,W001892,Canning,DR 1,120.612716,-20.067779,Stirling Resources NL,NFW,P&A,,19940319,19940329,20260417
Thevenard WDW 1,W001898,Northern Carnarvon,EP 65,115.021347,-21.456052,West Australian Petroleum Pty Limited,WDW,P&A,,19940313,19940408,20260417
Thevenard WDW 3,W001900,Northern Carnarvon,EP 65,115.021294,-21.456177,West Australian Petroleum Pty Limited,WDW,P&A,,19940218,19940311,20260417
Chestnut 1,W001907,Canning,DR 2,124.857113,-17.728118,Bow Valley (Australia) Ltd,NFW,P&A GS,,19940708,19940822,20260417
HA 08,W001911,Northern Carnarvon,TL/1,115.614202,-20.602174,Hadson Australia Development Pty Ltd,DEV,P&A,Harriet,19940521,19940620,20260417
HA 08H,W001911,Northern Carnarvon,TL/1,115.614202,-20.602174,Hadson Australia Development Pty Ltd,DEV,P&A,Harriet,19940605,19940620,20260417
Stag 4,W001931,Northern Carnarvon,WA-209-P,116.272282,-20.277211,Hadson Dampier,EXT,P&A OS,Stag,19941126,19941205,20260417
GWA 02,W001943,Northern Carnarvon,WA-5-L,115.929743,-19.652172,Woodside Offshore Petroleum Pty Ltd,DEV,G&C,Goodwyn,19941115,19950401,20260417
Wattle 1,W001949,Canning,EP 129,124.227664,-17.469099,Bow Valley (Australia) Ltd,NFW,P&A OS,,19940902,19941025,20260417
Wattle 1 ST1,W001949,Canning,EP 129,124.227664,-17.469099,Bow Valley (Australia) Ltd,NFW,P&A OS,,19940919,19941025,20260417
Arranoo South 1,W001950,Perth,L 7,115.085144,-29.155416,Discovery Petroleum NL,NFW,P&A,,19941228,19950113,20260417
Chinook 2,W001957,Northern Carnarvon,WA-10-L,114.681969,-21.151647,BHP Petroleum (Australia) Pty Ltd,EXT,P&A,Chinook/Scindian,19950312,19950403,20260417
WA 05,W001962,Northern Carnarvon,WA-202-P,116.422909,-20.137378,Ampol Exploration Ltd,DEV,O,Wandoo,19950110,19950205,20260417
Spinner 1,W001965,Northern Carnarvon,WA-208-P,116.56591,-19.74604,MIM Petroleum Exploration Pty Ltd.,NFW,P&A,,19950317,19950405,20260417
Titan 1,W001979,Northern Carnarvon,WA-1-P,116.722754,-19.701923,Woodside Offshore Petroleum Pty Ltd,NFW,P&A,,19950520,19950531,20260417
Gingin 3,W002263,Perth,EP 389,115.831597,-31.153793,Empire Oil & Gas NL,NFW,P&A,Gingin,19980825,19981116,20260417
Rose 2,W002278,Northern Carnarvon,TL/1,115.701035,-20.617496,Apache Energy Limited,EXT,P&A,Rose,19981126,19990102,20260417
Retina 1,W002290,Browse,WA-265-P,125.19806,-13.352055,Shell Development (Australia) Pty Ltd,NFW,P&A,,19990215,19990220,20260417
Windsor 1,W002293,Northern Carnarvon,TL/5,115.685166,-20.466146,Apache Northwest Pty Ltd,NFW,P&A OGS,,19990302,19990309,20260417
BMR Talbot 2,W002307,Officer,,126.540269,-26.155297,Geoscience Australia,STR,P&A STR,,19720101,19720101,20260417
BMR Talbot 3,W002308,Officer,,126.536969,-26.159197,Geoscience Australia,STR,P&A STR,,19720101,19720101,20260417
Vincent 2,W002313,Northern Carnarvon,WA-271-P,114.047558,-21.436123,Woodside Energy Ltd,EXT,P&A OS,Vincent,19990526,19990610,20260417
Moon 1,W002338,Northern Carnarvon,WA-214-P,115.186972,-20.368265,Mobil Exploration & Producing Australia Pty Ltd,NFW,P&A OGS,,19990919,19991016,20260417
Orthrus 1,W002340,Northern Carnarvon,WA-267-P,114.70048,-20.108665,West Australian Petroleum Pty Limited,NFW,P&A GS,Orthrus,19991001,19991026,20260417
North Gipsy 1,W002341,Northern Carnarvon,TL/1,115.725034,-20.629004,Apache Northwest Pty Ltd,NFW,P&A OGS,North Gipsy,19991018,19991103,20260417
Cadell 1,W002346,Northern Carnarvon,TP/7,115.205523,-21.380061,Apache Northwest Pty Ltd,NFW,P&A OGS,Cadell,19991104,19991111,20260417
Narvik 1,W002352,Northern Carnarvon,TP/8,115.737517,-20.835553,Apache Northwest Pty Ltd,NFW,P&A GS,Narvik,19991123,19991128,20260417
Urania 1,W002364,Northern Carnarvon,WA-267-P,115.042821,-19.800121,West Australian Petroleum Pty Limited,NFW,P&A G,Urania,20000117,20000225,20260417
Baker 1,W002365,Northern Carnarvon,TL/1,115.74289,-20.655173,Apache Northwest Pty Ltd,NFW,P&A GS,Baker,20000116,20000124,20260417
Rutile 1,W002369,Perth,EP 381,115.355489,-34.026145,Amity Oil NL,NFW,P&A OS,,20000206,20000227,20260417
Lotte 1,W002401,Northern Carnarvon,EP 363,115.829138,-20.516316,Apache Northwest Pty Ltd,NFW,P&A,,20000804,20000812,20260417
Antelope 1,W002408,Northern Carnarvon,WA-209-P,116.44517,-19.977557,Apache Northwest Pty Ltd,NFW,P&A,,20000902,20000907,20260417
Hardman 1,W002416,Northern Carnarvon,EP 409,115.358838,-21.280019,Apache Oil Australia Pty Ltd,NFW,P&A,,20000927,20001004,20260417
Legendre North 2H,W002440,Northern Carnarvon,WA-20-L,116.708766,-19.70368,Woodside Energy Ltd,DEV,P&A O,Legendre North,20010124,20010704,20260417
Legendre South 2H,W002443,Northern Carnarvon,WA-20-L,116.708704,-19.703942,Woodside Energy Ltd,DEV,P&A O,Legendre South,20010123,20010704,20260417
Montesa 1,W002451,Northern Carnarvon,WA-271-P,113.813488,-21.532893,Woodside Energy Ltd,NFW,P&A,,20010309,20010320,20260417
Linda 2,W002457,Northern Carnarvon,TL/1,115.694826,-20.544481,Apache Northwest Pty Ltd,EXT,P&A GC,Linda,20010327,20010422,20260417
Cossack 6,W002790,Northern Carnarvon,WA-9-L,116.490352,-19.567245,Woodside Energy Ltd,EXT,P&A OS,Cossack,20050921,20051009,20260417
Cossack 6 ST1,W002790,Northern Carnarvon,WA-9-L,116.490352,-19.567245,Woodside Energy Ltd,EXT,P&A OS,Cossack,20050926,20051009,20260417
Cliff Head 10,W002811,Perth,WA-31-L,114.87003,-29.450061,Roc Oil (WA) Pty Limited,DEV,O,Cliff Head,20051127,20060721,20260417
Pluto 3,W002813,Northern Carnarvon,WA-350-P,115.161349,-19.911654,Woodside Energy Ltd,EXT,SUSP G,Pluto,20051229,20060319,20260417
Pluto 3 ST1,W002813,Northern Carnarvon,WA-350-P,115.161349,-19.911654,Woodside Energy Ltd,EXT,SUSP G,Pluto,20060214,20060319,20260417
Yarri 1,W002816,Northern Carnarvon,WA-25-L,114.921002,-20.974294,ENI Australia Limited,NFW,P&A,Woollybutt,20060118,20060219,20260417
Barrow_S53,W002825,Northern Carnarvon,L 1H,115.366305,-20.754337,West Australian Petroleum Pty Limited,DEV,P&A,Barrow Island,19781002,19781022,20260417
Pluto 4,W002842,Northern Carnarvon,WA-350-P,115.164991,-19.84204,Woodside Energy Ltd,EXT,P&A GS,Pluto,20060429,20060531,20260417
Mutineer 12,W002843,Northern Carnarvon,WA-26-L,116.628117,-19.259348,Santos Limited,DEV,O,Mutineer,20060512,20060619,20260417
Huntsman 1,W002860,Roebuck,WA-297-P,118.414477,-17.131136,Woodside Energy Ltd,NFW,P&A,,20060802,20060907,20260417
Sculptor 2,W002904,Northern Carnarvon,WA-24-L,115.689799,-19.809328,Woodside Energy Ltd,EXT,P&A OGS,,20061229,20070204,20260417
Wonnich Deep 1,W002912,Northern Carnarvon,TL/8,115.429086,-20.499573,Apache Northwest Pty Ltd,EXT,Shut in,Wonnich Deep,20070222,20070426,20260417
Wonnich Deep 1H,W002912,Northern Carnarvon,TL/8,115.429086,-20.499573,Apache Northwest Pty Ltd,EXT,Shut in,Wonnich Deep,20070323,20070426,20260417
Julimar 1,W002913,Northern Carnarvon,WA-356-P,115.040241,-20.136968,Apache Northwest Pty Ltd,NFW,P&A GS,Julimar,20070225,20070422,20260417
Stybarrow 11H,W002919,Northern Carnarvon,WA-255-P,113.825246,-21.473931,BHP Billiton Petroleum (Australia) Pty Ltd,DEV,SUSP O,Stybarrow,20070318,20071122,20260417
Pluto 6,W002927,Northern Carnarvon,WA-350-P,115.123466,-19.910776,Woodside Energy Ltd,EXT,P&A GS,Pluto,20070413,20070514,20260417
Helvellyn 1,W002932,Northern Carnarvon,WA-155-P,114.252066,-21.453501,BHP Billiton Petroleum (Australia) Pty Ltd,NFW,P&A GS,,20070508,20070516,20260417
VNG-1,W002933,Northern Carnarvon,WA-28-L,114.054729,-21.417198,Woodside Energy Ltd,DEV,G,Vincent,20070516,20080316,20260417
VNG-1PH,W002933,Northern Carnarvon,WA-28-L,114.054729,-21.417198,Woodside Energy Ltd,DEV,P&A,Vincent,20070501,20080316,20260417
Dunsborough 1,W002941,Perth,WA-286-P,114.625444,-29.024087,Roc Oil (WA) Pty Limited,NFW,P&A OGS,,20070531,20070617,20260417
VNC-W 1,W002950,Northern Carnarvon,WA-28-P,114.042727,-21.458904,Woodside Energy Ltd,WIW,SUSP,Vincent,20070612,20090328,20260417
Lady Nora 1,W002966,Northern Carnarvon,WA-28-P,115.656552,-19.828759,Woodside Energy Ltd,NFW,P&A GS,,20070812,20070910,20260417
Ascalon 1A,W001986,Bonaparte,WA-217-P,126.589545,-12.270804,Mobil Exploration & Producing Australia Pty Ltd,NFW,P&A GS,,19950531,19950924,20260417
Stag 6H,W002003,Northern Carnarvon,WA-209-P,116.275285,-20.289963,Apache Energy Limited,EXT,P&A O,Stag,19951003,19951031,20260417
Stag 6,W002003,Northern Carnarvon,WA-209-P,116.275285,-20.289963,Apache Energy Limited,EXT,P&A,Stag,19950926,19951031,20260417
Barrow_M21A,W002004,Northern Carnarvon,L 1H,115.402444,-20.804528,West Australian Petroleum Pty Limited,DEV,O,Barrow Island,19951224,19951228,20260417
Barrow_M86A,W002009,Northern Carnarvon,L 1H,115.422023,-20.82644,West Australian Petroleum Pty Limited,DEV,O,Barrow Island,19951201,19951206,20260417
Barrow_R67A,W002012,Northern Carnarvon,L 1H,115.363933,-20.790071,West Australian Petroleum Pty Limited,DEV,P&S,Barrow Island,19960112,19960118,20260417
Barrow_Q82A,W002015,Northern Carnarvon,L 1H,115.375115,-20.797678,West Australian Petroleum Pty Limited,DEV,O,Barrow Island,19960119,19960123,20260417
Agincourt 1,W002042,Northern Carnarvon,TL/6,115.514322,-20.668789,Apache Energy Limited,NFW,P&A,Agincourt,19960525,19960618,20260417
Agincourt 1 ST1,W002042,Northern Carnarvon,TL/6,115.514322,-20.668789,Apache Energy Limited,NFW,P&A,Agincourt,19960529,19960618,20260417
GWA 10,W002045,Northern Carnarvon,WA-5-L,115.929831,-19.652248,Woodside Offshore Petroleum Pty Ltd,DEV,G&C,Goodwyn,19960610,19960813,20260417
GWA 10ST1,W002045,Northern Carnarvon,WA-5-L,115.929831,-19.652248,Woodside Offshore Petroleum Pty Ltd,DEV,G&C,Goodwyn,19960816,19961017,20260417
Looma 1,W002050,Canning,EP 353,123.994292,-19.12356,Shell Development (Australia) Pty Ltd,NFW,P&A OGS,,19960704,19960914,20260417
Saladin 12,W002051,Northern Carnarvon,TL/4,115.019047,-21.462949,West Australian Petroleum Pty Limited,DEV,P&A O,Saladin,19960714,19960814,20260417
Agincourt 2,W002056,Northern Carnarvon,TL/6,115.514319,-20.668772,Apache Northwest Pty Ltd,EXT,P&A,Agincourt,19960803,19960818,20260417
Ridley 1,W002070,Northern Carnarvon,EP 342,114.572683,-21.731541,Apache Northwest Pty Ltd,NFW,P&A OS,,19960925,19961001,20260417
GSWA Mooka 1,W002080,Southern Carnarvon,,114.806944,-24.975374,Geological Survey of Western Australia (GSWA),STR,P&A STR,,19961018,19961026,20260417
GSWA Barrabiddy 1,W002081,Southern Carnarvon,,114.333344,-23.832487,Geological Survey of Western Australia (GSWA),STR,P&A STR,,19961029,19961108,20260417
GSWA Barrabiddy 1A,W002081,Southern Carnarvon,,114.333344,-23.832487,Geological Survey of Western Australia (GSWA),STR,P&A STR,,19961108,19961122,20260417
Ruby 1,W002086,Northern Carnarvon,EP 110,114.854254,-21.974703,Pan Pacific Petroleum NL,NFW,P&A,,19961204,19961214,20260417
Agincourt 3H,W002122,Northern Carnarvon,TL/6,115.514318,-20.668772,Apache Northwest Pty Ltd,DEV,P&A OGS,Agincourt,19970620,19970704,20260417
BMR Madley 1,W002128,Officer,,124.348576,-24.226389,Geoscience Australia,STR,P&A STR,,19721027,19721123,20260417
Vesuvius 1,W002259,Northern Carnarvon,WA-257-P,115.97764,-20.223683,Mobil Exploration & Producing Australia Pty Ltd,NFW,P&A,,19980821,19980831,20260417
Breaker 1,W002271,Northern Carnarvon,TP/6,114.834455,-21.5851,Apache Energy Limited,NFW,P&A,,19981111,19981118,20260417
Gimlet 1,W002272,Northern Carnarvon,WA-243-P,116.845879,-20.119042,Mobil Exploration & Producing Australia Pty Ltd,NFW,P&A,,19981109,19981115,20260417
Barrow_C21M,W002276,Northern Carnarvon,L 1H,115.372468,-20.862203,West Australian Petroleum Pty Limited,DEV,O,Barrow Island,19981117,19981209,20260417
Hellcat 1,W002279,Northern Carnarvon,WA-208-P,116.618765,-19.713968,Woodside Energy Ltd,NFW,P&A,,19981128,19981227,20260417
Hellcat 1 ST1,W002279,Northern Carnarvon,WA-208-P,116.618765,-19.713968,Woodside Energy Ltd,NFW,P&A,,19981217,,20260417
Cowle 4,W002301,Northern Carnarvon,TL/4,114.969664,-21.5222,West Australian Petroleum Pty Limited,DEV,P&A O,Cowle,19990425,19990510,20260417
BMR Talbot 1,W002306,Officer,,126.543068,-26.151901,Geoscience Australia,STR,P&A STR,,19720101,19720101,20260417
Stag 16,W002315,Northern Carnarvon,WA-15-L,116.301416,-20.276456,Apache Energy Limited,DEV,P&A O,Stag,19990604,19990608,20260417
Tubridgi 16,W002336,Northern Carnarvon,L 9,114.856079,-21.762985,Boral Energy Resources Limited,DEV,P&A G,Tubridgi,19990904,19990911,20260417
Nasutus 1,W002347,Northern Carnarvon,EP 409,115.338782,-21.316967,Apache Northwest Pty Ltd,NFW,P&A OGS,Nasutus,19991112,19991122,20260417
Monty 2,W002354,Northern Carnarvon,TL/1,115.744298,-20.60653,Apache Northwest Pty Ltd,EXT,P&A GS,Monty,19991209,19991223,20260417
Maenad 1A,W002372,Northern Carnarvon,WA-267-P,114.619261,-20.112767,Chevron Oil Company,NFW,P&A G,Maenad,20000311,20000410,20260417
Maenad 1,W002372,Northern Carnarvon,WA-267-P,114.619261,-20.112767,Chevron Oil Company,NFW,P&A G,Maenad,20000228,,20260417
Wambenger 1,W002380,Bonaparte,WA-273-P,126.324072,-11.707371,Newfield Australia (Cartier) Pty Ltd,NFW,P&A,,20000501,20000517,20260417
HC 4,W002383,Northern Carnarvon,TL/1,115.627207,-20.588999,Apache Northwest Pty Ltd,DEV,P&A OG,Harriet,20000510,20000524,20260417
Bantha 1,W002392,Northern Carnarvon,TL/3,115.324665,-20.736424,Chevron Australia Pty Ltd,NFW,P&A,,20000618,20000626,20260417
Carolina 1,W002403,Northern Carnarvon,EP 403,115.842434,-20.457492,Apache Northwest Pty Ltd,NFW,P&A,,20000819,20000824,20260417
Castor 1,W002405,Northern Carnarvon,WA-5-L,115.784673,-19.825757,Woodside Energy Ltd,NFW,P&A,,20000824,20000923,20260417
Kudu 1,W002409,Northern Carnarvon,WA-256-P,115.998574,-20.341186,Apache Northwest Pty Ltd,NFW,P&A,,20000902,20000908,20260417
Barrow_M63A,W002418,Northern Carnarvon,L 1H,115.40134,-20.819633,Chevron Australia Pty Ltd,DEV,O,Barrow Island,20001002,20001009,20260417
Barrow_G64B,W002420,Northern Carnarvon,L 1H,115.351341,-20.848633,Chevron Australia Pty Ltd,DEV,O,Barrow Island,20001011,20001017,20260417
ENC 02,W002739,Northern Carnarvon,WA-28-L,113.975085,-21.487565,Woodside Energy Ltd,WIW,SUSP,Enfield,20050304,20060125,20260417
Romulus 1,W002746,Northern Carnarvon,TL/6,115.564407,-20.699337,Apache Northwest Pty Ltd,NFW,P&A,,20050407,20050411,20260417
John Brookes 4,W002763,Northern Carnarvon,WA-29-L,115.120165,-20.447327,Apache Northwest Pty Ltd,DEV,P&A,John Brookes,20050512,20050820,20260417
Jingemia 7,W002765,Perth,L 2,114.97743,-29.322406,Arc Energy Limited,DEV,P&A,Jingemia,20050528,20050618,20260417
Thomas Bright 3,W002772,Northern Carnarvon,WA-29-L,115.086893,-20.477505,Apache Northwest Pty Ltd,EXT,P&A GS,John Brookes,20050630,20050718,20260417
Gats 1,W002778,Northern Carnarvon,WA-261-P,116.161591,-20.338641,Apache Northwest Pty Ltd,NFW,P&A,,20050804,20050808,20260417
Jane 2,W002782,Northern Carnarvon,TL/6,115.503128,-20.642476,Apache Northwest Pty Ltd,NFW,P&A OGS,,20050822,20050902,20260417
Jingemia 5,W002791,Perth,L 14,114.988614,-29.338131,Origin Energy Developments Pty Limited,WIW,Shut in,Jingemia,20050922,20051018,20260417
Cliff Head 11WI,W002817,Perth,WA-31-L,114.869992,-29.450119,Roc Oil (WA) Pty Limited,WIW,Service,Cliff Head,20060119,20060721,20260417
PEN 05,W002818,Northern Carnarvon,WA-1-L,116.138025,-19.584016,Woodside Energy Ltd,DEV,G&C,Perseus,20060131,20060809,20260417
Cliff Head 12H,W002820,Perth,WA-31-L,114.870069,-29.450119,Roc Oil (WA) Pty Limited,DEV,O,Cliff Head,20060207,20060721,20260417
Cliff Head 7H,W002826,Perth,WA-31-L,114.870019,-29.450094,Roc Oil (WA) Pty Limited,DEV,O,Cliff Head,20060303,20060721,20260417
Amulet 2,W002847,Northern Carnarvon,WA-8-L,116.981316,-19.491708,Tap (Shelfal) Pty Ltd,EXT,P&A OS,,20060609,20060621,20260417
Nero 2,W002864,Northern Carnarvon,EP 441,115.031835,-21.255913,Apache Northwest Pty Ltd,NFW,P&A,,20060905,20060914,20260417
Nero 2 ST1,W002864,Northern Carnarvon,EP 441,115.031835,-21.255913,Apache Northwest Pty Ltd,NFW,P&A,,20060917,20060923,20260417
Xena 1,W002865,Northern Carnarvon,WA-350-P,115.216332,-19.96529,Woodside Pluto Pty Ltd,NFW,P&A GS,Xena,20060905,20061003,20260417
Xena 1 ST1,W002865,Northern Carnarvon,WA-350-P,115.216332,-19.96529,Woodside Pluto Pty Ltd,NFW,P&A GS,Xena,20060910,20061003,20260417
Wanaea 10,W002869,Northern Carnarvon,WA-11-L,116.435752,-19.592337,Woodside Energy Ltd,DEV,P&A,Wanaea,20060916,20061104,20260417
Wanaea 10 ST1,W002869,Northern Carnarvon,WA-11-L,116.435752,-19.592337,Woodside Energy Ltd,DEV,P&A,Wanaea,20061016,20061104,20260417
Hector 1,W002873,Northern Carnarvon,TL/6,115.515243,-20.679618,Apache Northwest Pty Ltd,NFW,P&A,,20061003,20061025,20260417
Prelude 1,W002884,Browse,WA-371-P,123.341904,-13.819431,Shell Development (Australia) Proprietary Limited,EXT,P&A GS,Prelude,20061113,20070330,20260417
Prelude 1A,W002884,Browse,WA-371-P,123.341904,-13.819431,Shell Development (Australia) Proprietary Limited,EXT,P&A GS,Prelude,20061213,20070330,20260417
GSWA Gneudna 1,W001988,Southern Carnarvon,,115.218036,-23.971479,Geological Survey of Western Australia (GSWA),STR,P&A STR,,19950520,19950531,20260417
Blencathra 1A,W001996,Northern Carnarvon,TP/6,114.429355,-21.571024,BHP Petroleum (Australia) Pty Ltd,NFW,P&A OGS,Blencathra,19950911,19950923,20260417
Blencathra 1,W001996,Northern Carnarvon,TP/6,114.429355,-21.571024,BHP Petroleum (Australia) Pty Ltd,NFW,P&A OGS,Blencathra,19950902,19950909,20260417
Saladin 10H,W002013,Northern Carnarvon,TL/4,115.054128,-21.440237,West Australian Petroleum Pty Limited,DEV,P&A O,Saladin,19951102,19951116,20260417
Saladin 10 ST1 (Redrill),W002013,Northern Carnarvon,TL/4,115.054128,-21.440237,West Australian Petroleum Pty Limited,DEV,P&A O,Saladin,19990101,19990108,20260417
Barrow_F41A,W002024,Northern Carnarvon,L 1H,115.371325,-20.841494,West Australian Petroleum Pty Limited,DEV,O,Barrow Island,19960220,19960224,20260417
Perseus 3A,W002028,Northern Carnarvon,WA-1-L,116.107069,-19.522983,Woodside Offshore Petroleum Pty Ltd,EXT,P&A G,Searipple,19960329,19960427,20260417
Perseus 3,W002028,Northern Carnarvon,WA-1-L,116.107069,-19.522983,Woodside Offshore Petroleum Pty Ltd,EXT,P&A G,Searipple,19960324,19960329,20260417
North Gorgon 4,W002029,Northern Carnarvon,WA-2-R,114.841317,-20.341327,West Australian Petroleum Pty Limited,EXT,P&A GS,Gorgon,19960106,19960318,20260417
Rosslyn 1,W002033,Perth,EP 111,115.047425,-29.068661,Victoria International Petroleum NL,NFW,P&A,,19960207,19960218,20260417
Lynx 1A,W002043,Northern Carnarvon,WA-28-P,116.139414,-19.754133,Woodside Offshore Petroleum Pty Ltd,NFW,P&A GS,,19960622,19961007,20260417
Lynx 1,W002043,Northern Carnarvon,WA-28-P,116.139414,-19.754133,Woodside Offshore Petroleum Pty Ltd,NFW,P&A GS,,19960613,19960622,20260417
Skate 7,W002063,Northern Carnarvon,TL/7,114.980156,-21.596973,West Australian Petroleum Pty Limited,DEV,P&A O,Skate,19960826,19960911,20260417
Skate 7 ST1,W002063,Northern Carnarvon,TL/7,114.980156,-21.596973,West Australian Petroleum Pty Limited,DEV,P&A O,Skate,19960903,19960911,20260417
Skate 7 ST2,W002063,Northern Carnarvon,TL/7,114.980156,-21.596973,West Australian Petroleum Pty Limited,DEV,P&A O,Skate,19960904,19960911,20260417
GWA 11,W002078,Northern Carnarvon,WA-5-L,115.929707,-19.652142,Woodside Offshore Petroleum Pty Ltd,DEV,G&C,Goodwyn,19961013,19970218,20260417
Wandoo B3,W002091,Northern Carnarvon,WA-14-L,116.434466,-20.128083,Ampol Exploration Ltd,DEV,O,Wandoo,19961108,19970329,20260417
Wandoo B4,W002092,Northern Carnarvon,WA-14-L,116.434466,-20.128083,Reading & Bates (A) Pty Ltd,DEV,O,Wandoo,19961108,19970421,20260417
Wandoo B 4A,W002092,Northern Carnarvon,WA-14-L,116.434466,-20.128083,Reading & Bates (A) Pty Ltd,DEV,O,Wandoo,19970417,19970421,20260417
Wandoo B8,W002096,Northern Carnarvon,WA-14-L,116.434466,-20.128083,Ampol Exploration Ltd,DEV,O,Wandoo,19961106,19970504,20260417
Scarborough 2,W002046,Northern Carnarvon,WA-1-R,113.186099,-19.903559,Esso Australia Pty Ltd,EXT,P&A G,Scarborough,19960622,19970209,20260417
Barrow_K88A,W002060,Northern Carnarvon,L 1H,115.367768,-20.826778,West Australian Petroleum Pty Limited,DEV,O,Barrow Island,19960810,19960814,20260417
Ningbing 2,W002061,Bonaparte,EP 386,128.69045,-15.218617,Amity Oil NL,EXT,P&A OGS,,19960815,19960908,20260417
Barrow_M66A,W002066,Northern Carnarvon,L 1H,115.421624,-20.819603,West Australian Petroleum Pty Limited,DEV,Shut in,Barrow Island,19960824,19960827,20260417
Barrow_U22J,W002077,Northern Carnarvon,L 1H,115.425306,-20.746293,West Australian Petroleum Pty Limited,NPW,P&A,Barrow Island,19961001,19961102,20260417
Wandoo B10,W002098,Northern Carnarvon,WA-14-L,116.434466,-20.128084,Ampol Exploration Ltd,DEV,O,Wandoo,19961105,19970515,20260417
Waggon Creek 1A,W002108,Bonaparte,EP 386,128.710615,-15.320229,Amity Oil NL,NFW,P&A GS,,19960611,19960724,20260417
Yaringa East 1,W002116,Southern Carnarvon,EP 378,114.392285,-25.893448,Pace Petroleum Pty Ltd,STR,P&A STR,,19970502,19970520,20260417
BMR Browne 1,W002125,Officer,,125.276369,-25.533052,Geoscience Australia,STR,P&A STR,,19720101,19720101,20260417
BMR Rason 2,W002130,Gunbarrel,,124.046417,-28.553642,Geoscience Australia,STR,P&A STR,,19720101,19720101,20260417
BMR Talbot 5,W002131,Officer,,126.518035,-26.165268,Geoscience Australia,STR,P&A STR,,19720101,19720101,20260417
Wonnich 3,W002143,Northern Carnarvon,TP/8,115.443467,-20.491503,Apache Northwest Pty Ltd,EXT,P&A OGS,Wonnich,19970816,19970825,20260417
Longhorn 1,W002144,Northern Carnarvon,WA-261-P,116.198616,-20.368116,Apache Northwest Pty Ltd,NFW,P&A,,19970827,19970902,20260417
Cornea South 2,W002147,Browse,WA-241-P,124.463512,-13.732169,Shell Development (Australia) Pty Ltd,EXT,P&A OGS,Cornea,19970829,19970909,20260417
Cornea South 2 ST1,W002147,Browse,WA-241-P,124.463512,-13.732169,Shell Development (Australia) Pty Ltd,EXT,P&A OGS,Cornea,19970910,19971008,20260417
Hampton Arms 1 Deepening,W002158,Perth,EP 201,114.74415,-28.968266,Victoria International Petroleum NL,STR,P&A STR,,19950719,19950722,20260417
Plover 3,W002173,Bonaparte,WA-16-P,126.117087,-12.816619,Arco Australia Ltd,EXT,P&A,Petrel,19771213,19780101,20260417
Tourmaline 1,W002177,Northern Carnarvon,EP 361,114.874959,-21.851574,Carnarvon Petroleum NL,NFW,P&A,,19971126,19971203,20260417
Woollybutt 2A,W002188,Northern Carnarvon,WA-234-P,114.906209,-20.917809,British Borneo Australia Ltd,EXT,SUSP O,Woollybutt,19971216,19980115,20260417
Woollybutt 2,W002188,Northern Carnarvon,WA-234-P,114.906209,-20.917809,British Borneo Australia Ltd,EXT,SUSP O,Woollybutt,19971212,19971215,20260417
Woollybutt 2A ST1,W002188,Northern Carnarvon,WA-234-P,114.906209,-20.917809,British Borneo Australia Ltd,EXT,SUSP O,Woollybutt,19971227,19980115,20260417
Barrow_E32A,W002208,Northern Carnarvon,L 1H,115.407732,-20.836635,West Australian Petroleum Pty Limited,DEV,O,Barrow Island,19971025,19971028,20260417
Marley 1,W002810,Northern Carnarvon,TL/5,115.690313,-20.424616,Apache Northwest Pty Ltd,NFW,P&A,,20051209,20060123,20260417
END 01,W002828,Northern Carnarvon,WA-28-L,113.964219,-21.500982,Woodside Energy Ltd,DEV,SUSP,Enfield,20060312,20060510,20260417
Jingemia 8,W002861,Perth,L 14,114.98923,-29.338965,Origin Energy Developments Pty Limited,DEV,Shut in,Jingemia,20060813,20060911,20260417
Libris 1,W002862,Northern Carnarvon,WA-246-P,116.019093,-20.049193,Apache Northwest Pty Ltd,NFW,P&A OGS,,20060815,20060911,20260417
Libris 1 ST1,W002862,Northern Carnarvon,WA-246-P,116.019093,-20.049193,Apache Northwest Pty Ltd,NFW,P&A OGS,,20060824,20060911,20260417
Tortuga 1,W002863,Northern Carnarvon,TP/9,114.36708,-21.58954,Apache Northwest Pty Ltd,NFW,P&A,,20060825,20060903,20260417
PEN 06,W002866,Northern Carnarvon,WA-1-L,116.138063,-19.583986,Woodside Energy Ltd,DEV,G&C,Perseus,20060915,20061115,20260417
Eremia 6,W002881,Perth,L 1,115.019136,-29.308804,Arc Energy Limited,EXT,P&A O,Eremia,20061109,20061118,20260417
Torosa 1,W002882,Browse,WA-30-R,122.069331,-13.86723,Woodside Energy Ltd,EXT,P&A GS,Torosa,20061105,20061229,20260417
Gobi 1,W002883,Northern Carnarvon,TL/1,115.564407,-20.699337,Apache Northwest Pty Ltd,NFW,P&A OS,,20061108,20061114,20260417
Stybarrow 7H L1,W002886,Northern Carnarvon,WA-255-P,113.828954,-21.495056,BHP Billiton Petroleum (Australia) Pty Ltd,DEV,SUSP O,Stybarrow,20070205,20071122,20260417
Stybarrow 7H,W002886,Northern Carnarvon,WA-255-P,113.828954,-21.495056,BHP Billiton Petroleum (Australia) Pty Ltd,DEV,O,Stybarrow,20061114,20071122,20260417
Torosa 2,W002905,Browse,WA-30-R,122.05252,-13.950342,Woodside Energy Ltd,EXT,P&A GS,Torosa,20070107,20070329,20260417
Eremia 7,W002910,Perth,L 1,115.018736,-29.304431,Arc Energy Limited,DEV,P&A G,Eremia,20070203,20070221,20260417
Rigaudon 1,W002936,Browse,WA-371-P,123.610975,-13.521549,Shell Development (Australia) Proprietary Limited,NFW,P&A,,20070512,20070607,20260417
Drakea 2,W002947,Perth,L 1,115.061241,-29.404909,Arc Energy Limited,NFW,SUSP OGS,,20070605,20070621,20260417
Bambra 8H,W002952,Northern Carnarvon,TL/1,115.637584,-20.575214,Apache Northwest Pty Ltd,DEV,O,Bambra,20070727,20070805,20260417
Bambra 8H L1,W002952,Northern Carnarvon,TL/1,115.637584,-20.575214,Apache Northwest Pty Ltd,DEV,O,Bambra,20070625,20070805,20260417
VNA-2H,W002953,Northern Carnarvon,WA-28-L,114.046752,-21.43964,Woodside Energy Ltd,DEV,O,Vincent,20070702,20090328,20260417
VNA-2H L1,W002953,Northern Carnarvon,WA-28-L,114.046752,-21.43964,Woodside Energy Ltd,DEV,O,Vincent,20071007,20090328,20260417
Calthorpe 1,W002959,Northern Carnarvon,WA-271-P,113.83756,-21.56557,Woodside Energy Ltd,NFW,P&A,,20070616,20080424,20260417
Calthorpe 1A,W002959,Northern Carnarvon,WA-271-P,113.83756,-21.56557,Woodside Energy Ltd,NFW,P&A,,20080406,20080424,20260417
Totem 1,W002961,Northern Carnarvon,WA-191-P,117.007557,-19.468647,Santos Limited,NFW,P&A OS,,20070726,20070810,20260417
Grey Rabbit 1,W002458,Northern Carnarvon,WA-270-P,117.301779,-18.785112,Woodside Energy Ltd,NFW,P&A,,20010401,20010409,20260417
Corowa 1,W002467,Northern Carnarvon,WA-264-P,114.570824,-21.484873,Santos Limited,NFW,P&A OS,Corowa,20010604,20010618,20260417
Agincourt 6,W002476,Northern Carnarvon,TL/6,115.514338,-20.668759,Apache Northwest Pty Ltd,DEV,P&A O,Agincourt,20010725,20010807,20260417
Agincourt 6H,W002476,Northern Carnarvon,TL/6,115.514338,-20.668759,Apache Northwest Pty Ltd,DEV,P&A O,Agincourt,20010801,20010807,20260417
GSWA Edaggee 1,W002484,Southern Carnarvon,,114.234704,-25.357487,Geological Survey of Western Australia (GSWA),STR,P&A STR,,20010509,20010517,20260417
Tess 1,W002485,Southern Carnarvon,EP 41,114.138252,-22.366231,Rough Range Oil Pty Ltd,NFW,P&A,,20010820,20010922,20260417
Bessieres 1,W002492,Northern Carnarvon,TP/6,114.788539,-21.617918,Apache Northwest Pty Ltd,NFW,P&A,,20010917,20010922,20260417
Barrow_G27A,W002499,Northern Carnarvon,L 1H,115.364079,-20.834716,Chevron Australia Pty Ltd,DEV,O,Barrow Island,20011001,20011005,20260417
Barrow_M25A,W002502,Northern Carnarvon,L 1H,115.418152,-20.805849,Chevron Australia Pty Ltd,DEV,O,Barrow Island,20011016,20011019,20260417
Marabou 1,W002509,Browse,WA-281-P,122.55914,-14.164928,Santos Offshore Pty Ltd,NFW,P&A OS,,20011123,20020110,20260417
Marabou 1 ST1,W002509,Browse,WA-281-P,122.55914,-14.164928,Santos Offshore Pty Ltd,NFW,P&A OS,,20011217,20020110,20260417
Double Island 1,W002519,Northern Carnarvon,TP/8,115.505524,-20.755878,Apache Northwest Pty Ltd,NFW,P&A OS,Double Island,20020114,20020209,20260417
Victoria 1,W002522,Northern Carnarvon,TL/6,115.571696,-20.739495,Apache Northwest Pty Ltd,NFW,O&G,Victoria,20020212,20020331,20260417
Victoria 1 ST1,W002522,Northern Carnarvon,TL/6,115.571696,-20.739495,Apache Northwest Pty Ltd,NFW,Shut in,Victoria,20020322,20020331,20260417
Norfolk 2,W002529,Northern Carnarvon,WA-191-P,116.653527,-19.248709,Santos Limited,EXT,P&A OS,,20020325,20020404,20260417
Endymion 1,W002552,Northern Carnarvon,TL/5,115.712198,-20.483377,Apache Northwest Pty Ltd,NFW,P&A G,Endymion,20021005,20021017,20260417
Hovea 4 ST1,W002559,Perth,L 1,115.041183,-29.318973,Arc Energy NL,EXT,P&A,Hovea,20021220,20030112,20260417
Hovea 4,W002559,Perth,L 1,115.041183,-29.318973,Arc Energy NL,EXT,P&A O,Hovea,20021120,20030113,20260417
Tirari 1,W002562,Northern Carnarvon,TL/1,115.602513,-20.694733,Apache Northwest Pty Ltd,NFW,P&A,,20021126,20021130,20260417
Bandera 1,W002569,Northern Carnarvon,WA-256-P,115.834469,-20.366467,Apache Northwest Pty Ltd,NFW,P&A,,20030108,20030113,20260417
Hovea 5,W002573,Perth,L 1,115.041692,-29.31909,Arc Energy NL,DEV,P&A OS,Hovea,20030130,20030208,20260417
Hovea 6,W002577,Perth,L 1,115.041692,-29.31909,Arc Energy NL,DEV,P&A OS,Hovea,20030209,20030215,20260417
Mentelle 1,W002578,Perth,WA-286-P,114.889182,-29.435905,Roc Oil (WA) Pty Limited,NFW,P&A,,20030211,20030218,20260417
Rondo 1,W002975,Browse,WA-371-P,123.404101,-13.528415,Shell Development (Australia) Proprietary Limited,NFW,P&A,,20070909,20071006,20260417
Warrabkook 1,W002996,Browse,WA-303-P,120.41689,-14.638942,BHP Billiton Petroleum (North West Shelf) Pty Ltd,NFW,P&A,,20071212,20080222,20260417
Yulleroo 2,W003014,Canning,EP 391,122.933145,-17.860077,Arc Energy Limited,NFW,SUSP GS,,20080122,20080510,20260417
Lilac 1,W003019,Perth,WA-286-P,114.65233,-29.019792,Roc Oil (WA) Pty Limited,NFW,P&A,,20080203,20080211,20260417
Moriary 1,W003020,Perth,EP 426,115.338645,-29.283728,Empire Oil & Gas NL,NFW,P&A,,20080212,20080314,20260417
VGA 4H,W003048,Northern Carnarvon,WA-155-P,114.067842,-21.397794,Apache Northwest Pty Ltd,DEV,O,Vincent,20080112,20080829,20260417
VGA 4H ST1,W003048,Northern Carnarvon,WA-155-P,114.067842,-21.397794,Apache Northwest Pty Ltd,DEV,O,Vincent,20080531,20080829,20260417
Ichthys North 1,W003065,Browse,WA-274-P,123.271215,-13.728308,Coveyork Pty Limited,NFW,P&A GS,,20080905,20090108,20260417
Ichthys North 1 ST1,W003065,Browse,WA-274-P,123.271215,-13.728308,Coveyork Pty Limited,NFW,P&A GS,,20081112,20090108,20260417
BMR Crossland 2,W003075,Canning,,125.468065,-19.13582,Geoscience Australia,STR,P&A STR,,19710822,,20260417
BMR Mount Bannerman 3,W003085,Canning,,127.160288,-19.48693,Geoscience Australia,STR,P&A STR,,,,20260417
Bambra 9,W003094,Northern Carnarvon,TL/1,115.598388,-20.563749,Apache Northwest Pty Ltd,EXT,P&A OGS,Bambra,20081115,20081122,20260417
Okapi 1,W003098,Northern Carnarvon,WA-209-P,116.171034,-20.233822,Apache Northwest Pty Ltd,NFW,P&A OS,,20081129,20081208,20260417
Okapi 1 CH1,W003098,Northern Carnarvon,WA-209-P,116.171034,-20.233822,Apache Northwest Pty Ltd,NFW,P&A OS,,20081205,20081208,20260417
Fletcher 3,W003099,Northern Carnarvon,WA-191-P,116.796688,-19.246594,Santos Limited,EXT,P&A OS,Fletcher,20081206,20090117,20260417
Tidepole 2,W003101,Northern Carnarvon,WA-5-L,115.888679,-19.765501,Woodside Energy Ltd,EXT,P&A OGS,Tidepole,20081211,20090117,20260417
Rosella 2,W003102,Northern Carnarvon,WA-214-P,114.967204,-20.52677,Apache Northwest Pty Ltd,EXT,P&A GS,Rosella,20081217,20090117,20260417
Rosella 2 ST1,W003102,Northern Carnarvon,WA-214-P,114.967204,-20.52677,Apache Northwest Pty Ltd,EXT,P&A GS,Rosella,20081228,,20260417
Rosella 2 ST1 CH1,W003102,Northern Carnarvon,WA-214-P,114.967204,-20.52677,Apache Northwest Pty Ltd,EXT,P&A GS,Rosella,20090109,20090117,20260417
BMR Lucas 3,W003105,Birrindudu,,128.837404,-20.390219,Geoscience Australia,STR,P&A STR,,19720825,19720825,20260417
BMR Lucas 12,W003114,Birrindudu,,128.279071,-20.30134,Geoscience Australia,STR,P&A STR,,19720906,19720906,20260417
Concerto 1 ST1 Songa Venus,W003116,Browse,WA-371-P,123.343901,-13.674473,Shell Development (Australia) Proprietary Limited,NFW,P&A GS,,20090311,20090411,20260417
Concerto 1 ST1 Deepening,W003116,Browse,WA-371-P,123.343901,-13.674473,Shell Development (Australia) Proprietary Limited,NFW,P&A G,,20100826,20101016,20260417
Gipsy 2H,W002427,Northern Carnarvon,TL/1,115.728737,-20.635274,Apache Northwest Pty Ltd,DEV,P&A O,Gipsy,20001102,20010117,20260417
Saratoga 1,W002434,Bonaparte,WA-276-P,126.424952,-12.328204,Kerr-McGee NW Shelf Australia Energy Pty Ltd,NFW,P&A GS,,20001211,20001222,20260417
Lindsay 1,W002436,Northern Carnarvon,EP 364,115.303616,-21.379204,Tap Oil Limited,NFW,P&A GS,,20010102,20010109,20260417
Kaleidoscope 1,W002459,Browse,WA-274-P,123.324827,-13.739401,Coveyork Pty Limited,NFW,P&A GS,,20010403,20010519,20260417
Yardarino 5,W002468,Perth,L 2,115.060522,-29.2197,Arc Energy NL,DEV,P&A G,Yardarino,20010603,20010821,20260417
Defiant 1,W002478,Bonaparte,WA-278-P,126.133342,-12.95849,Kerr-McGee NW Shelf Australia Energy Pty Ltd,NFW,P&A,,20010804,20010814,20260417
Leaf 1,W002483,Northern Carnarvon,WA-215-P,115.04062,-21.151719,Apache Northwest Pty Ltd,NFW,P&A,,20010827,20010916,20260417
Errol 1,W002491,Northern Carnarvon,TR/1,115.550635,-21.041898,Apache Northwest Pty Ltd,NFW,P&A OS,,20010923,20011004,20260417
Denver 1 ST1,W002504,Northern Carnarvon,TP/8,115.593996,-20.761879,Apache Northwest Pty Ltd,NFW,P&A,,20011119,20011204,20260417
Denver 1,W002504,Northern Carnarvon,TP/8,115.593996,-20.761879,Apache Northwest Pty Ltd,NFW,P&A GS,,20011027,20011204,20260417
Huascaran 1,W002524,Northern Carnarvon,WA-292-P,117.802907,-18.780836,IB Resources Pty Ltd,NFW,P&A,,20020218,20020309,20260417
Woodada 19,W002533,Perth,L 5,115.139508,-29.862992,Hardman Resources NL,EXT,Suspended,Woodada,20020411,20020607,20260417
Exeter 2,W002538,Northern Carnarvon,WA-191-P,116.574821,-19.28929,Santos Limited,EXT,P&A OS,Exeter,20020505,20020521,20260417
Morangie 1,W002554,Perth,WA-226-P,112.924972,-27.374858,Origin Energy Developments Pty Limited,NFW,P&A OS,,20021018,20021104,20260417
Morangie 1 ST1,W002554,Perth,WA-226-P,112.924972,-27.374858,Origin Energy Developments Pty Limited,NFW,P&A OS,,20021025,20021104,20260417
Immortelle 1,W002564,Northern Carnarvon,TP/7,115.445579,-21.186109,Apache Oil Australia Pty Ltd,NFW,P&A OGS,,20021130,20021205,20260417
South Plato 3H,W002576,Northern Carnarvon,TL/6,115.564443,-20.699326,Apache Northwest Pty Ltd,DEV,P&A,South Plato,20030205,20030226,20260417
South Plato 3,W002576,Northern Carnarvon,TL/6,115.564443,-20.699326,Apache Northwest Pty Ltd,DEV,P&A,South Plato,20030201,20030226,20260417
Eremia 1,W002588,Perth,L 1,115.018094,-29.30932,Arc Energy NL,NFW,P&A,Eremia,20030306,20030331,20260417
Eskdale 1,W002589,Northern Carnarvon,WA-255-P,113.826835,-21.363601,BHP Billiton Petroleum (Australia) Pty Ltd,NFW,P&A OS,Eskdale,20030314,20030413,20260417
Montgomery 1,W002595,Northern Carnarvon,WA-149-P,115.252007,-20.521549,Apache Oil Australia Pty Ltd,NFW,P&A GS,,20030401,20030424,20260417
Skiddaw 2,W002600,Northern Carnarvon,WA-255-P,113.871913,-21.480437,BHP Billiton Petroleum (Australia) Pty Ltd,EXT,P&A OGS,,20030521,20030604,20260417
Mondarra 5 Top Hole,W002889,Perth,L 1,115.117504,-29.312005,APT Parmelia Pty Ltd,DEV,P&S,Mondarra,20061118,20061213,20260417
Mondarra 5 Coiled Tubing,W002889,Perth,L 1,115.117504,-29.312005,APT Parmelia Pty Ltd,DEV,P&S,Mondarra,20070205,20070221,20260417
Mondarra 5 ST1,W002889,Perth,L 1,115.117504,-29.312005,APT Parmelia Pty Ltd,DEV,P&S,Mondarra,20070604,20070801,20260417
Lyginia 1,W002893,Perth,L 1,115.020808,-29.329296,Arc Energy Limited,NFW,P&A,,20061123,20061207,20260417
Lee 3,W002900,Northern Carnarvon,TL/1,115.708891,-20.555165,Apache Northwest Pty Ltd,DEV,Shut in,Lee,20061217,20070205,20260417
Sculptor 3,W002907,Northern Carnarvon,WA-24-L,115.689799,-19.809328,Woodside Energy Ltd,EXT,P&A GS,,20070123,20070204,20260417
Dongara 37,W002908,Perth,L 2,115.01188,-29.23322,Arc Energy Limited,DEV,P&A,Dongara,20070107,20070128,20260417
Dongara 37 L2,W002908,Perth,L 2,115.01188,-29.23322,Arc Energy Limited,DEV,P&A,Dongara,20070124,20070128,20260417
Brocket 1,W002911,Northern Carnarvon,WA-209-P,116.081533,-20.283616,Apache Northwest Pty Ltd,NFW,P&A OS,,20070210,20070217,20260417
Vincent 3,W002928,Northern Carnarvon,WA-28-L,114.067966,-21.423423,Woodside Energy Ltd,EXT,P&A OS,Vincent,20070413,20070428,20260417
Dinichthys North 1,W002931,Browse,WA-285-P,123.23017,-13.782458,Inpex Browse Ltd,NFW,P&A GS,,20070426,20070809,20260417
Theo 3H,W002939,Northern Carnarvon,WA-155-P,114.068131,-21.397799,BHP Billiton Petroleum (Australia) Pty Ltd,EXT,O,Vincent,20070525,20070629,20260417
Theo 3H L1 ST1,W002939,Northern Carnarvon,WA-155-P,114.068131,-21.397799,BHP Billiton Petroleum (Australia) Pty Ltd,EXT,O,Vincent,20080930,20081017,20260417
Theo 3H L1,W002939,Northern Carnarvon,WA-155-P,114.068131,-21.397799,BHP Billiton Petroleum (Australia) Pty Ltd,EXT,P&A,Vincent,20080928,20081017,20260417
Apium 2,W002956,Perth,L 1,115.071039,-29.315948,Arc Energy Limited,EXT,Suspended,Apium,20070709,20070721,20260417
Bambra East 3,W002963,Northern Carnarvon,TL/1,115.6376,-20.575209,Apache Northwest Pty Ltd,DEV,SUSP OG,Bambra East,20070805,20070826,20260417
Trio 1,W002984,Browse,WA-371-P,123.496586,-13.505526,Shell Development (Australia) Proprietary Limited,NFW,P&A,,20071007,20071021,20260417
Woollybutt 6H ST1,W002985,Northern Carnarvon,WA-25-L,114.874504,-20.980193,ENI Australia Limited,DEV,P&A,Woollybutt,20071029,20071114,20260417
Woollybutt 6H,W002985,Northern Carnarvon,WA-25-L,114.874504,-20.980193,ENI Australia Limited,DEV,SUSP,Woollybutt,20071007,20071114,20260417
VGA 2H,W003007,Northern Carnarvon,WA-155-P,114.067939,-21.397796,Apache Northwest Pty Ltd,DEV,O,Vincent,20080108,20080922,20260417
VGA 2H L1,W003007,Northern Carnarvon,WA-155-P,114.067939,-21.397796,Apache Northwest Pty Ltd,DEV,O,Vincent,20080907,20080922,20260417
VGA 5H,W003012,Northern Carnarvon,WA-155-P,114.06814,-21.397348,Apache Northwest Pty Ltd,DEV,O,Vincent,20080120,20081114,20260417
Wheatstone 2 BCH1,W002968,Northern Carnarvon,WA-253-P,115.30736,-19.813698,Chevron Australia Pty Ltd,EXT,P&A,Wheatstone,20070908,,20260417
Wheatstone 2,W002968,Northern Carnarvon,WA-253-P,115.30736,-19.813698,Chevron Australia Pty Ltd,EXT,SUSP G,Wheatstone,20070815,20071020,20260417
Wheatstone 2 BCH1 ST1,W002968,Northern Carnarvon,WA-253-P,115.30736,-19.813698,Chevron Australia Pty Ltd,EXT,SUSP G,Wheatstone,20070922,20071020,20260417
Barrow E23A,W002977,Northern Carnarvon,L 1H,115.413154,-20.835444,Chevron Australia Pty Ltd,WIW,SUSP,Barrow Island,20070915,20080212,20260417
Barrow E33A,W002980,Northern Carnarvon,L 1H,115.410238,-20.836872,Chevron Australia Pty Ltd,DEV,Shut in,Barrow Island,20070926,20080212,20260417
Valhalla 1,W002992,Canning,EP 371,124.767857,-18.067676,Arc Energy Limited,NFW,P&A OGS,,20071115,20071229,20260417
Valhalla 1 ST1,W002992,Canning,EP 371,124.767857,-18.067676,Arc Energy Limited,NFW,P&A OGS,,20071130,20071229,20260417
Barrow G72A,W002993,Northern Carnarvon,L 1H,115.344407,-20.850205,Chevron Australia Pty Ltd,DEV,O,Barrow Island,20071119,20080212,20260417
Xena 2,W002999,Northern Carnarvon,WA-350-P,115.186485,-19.978051,Woodside Energy Ltd,EXT,P&A GS,Xena,20071217,20080223,20260417
Xena 2 CH1,W002999,Northern Carnarvon,WA-350-P,115.186485,-19.978051,Woodside Energy Ltd,EXT,P&A GS,Xena,20070118,20080223,20260417
VGA 3H,W003005,Northern Carnarvon,WA-155-P,114.068035,-21.397798,Apache Northwest Pty Ltd,DEV,O,Vincent,20080106,20080820,20260417
VGA 3H ST1,W003005,Northern Carnarvon,WA-155-P,114.068035,-21.397798,Apache Northwest Pty Ltd,DEV,O,Vincent,20080726,20080820,20260417
VGA 3H L1,W003005,Northern Carnarvon,WA-155-P,114.068035,-21.397798,Apache Northwest Pty Ltd,DEV,O,Vincent,20080731,20080820,20260417
Frankland 2,W003021,Perth,WA-286-P,114.743475,-29.246837,Roc Oil (WA) Pty Limited,EXT,P&A GS,,20080212,20080320,20260417
Stag 32H,W003022,Northern Carnarvon,WA-15-L,116.246121,-20.29007,Apache Northwest Pty Ltd,WIW,Service,Stag,20080225,20080322,20260417
Julimar Southeast 1,W003026,Northern Carnarvon,WA-356-P,115.066357,-20.151931,Apache Northwest Pty Ltd,NFW,SUSP GS,,20080313,20080403,20260417
Dunsborough 2,W003027,Perth,WA-286-P,114.628186,-29.039279,Roc Oil (WA) Pty Limited,EXT,P&A OS,,20080321,20080404,20260417
Torosa 6,W003035,Browse,WA-30-R,121.900331,-14.04178,Woodside Energy Ltd,EXT,P&A GS,Torosa,20080422,20080723,20260417
VGB 8H,W003042,Northern Carnarvon,WA-155-P,114.076633,-21.387116,Apache Northwest Pty Ltd,DEV,O,Vincent,20080603,20081027,20260417
VGB 8H L1,W003042,Northern Carnarvon,WA-155-P,114.076633,-21.387116,Apache Northwest Pty Ltd,DEV,O,Vincent,20081008,20081027,20260417
VGB 9H,W003043,Northern Carnarvon,WA-155-P,114.076729,-21.387118,Apache Northwest Pty Ltd,DEV,O,Vincent,20080606,20080927,20260417
VGB 9H L1,W003043,Northern Carnarvon,WA-155-P,114.076729,-21.387118,Apache Northwest Pty Ltd,DEV,O,Vincent,20080916,20080927,20260417
Wonnich 2,W002136,Northern Carnarvon,TP/8,115.443467,-20.491503,Apache Northwest Pty Ltd,EXT,P&A OGS,Wonnich,19970804,19970816,20260417
Whicher Range 4,W002150,Perth,EP 408,115.368482,-33.839542,Amity Oil NL,EXT,P&A G,Whicher Range,19970830,19971103,20260417
Whicher Range 4 ST1,W002150,Perth,EP 408,115.368482,-33.839542,Amity Oil NL,EXT,P&A G,Whicher Range,20131202,20131216,20260417
Buck 1,W002151,Northern Carnarvon,WA-259-P,117.025203,-19.763724,Apache Northwest Pty Ltd,NFW,P&A,,19970915,19970920,20260417
Barrow_Q26,W002160,Northern Carnarvon,L 1H,115.392651,-20.775816,West Australian Petroleum Pty Limited,DEV,P&S,Barrow Island,19971001,19971009,20260417
HA 05 ST,W002161,Northern Carnarvon,TL/1,115.614219,-20.60219,Hadson Australia Development Pty Ltd,DEV,P&A OG,Harriet,19940806,19940817,20260417
Tubridgi 15,W002181,Northern Carnarvon,L 9,114.828647,-21.804891,Boral Energy Resources Limited,DEV,P&A G,Tubridgi,19971207,19971215,20260417
Koombana 1A,W002193,Northern Carnarvon,TL/1,115.606525,-20.662458,Apache Northwest Pty Ltd,NFW,SUSP,,19971215,19980220,20260417
Koombana 1,W002193,Northern Carnarvon,TL/1,115.606525,-20.662458,Apache Northwest Pty Ltd,NFW,SUSP,,19971212,19980220,20260417
Tern 5,W002197,Bonaparte,WA-18-P,128.098764,-13.204735,Santos Australia Ltd,EXT,P&A GC,Tern,19971130,19980209,20260417
Barrow_F23A,W002210,Northern Carnarvon,L 1H,115.379893,-20.835019,West Australian Petroleum Pty Limited,DEV,O,Barrow Island,19971104,19971109,20260417
Barrow_L86A,W002211,Northern Carnarvon,L 1H,115.391115,-20.826563,West Australian Petroleum Pty Limited,DEV,O,Barrow Island,19971109,19971113,20260417
Barrow_F52A,W002216,Northern Carnarvon,L 1H,115.375502,-20.845305,West Australian Petroleum Pty Limited,WIW,O,Barrow Island,19971201,19980208,20260417
Egret 2,W002232,Northern Carnarvon,WA-10-R,116.370329,-19.473745,Woodside Offshore Petroleum Pty Ltd,EXT,P&A,Egret,19980430,19980626,20260417
Tear 1,W002235,Browse,WA-265-P,124.593729,-13.580511,Shell Development (Australia) Pty Ltd,NFW,P&A OGS,Cornea,19980609,19980619,20260417
Whitewood 1,W002277,Northern Carnarvon,WA-14-L,116.352989,-20.139846,Mobil Exploration & Producing Australia Pty Ltd,NFW,P&A,,19981121,19981127,20260417
Webley 1,W002282,Northern Carnarvon,WA-245-P,115.63643,-20.003158,Woodside Energy Ltd,NFW,P&A,,19981213,19990131,20260417
Webley 1 ST1,W002282,Northern Carnarvon,WA-245-P,115.63643,-20.003158,Woodside Energy Ltd,NFW,P&A,,19981224,,20260417
Webley 1A,W002282,Northern Carnarvon,WA-245-P,115.63643,-20.003158,Woodside Energy Ltd,NFW,P&A,,19981227,19990131,20260417
Ermine 1,W002302,Northern Carnarvon,WA-270-P,116.81741,-18.694458,Woodside Energy Ltd,NFW,P&A,,19990507,19990521,20260417
BMR Rason 3,W002305,Gunbarrel,,123.49812,-28.553649,Geoscience Australia,STR,P&A STR,,19720101,19720101,20260417
Tubridgi 18,W002332,Northern Carnarvon,L 9,114.852541,-21.790248,Boral Energy Resources Limited,DEV,P&A G,Tubridgi,19990810,19990817,20260417
Barrow_F62A,W002215,Northern Carnarvon,L 1H,115.376188,-20.849183,West Australian Petroleum Pty Limited,DEV,O,Barrow Island,19971126,19971130,20260417
Barrow_E33,W002228,Northern Carnarvon,L 1H,115.410635,-20.835355,West Australian Petroleum Pty Limited,WIW,O,Barrow Island,19980125,19980201,20260417
West Harriet 1,W002231,Northern Carnarvon,TL/1,115.596852,-20.601687,Apache Northwest Pty Ltd,EXT,P&A OS,,19980512,19980522,20260417
Stag 10H BHC1,W002241A,Northern Carnarvon,WA-15-L,116.275313,-20.289976,Apache Northwest Pty Ltd,DEV,O,Stag,20021109,20021114,20260417
Stag 10H L1,W002241A,Northern Carnarvon,WA-15-L,116.275313,-20.289976,Apache Northwest Pty Ltd,DEV,P&A O,Stag,20021108,20021114,20260417
Lake Hevern 1,W002247,Canning,EP 385,127.578955,-21.464441,Amity Oil NL,NFW,P&A,,19980512,19980729,20260417
Macula 1,W002250,Browse,WA-266-P,124.558433,-13.634186,Shell Development (Australia) Pty Ltd,NFW,P&A OGS,,19980620,19980703,20260417
Lloyd 3,W002251,Canning,L 8,124.251773,-17.469784,Terratek Drilling Tools Pty Limited,EXT,P&A O,Lloyd,19980627,19980723,20260417
Melanie 1,W002256,Northern Carnarvon,EP 359,114.109665,-21.814986,Victoria International Petroleum NL,NFW,P&A GS,,19980619,19980728,20260417
Vienta 1,W002262,Bonaparte,EP 386,128.786726,-15.369236,Amity Oil NL,NFW,Shut in,,19980814,19980912,20260417
GWA 14,W002268,Northern Carnarvon,WA-5-L,115.879674,-19.652141,Woodside Petroleum Ltd,DEV,Service,Goodwyn,19981027,19990303,20260417
GWA 14 ST1,W002268,Northern Carnarvon,WA-5-L,115.879674,-19.652141,Woodside Petroleum Ltd,DEV,Service,Goodwyn,19981112,,20260417
GWA 14 ST2,W002268,Northern Carnarvon,WA-5-L,115.879674,-19.652141,Woodside Petroleum Ltd,DEV,Service,Goodwyn,19990106,,20260417
Morrel 1,W002273,Northern Carnarvon,WA-202-P,116.560235,-20.122432,Mobil Exploration & Producing Australia Pty Ltd,NFW,P&A G,,19981115,19981121,20260417
Lacerta 1,W002274,Northern Carnarvon,WA-248-P,116.356171,-19.375536,Mobil Exploration & Producing Australia Pty Ltd,NFW,P&A,,19981114,19981214,20260417
Cortex 1,W002292,Browse,WA-266-P,124.790742,-13.669803,Shell Development (Australia) Pty Ltd,NFW,P&A,,19990226,19990302,20260417
Sage 1,W002298,Northern Carnarvon,WA-254-P,116.414565,-19.90511,Apache Northwest Pty Ltd,NFW,P&A OGS,Sage,19990317,19990409,20260417
Woodada 16,W002312,Perth,L 5,115.153152,-29.847894,Phoenix Energy Pty Limited,DEV,Suspended,Woodada,19990507,19991001,20260417
Stag 17H,W002327,Northern Carnarvon,WA-15-L,116.281213,-20.283003,Apache Energy Limited,WIW,Service,Stag,19990712,19990804,20260417
Stag 18H,W002328,Northern Carnarvon,WA-15-L,116.281152,-20.283076,Apache Energy Limited,WIW,Service,Stag,19990711,19990804,20260417
Woollybutt 3A,W002345,Northern Carnarvon,WA-234-P,114.874799,-20.965982,British Borneo Australia Ltd,EXT,SUSP OG,,19991109,19991208,20260417
Woollybutt 3,W002345,Northern Carnarvon,WA-234-P,114.874799,-20.965982,British Borneo Australia Ltd,EXT,SUSP OG,,19991104,,20260417
Cyrano 1,W002590,Northern Carnarvon,EP 364,115.285963,-21.359473,Tap (Shelfal) Pty Ltd,NFW,P&A OGS,Cyrano,20030321,20030325,20260417
Thomas Bright 1,W002591,Northern Carnarvon,WA-214-P,115.099402,-20.450809,Apache Northwest Pty Ltd,NFW,P&A GS,,20030321,20030331,20260417
Egret 3,W002593,Northern Carnarvon,WA-10-R,116.357707,-19.498331,Woodside Energy Ltd,EXT,P&A OGS,Egret,20030327,20030529,20260417
Tigger 1,W002602,Northern Carnarvon,WA-248-P,116.398388,-19.34864,Woodside Energy Ltd,NFW,P&A,,20030530,20030626,20260417
Carteret 1,W002607,Northern Carnarvon,WA-4-L,116.548918,-19.333609,Woodside Energy Ltd,NFW,P&A,,20030626,20030713,20260417
Chiru 1,W002612,Northern Carnarvon,WA-209-P,116.292371,-20.168351,Apache Northwest Pty Ltd,NFW,P&A,,20030723,20030802,20260417
Hoover 2,W002617,Northern Carnarvon,TL/6,115.571724,-20.739509,Apache Northwest Pty Ltd,DEV,P&A O,Hoover,20030811,20030829,20260417
Mosman 1,W002620,Northern Carnarvon,TL/2,115.243937,-21.124791,Apache Airlie Pty Limited,NFW,P&A OS,South Pepper,20030829,20030913,20260417
Crosby 1,W002631,Northern Carnarvon,WA-12-R,114.102296,-21.529695,BHP Billiton Petroleum (Australia) Pty Ltd,NFW,P&A OS,Crosby,20031003,20031010,20260417
CRA PER 7,W002636,Perth,EP 181,115.666838,-29.192438,CRA Exploration Pty Ltd,STR,P&A STR,,19830208,19830209,20260417
Simpson 6,W002649,Northern Carnarvon,TL/1,115.584902,-20.67336,Apache Northwest Pty Ltd,EXT,P&A,Simpson,20031204,20031210,20260417
Ajax 1,W002651,Northern Carnarvon,WA-1-P,116.699691,-19.6166,Woodside Energy Ltd,NFW,P&A OS,Ajax,20031228,20040119,20260417
Ajax 1 ST1,W002651,Northern Carnarvon,WA-1-P,116.699691,-19.6166,Woodside Energy Ltd,NFW,P&A OS,Ajax,20031231,20040119,20260417
Redback 1,W002656,Perth,L 11,115.162097,-29.457779,Origin Energy Developments Pty Limited,NFW,P&A GS,Redback,20040211,20040320,20260417
Blackthorn 1,W002665,Northern Carnarvon,TP/7,115.130291,-21.337351,Apache Northwest Pty Ltd,NFW,P&A OS,,20040329,20040403,20260417
Kadinsky 1,W002668,Northern Carnarvon,TL/1,115.605291,-20.64727,Apache Northwest Pty Ltd,NFW,P&A,,20040418,20040425,20260417
Mutineer 4,W002683,Northern Carnarvon,WA-26-L,116.637599,-19.258931,Santos Limited,DEV,SUSP O,Mutineer,20040609,20040926,20260417
Monet 2H,W002684,Northern Carnarvon,TL/1,115.584941,-20.673354,Apache Northwest Pty Ltd,DEV,P&A,Monet,20040613,20040626,20260417
Muggles 1,W002691,Northern Carnarvon,WA-254-P,116.748619,-19.789197,Apache Northwest Pty Ltd,NFW,P&A,,20040629,20040704,20260417
Wheatstone 1,W002696,Northern Carnarvon,WA-17-R,115.275181,-19.849601,Chevron Oil Company,NFW,P&A GS,Wheatstone,20040723,20040822,20260417
Polkadot 1,W002703,Bonaparte,WA-313-P,128.485441,-13.628521,Woodside Energy Ltd,NFW,P&A GS,,20040829,20040929,20260417
Mutineer 9,W002704,Northern Carnarvon,WA-26-L,116.637743,-19.259287,Santos Limited,DEV,SUSP O,Mutineer,20040903,20040911,20260417
Wandoo B 8 ST1,W002096,Northern Carnarvon,WA-14-L,116.434466,-20.128083,Ampol Exploration Ltd,DEV,O,Wandoo,20100923,20101002,20260417
Wandoo B 8A,W002096,Northern Carnarvon,WA-14-L,116.434466,-20.128083,Ampol Exploration Ltd,DEV,P&A,Wandoo,19970505,19970510,20260417
Cornea 2,W002106,Browse,WA-241-P,124.482108,-13.684651,Shell Development (Australia) Pty Ltd,EXT,P&A OGS,Cornea,19970126,19970204,20260417
Cornea 2 ST1,W002106,Browse,WA-241-P,124.482108,-13.684651,Shell Development (Australia) Pty Ltd,EXT,P&A OGS,Cornea,19970204,19970219,20260417
Lambert 3,W002109,Northern Carnarvon,WA-8-R,116.487863,-19.449575,Woodside Offshore Petroleum Pty Ltd,DEV,O,Hermes,19970204,19970311,20260417
Cherring 1,W002112,Northern Carnarvon,WA-202-P,116.531074,-20.019639,Ampol Exploration Ltd,NFW,P&A GS,,19970226,19970313,20260417
BMR Warri 20,W002133,Officer,,124.551352,-24.081942,Geoscience Australia,STR,P&A STR,,19720918,19721018,20260417
Cape Ford 1,W002140,Bonaparte,WA-128-P,128.94248,-14.512683,Cultus Petroleum NL,NFW,P&A OGS,,19970812,19971005,20260417
Bugle 1,W002148,Northern Carnarvon,WA-259-P,116.898211,-19.685984,Apache Northwest Pty Ltd,NFW,P&A,,19970905,19970914,20260417
Tubridgi 13,W002170,Northern Carnarvon,L 9,114.821871,-21.75956,Boral Energy Resources Limited,EXT,P&A,Tubridgi,19971101,19971109,20260417
Boondawari 1,W002178,Officer,EP 380,121.52056,-23.519553,Amadeus Petroleum NL,STR,P&A STR,,19971026,19971124,20260417
Janus 1,W002186,Northern Carnarvon,WA-254-P,116.553473,-19.876923,Apache Northwest Pty Ltd,NFW,P&A,,19971228,19980107,20260417
Lockyer 1,W002192,Perth,EP 368,115.262416,-29.184798,Premier Petroleum (Australia) Pty Ltd,NFW,P&A GS,,19971220,19980212,20260417
Peck 1,W002201,Northern Carnarvon,TP/8,115.507648,-20.870139,Apache Northwest Pty Ltd,NFW,P&A OGS,,19980309,19980323,20260417
Wayvanerry 1,W002202,Perth,EP 368,115.297385,-29.145948,Premier Petroleum (Australia) Pty Ltd,NFW,P&A OS,,19980219,19980310,20260417
Crest 1 Deepening,W002206,Northern Carnarvon,EP 65,115.021372,-21.455988,West Australian Petroleum Pty Limited,DPT,P&A OGS,Crest,19980316,19980319,20260417
Barrow_L23A,W002221,Northern Carnarvon,L 1H,115.379271,-20.805063,West Australian Petroleum Pty Limited,DEV,O,Barrow Island,19971226,19971229,20260417
Barrow_P44A,W002222,Northern Carnarvon,L 1H,115.413962,-20.783374,West Australian Petroleum Pty Limited,DEV,O,Barrow Island,19971229,19980101,20260417
Barrow_Q17,W002226,Northern Carnarvon,L 1H,115.396276,-20.77229,West Australian Petroleum Pty Limited,WIW,Shut in,Barrow Island,19980112,19980118,20260417
Barrow_C11M,W002229,Northern Carnarvon,L 1H,115.372466,-20.85928,West Australian Petroleum Pty Limited,DEV,O,Barrow Island,19980209,19980224,20260417
Barrow_R77A,W002237,Northern Carnarvon,L 1H,115.364404,-20.793502,West Australian Petroleum Pty Limited,WIW,Shut in,Barrow Island,19980523,19980526,20260417
Jansz 3,W002604,Northern Carnarvon,WA-18-R,114.577518,-19.820169,Mobil Exploration & Producing Australia Pty Ltd,EXT,P&A G,Jansz,20030604,20030710,20260417
Ginger 1,W002610,Northern Carnarvon,TL/1,115.651996,-20.671615,Apache Northwest Pty Ltd,NFW,P&A GS,Ginger,20030720,20030803,20260417
Ginger 1 CH1,W002610,Northern Carnarvon,TL/1,115.651996,-20.671615,Apache Northwest Pty Ltd,NFW,P&A GS,Ginger,20030730,20030803,20260417
Gipsy 3,W002614,Northern Carnarvon,TL/1,115.721858,-20.651179,Apache Northwest Pty Ltd,EXT,P&A OGS,Gipsy,20030803,20030815,20260417
Hovea 9,W002633,Perth,L 1,115.044447,-29.328809,Arc Energy NL,EXT,P&A OS,Hovea,20031009,20031027,20260417
Hovea 9 ST1,W002633,Perth,L 1,115.044447,-29.328809,Arc Energy NL,EXT,P&A OS,Hovea,20031020,20031027,20260417
Gudrun 2,W002653,Northern Carnarvon,TL/1,115.614174,-20.602206,Apache Northwest Pty Ltd,DEV,P&A O,Gudrun,20040121,20040211,20260417
Apium 1,W002677,Perth,L 1,115.071042,-29.315948,Arc Energy NL,NFW,P&A GS,Apium,20040521,20040620,20260417
Ravensworth 2,W002685,Northern Carnarvon,WA-12-R,114.092624,-21.51076,BHP Billiton Petroleum (Australia) Pty Ltd,EXT,P&A OS,Ravensworth,20040614,20040625,20260417
Ravensworth 2 CH1,W002685,Northern Carnarvon,WA-12-R,114.092624,-21.51076,BHP Billiton Petroleum (Australia) Pty Ltd,EXT,P&A OS,Ravensworth,20040620,20040624,20260417
Mutineer 7,W002688,Northern Carnarvon,WA-26-L,116.637743,-19.259288,Santos Limited,DEV,P&A OS,Mutineer,20040626,20040728,20260417
Gungurru 1,W002693,Northern Carnarvon,WA-202-P,116.484698,-20.04607,Apache Northwest Pty Ltd,NFW,P&A OGS,,20040705,20040713,20260417
Lambert 6,W002708,Northern Carnarvon,WA-16-L,116.488038,-19.449132,Woodside Energy Ltd,DEV,O,Hermes,20041010,20041120,20260417
Cyrano 2,W002719,Northern Carnarvon,EP 364,115.279249,-21.36442,Tap (Shelfal) Pty Ltd,EXT,P&A,,20041206,20041215,20260417
Scarborough 4,W002730,Northern Carnarvon,WA-1-R,113.217313,-19.835412,BHP Billiton Petroleum (North West Shelf) Pty Ltd,EXT,P&A GS,Scarborough,20050108,20050203,20260417
Scarborough 4A,W002730,Northern Carnarvon,WA-1-R,113.217313,-19.835412,BHP Billiton Petroleum (North West Shelf) Pty Ltd,EXT,P&A GS,Scarborough,20050111,,20260417
Scarborough 4A CH1,W002730,Northern Carnarvon,WA-1-R,113.217313,-19.835412,BHP Billiton Petroleum (North West Shelf) Pty Ltd,EXT,P&A GS,Scarborough,20050124,20050203,20260417
Plymouth 1,W002731,Northern Carnarvon,WA-27-L,116.509549,-19.31589,Santos Limited,NFW,P&A,,20050115,20050203,20260417
Albert 1,W002737,Northern Carnarvon,TL/6,115.571704,-20.739473,Apache Northwest Pty Ltd,NFW,Shut in,Albert,20050308,20050317,20260417
Remus 1,W002748,Northern Carnarvon,TL/6,115.564407,-20.699337,Apache Northwest Pty Ltd,NFW,P&A OG,,20050412,20050417,20260417
ENA 04,W002758,Northern Carnarvon,WA-28-L,113.989336,-21.481994,Woodside Energy Ltd,DEV,O,Enfield,20050430,20060510,20260417
VGA 5H ST1,W003012,Northern Carnarvon,WA-155-P,114.06814,-21.397348,Apache Northwest Pty Ltd,DEV,O,Vincent,20080427,,20260417
VGA 5H  L1,W003012,Northern Carnarvon,WA-155-P,114.06814,-21.397348,Apache Northwest Pty Ltd,DEV,O,Vincent,20080627,20081114,20260417
Barrow F54A,W003015,Northern Carnarvon,L 1H,115.384682,-20.843689,Chevron Australia Pty Ltd,WIW,Shut in,Barrow Island,20080124,20080212,20260417
Wheatstone 3,W003023,Northern Carnarvon,WA-17-R,115.279613,-19.890234,Chevron Australia Pty Ltd,EXT,P&A GS,Wheatstone,20080227,20080328,20260417
Thebe 2,W003024,Northern Carnarvon,WA-346-P,113.13128,-19.260038,BHP Billiton Petroleum (North West Shelf) Pty Ltd,EXT,P&A GS,Thebe,20080229,20080511,20260417
Thebe 2 CH1,W003024,Northern Carnarvon,WA-346-P,113.13128,-19.260038,BHP Billiton Petroleum (North West Shelf) Pty Ltd,EXT,P&A GS,Thebe,20080403,20080511,20260417
Legendre North-6H,W003029,Northern Carnarvon,WA-20-L,116.708729,-19.703917,Woodside Energy Ltd,DEV,P&A O,Legendre North,20080330,20080418,20260417
Grange 1,W003037,Northern Carnarvon,WA-356-P,115.09466,-20.085626,Apache Northwest Pty Ltd,NFW,P&A GS,,20080507,20080531,20260417
Mimia 1,W003044,Browse,WA-344-P,123.44722,-13.71568,Inpex Browse Ltd,NFW,P&A G,Mimia,20080609,20080805,20260417
VGA 7H,W003049,Northern Carnarvon,WA-155-P,114.068044,-21.397346,Apache Northwest Pty Ltd,DEV,O,Vincent,20080118,20081114,20260417
VGA 7H L1,W003049,Northern Carnarvon,WA-155-P,114.068044,-21.397346,Apache Northwest Pty Ltd,DEV,O,Vincent,20081029,,20260417
Simpson 10,W003057,Northern Carnarvon,TL/1,115.584777,-20.67337,Apache Northwest Pty Ltd,DEV,P&A,Simpson,20080726,20080808,20260417
Wandoo B13H,W003092,Northern Carnarvon,WA-14-L,116.435776,-20.12668,Vermilion Oil & Gas Australia Pty Ltd,DEV,O,Wandoo,20081024,20081209,20260417
Torosa 5,W003095,Browse,WA-30-R,121.975778,-13.988789,Woodside Energy Ltd,EXT,P&A GS,Torosa,20081108,20090122,20260417
BMR Lucas 10,W003112,Birrindudu,,128.345738,-20.311061,Geoscience Australia,STR,P&A STR,,19720830,19720830,20260417
Lambert 9,W003118,Northern Carnarvon,WA-16-L,116.49846,-19.419651,Woodside Energy Ltd,EXT,P&A OS,Lambert,20090118,20090302,20260417
Stickle 5H Songa Mercur,W003126,Northern Carnarvon,WA-12-R,114.084557,-21.538079,BHP Billiton Petroleum (Australia) Pty Ltd,DEV,P&A,Stickle,20090204,,20260417
Stickle 5 PH,W003126,Northern Carnarvon,WA-12-R,114.084557,-21.538079,BHP Billiton Petroleum (Australia) Pty Ltd,DEV,P&A,Stickle,20090313,,20260417
Stickle 5H,W003126,Northern Carnarvon,WA-12-R,114.084557,-21.538079,BHP Billiton Petroleum (Australia) Pty Ltd,DEV,O,Stickle,20090318,20100608,20260417
Ravensworth 5H,W003136,Northern Carnarvon,WA-155-P,114.084557,-21.538079,BHP Billiton Petroleum (Australia) Pty Ltd,DEV,SUSP O,Ravensworth,20090315,20100608,20260417
Brecknock 4,W003142,Browse,WA-32-R,121.659401,-14.362728,Woodside Energy Ltd,EXT,P&A,Brecknock,20090331,20090520,20260417
Concerto 1 ST1,W003116,Browse,WA-371-P,123.343901,-13.674473,Shell Development (Australia) Proprietary Limited,NFW,P&A,,20090119,20090130,20260417
Concerto 1,W003116,Browse,WA-371-P,123.343901,-13.674473,Shell Development (Australia) Proprietary Limited,NFW,P&A G,,20090110,20090411,20260417
Zeus 1,W003117,Northern Carnarvon,WA-361-P,115.835185,-19.504895,MEO Australia Ltd,NFW,P&A GS,,20090117,20090218,20260417
ENE 01,W003144,Northern Carnarvon,WA-28-L,113.988118,-21.481456,Woodside Energy Ltd,DEV,O,Enfield,20090405,20090531,20260417
Brokenwood 2,W003146,Northern Carnarvon,WA-356-P,115.163491,-20.014659,Apache Northwest Pty Ltd,NFW,P&A GS,,20090411,20090427,20260417
Minuet 1,W003147,Browse,WA-371-P,123.420564,-13.562631,Shell Development (Australia) Proprietary Limited,NFW,P&A GS,,20090412,20090605,20260417
Apium North 1,W003158,Perth,L 1,115.062633,-29.286809,AWE (Australia) Energy Ltd,NFW,P&A GS,,20090621,20090708,20260417
Sally May 2,W003159,Canning,EP 429,124.457509,-19.801375,Kingsway Oil Pty Ltd,NFW,P&A,,20090627,20090815,20260417
Toporoa 1,W003162,Northern Carnarvon,WA-390-P,113.9802,-19.922469,Hess Exploration Australia Pty Limited,NFW,P&A GS,,20090701,20090721,20260417
Redback South 1,W003174,Perth,L 11,115.162097,-29.457778,Origin Energy Developments Pty Limited,NFW,G,Redback,20090825,20090927,20260417
Crummock 1,W003176,Northern Carnarvon,WA-357-P,114.082858,-21.334512,Apache Northwest Pty Ltd,NFW,P&A,,20090907,20090923,20260417
Rimfire 1,W003177,Northern Carnarvon,WA-390-P,113.599847,-20.064355,Hess Exploration Australia Pty Limited,NFW,P&A G,,20090912,20091018,20260417
Yellowglen 1,W003191,Northern Carnarvon,WA-268-P,113.918033,-19.693661,Chevron (TAPL) Pty Ltd,NFW,P&A GS,Yellowglen,20091121,20091221,20260417
Cornea 3,W003195,Browse,WA-342-P,124.494379,-13.69812,Hawkestone Oil Pty Ltd,EXT,P&A OS,Cornea,20091211,20091228,20260417
Keto 1,W003208,Northern Carnarvon,WA-205-P,114.610132,-20.585642,Chevron Australia Pty Ltd,NFW,P&A GS,,20100215,20100323,20260417
Clio 3,W003214,Northern Carnarvon,WA-205-P,114.687563,-20.308059,Chevron Australia Pty Ltd,EXT,P&A G,Clio,20100320,20100814,20260417
Concerto 2,W003218,Browse,WA-371-P,123.358706,-13.681405,Shell Development (Australia) Proprietary Limited,EXT,P&A GS,,20100404,20100817,20260417
Concerto 2 ST1,W003218,Browse,WA-371-P,123.358706,-13.681405,Shell Development (Australia) Proprietary Limited,EXT,P&A GS,,20100709,20100817,20260417
Hine 1,W003219,Northern Carnarvon,WA-404-P,114.557018,-19.026293,Woodside Energy Ltd,NFW,P&A,,20100405,20100428,20260417
Jeune 1,W003224,Northern Carnarvon,WA-390-P,113.724849,-20.108926,Hess Exploration Australia Pty Limited,NFW,P&A GS,,20100513,20100617,20260417
Laurel 1,W003228,Northern Carnarvon,TP/7,115.122798,-21.214071,Apache Oil Australia Pty Ltd,NFW,P&A GS,,20100612,20100710,20260417
Tiberius 1,W003229,Northern Carnarvon,WA-434-P,111.594862,-20.153658,Woodside Energy Ltd,NFW,P&A,,20100616,20100721,20260417
Lady Nora 2,W003093,Northern Carnarvon,WA-28-P,115.620682,-19.833293,Woodside Energy Ltd,EXT,P&A OGS,,20081028,20081124,20260417
Alpaca 1,W003100,Northern Carnarvon,WA-209-P,116.17702,-20.247494,Apache Northwest Pty Ltd,NFW,P&A OS,,20081209,20081214,20260417
John Brookes 6,W003128,Northern Carnarvon,WA-29-L,115.120189,-20.44733,Apache Northwest Pty Ltd,DEV,G,John Brookes,20090215,20090327,20260417
John Brookes 6 ST1,W003128,Northern Carnarvon,WA-29-L,115.120189,-20.44733,Apache Northwest Pty Ltd,DEV,SUSP G,John Brookes,20090305,20090327,20260417
Windjana 1,W003138,Bonaparte,WA-280-P,128.509953,-14.494875,ENI Australia Limited,NFW,P&A,,20090319,20090415,20260417
Ravensworth 4H,W003139,Northern Carnarvon,WA-155-P,114.084307,-21.538606,BHP Billiton Petroleum (Australia) Pty Ltd,DEV,SUSP O,Ravensworth,20090321,20100608,20260417
Ravensworth 7H,W003143,Northern Carnarvon,WA-12-R,114.084952,-21.530015,BHP Billiton Petroleum (Australia) Pty Ltd,DEV,O,Ravensworth,20090402,20100608,20260417
Ravensworth 7AH,W003143,Northern Carnarvon,WA-12-R,114.084952,-21.530015,BHP Billiton Petroleum (Australia) Pty Ltd,DEV,O,Ravensworth,20090408,20100608,20260417
ENC 05,W003160,Northern Carnarvon,WA-28-L,113.975397,-21.487743,Woodside Energy Ltd,WIW,Service,Enfield,20090625,20090807,20260417
Poseidon 2,W003184,Browse,WA-398-P,122.275637,-13.668646,ConocoPhillips (Browse Basin) Pty Ltd,EXT,P&A GS,,20091010,20100210,20260417
Mentorc 1,W003186,Northern Carnarvon,WA-390-P,113.746371,-20.436203,Hess Exploration Australia Pty Limited,NFW,P&A GS,,20091021,20091112,20260417
Mentorc 1 CH1,W003186,Northern Carnarvon,WA-390-P,113.746371,-20.436203,Hess Exploration Australia Pty Limited,NFW,P&A GS,,20091102,20091112,20260417
Eris 1,W003187,Northern Carnarvon,WA-34-L,115.248798,-19.928134,Woodside Burrup Pty Ltd,NFW,P&A GS,,20091024,20091111,20260417
Iago 5,W003202,Northern Carnarvon,WA-17-R,115.328224,-19.845995,Chevron Australia Pty Ltd,EXT,P&A GS,Iago,20091229,20100202,20260417
Balthazar 1,W003203,Northern Carnarvon,WA-356-P,115.162721,-20.090622,Apache Northwest Pty Ltd,NFW,P&A,,20091231,20100120,20260417
Kaloorup Road 2,W003213,Perth,DR 10,115.244549,-33.703527,Red Mountain Energy Pty Ltd,CBM,SUSP,,20100216,20100311,20260417
ENE 02,W003223,Northern Carnarvon,WA-28-L,113.988258,-21.481642,Woodside Energy Ltd,DEV,SUSP O,Enfield,20100506,20100805,20260417
ENE 02 RD1,W003223,Northern Carnarvon,WA-28-L,113.988258,-21.481642,Woodside Energy Ltd,DEV,SUSP O,Enfield,20100707,20100805,20260417
Leander 1,W003234,Canning,L 8,124.238759,-17.515653,Buru Energy Limited,NFW,P&A,,20100708,20100908,20260417
Leander 1 ST1,W003234,Canning,L 8,124.238759,-17.515653,Buru Energy Limited,NFW,P&A,,20100824,20100908,20260417
Black Pearl 1,W003238,Northern Carnarvon,WA-42-L,114.141988,-21.568694,BHP Billiton Petroleum (Australia) Pty Ltd,NFW,P&A GS,,20100726,20100809,20260417
Placer Camelgooda 1,W002337,Canning,,124.380193,-18.596639,Placer Exploration Ltd,MIN,P&A,,19890804,19890906,20260417
Antiope 1,W002357,Northern Carnarvon,WA-290-P,114.728851,-20.846037,BHP Petroleum (Australia) Pty Ltd,NFW,P&A OGS,,19991222,20000124,20260417
Antiope 1 ST1,W002357,Northern Carnarvon,WA-290-P,114.728851,-20.846037,BHP Petroleum (Australia) Pty Ltd,NFW,P&A OGS,,20000104,20000124,20260417
Mistinguett 1,W002358,Northern Carnarvon,EP 363,115.786482,-20.599434,Apache Northwest Pty Ltd,NFW,P&A,,19991224,19991230,20260417
Saladin 20,W002363,Northern Carnarvon,TL/4,115.040742,-21.445615,West Australian Petroleum Pty Limited,DEV,P&A O,Saladin,20000108,20000126,20260417
Corvus 1 ST1,W002370,Northern Carnarvon,WA-246-P,116.079374,-20.097229,Apache Northwest Pty Ltd,NFW,P&A OG,Corvus,20000404,20000421,20260417
Corvus 1,W002370,Northern Carnarvon,WA-246-P,116.079374,-20.097229,Apache Northwest Pty Ltd,NFW,P&A OGS,Corvus,20000213,20000421,20260417
Scafell 1,W002371,Northern Carnarvon,WA-155-P,114.020221,-21.544172,BHP Petroleum (Australia) Pty Ltd,NFW,P&A GS,Scafell,20000220,20000311,20260417
Jansz 1,W002376,Northern Carnarvon,WA-268-P,114.483353,-19.847532,Mobil Exploration & Producing Australia Pty Ltd,NFW,P&A G,Jansz,20000413,20000507,20260417
Intrepid 1,W002390,Browse,WA-277-P,125.848949,-12.932555,Kerr-McGee NW Shelf Australia Energy Pty Ltd,NFW,P&A,,20000614,20000624,20260417
Corkybark 1,W002391,Northern Carnarvon,WA-234-P,114.973784,-20.892728,British Borneo Australia Ltd,NFW,P&A,,20000610,20000712,20260417
Corkybark 1A,W002391,Northern Carnarvon,WA-234-P,114.973784,-20.892728,British Borneo Australia Ltd,NFW,P&A,,20000613,,20260417
Corkybark 1A ST1,W002391,Northern Carnarvon,WA-234-P,114.973784,-20.892728,British Borneo Australia Ltd,NFW,P&A,,20000625,20000713,20260417
West Gipsy 1,W002396,Northern Carnarvon,TL/1,115.712245,-20.645874,Apache Northwest Pty Ltd,NFW,P&A,Gipsy,20000708,20000715,20260417
PEN 03,W002407,Northern Carnarvon,WA-1-L,116.101337,-19.570591,Woodside Energy Ltd,DEV,G&C,Perseus,20000827,20010113,20260417
Enfield 3,W002411,Northern Carnarvon,WA-271-P,113.980574,-21.476013,Woodside Energy Ltd,EXT,P&A O,Enfield,20000911,20001015,20260417
Dylan 1,W002423,Northern Carnarvon,TL/1,115.677557,-20.559873,Apache Northwest Pty Ltd,NFW,P&A,,20001011,20001101,20260417
Laverda 1,W002424,Northern Carnarvon,WA-271-P,113.846352,-21.535601,Woodside Energy Ltd,NFW,P&A OGS,Laverda,20001016,20001102,20260417
Phantom 1,W002425,Northern Carnarvon,EP 137,115.791312,-21.28876,Tap Oil Limited,NFW,P&A OGS,Mardie,20001025,20001104,20260417
WA 08,W002432,Northern Carnarvon,WA-14-L,116.418009,-20.137378,Mobil (Legendre) Pty Ltd,DEV,O,Wandoo,20001102,20001203,20260417
WA 08 ST1,W002432,Northern Carnarvon,WA-14-L,116.418009,-20.137378,Mobil (Legendre) Pty Ltd,DEV,O,Wandoo,20001104,,20260417
Callirhoe 1,W002444,Northern Carnarvon,WA-267-P,114.88799,-19.942504,Chevron Australia Pty Ltd,NFW,P&A GS,Geryon,20010123,20010217,20260417
Mutineer 9H,W002704,Northern Carnarvon,WA-26-L,116.637743,-19.259287,Santos Limited,DEV,SUSP O,Mutineer,20040927,20041012,20260417
Hovea 11,W002705,Perth,L 1,115.041468,-29.319527,Arc Energy Limited,DEV,P&A O,Hovea,20040912,20040927,20260417
Fiddich 1,W002717,Perth,WA-226-P,113.056892,-27.327359,Origin Energy Developments Pty Limited,NFW,P&A,,20041130,20041210,20260417
Sally May 1,W002718,Canning,EP 429,124.296298,-19.744155,Kingsway Resources 2001 Pty Ltd,NFW,P&A OS,,20041130,20050206,20260417
Cooper 1,W002726,Northern Carnarvon,EP 325,114.195757,-22.084647,Victoria International Petroleum NL,NFW,P&A,,20041227,20050104,20260417
Corybas 1,W002732,Perth,L 2,115.053467,-29.200588,Arc Energy Limited,NFW,Suspended,Corybas,20050122,20050307,20260417
Hadda 1,W002743,Perth,WA-325-P,113.440789,-28.119793,Roc Oil (WA) Pty Limited,NFW,P&A OS,,20050317,20050329,20260417
Lauda 1,W002745,Northern Carnarvon,WA-290-P,114.721313,-20.819937,OMV Barrow Pty Ltd,NFW,P&A OS,,20050323,20050404,20260417
Langdale 1,W002753,Northern Carnarvon,WA-155-P,114.235038,-21.487256,BHP Billiton Petroleum (Australia) Pty Ltd,NFW,P&A GS,,20050417,20050426,20260417
Plato 2,W002754,Northern Carnarvon,TL/6,115.564406,-20.699278,Apache Northwest Pty Ltd,NFW,,,20050417,20050425,20260417
Mutineer 11,W002755,Northern Carnarvon,WA-26-L,116.626896,-19.253554,Santos Limited,EXT,P&A OS,Mutineer,20050429,20050511,20260417
North Alkimos 2H,W002766,Northern Carnarvon,TL/1,115.614172,-20.602178,Apache Northwest Pty Ltd,DEV,P&A O,North Alkimos,20050604,20050701,20260417
Adina 5,W002771,Perth,DR 7,115.156205,-33.759678,Red Mountain Energy Pty Ltd,CBM,P&A,,20050624,20051026,20260417
Legendre 3,W002779,Northern Carnarvon,WA-20-L,116.732601,-19.678891,Woodside Energy Ltd,EXT,P&A OS,Legendre North,20050811,20050829,20260417
Legendre 3 ST1,W002779,Northern Carnarvon,WA-20-L,116.732601,-19.678891,Woodside Energy Ltd,EXT,P&A OS,Legendre North,20050816,20050829,20260417
Jingemia 6,W002781,Perth,L 14,114.989231,-29.33814,Origin Energy Developments Pty Limited,EXT,P&A OS,Jingemia,20050816,20050912,20260417
Bambra 7H L1,W002789,Northern Carnarvon,TL/1,115.637571,-20.575197,Apache Northwest Pty Ltd,DEV,P&A,Bambra,20050926,20051002,20260417
Bambra 7H,W002789,Northern Carnarvon,TL/1,115.637571,-20.575197,Apache Northwest Pty Ltd,DEV,O,Bambra,20050908,20050925,20260417
Bambra 7H L1 ST1,W002789,Northern Carnarvon,TL/1,115.637571,-20.575197,Apache Northwest Pty Ltd,DEV,O,Bambra,20051002,20051008,20260417
Calliance 1,W002797,Browse,WA-28-R,121.553317,-14.539394,Woodside Energy Ltd,NFW,P&A G,Calliance,20051011,20051212,20260417
ENB 02,W002798,Northern Carnarvon,WA-28-L,113.992982,-21.465641,Woodside Energy Ltd,WIW,SUSP,Enfield,20051012,20060510,20260417
Wanaea 9,W002800,Northern Carnarvon,WA-11-L,116.412758,-19.612699,Woodside Energy Ltd,DEV,O,Wanaea,20051010,20060306,20260417
Wanaea 9H ST1,W002800,Northern Carnarvon,WA-11-L,116.412758,-19.612699,Woodside Energy Ltd,DEV,SUSP O,Wanaea,20060130,20060306,20260417
Monty 1,W002353,Northern Carnarvon,TL/1,115.744279,-20.613295,Apache Northwest Pty Ltd,NFW,P&A OGS,Monty,19991129,19991209,20260417
Scindian 3,W002374,Northern Carnarvon,WA-10-L,114.697928,-21.191692,BHP Petroleum (Australia) Pty Ltd,DEV,P&A,Chinook/Scindian,20000314,20000423,20260417
Griffin 8,W002379,Northern Carnarvon,WA-10-L,114.623844,-21.223429,BHP Petroleum (Australia) Pty Ltd,DEV,SUSP O,Griffin,20000425,20000608,20260417
Central Rough Range 1,W002387,Northern Carnarvon,EP 41,114.081072,-22.418417,Empire Oil & Gas NL,EXT,P&A,,20000601,20000608,20260417
Tanami 5,W002388,Northern Carnarvon,TL/1,115.585499,-20.672195,Apache Northwest Pty Ltd,EXT,P&A,Tanami,20000609,20000629,20260417
Olive 1,W002394,Northern Carnarvon,TL/1,115.682079,-20.608583,Apache Northwest Pty Ltd,NFW,P&A,,20000629,20000707,20260417
Linda 1,W002399,Northern Carnarvon,TL/1,115.69807,-20.547066,Apache Northwest Pty Ltd,NFW,P&A OGS,Linda,20000716,20000806,20260417
Linda 1 ST1,W002399,Northern Carnarvon,TL/1,115.69807,-20.547066,Apache Northwest Pty Ltd,NFW,P&A OGS,Linda,20000806,20000901,20260417
Patience 2,W002426,Canning,EP 376,125.672231,-23.358597,Nerdlihc Company Inc,NFW,P&A,,20001021,20031126,20260417
WA 09,W002431,Northern Carnarvon,WA-14-L,116.422909,-20.137378,Mobil (Legendre) Pty Ltd,DEV,O,Wandoo,20001120,20001203,20260417
Io 1,W002437,Northern Carnarvon,WA-267-P,114.637491,-19.785515,Chevron Australia Pty Ltd,NFW,P&A GS,Jansz,20010106,20010123,20260417
Tusk 2,W002438,Northern Carnarvon,WA-246-P,116.14012,-20.236562,Apache Northwest Pty Ltd,EXT,P&A OS,Tusk,20010110,20010128,20260417
Beharra Springs South 1,W002482,Perth,EP 368,115.152878,-29.50357,Origin Energy Developments Pty Limited,NFW,P&A OS,,20010824,20010923,20260417
GSWA Yinni 1,W002489,Southern Carnarvon,,114.81491,-26.057787,Geological Survey of Western Australia (GSWA),STR,P&A STR,,20010528,20010602,20260417
Hovea 1,W002493,Perth,L 1,115.042222,-29.31682,Arc Energy NL,NFW,P&A,Hovea,20011003,20011020,20260417
Missing 1,W002494,Canning,EP 353,124.602974,-19.549421,Hughes & Hughes Australia Pty Ltd,NFW,P&A,,20011014,20011111,20260417
Priscilla 1,W002495,Northern Carnarvon,TL/6,115.564407,-20.699337,Apache Northwest Pty Ltd,NFW,P&A,,20011012,20011025,20260417
Barrow_E22A,W002501,Northern Carnarvon,L 1H,115.406466,-20.833916,Chevron Australia Pty Ltd,DEV,Shut in,Barrow Island,20011011,20011015,20260417
Barrow_P64A,W002503,Northern Carnarvon,L 1H,115.414038,-20.790096,Chevron Australia Pty Ltd,DEV,O,Barrow Island,20011020,20011024,20260417
Walyering 4,W002507,Perth,EP 414,115.47058,-30.715353,AWE (Perth Basin) Pty Ltd,EXT,P&A,Walyering,20011118,20011217,20260417
Fruitcake 1,W002508,Canning,EP 353,124.481057,-19.4722,Hughes & Hughes Australia Pty Ltd,NFW,P&A,,20011115,20011214,20260417
Shoshone 1,W002517,Northern Carnarvon,EP 342,114.559678,-21.687884,Apache Northwest Pty Ltd,NFW,P&A,,20020110,20020113,20260417
Furness 1,W003233,Northern Carnarvon,WA-255-P,113.932954,-21.404942,BHP Billiton Petroleum (Australia) Pty Ltd,NFW,P&A,,20100701,20100722,20260417
Stag 34,W003240,Northern Carnarvon,WA-15-L,116.25689,-20.284233,Apache Northwest Pty Ltd,EXT,P&A OS,Stag,20100731,20100817,20260417
The Grafter 1,W003248,Northern Carnarvon,WA-390-P,113.689091,-20.265868,Hess Exploration Australia Pty Limited,NFW,P&A GS,,20100909,20100928,20260417
Spar 2,W003252,Northern Carnarvon,WA-4-R,114.906148,-20.608871,Apache Energy Limited,EXT,SUSP G,Spar,20101002,20101129,20260417
Remy 1,W003253,Northern Carnarvon,WA-404-P,114.311902,-19.399494,Woodside Energy Ltd,NFW,P&A GS,,20101006,20101224,20260417
Remy 1A,W003253,Northern Carnarvon,WA-404-P,114.311902,-19.399494,Woodside Energy Ltd,NFW,P&A GS,,20101014,,20260417
Remy 1A CH1,W003253,Northern Carnarvon,WA-404-P,114.311902,-19.399494,Woodside Energy Ltd,NFW,P&A GS,,20101201,20101223,20260417
Zola 1,W003265,Northern Carnarvon,WA-290-P,114.712145,-20.811329,Apache Energy Limited,NFW,P&A GS,,20101201,20110427,20260417
Zola 1 ST1,W003265,Northern Carnarvon,WA-290-P,114.712145,-20.811329,Apache Energy Limited,NFW,P&A GS,,20110321,20110427,20260417
Crusader 1,W003275,Northern Carnarvon,WA-35-L,114.022601,-21.397063,Apache Energy Limited,NFW,P&A,,20110211,20110316,20260417
La Rocca 1,W003290,Northern Carnarvon,WA-388-P,115.686306,-19.243944,Apache Northwest Pty Ltd,NFW,P&A,,20110430,20110606,20260417
Stag 39H,W003302,Northern Carnarvon,WA-15-L,116.275276,-20.289849,Apache Northwest Pty Ltd,DEV,SUSP O,Stag,20110725,20110918,20260417
Acme West 1,W003303,Northern Carnarvon,WA-205-P,114.799092,-20.20423,Chevron Australia Pty Ltd,NFW,P&A GS,,20110727,20111016,20260417
Palta 1 ST1,W003954,Northern Carnarvon,WA-384-P,113.180815,-22.086546,Shell Development (Australia) Pty Ltd,NFW,Abandoned,,20121206,20130821,20260417
Palta 1,W003954,Northern Carnarvon,WA-384-P,113.180815,-22.086546,Shell Development (Australia) Pty Ltd,NFW,Abandoned,,20121014,20130821,20260417
Balnaves Deep 2,W003994,Northern Carnarvon,WA-49-L,115.201702,-20.030555,Apache Julimar Pty Ltd,DEV,Abandoned,Balnaves,20120628,20130731,20260417
Bru A2,W004016,Northern Carnarvon,WA-49-L,115.20159,-20.030156,Apache Julimar Pty Ltd,DEV,Abandoned,,20120918,20120919,20260417
Bru A2A Phase 1,W004017,Northern Carnarvon,WA-49-L,115.201578,-20.030312,Quadrant Energy Pty Ltd,DEV,Completed,,20120920,20150823,20260417
Bru A2A Phase 2,W004017,Northern Carnarvon,WA-49-L,115.201578,-20.030312,Quadrant Energy Pty Ltd,DEV,Completed,,,20140315,20260417
Finucane South 2H,W004074,Northern Carnarvon,WA-191-P,116.763735,-19.292785,Santos Limited,DEV,Suspended,,20121218,20130331,20260417
Finucane South 2,W004074,Northern Carnarvon,WA-191-P,116.763735,-19.292785,Santos Limited,DEV,Suspended,,20121008,20130331,20260417
GOR 2B Phase 1,W004078,Northern Carnarvon,WA-37-L,114.842065,-20.460144,Chevron Australia Pty Ltd,DEV,Completed,,20120618,20120825,20260417
Balnaves 3,W003239,Northern Carnarvon,WA-356-P,115.185296,-20.061164,Apache Julimar Pty Ltd,EXT,P&A OGS,,20100727,20100930,20260417
Stybarrow 12,W003242,Northern Carnarvon,WA-32-L,113.846498,-21.469799,BHP Billiton Petroleum (Australia) Pty Ltd,DEV,SUSP O,Stybarrow,20100731,20100821,20260417
Stybarrow 12H,W003242,Northern Carnarvon,WA-32-L,113.846498,-21.469799,BHP Billiton Petroleum (Australia) Pty Ltd,DEV,SUSP O,Stybarrow,20100821,20100922,20260417
ENE 03,W003243,Northern Carnarvon,WA-28-L,113.988302,-21.481332,Woodside Energy Ltd,DEV,SUSP O,Enfield,20100806,20100828,20260417
ENE 03 ST1,W003243,Northern Carnarvon,WA-28-L,113.988302,-21.481332,Woodside Energy Ltd,DEV,SUSP O,Enfield,20100906,20101005,20260417
ENE 03 RD1,W003243,Northern Carnarvon,WA-28-L,113.988302,-21.481332,Woodside Energy Ltd,DEV,P&A,Enfield,20100830,20100906,20260417
Cimatti 1,W003258,Northern Carnarvon,WA-28-L,113.970967,-21.44543,Woodside Energy Ltd,NFW,P&A OS,,20101101,20101130,20260417
Xeres 1,W003291,Northern Carnarvon,WA-34-L,115.251097,-19.915374,Woodside Burrup Pty Ltd,NFW,SUSP,,20110427,20110618,20260417
Xeres 1A,W003291,Northern Carnarvon,WA-34-L,115.251097,-19.915374,Woodside Burrup Pty Ltd,NFW,SUSP,,20110606,20110618,20260417
Chester 2,W003296,Northern Carnarvon,WA-390-P,113.905593,-20.480048,Hess Exploration Australia Pty Limited,EXT,SUSP GS,,20110605,20110816,20260417
Valhalla 2,W003297,Canning,EP 371,124.767842,-18.0678,Buru Energy Limited,NFW,SUSP GS,,20110606,20110731,20260417
Vos 1,W003433,Northern Carnarvon,WA-439-P,111.8306,-20.387091,Chevron Services Australia Pty Ltd,NFW,P&A GS,,20111020,20111128,20260417
Ragnar 1,W003435,Northern Carnarvon,WA-430-P,113.609003,-21.335413,Woodside Energy Ltd,NFW,P&A,,20111110,20111114,20260417
Stag 42,W003734,Northern Carnarvon,WA-15-L,116.294946,-20.28372,Apache Northwest Pty Ltd,DEV,Abandoned,Stag,20120213,20120218,20260417
Norton 1,W004194,Northern Carnarvon,WA-36-R,113.875652,-21.537301,Woodside Energy Ltd,NFW,Abandoned,Laverda,20120229,20120412,20260417
Yulleroo 4,W004274,Canning,EP 436,122.878101,-17.828307,Buru Energy Limited,EXT,SUSP OGS,Yulleroo,20130119,20130317,20260417
Arnhem 1,W004294,Northern Carnarvon,WA-364-P,112.557064,-19.894008,Chevron Australia Pty Ltd,NFW,Abandoned,,20121027,20121203,20260417
Gumbo 1,W004474,Northern Carnarvon,WA-430-P,113.532566,-21.351892,Woodside Energy Ltd,NFW,Abandoned,,20130211,20130424,20260417
Jalfrezi 1,W004774,Northern Carnarvon,WA-1-P,116.628636,-19.851752,Apache Northwest Pty Ltd,NFW,Abandoned,,20121205,20121223,20260417
TPA 03,W005034,Northern Carnarvon,WA-5-L,115.890006,-19.762103,Woodside Energy Ltd,DEV,Abandoned,,20121004,20121006,20260417
Proteus 1,W005334,Browse,WA-398-P,122.33546,-13.738007,ConocoPhillips (Browse Basin) Pty Ltd,NFW,Abandoned,,20130325,20130929,20260417
Proteus 1 ST1,W005334,Browse,WA-398-P,122.33546,-13.738007,ConocoPhillips (Browse Basin) Pty Ltd,NFW,Abandoned,,20130524,20130929,20260417
John Brookes 2,W002762,Northern Carnarvon,WA-29-L,115.120141,-20.447329,Apache Northwest Pty Ltd,DEV,G,John Brookes,20050511,20050820,20260417
Evandra 1,W002775,Perth,L 1,115.020894,-29.348287,Arc Energy Limited,NFW,P&A O,Evandra,20050720,20050806,20260417
Legendre 4,W002783,Northern Carnarvon,WA-20-L,116.732601,-19.678891,Woodside Energy Ltd,EXT,P&A OS,Legendre North,20050823,20050829,20260417
Jingemia 10,W002785,Perth,L 14,114.989231,-29.33814,Origin Energy Developments Pty Limited,EXT,P&A O,Jingemia,20050901,20050912,20260417
ENB 03,W002799,Northern Carnarvon,WA-28-L,113.993191,-21.465544,Woodside Energy Ltd,WIW,SUSP,Enfield,20051008,20060510,20260417
Cliff Head 13H,W002824,Perth,WA-31-L,114.870058,-29.450085,Roc Oil (WA) Pty Limited,DEV,O,Cliff Head,20060227,20060721,20260417
Goodwyn 10,W002829,Northern Carnarvon,WA-5-L,115.887007,-19.696734,Woodside Energy Ltd,EXT,P&A GS,Goodwyn,20060313,20060525,20260417
Goodwyn 10A,W002829,Northern Carnarvon,WA-5-L,115.887007,-19.696734,Woodside Energy Ltd,EXT,P&A GS,Goodwyn,20060323,20060425,20260417
BMR Lennard River 1,W002835,Canning,,125.250919,-17.920236,Geoscience Australia,STR,P&A,,19721231,19721231,20260417
Theo 1,W002837,Northern Carnarvon,WA-155-P,114.064493,-21.396554,BHP Billiton Petroleum (Australia) Pty Ltd,NFW,P&A OS,Vincent,20060420,20060503,20260417
Dune 1,W002840,Southern Carnarvon,EP 435,114.108808,-22.440258,Rough Range Oil Pty Ltd,NFW,P&A,,20060430,20060612,20260417
Gnu 1,W002854,Northern Carnarvon,WA-209-P,116.307421,-20.025112,Apache Northwest Pty Ltd,NFW,P&A GS,Gnu,20060623,20060813,20260417
Moondah 1,W002858,Perth,TP/15,114.875374,-29.292995,Roc Oil (WA) Pty Limited,NFW,P&A,,20060724,20060806,20260417
Perentie South 1,W002859,Northern Carnarvon,L 1H,115.391961,-20.885708,Chevron Australia Pty Ltd,NFW,P&S,,20060802,20060901,20260417
Gaius 1,W002872,Northern Carnarvon,EP 441,115.031835,-21.255913,Apache Northwest Pty Ltd,NFW,P&A GS,,20060923,20061001,20260417
Eremia 5,W002878,Perth,L 1,115.019136,-29.308804,Arc Energy Limited,EXT,P&A O,Eremia,20061019,20061029,20260417
Stag 30H,W002879,Northern Carnarvon,WA-15-L,116.275296,-20.289945,Apache Northwest Pty Ltd,DEV,P&A O,Stag,20061024,20061119,20260417
Stag 30H ST1,W002879,Northern Carnarvon,WA-15-L,116.275296,-20.289945,Apache Northwest Pty Ltd,DEV,O,Stag,20061106,20061119,20260417
Stag 30H L1,W002879,Northern Carnarvon,WA-15-L,116.275296,-20.289945,Apache Northwest Pty Ltd,DEV,P&A,Stag,20061110,,20260417
Unicorn 1,W002891,Northern Carnarvon,WA-209-P,116.342318,-20.027131,Apache Northwest Pty Ltd,NFW,P&A GS,,20061120,20061215,20260417
Bricklanding 1,W002892,Northern Carnarvon,TP/7,115.141513,-21.442427,Santos (BOL) Pty Ltd,NFW,P&A,,20061122,20061208,20260417
AP 4,W002896,Northern Carnarvon,WA-3-L,116.587079,-19.521684,Woodside Energy Ltd,DEV,G,Angel,20061128,20071215,20260417
AP 4H,W002896,Northern Carnarvon,WA-3-L,116.587079,-19.521684,Woodside Energy Ltd,DEV,SUSP G,Angel,20061217,20070128,20260417
Clio 2,W003148,Northern Carnarvon,WA-205-P,114.657216,-20.365406,Chevron Australia Pty Ltd,EXT,P&A OGS,Clio,20090414,20090518,20260417
Blacktip P 2,W003155,Bonaparte,WA-33-L,128.484131,-13.89494,ENI Australia Limited,DEV,G,Blacktip,20090528,20090904,20260417
Coniston 3,W003161,Northern Carnarvon,WA-255-P,114.063513,-21.322274,Apache Northwest Pty Ltd,EXT,P&A OS,Coniston,20090629,20090707,20260417
Lightfinger 1,W003172,Northern Carnarvon,WA-390-P,113.730637,-20.194873,Hess Exploration Australia Pty Limited,NFW,P&A GS,,20090811,20090826,20260417
Hijinx 1,W003189,Northern Carnarvon,WA-390-P,113.693584,-20.225254,Hess Exploration Australia Pty Limited,NFW,P&A GS,,20091114,20100101,20260417
Noblige 1,W003204,Northern Carnarvon,WA-404-P,114.332968,-19.398568,Woodside Energy Ltd,NFW,SUSP GS,,20100105,20100218,20260417
Kaloorup Road 1,W003209,Perth,DR 10,115.239733,-33.703598,Red Mountain Energy Pty Ltd,CBM,Not drilled,,,,20260417
Chutney 1,W003212,Northern Carnarvon,WA-426-P,114.956041,-20.494231,Apache Northwest Pty Ltd,NFW,P&A,,20100227,20100320,20260417
Sappho 1,W003215,Northern Carnarvon,WA-392-P,114.480227,-20.628273,Chevron Australia (W06-12) Pty Ltd,NFW,P&A GS,,20100325,20100511,20260417
Legendre South 3,W003222,Northern Carnarvon,WA-20-L,116.69156,-19.721665,Apache Northwest Pty Ltd,EXT,P&A OS,,20100505,20100519,20260417
Brederode 1,W003225,Northern Carnarvon,WA-364-P,112.370831,-19.818843,Chevron Australia (WA-364-P) Pty Ltd,NFW,P&A GS,,20100517,20100614,20260417
Acme 1,W003230,Northern Carnarvon,WA-205-P,114.81916,-20.207514,Chevron Australia Pty Ltd,NFW,P&A GS,,20100618,20100726,20260417
Chester 1,W003231,Northern Carnarvon,WA-390-P,113.927599,-20.478937,Hess Exploration Australia Pty Limited,NFW,SUSP GS,,20100620,20100803,20260417
Chester 1 ST1,W003231,Northern Carnarvon,WA-390-P,113.927599,-20.478937,Hess Exploration Australia Pty Limited,NFW,SUSP G,,20100803,20100907,20260417
Wolf 1,W003236,Perth,EP 320,115.162639,-29.48379,Origin Energy Developments Pty Limited,EXT,SUSP GS,,20100718,20100902,20260417
Macedon 10,W003244,Northern Carnarvon,WA-42-L,114.169077,-21.567365,BHP Billiton Petroleum (Australia) Pty Ltd,DEV,SUSP G,Macedon,20100814,20100916,20260417
Balnaves 4,W003249,Northern Carnarvon,WA-356-P,115.185296,-20.061164,Apache Julimar Pty Ltd,EXT,P&A OGS,,20100915,20100928,20260417
Macedon 9,W003250,Northern Carnarvon,WA-42-L,114.158749,-21.575881,BHP Billiton Petroleum (Australia) Pty Ltd,DEV,SUSP G,Macedon,20100919,20101214,20260417
Makybe Diva 1,W003251,Northern Carnarvon,WA-390-P,113.689091,-20.265868,Hess Exploration Australia Pty Limited,NFW,P&A GS,,20100928,20101016,20260417
Paradise 1,W003256,Canning,EP 428,124.576538,-17.999875,Buru Energy Limited,NFW,P&S,,20101018,20101216,20260417
Laverda North 2,W003287,Northern Carnarvon,WA-36-R,113.863018,-21.512409,Woodside Energy Ltd,EXT,P&A OGS,Laverda,20110414,20110423,20260417
Mungenooka 1,W002248,Perth,EP 320,115.213513,-29.390975,Boral Energy Resources Limited,NFW,P&A OGS,,19980514,19980704,20260417
Focus 1,W002253,Browse,WA-266-P,124.594856,-13.633455,Shell Development (Australia) Pty Ltd,NFW,P&A OGS,,19980704,19980716,20260417
Lambert 4,W002261,Northern Carnarvon,WA-16-L,116.487641,-19.449395,Woodside Offshore Petroleum Pty Ltd,DEV,SUSP G,Lambert,19980721,19980911,20260417
Adele 1,W002266,Browse,WA-35-P,123.536003,-13.502054,Shell Development (Australia) Pty Ltd,NFW,P&A GS,,19980728,19981025,20260417
North Gorgon 6,W002269,Northern Carnarvon,WA-2-R,114.8571,-20.418527,West Australian Petroleum Pty Limited,EXT,P&A GS,Gorgon,19981028,19981207,20260417
GWA 15,W002270,Northern Carnarvon,WA-5-L,115.882677,-19.658422,Woodside Offshore Petroleum Pty Ltd,DEV,Service,Goodwyn,19981031,19990601,20260417
GWA 15,W002270,Northern Carnarvon,WA-5-L,115.882677,-19.658422,Woodside Offshore Petroleum Pty Ltd,DEV,Service,Goodwyn,19981030,,20260417
GWA 15,W002270,Northern Carnarvon,WA-5-L,115.882677,-19.658422,Woodside Offshore Petroleum Pty Ltd,DEV,Service,Goodwyn,19990304,19990601,20260417
Kura Kura 1,W002275,Northern Carnarvon,TP/6,114.593859,-21.658721,Apache Northwest Pty Ltd,NFW,P&A,,19981119,19981124,20260417
Chelonia 1,W002287,Northern Carnarvon,EP 342,114.285799,-21.742751,Apache Northwest Pty Ltd,NFW,P&A,,19990129,19990227,20260417
Chelonia 1 ST 1,W002287,Northern Carnarvon,EP 342,114.285799,-21.742751,Apache Northwest Pty Ltd,NFW,P&A,,19990212,,20260417
Cilia 1,W002291,Browse,WA-266-P,125.074515,-13.594909,Shell Development (Australia) Pty Ltd,NFW,P&A,,19990220,19990225,20260417
Stroma 1,W002294,Browse,WA-266-P,124.562644,-13.779425,Shell Development (Australia) Pty Ltd,NFW,P&A,,19990303,19990306,20260417
Bennet 1,W002296,Northern Carnarvon,TL/2,115.326254,-21.227375,Apache Airlie Pty Limited,NFW,P&A OGS,,19990310,19990315,20260417
Lee 2,W002299,Northern Carnarvon,TL/1,115.730208,-20.562928,Apache Northwest Pty Ltd,EXT,P&A OGS,Lee,19990410,19990504,20260417
Saladin 22,W002300,Northern Carnarvon,TL/4,115.054103,-21.440218,West Australian Petroleum Pty Limited,DEV,P&A O,Saladin,19990411,19990424,20260417
BMR Neale 2,W002303,Officer,,125.771403,-28.795325,Geoscience Australia,STR,P&A STR,,19720101,19720101,20260417
GWA 16,W002314,Northern Carnarvon,WA-5-L,115.882677,-19.66333,Woodside Energy Ltd,DEV,G&C,Goodwyn,19990604,19990718,20260417
Batavus 1,W002319,Northern Carnarvon,WA-271-P,114.062258,-21.490042,Woodside Energy Ltd,NFW,P&A,,19990611,19990622,20260417
North Marra 1,W002326,Northern Carnarvon,TL/1,115.654164,-20.588448,Apache Northwest Pty Ltd,NFW,P&A OGS,,19990705,19990710,20260417
GWA 17,W002330,Northern Carnarvon,WA-5-L,115.893834,-19.682352,Woodside Energy Ltd,DEV,G&C,Goodwyn,19990720,19990826,20260417
Tubridgi 17,W002333,Northern Carnarvon,L 9,114.855171,-21.772304,Boral Energy Limited,DEV,P&A G,Tubridgi,19990819,19990825,20260417
GOR 2B Phase 2,W004078,Northern Carnarvon,WA-37-L,114.842065,-20.460144,Chevron Australia Pty Ltd,DEV,Completed,,20120618,20140104,20260417
GOR 2C Phase 1,W004079,Northern Carnarvon,WA-37-L,114.842217,-20.460294,Chevron Australia Pty Ltd,DEV,Completed,,20120617,20120724,20260417
GOR 2C Phase 2,W004079,Northern Carnarvon,WA-37-L,114.842217,-20.460294,Chevron Australia Pty Ltd,DEV,Completed,,20130709,20140104,20260417
GOR 1C Phase 1,W004135,Northern Carnarvon,WA-37-L,114.849128,-20.407864,Chevron Australia Pty Ltd,DEV,Completed,,20111111,20120429,20260417
GOR 1C ST1 Phase 2,W004135,Northern Carnarvon,WA-37-L,114.849128,-20.407864,Chevron Australia Pty Ltd,DEV,Completed,,20131010,20140104,20260417
GOR 1C Phase 2,W004135,Northern Carnarvon,WA-37-L,114.849128,-20.407864,Chevron Australia Pty Ltd,DEV,Completed,,20111111,20140104,20260417
GOR 1C ST1 Phase 2,W004135,Northern Carnarvon,WA-37-L,114.849128,-20.407864,Chevron Australia Pty Ltd,DEV,Completed,,20131107,20141111,20260417
GOR 1F Phase 1,W004155,Northern Carnarvon,WA-37-L,114.849612,-20.408328,Chevron Australia Pty Ltd,DEV,Completed,,20111108,20120302,20260417
GOR 1F Phase 2,W004155,Northern Carnarvon,WA-37-L,114.849612,-20.408328,Chevron Australia Pty Ltd,DEV,Completed,,20111108,20140104,20260417
Barrow F24B,W004434,Northern Carnarvon,L 1H,115.383349,-20.83308,Chevron Australia Pty Ltd,DEV,Shut in,Barrow Island,20130420,20130517,20260417
Con 15H,W004654,Northern Carnarvon,WA-35-L,114.07351,-21.349326,Apache Energy Ltd.,DEV,Completed,,20130221,20140924,20260417
Con 15H L1,W004654,Northern Carnarvon,WA-35-L,114.07351,-21.349326,Apache Energy Ltd.,DEV,Completed,,20140816,20140924,20260417
Con 15H L2,W004654,Northern Carnarvon,WA-35-L,114.07351,-21.349326,Apache Energy Ltd.,DEV,Completed,,20140830,20140924,20260417
Elfin 1,W004674,Northern Carnarvon,WA-268-P,114.067497,-19.88183,Chevron Australia Pty Ltd,NFW,Abandoned,,20130213,20130406,20260417
Finucane South 3,W004694,Northern Carnarvon,WA-191-P,116.764004,-19.293267,Santos Limited,DEV,Completed,,20121017,20130326,20260417
Finucane South 3H,W004694,Northern Carnarvon,WA-191-P,116.764004,-19.293267,Santos Limited,DEV,Completed,,20121113,20130326,20260417
Kentish Knock South 1,W004794,Northern Carnarvon,WA-365-P,112.813258,-19.780878,Chevron Australia Pty Ltd,NFW,Abandoned,,20121206,20130209,20260417
Stag 41,W004874,Northern Carnarvon,WA-15-L,116.28269,-20.285574,Apache Northwest Pty Ltd,DEV,Abandoned,Stag,20120207,20120212,20260417
Stag 46,W004914,Northern Carnarvon,WA-15-L,116.275295,-20.289976,Apache Northwest Pty Ltd,DEV,Abandoned,Stag,20120909,20120918,20260417
Winchester 1,W004994,Northern Carnarvon,WA-323-P,115.641557,-20.010436,Santos Offshore Pty Ltd,NFW,Abandoned,,20130407,20130830,20260417
Winchester 1 ST1,W004994,Northern Carnarvon,WA-323-P,115.641557,-20.010436,Santos Offshore Pty Ltd,NFW,Abandoned,,20130708,20130830,20260417
JZI 1F,W005118,Northern Carnarvon,WA-36-L,114.570266,-19.826094,Mobil Australia Resources Company Pty Ltd,DEV,Completed,Jansz,20120427,20140927,20260417
West Tryal Rocks 4,W003293,Northern Carnarvon,WA-5-R,115.028799,-20.235979,Chevron Australia Pty Ltd,EXT,P&A G,West Tryal Rocks,20110518,20110724,20260417
West Tryal Rocks 4A,W003293,Northern Carnarvon,WA-5-R,115.028799,-20.235979,Chevron Australia Pty Ltd,EXT,P&A G,West Tryal Rocks,20110525,20110724,20260417
Acme West 2,W003310,Northern Carnarvon,WA-205-P,114.799091,-20.204231,Chevron Australia Pty Ltd,EXT,P&A GC,,20110914,20111016,20260417
Hannah 1,W003334,Northern Carnarvon,TP/8,115.657221,-20.80657,Apache Northwest Pty Ltd,NFW,P&A,,20111110,20111121,20260417
North Scarborough 1,W003713,Northern Carnarvon,WA-346-P,113.253119,-19.745415,BHP Billiton Petroleum (North West Shelf) Pty Ltd,DEV,Abandoned,,20120113,20120227,20260417
North Scarborough 1 ST1,W003713,Northern Carnarvon,WA-346-P,113.253119,-19.745415,BHP Billiton Petroleum (North West Shelf) Pty Ltd,DEV,Abandoned,,20120218,20120227,20260417
East Blina 1,W003974,Canning,L 6,124.527376,-17.615582,Oil Basin Ltd,NFW,P&A,,20121017,20121101,20260417
Bru A3 Phase 1,W004018,Northern Carnarvon,WA-49-L,115.201969,-20.029953,Quadrant Energy Pty Ltd,DEV,Completed,,20120926,20151016,20260417
Bru A3 Phase 2,W004018,Northern Carnarvon,WA-49-L,115.201969,-20.029953,Quadrant Energy Pty Ltd,DEV,Completed,,,20140519,20260417
Bru A4 ST2,W004034,Northern Carnarvon,WA-49-L,115.20211,-20.029987,Quadrant Energy Pty Ltd,DEV,Completed,,20121109,20121116,20260417
Bru A4 ST3,W004034,Northern Carnarvon,WA-49-L,115.20211,-20.029987,Quadrant Energy Pty Ltd,DEV,Completed,,20151017,20151114,20260417
Bru A4,W004034,Northern Carnarvon,WA-49-L,115.20211,-20.029987,Quadrant Energy Pty Ltd,DEV,Abandoned,,20121006,20121116,20260417
Bru A4 ST1,W004034,Northern Carnarvon,WA-49-L,115.20211,-20.029987,Quadrant Energy Pty Ltd,DEV,Abandoned,,20121019,20121116,20260417
Bru A4 ST2 Black Chook 1,W004034,Northern Carnarvon,WA-49-L,115.20211,-20.029987,Quadrant Energy Pty Ltd,DEV,Abandoned,,20140408,20140515,20260417
Fletcher 5,W004075,Northern Carnarvon,WA-191-P,116.795526,-19.246154,Santos Limited,DEV,Abandoned,,20120627,20121006,20260417
Fletcher 5H,W004075,Northern Carnarvon,WA-191-P,116.795526,-19.246154,Santos Limited,DEV,Completed,,20120727,20121006,20260417
Pontus 1,W004082,Northern Carnarvon,WA-37-L,114.882012,-20.346603,Chevron Australia Pty Ltd,NFW,Abandoned,,20120429,20120711,20260417
Pontus 1 ST1,W004082,Northern Carnarvon,WA-37-L,114.882012,-20.346603,Chevron Australia Pty Ltd,NFW,Abandoned,,20120523,20120711,20260417
BAL 8GI,W004494,Northern Carnarvon,WA-49-L,115.183831,-20.070545,Apache Julimar Pty Ltd,DEV,Completed,,20130402,20130909,20260417
Con 13H,W004614,Northern Carnarvon,WA-35-L,114.073075,-21.349057,Apache Energy Ltd.,DEV,Completed,,20130304,20150114,20260417
Con 13H L1,W004614,Northern Carnarvon,WA-35-L,114.073075,-21.349057,Apache Energy Ltd.,DEV,Completed,,20141209,20150114,20260417
Con 13H L2,W004614,Northern Carnarvon,WA-35-L,114.073075,-21.349057,Apache Energy Ltd.,DEV,Completed,,20141221,20150114,20260417
Pedirka 1,W002523,Northern Carnarvon,TL/6,115.571721,-20.739459,Apache Northwest Pty Ltd,NFW,O,Pedirka,20020213,20020331,20260417
Pedirka 1 ST 1,W002523,Northern Carnarvon,TL/6,115.571721,-20.739459,Apache Northwest Pty Ltd,NFW,Shut in,Pedirka,20020327,20020331,20260417
Norfolk 1,W002527,Northern Carnarvon,WA-191-P,116.653527,-19.248709,Santos Limited,NFW,P&A OS,,20020307,20020404,20260417
Quandong 1,W002536,Northern Carnarvon,WA-202-P,116.521474,-19.986129,Mobil (Legendre) Pty Ltd,NFW,P&A,,20020418,20020425,20260417
Firetail 1,W002545,Browse,WA-33-P,122.249462,-14.351752,Woodside Energy Ltd,NFW,P&A,,20020805,20020826,20260417
Bligh 1,W002550,Northern Carnarvon,WA-191-P,116.738893,-19.240826,Santos Limited,NFW,P&A,,20020929,20021016,20260417
Jingemia 1,W002551,Perth,EP 413,114.991003,-29.339473,Origin Energy Developments Pty Limited,NFW,Shut in,Jingemia,20021006,20021109,20260417
Mutineer 3,W002553,Northern Carnarvon,WA-191-P,116.628174,-19.262534,Santos Limited,EXT,P&A O,Mutineer,20021016,20021115,20260417
Argos 1,W002557,Northern Carnarvon,WA-254-P,116.680377,-19.754411,Apache Northwest Pty Ltd,NFW,P&A,,20021115,20021120,20260417
Exeter 3,W002558,Northern Carnarvon,WA-191-P,116.566652,-19.318351,Santos Limited,EXT,P&A OS,Exeter,20021116,20021209,20260417
Ceres 1,W002560,Northern Carnarvon,WA-261-P,116.084473,-20.355896,Apache Northwest Pty Ltd,NFW,P&A,,20021121,20021125,20260417
Laverda 2,W002561,Northern Carnarvon,WA-271-P,113.856335,-21.506415,Woodside Energy Ltd,EXT,P&A GS,Laverda,20021130,20021227,20260417
Wigmore 1,W002563,Northern Carnarvon,WA-295-P,117.129393,-18.286017,Kerr-McGee NW Shelf Australia Energy Pty Ltd,NFW,P&A,,20021128,20030122,20260417
Whitetail 1,W002567,Roebuck,WA-296-P,118.251671,-17.652166,Woodside Energy Ltd,NFW,P&A,,20030101,20030113,20260417
Cliff Head 3,W002568,Perth,WA-286-P,114.864027,-29.436531,Roc Oil (WA) Pty Limited,EXT,P&A O,Cliff Head,20030106,20030131,20260417
Cliff Head 3 CH1,W002568,Perth,WA-286-P,114.864027,-29.436531,Roc Oil (WA) Pty Limited,EXT,P&A O,Cliff Head,20030115,20030201,20260417
Herdsman 1,W002572,Northern Carnarvon,WA-299-P,113.291814,-22.871006,Woodside Energy Ltd,NFW,P&A,,20030128,20030208,20260417
Stybarrow 1,W002579,Northern Carnarvon,WA-255-P,113.83433,-21.4778,BHP Billiton Petroleum (Australia) Pty Ltd,NFW,P&A OS,Stybarrow,20030212,20030311,20260417
Stybarrow 1 CH1,W002579,Northern Carnarvon,WA-255-P,113.83433,-21.4778,BHP Billiton Petroleum (Australia) Pty Ltd,NFW,P&A OS,Stybarrow,20030226,20030311,20260417
Cliff Head 4,W002586,Perth,WA-286-P,114.867367,-29.446045,Roc Oil (WA) Pty Limited,EXT,P&A OS,Cliff Head,20030303,20030315,20260417
Crackling South 1,W002592,Northern Carnarvon,EP 341,115.552164,-21.207186,Tap (Shelfal) Pty Ltd,NFW,P&A OGS,,20030327,20030330,20260417
Stybarrow 2,W002601,Northern Carnarvon,WA-255-P,113.855563,-21.492495,BHP Billiton Petroleum (Australia) Pty Ltd,EXT,P&A OS,,20030606,20030623,20260417
Wanaea 9H,W002800,Northern Carnarvon,WA-11-L,116.412758,-19.612699,Woodside Energy Ltd,DEV,P&A,Wanaea,20060114,,20260417
Flying Foam 1,W002804,Perth,WA-327-P,113.354882,-27.871538,Roc Oil Company Limited,NFW,P&A OS,,20051104,20051128,20260417
Kultarr 1,W002805,Northern Carnarvon,WA-334-P,115.342398,-20.4977,Apache Northwest Pty Ltd,NFW,P&A GS,,20051118,20051203,20260417
ENC 03,W002809,Northern Carnarvon,WA-28-L,113.975398,-21.487614,Woodside Energy Ltd,WIW,SUSP,Enfield,20051208,20060126,20260417
Cliff Head 9H,W002822,Perth,WA-31-L,114.870097,-29.450094,Roc Oil (WA) Pty Limited,DEV,O,Cliff Head,20060221,20060721,20260417
Zephyrus 1,W002830,Northern Carnarvon,TL/6,115.514307,-20.668762,Apache Northwest Pty Ltd,NFW,Shut in,Zephyrus,20060320,20060423,20260417
Jacala 1,W002831,Northern Carnarvon,WA-351-P,113.419657,-20.758668,BHP Billiton Petroleum (North West Shelf) Pty Ltd,NFW,P&A,,20060323,20060425,20260417
BMR Noonkanbah  4,W002833,Canning,,125.413349,-18.072846,Geoscience Australia,STR,P&A,,19721231,19721231,20260417
BMR Lennard River 2,W002836,Canning,,125.276293,-17.961076,Geoscience Australia,STR,P&A,,19721231,19721231,20260417
Boundary Southeast 1,W002845,Canning,EP 129,124.246442,-17.489203,Terratek Drilling Tools Pty Limited,NFW,P&A OS,,20060522,20060617,20260417
Amulet 3,W002849,Northern Carnarvon,WA-8-L,116.981316,-19.491708,Tap (Shelfal) Pty Ltd,EXT,P&A OS,,20060616,20060621,20260417
Exeter 7,W002852,Northern Carnarvon,WA-27-L,116.561152,-19.309662,Santos Limited,DEV,SUSP OS,Exeter,20060620,20061001,20260417
Priam 1,W002877,Northern Carnarvon,TL/6,115.515243,-20.679618,Apache Northwest Pty Ltd,NFW,P&A,,20061018,20061022,20260417
PER 01,W002888,Northern Carnarvon,WA-1-L,116.035232,-19.556226,Woodside Energy Ltd,DEV,SUSP G,Perseus,20061119,20071204,20260417
Pluto 5,W002897,Northern Carnarvon,WA-350-P,115.113429,-19.899343,Woodside Pluto Pty Ltd,EXT,P&A GS,Pluto,20061203,20061224,20260417
Persephone 1,W002898,Northern Carnarvon,WA-1-L,116.184996,-19.53357,Woodside Energy Ltd,NFW,P&A GS,Persephone,20061205,20061228,20260417
Bambra East 1,W002902,Northern Carnarvon,TL/1,115.631427,-20.544166,Apache Northwest Pty Ltd,EXT,P&A OGS,Bambra,20061219,20070106,20260417
AP 3,W002909,Northern Carnarvon,WA-3-L,116.605168,-19.510681,Woodside Energy Ltd,DEV,G,Angel,20070129,20070405,20260417
Ixion 1,W002922,Northern Carnarvon,WA-370-P,114.924604,-19.679795,Woodside Energy Ltd,NFW,P&A,,20080227,20080324,20260417
Ixion 1 Chikyu,W002922,Northern Carnarvon,WA-370-P,114.924604,-19.679795,Woodside Energy Ltd,NFW,P&A,,20070408,20070528,20260417
Bouree 1,W002929,Browse,WA-371-P,123.365051,-13.597982,Shell Development (Australia) Proprietary Limited,NFW,P&A,,20070418,20070511,20260417
Bouree 1A,W002929,Browse,WA-371-P,123.365051,-13.597982,Shell Development (Australia) Proprietary Limited,NFW,P&A,,20070426,20070511,20260417
Bleaberry West 1,W002940,Northern Carnarvon,WA-155-P,114.127099,-21.444304,BHP Billiton Petroleum (Australia) Pty Ltd,NFW,P&A OGS,,20070517,20070529,20260417
Simpson 1,W002445,Northern Carnarvon,TL/1,115.584864,-20.673378,Apache Northwest Pty Ltd,EXT,P&A,Simpson,20010130,20010213,20260417
Planaire 1,W002461,Northern Carnarvon,WA-28-P,116.314921,-19.703559,Woodside Energy Ltd,NFW,P&A,,20010422,20010520,20260417
Patriot 1,W002471,Northern Carnarvon,WA-1-P,116.808221,-19.542869,Woodside Energy Ltd,NFW,P&A,,20010705,20010714,20260417
Robert 1,W002480,Canning,EP 353,124.325873,-19.155806,Hughes & Hughes Australia Pty Ltd,NFW,P&A,,20010815,20010926,20260417
Robert 1 ST1,W002480,Canning,EP 353,124.325873,-19.155806,Hughes & Hughes Australia Pty Ltd,NFW,P&A,,20010919,20010926,20260417
GSWA Boologooro 1,W002487,Southern Carnarvon,,113.888011,-24.324987,Geological Survey of Western Australia (GSWA),STR,P&A STR,,20010519,20010528,20260417
Barrow_K66A,W002488,Northern Carnarvon,L 1H,115.359877,-20.820038,Chevron Australia Pty Ltd,DEV,P&S,Barrow Island,20010914,20010919,20260417
Cliff Head 1,W002512,Perth,WA-286-P,114.869758,-29.464578,Roc Oil (WA) Pty Limited,NFW,P&A OS,Cliff Head,20011225,20020105,20260417
Bob 1,W002570,Northern Carnarvon,EP 363,115.676432,-20.717668,Apache Northwest Pty Ltd,NFW,P&A GS,,20030114,20030129,20260417
Strumbo 1,W002571,Browse,WA-288-P,125.497823,-13.228025,Magellan Petroleum (W.A.) Pty Ltd,NFW,P&A,,20030124,20030205,20260417
Eclipse 1,W002597,Perth,EP 389,115.878269,-31.426522,Empire Oil & Gas NL,NFW,P&A OGS,,20030418,20030513,20260417
Legendre North 4H,W002598,Northern Carnarvon,WA-20-L,116.708746,-19.703931,Woodside Energy Ltd,DEV,P&A O,Legendre North,20030505,20030605,20260417
Legendre North 4H ST2 BHC1,W002598,Northern Carnarvon,WA-20-L,116.708746,-19.703931,Woodside Energy Ltd,DEV,P&A O,Legendre North,20030531,,20260417
Legendre North 4H ST2,W002598,Northern Carnarvon,WA-20-L,116.708746,-19.703931,Woodside Energy Ltd,DEV,P&A O,Legendre North,20030531,,20260417
Legendre North 4H ST1,W002598,Northern Carnarvon,WA-20-L,116.708746,-19.703931,Woodside Energy Ltd,DEV,P&A,Legendre North,20030526,,20260417
Leafcutter 1,W002622,Perth,L 4,115.054247,-29.852329,Hardman Resources Ltd,NFW,P&A GS,Woodada,20030901,20030920,20260417
Karangi 1,W002625,Northern Carnarvon,TP/8,115.427904,-20.654383,Apache Northwest Pty Ltd,NFW,P&A,,20030916,20030924,20260417
Van Gogh 1,W002628,Northern Carnarvon,WA-155-P,114.082543,-21.38962,BHP Billiton Petroleum (Australia) Pty Ltd,NFW,P&A OS,Van Gogh,20030920,20031002,20260417
Van Gogh 1 ST1,W002628,Northern Carnarvon,WA-155-P,114.082543,-21.38962,BHP Billiton Petroleum (Australia) Pty Ltd,NFW,P&A OS,Van Gogh,20030924,20031002,20260417
CRA PER 10,W002639,Perth,EP 181,115.848933,-29.794396,CRA Exploration Pty Ltd,STR,P&A STR,,19830615,19830704,20260417
Exeter 4A,W002659,Northern Carnarvon,WA-191-P,116.56125,-19.309984,Santos Limited,DEV,SUSP O,Exeter,20040303,,20260417
Exeter 4AH,W002659,Northern Carnarvon,WA-191-P,116.56125,-19.309984,Santos Limited,DEV,SUSP O,Exeter,20040501,,20260417
Proteus 1 ST2,W005334,Browse,WA-398-P,122.33546,-13.738007,ConocoPhillips (Browse Basin) Pty Ltd,NFW,Suspended,,20130804,20130929,20260417
BAL 7WI,W005374,Northern Carnarvon,WA-49-L,115.183774,-20.070228,Apache Julimar Pty Ltd,DEV,Completed,,20130413,20131209,20260417
BAL 7WI ST1,W005374,Northern Carnarvon,WA-49-L,115.183774,-20.070228,Apache Julimar Pty Ltd,DEV,Completed,,20131113,20131209,20260417
Montara H3 ST1 Phase 2,W005779,Bonaparte,,124.539498,-12.67236,PTTEP Australasia (Ashmore Cartier) Pty Ltd,DEV,Completed,,20120501,20120525,20260417
Montara H3 ST1,W005779,Bonaparte,,124.539498,-12.67236,PTTEP Australasia (Ashmore Cartier) Pty Ltd,DEV,,,,,20260417
Stybarrow East 2,W005782,Northern Carnarvon,WA-32-L,113.891561,-21.437408,BHP Billiton Petroleum (Australia) Pty Ltd,NFW,,,20140104,20140111,20260417
Harrison 2,W005783,Northern Carnarvon,WA-42-L,114.155013,-21.534385,BHP Billiton Petroleum (Australia) Pty Ltd,DEV,Abandoned,,20140113,20140310,20260417
WST 1C PH1,W005785,Northern Carnarvon,WA-46-L,115.268696,-19.905551,Chevron Australia Pty Ltd,DEV,Abandoned,,20140131,,20260417
WST 1C,W005785,Northern Carnarvon,WA-46-L,115.268696,-19.905551,Chevron Australia Pty Ltd,DEV,Completed,,20140116,,20260417
Senecio 3,W005804,Perth,L 2,115.080247,-29.253081,AWE Limited,EXT,G,,20140804,20140906,20260417
Hannover South 1,W005808,Roebuck,WA-466-P,119.71862,-16.355542,Woodside Energy Ltd,NFW,,,20140718,20141101,20260417
Maple East 1,W005809,Bonaparte,,124.671765,-11.993458,PTTEP Australasia (Ashmore Cartier) Pty Ltd,NFW,,,20140623,20140829,20260417
Maple East 1 ST1,W005809,Bonaparte,,124.671765,-11.993458,PTTEP Australasia (Ashmore Cartier) Pty Ltd,NFW,,,20140728,20140829,20260417
WST 3C,W005811,Northern Carnarvon,WA-47-L,115.29576,-19.811236,Chevron Australia Pty Ltd,DEV,Completed,,20140514,,20260417
WST 3D,W005812,Northern Carnarvon,WA-47-L,115.295665,-19.811435,Chevron Australia Pty Ltd,DEV,Completed,,20140515,20160527,20260417
WST 3D PH1,W005812,Northern Carnarvon,WA-47-L,115.295665,-19.811435,Chevron Australia Pty Ltd,DEV,Abandoned,,20140715,20160527,20260417
WST 3F,W005813,Northern Carnarvon,WA-47-L,115.29529,-19.811668,Chevron Australia Pty Ltd,DEV,Completed,,20140516,20170811,20260417
Gorgon Plant CO2 Injector C-I9 ST1,W005816,Northern Carnarvon,PL 93,115.451229,-20.730341,Chevron Australia Pty Ltd,INJECT_CO2,Shut in,,20150113,20150206,20260417
Gorgon Plant CO2 Injector C-I9,W005816,Northern Carnarvon,PL 93,115.451229,-20.730341,Chevron Australia Pty Ltd,INJECT_CO2,P&A,,20141108,20150206,20260417
Pryderi 1,W005820,Browse,WA-424-P,124.062088,-14.59408,CalEnergy Resources (Australia) Ltd,NFW,,,20141109,20141120,20260417
Gorgon Plant CO2 Water Injection Well E-WI2,W005844,Northern Carnarvon,PL 93,115.407755,-20.768218,Chevron Australia Pty Ltd,WIW,Suspended,Gorgon,20150328,20150604,20260417
Waitsia 1,W005862,Perth,L 1,115.11053,-29.253334,AWE Petroleum Limited,NFW,G,Waitsia,20150514,20150620,20260417
Doric 2,W002901,Northern Carnarvon,TL/1,115.708839,-20.555159,Apache Northwest Pty Ltd,DEV,Shut in,Doric,20061218,20070114,20260417
Stybarrow 9,W002917,Northern Carnarvon,WA-255-P,113.825649,-21.474765,BHP Billiton Petroleum (Australia) Pty Ltd,WIW,Service,Stybarrow,20070316,20071122,20260417
Gigue 1,W002921,Browse,WA-371-P,123.480475,-13.76376,Shell Development (Australia) Proprietary Limited,NFW,P&A,,20070403,20070416,20260417
Eskdale 4,W002925,Northern Carnarvon,WA-255-P,113.818091,-21.381101,BHP Billiton Petroleum (Australia) Pty Ltd,DEV,O,Eskdale,20070405,20071122,20260417
Crosby West 1,W002930,Northern Carnarvon,WA-12-R,114.107807,-21.506087,BHP Billiton Petroleum (Australia) Pty Ltd,NFW,P&A,,20070425,20070506,20260417
Supel 1,W002937,Northern Carnarvon,WA-1-P,116.36015,-19.992719,Apache Energy,NFW,P&A,,20070515,20070523,20260417
Ullscarf 1,W002944,Northern Carnarvon,WA-155-P,114.088241,-21.49124,BHP Billiton Petroleum (Australia) Pty Ltd,NFW,P&A,,20070531,20070608,20260417
Snarf 1,W002946,Browse,WA-275-P,121.494528,-14.333961,Woodside Energy Ltd,NFW,P&A,,20070602,20080515,20260417
Snarf 1 Top Hole,W002946,Browse,WA-275-P,121.494528,-14.333961,Woodside Energy Ltd,NFW,P&A,,20070602,20070609,20260417
Belicoso 1 Chikyu,W002958,Northern Carnarvon,WA-347-P,113.837733,-18.83189,Woodside Burrup Pty Ltd,NFW,P&A,,20070612,20070615,20260417
Belicoso 1 Jack Bates,W002958,Northern Carnarvon,WA-347-P,113.837733,-18.83189,Woodside Burrup Pty Ltd,NFW,P&A,,20071108,20071123,20260417
Fossetmaker 1,W002962,Browse,WA-377-P,123.78376,-13.727558,Shell Development (Australia) Proprietary Limited,NFW,P&A GS,Echuca Shoals,20070806,20070908,20260417
Valentine 1,W002965,Canning,R 1,123.709012,-17.139896,Arc Energy Limited,NFW,P&A GS,,20070812003000,20071105,20260417
Maitland 2,W002974,Northern Carnarvon,WA-33-L,115.163118,-20.54293,Apache Energy,EXT,P&A GS,Maitland,20070906,20071023,20260417
Maitland 2 CH1,W002974,Northern Carnarvon,WA-33-L,115.163118,-20.54293,Apache Energy,EXT,P&A GS,Maitland,20070918,20071023,20260417
Woollybutt 4H,W002976,Northern Carnarvon,WA-25-L,114.868382,-20.954479,ENI Australia Limited,DEV,SUSP O,Woollybutt,20070909,20071005,20260417
Brulimar 1,W002998,Northern Carnarvon,WA-356-P,115.184743,-20.005051,Apache Northwest Pty Ltd,NFW,SUSP GS,,20071214,20080119,20260417
VNB H1,W003000,Northern Carnarvon,WA-28-L,114.033085,-21.433401,Woodside Energy Ltd,DEV,O,Vincent,20071223,20090328,20260417
VNB H1 L1 ST2,W003000,Northern Carnarvon,WA-28-L,114.033085,-21.433401,Woodside Energy Ltd,DEV,O,Vincent,20080819,20090328,20260417
VNB H1 ST1,W003000,Northern Carnarvon,WA-28-L,114.033085,-21.433401,Woodside Energy Ltd,DEV,Abandoned,Vincent,20150206,20150612,20260417
VNB H1 ST2,W003000,Northern Carnarvon,WA-28-L,114.033085,-21.433401,Woodside Energy Ltd,DEV,Abandoned,Vincent,20150213,20150612,20260417
VNB H1 ST2 L2,W003000,Northern Carnarvon,WA-28-L,114.033085,-21.433401,Woodside Energy Ltd,DEV,Abandoned,Vincent,20150404,20150612,20260417
GOR 1E Phase 1,W005396,Northern Carnarvon,WA-37-L,114.849537,-20.408095,Chevron Australia Pty Ltd,DEV,Completed,,20111106,20111230,20260417
GOR 1E Phase 2,W005396,Northern Carnarvon,WA-37-L,114.849537,-20.408095,Chevron Australia Pty Ltd,DEV,Completed,,20111106,20140104,20260417
Homevale 1,W005454,Northern Carnarvon,WA-475-P,113.094463,-20.958173,BHP Billiton Petroleum (Australia) Pty Ltd,NFW,Abandoned,,20130427,20130607,20260417
Tanglehead 2 H2,W005494,Northern Carnarvon,WA-42-L,114.12438,-21.522658,BHP Billiton Petroleum (Australia) Pty Ltd,DEV,Abandoned,,20130529,20131031,20260417
Tanglehead 2 H2 ST1,W005494,Northern Carnarvon,WA-42-L,114.12438,-21.522658,BHP Billiton Petroleum (Australia) Pty Ltd,DEV,Completed,,20130624,20131031,20260417
Prelude P6,W005639,Browse,WA-44-L,123.326357,-13.81731,Shell Development (Australia) Pty Ltd,DEV,Completed,,20131103,20151230,20260417
Royal Oak 1,W005642,Northern Carnarvon,WA-367-P,113.02137,-20.512852,Chevron Australia Pty Ltd,NFW,Abandoned,,20131202,20140122,20260417
Stybarrow East 1,W005643,Northern Carnarvon,WA-32-L,113.891561,-21.437408,BHP Billiton Petroleum (Australia) Pty Ltd,NFW,,,20131210,20140111,20260417
Gorgon Plant CO2 Injector A-I2(N),W005674,Northern Carnarvon,PL 93,115.45131,-20.774785,Chevron Australia Pty Ltd,INJECT_CO2,IN,,20131126,20141021,20260417
Gorgon Plant CO2 Injector  B-I4(U),W005715,Northern Carnarvon,PL 93,115.450932,-20.754417,Chevron Australia Pty Ltd,INJECT_CO2,Shut in,,20140209,20140424,20260417
Rydal 1,W005784,Northern Carnarvon,WA-255-P,113.867969,-21.322807,BHP Billiton Petroleum (Australia) Pty Ltd,NFW,,,20140113,20140203,20260417
WST 3A PH1,W005796,Northern Carnarvon,WA-47-L,115.295689,-19.810816,Chevron Australia Pty Ltd,DEV,Abandoned,,20140602,,20260417
WST 3A ST1,W005796,Northern Carnarvon,WA-47-L,115.295689,-19.810816,Chevron Australia Pty Ltd,DEV,Completed,,20140924,,20260417
WST 3A,W005796,Northern Carnarvon,WA-47-L,115.295689,-19.810816,Chevron Australia Pty Ltd,DEV,Completed,,20140512,,20260417
Dino North 1,W005797,Northern Carnarvon,WA-374-P,114.463881,-20.322709,Chevron Australia Pty Ltd,NFW,Abandoned,,20140329,20140514,20260417
Gorgon Plant CO2 Injector A-I1,W005805,Northern Carnarvon,PL 93,115.451304,-20.774841,Chevron Australia Pty Ltd,INJECT_CO2,IN,,20140809,20141029,20260417
Phoenix South 1,W005807,Roebuck,WA-435-P,118.70397,-18.720427,Apache Northwest Pty Ltd,NFW,,,20140525,20140827,20260417
Phoenix South 1 ST1,W005807,Roebuck,WA-435-P,118.70397,-18.720427,Apache Northwest Pty Ltd,NFW,,,20140705,20140827,20260417
Phoenix South 1 ST2,W005807,Roebuck,WA-435-P,118.70397,-18.720427,Apache Northwest Pty Ltd,NFW,,,20140804,20140827,20260417
Pharos 1,W005810,Browse,WA-398-P,122.399045,-13.681975,ConocoPhillips (Browse Basin) Pty Ltd,NFW,,,20140520,20140829,20260417
Sunbeam 1,W005821,Canning,EP 129,124.368481,-17.540681,Buru Energy Limited,NFW,P&S,,20150125,20150210,20260417
VNB H1 ST2 L1,W003000,Northern Carnarvon,WA-28-L,114.033085,-21.433401,Woodside Energy Ltd,DEV,Completed,Vincent,20150305,20150612,20260417
VNB H1 ST2 L2 ST1,W003000,Northern Carnarvon,WA-28-L,114.033085,-21.433401,Woodside Energy Ltd,DEV,Completed,Vincent,20150406,20150612,20260417
VNB H1 L1,W003000,Northern Carnarvon,WA-28-L,114.033085,-21.433401,Woodside Energy Ltd,DEV,P&A,Vincent,20080809,20090328,20260417
VNB H1 L1 ST1,W003000,Northern Carnarvon,WA-28-L,114.033085,-21.433401,Woodside Energy Ltd,DEV,P&A,Vincent,20080815,20090328,20260417
VGA 12W,W003013,Northern Carnarvon,WA-155-P,114.068235,-21.39744,Apache Northwest Pty Ltd,WIW,Service,Vincent,20080122,20081114,20260417
VGA 12W Re-Entry,W003013,Northern Carnarvon,WA-155-P,114.068235,-21.39744,Apache Northwest Pty Ltd,WIW,Service,Vincent,20090621,20090628,20260417
Julimar Northwest 1,W003033,Northern Carnarvon,WA-356-P,115.023771,-20.116395,Apache Northwest Pty Ltd,NFW,P&A GS,,20080414,20080505,20260417
Iago 4,W003047,Northern Carnarvon,WA-17-R,115.343313,-19.901976,Chevron Australia Pty Ltd,EXT,P&A,Iago,20080613,20080701,20260417
NRA-PSP 01 ST1,W003050,Northern Carnarvon,WA-1-L,116.138063,-19.583987,Woodside Energy Ltd,DEV,P&A,Persephone,20080712,,20260417
NRA-PSP 01 ST2,W003050,Northern Carnarvon,WA-1-L,116.138063,-19.583987,Woodside Energy Ltd,DEV,P&A,Persephone,20080714,,20260417
NRA-PSP 01 ST3,W003050,Northern Carnarvon,WA-1-L,116.138063,-19.583987,Woodside Energy Ltd,DEV,P&A,Persephone,20080716,,20260417
NRA-PSP 01 ST4,W003050,Northern Carnarvon,WA-1-L,116.138063,-19.583987,Woodside Energy Ltd,DEV,SUSP,Persephone,20080928,,20260417
NRA-PSP 01,W003050,Northern Carnarvon,WA-1-L,116.138063,-19.583987,Woodside Energy Ltd,DEV,SUSP,Persephone,20080701,20081227,20260417
Wheatstone 5,W003055,Northern Carnarvon,WA-253-P,115.329302,-19.772262,Chevron Australia Pty Ltd,EXT,P&A GS,Wheatstone,20080718,20080731,20260417
Nimblefoot 1,W003061,Northern Carnarvon,WA-390-P,113.716948,-20.181129,Hess Exploration Australia Pty Limited,NFW,P&A GS,,20080807,20080916,20260417
Nimblefoot 1 CH1,W003061,Northern Carnarvon,WA-390-P,113.716948,-20.181129,Hess Exploration Australia Pty Limited,NFW,P&A GS,,20080907,20080916,20260417
Dibbler 1,W003064,Northern Carnarvon,WA-334-P,115.362504,-20.592358,Apache Northwest Pty Ltd,NFW,P&A,,20080908,20080930,20260417
Lambert 8A,W003066,Northern Carnarvon,WA-16-L,116.487104,-19.425873,Woodside Energy Ltd,EXT,P&A,Lambert,20080911,,20260417
Lambert 8,W003066,Northern Carnarvon,WA-16-L,116.487104,-19.425873,Woodside Energy Ltd,EXT,P&A GS,Lambert,20080907,20081026,20260417
Lambert 8B,W003066,Northern Carnarvon,WA-16-L,116.487104,-19.425873,Woodside Energy Ltd,EXT,P&A GS,Lambert,20080917,20081026,20260417
PLA 04,W003069,Northern Carnarvon,WA-34-L,115.13221,-19.913479,Woodside Burrup Pty Ltd,DEV,SUSP G,Pluto,20080916,20091225,20260417
PLA 04 PH,W003069,Northern Carnarvon,WA-34-L,115.13221,-19.913479,Woodside Burrup Pty Ltd,DEV,,Pluto,20081008,20091225,20260417
Barrow_Z56MA,W002348,Northern Carnarvon,L 1H,115.420541,-20.699492,West Australian Petroleum Pty Limited,DEV,P&S,Barrow Island,19991116,19991204,20260417
Dongara 30,W002362,Perth,L 1,115.024577,-29.25269,Arc Energy NL,DEV,P&A,,20000105,20000116,20260417
Coniston 1,W002367,Northern Carnarvon,WA-255-P,114.067816,-21.331123,BHP Petroleum (Australia) Pty Ltd,NFW,P&A OG,Coniston,20000126,20000219,20260417
GSWA Vines 1,W002375,Officer,,128.252153,-26.701339,Geological Survey of Western Australia (GSWA),STR,P&A STR,,19990704,19990908,20260417
North Harriet 2,W002381,Northern Carnarvon,TL/1,115.648846,-20.555675,Apache Northwest Pty Ltd,EXT,P&A OS,Harriet,20000503,20000510,20260417
Prometheus 1,W002386,Bonaparte,WA-278-P,126.370095,-12.837737,Kerr-McGee NW Shelf Australia Energy Pty Ltd,NFW,P&A GS,Prometheus,20000528,20000613,20260417
Titania 1,W002395,Northern Carnarvon,WA-269-P,115.194245,-19.199391,Woodside Energy Ltd,NFW,P&A,,20000706,20000717,20260417
PEN 02,W002404,Northern Carnarvon,WA-1-L,116.108215,-19.576664,Woodside Energy Ltd,DEV,G&C,Perseus,20000821,20001202,20260417
Chamois 1,W002406,Northern Carnarvon,WA-261-P,116.023549,-20.37525,Apache Northwest Pty Ltd,NFW,P&A OGS,Chamois,20000824,20000902,20260417
Tusk 1,W002410,Northern Carnarvon,WA-246-P,116.136981,-20.244223,Apache Northwest Pty Ltd,NFW,P&A OS,Tusk,20000908,20000922,20260417
Tusk 1 CH1,W002410,Northern Carnarvon,WA-246-P,116.136981,-20.244223,Apache Northwest Pty Ltd,NFW,P&A OS,Tusk,20000918,20000922,20260417
Titanichthys 1,W002417,Browse,WA-285-P,123.302378,-13.890103,Inpex Browse Ltd,NFW,P&A GS,Ichthys,20000926,20001225,20260417
Bandar 1,W002422,Northern Carnarvon,EP 137,115.746221,-21.307189,Tap Oil Limited,NFW,P&A OS,Mardie,20001012,20001022,20260417
Rubicon 1,W002433,Bonaparte,WA-278-P,126.399556,-12.842659,Kerr-McGee NW Shelf Australia Energy Pty Ltd,NFW,P&A GS,Prometheus,20001127,20001209,20260417
Iago 1,W002435,Northern Carnarvon,WA-25-P,115.335478,-19.930464,Chevron Australia Pty Ltd,NFW,P&A GS,Iago,20001215,20010103,20260417
Legendre North 1H,W002439,Northern Carnarvon,WA-20-L,116.708704,-19.703917,Woodside Energy Ltd,DEV,P&A O,Legendre North,20010121,20010704,20260417
Legendre North 1H ST1,W002439,Northern Carnarvon,WA-20-L,116.708704,-19.703917,Woodside Energy Ltd,DEV,P&A O,Legendre North,20010522,,20260417
Legendre North 1H ST2,W002439,Northern Carnarvon,WA-20-L,116.708704,-19.703917,Woodside Energy Ltd,DEV,P&A O,Legendre North,20010523,20010704,20260417
Legendre West 1,W002442,Northern Carnarvon,WA-20-L,116.708691,-19.703928,Woodside Energy Ltd,DEV,P&A O,Legendre North,20010122,20010704,20260417
Xanthe 1,W002454,Northern Carnarvon,WA-290-P,114.685257,-20.868634,BHP Petroleum (Australia) Pty Ltd,NFW,P&A,,20010313,20010326,20260417
Simpson 2,W002456,Northern Carnarvon,TL/1,115.587127,-20.686173,Apache Northwest Pty Ltd,DEV,P&A OS,Simpson,20010318,20010325,20260417
Bleaberry West 2,W002943,Northern Carnarvon,WA-155-P,114.127099,-21.444304,BHP Billiton Petroleum (Australia) Pty Ltd,EXT,P&A OGS,,20070525,20070529,20260417
Thebe 1,W002955,Northern Carnarvon,WA-346-P,113.088679,-19.423468,BHP Billiton Petroleum (North West Shelf) Pty Ltd,NFW,P&A GS,Thebe,20070707,20070808,20260417
Thebe 1 CH1,W002955,Northern Carnarvon,WA-346-P,113.088679,-19.423468,BHP Billiton Petroleum (North West Shelf) Pty Ltd,NFW,P&A GS,Thebe,20070721,20070808,20260417
Rosella 1,W002957,Northern Carnarvon,WA-29-L,115.015032,-20.469151,Apache Northwest Pty Ltd,NFW,SUSP G,Rosella,20070715,20071018,20260417
Rosella 1 ST2,W002957,Northern Carnarvon,WA-29-L,115.015032,-20.469151,Apache Northwest Pty Ltd,NFW,SUSP G,Rosella,20070919,20071018,20260417
Rosella 1 ST1,W002957,Northern Carnarvon,WA-29-L,115.015032,-20.469151,Apache Northwest Pty Ltd,NFW,P&A,Rosella,20070728,20070813,20260417
Brunello 1,W002964,Northern Carnarvon,WA-356-P,115.173707,-20.050545,Apache Northwest Pty Ltd,NFW,SUSP G,Brunello,20070809,20070914,20260417
Brunello 1 ST1,W002964,Northern Carnarvon,WA-356-P,115.173707,-20.050545,Apache Northwest Pty Ltd,NFW,SUSP G,Brunello,20070827,20070914,20260417
VNA-4H,W002970,Northern Carnarvon,WA-28-L,114.046914,-21.439674,Woodside Energy Ltd,DEV,O,Vincent,20070821,20090328,20260417
VNA-4H L1,W002970,Northern Carnarvon,WA-28-L,114.046914,-21.439674,Woodside Energy Ltd,DEV,O,Vincent,20070913,20090328,20260417
ENC 04,W002973,Northern Carnarvon,WA-28-L,113.975013,-21.487468,Woodside Energy Ltd,WIW,SUSP,Enfield,20070709,20071029,20260417
ENC 04 Chikyu,W002973,Northern Carnarvon,WA-28-L,113.975013,-21.487468,Woodside Energy Ltd,WIW,SUSP,Enfield,20070709,20070717,20260417
Barrow T81,W002986,Northern Carnarvon,L 1H,115.388643,-20.768505,Chevron Australia Pty Ltd,DEV,P&S,Barrow Island,20071010,20080212,20260417
Salsa 1,W002994,Northern Carnarvon,WA-355-P,115.041957,-20.562018,Apache Northwest Pty Ltd,NFW,SUSP OGS,,20071124,20080112,20260417
Barrow B41C,W002995,Northern Carnarvon,L 1H,115.341821,-20.868625,Chevron Australia Pty Ltd,WIW,Shut in,Barrow Island,20071129,20080212,20260417
VNB-3H,W003003,Northern Carnarvon,WA-28-L,114.032971,-21.433668,Woodside Energy Ltd,DEV,O,Vincent,20080104,20090328,20260417
VNB-3H L1,W003003,Northern Carnarvon,WA-28-L,114.032971,-21.433668,Woodside Energy Ltd,DEV,O,Vincent,20090222,20090328,20260417
VNB-3PH,W003003,Northern Carnarvon,WA-28-L,114.032971,-21.433668,Woodside Energy Ltd,DEV,P&A OS,Vincent,20080104,,20260417
Barrow C11A,W003010,Northern Carnarvon,L 1H,115.372752,-20.858408,Chevron Australia Pty Ltd,WIW,Shut in,Barrow Island,20080117,20080212,20260417
Stag 33H,W003011,Northern Carnarvon,WA-15-L,116.275313,-20.289979,Apache Northwest Pty Ltd,DEV,O,Stag,20080117,20080209,20260417
Stag 33H ST2 BHC2,W003011,Northern Carnarvon,WA-15-L,116.275313,-20.289979,Apache Northwest Pty Ltd,DEV,O,Stag,20080204,20080209,20260417
Tanglehead 1 H1 ST1,W005314,Northern Carnarvon,WA-42-L,114.124034,-21.522597,BHP Billiton Petroleum (Australia) Pty Ltd,DEV,Completed,,20130718,20131031,20260417
Tanglehead 1 H1,W005314,Northern Carnarvon,WA-42-L,114.124034,-21.522597,BHP Billiton Petroleum (Australia) Pty Ltd,DEV,Abandoned,,20130531,20131031,20260417
Moondyne 3WI,W005476,Northern Carnarvon,WA-42-L,114.155013,-21.534385,BHP Billiton Petroleum (Australia) Pty Ltd,DEV,Completed,,20130419,20140310,20260417
Gorgon Plant CO2 Injector C-I8(M),W005514,Northern Carnarvon,PL 93,115.45123,-20.730396,Chevron Australia Pty Ltd,INJECT_CO2,IN,,20130928,20131115,20260417
Montara H5,W005614,Bonaparte,,124.539542,-12.672339,PTTEP Australasia (Ashmore Cartier) Pty Ltd,DEV,Abandoned,,20131118,20140307,20260417
Montara H5 ST1,W005614,Bonaparte,,124.539542,-12.672339,PTTEP Australasia (Ashmore Cartier) Pty Ltd,DEV,Abandoned,,20140204,20140307,20260417
Prelude P8,W005641,Browse,WA-44-L,123.326866,-13.81714,Shell Development (Australia) Pty Ltd,DEV,Completed,,20131029,20150220,20260417
Montara H4 Phase 2,W005780,Bonaparte,,124.539409,-12.672344,PTTEP Australasia (Ashmore Cartier) Pty Ltd,DEV,Completed,,20120704,20120729,20260417
Balnaves West 1,W005787,Northern Carnarvon,WA-49-L,115.161532,-20.069165,Apache Julimar Pty Ltd,NFW,,,20140131,20140310,20260417
Cloverhill 1,W005788,Northern Carnarvon,WA-268-P,113.866954,-19.905607,Chevron Australia Pty Ltd,NFW,Abandoned,,20140219,20140326,20260417
Poseidon North 1,W005792,Browse,WA-315-P,122.340163,-13.573548,ConocoPhillips (Browse Basin) Pty Ltd,NFW,,,20140319,20140518,20260417
Drover 1,W005800,Perth,EP 455,115.148672,-30.077286,AWE Petroleum Pty Ltd,NFW,P&A,,20140629,20140724,20260417
Dunnart 2,W005801,Perth,EP 437,114.937692,-29.155765,Key Petroleum (Australia) Pty Ltd,NFW,Water,,20140613,20140830,20260417
Gorgon Plant CO2 Monitoring Well A-RS1,W005806,Northern Carnarvon,PL 93,115.451313,-20.774725,Chevron Australia Pty Ltd,OBSERVATION,Suspended,,20140804,20141015,20260417
XNA 01,W005815,Northern Carnarvon,WA-34-L,115.212842,-19.970426,Woodside Energy Ltd,DEV,,,20140904,20141220,20260417
XNA 01 ST1,W005815,Northern Carnarvon,WA-34-L,115.212842,-19.970426,Woodside Energy Ltd,DEV,,,20141015,20141220,20260417
XNA 01 ST2,W005815,Northern Carnarvon,WA-34-L,115.212842,-19.970426,Woodside Energy Ltd,DEV,,,20141021,20141220,20260417
Gorgon Plant CO2 Monitoring Well C-RS2,W005819,Northern Carnarvon,PL 93,115.451243,-20.730516,Chevron Australia Pty Ltd,OBSERVATION,Suspended,,20141121,20141229,20260417
Blake 1,W005827,Northern Carnarvon,WA-383-P,113.285038,-20.125787,Chevron Australia Pty Ltd,NFW,,,20141117,20141220,20260417
IAG 1B,W005828,Northern Carnarvon,WA-48-L,115.324617,-19.945052,Chevron Australia Pty Ltd,DEV,,,20141017,,20260417
IAG 1B PH1,W005828,Northern Carnarvon,WA-48-L,115.324617,-19.945052,Chevron Australia Pty Ltd,DEV,,,20141101,,20260417
IAG 1B PH1 ST1,W005828,Northern Carnarvon,WA-48-L,115.324617,-19.945052,Chevron Australia Pty Ltd,DEV,,,20141118,,20260417
DMP Harvey 2,W005822,Perth,,115.844371,-33.00881,Department of Mines and Petroleum,STR,Completed,,20141206,20150305,20260417
Anhalt 1,W005823,Roebuck,WA-462-P,119.214312,-16.616697,Woodside Energy Ltd,NFW,Abandoned,,20141108,20150312,20260417
BDC 4 03 Phase 2,W005826,Browse,WA-50-L,123.164855,-13.904648,INPEX Ichthys Pty Ltd,DEV,Completed,,20160629,20160917,20260417
BDC 4 03,W005826,Browse,WA-50-L,123.164855,-13.904648,INPEX Ichthys Pty Ltd,DEV,,,20150211,20160917,20260417
BDC 4 03 ST1,W005826,Browse,WA-50-L,123.164855,-13.904648,INPEX Ichthys Pty Ltd,DEV,,,20160808,20160917,20260417
BDC 5 05 Phase 2,W005880,Browse,WA-50-L,123.216262,-13.824761,INPEX Ichthys Pty Ltd,DEV,,,,20171101,20260417
BDC 5 05 Phase 1,W005880,Browse,WA-50-L,123.216262,-13.824761,INPEX Ichthys Pty Ltd,DEV,,,20150701,20150715,20260417
Senagi 1,W005891,Canning,EP 458,124.372509,-18.589753,Buru Energy Limited,NFW,P&A O,,20151015,20151109,20260417
BDC 1B 01,W005892,Browse,WA-50-L,123.320146,-13.846838,INPEX Ichthys Pty Ltd,DEV,Completed,,20150809,20151112,20260417
Crosby 5H3 L1,W005893,Northern Carnarvon,WA-42-L,114.101665,-21.529031,BHP Billiton Petroleum (Australia) Pty Ltd,DEV,,Crosby,20150727,20150826,20260417
Crosby 5H3 L1 ST1,W005893,Northern Carnarvon,WA-42-L,114.101665,-21.529031,BHP Billiton Petroleum (Australia) Pty Ltd,DEV,,Crosby,20150804,20150826,20260417
Crosby 5H3 L1 ST2,W005893,Northern Carnarvon,WA-42-L,114.101665,-21.529031,BHP Billiton Petroleum (Australia) Pty Ltd,DEV,,Crosby,20150811,20150826,20260417
Crosby 6H4 L1,W005896,Northern Carnarvon,WA-42-L,114.101076,-21.529042,BHP Billiton Petroleum (Australia) Pty Ltd,DEV,,,20150926,20151028,20260417
Crosby 6H4 L2,W005896,Northern Carnarvon,WA-42-L,114.101076,-21.529042,BHP Billiton Petroleum (Australia) Pty Ltd,DEV,,,20151010,20151028,20260417
Ravensworth 5H3 L1,W005906,Northern Carnarvon,WA-43-L,114.08425,-21.538861,BHP Billiton Petroleum (Australia) Pty Ltd,DEV,,,20150527,20150701,20260417
Ravensworth 5H3 L2,W005906,Northern Carnarvon,WA-43-L,114.08425,-21.538861,BHP Billiton Petroleum (Australia) Pty Ltd,DEV,,,20150608,20150701,20260417
Hyde 1A,W005927,Northern Carnarvon,WA-418-P,116.556495,-18.885895,Quadrant Energy Pty Ltd,NFW,,,20160220,20160314,20260417
Snapshot 1,W005936,Northern Carnarvon,WA-474-P,113.675308,-19.913723,Hess Australia Offshore Pty Ltd,NFW,Abandoned,,20160319,20160520,20260417
TGS 5,W005959,Northern Carnarvon,L 9,114.847538,-21.793042,DDG Tubridgi Pty Limited,STORAGE,GAS-INJECTION,Tubridgi,20170412,20170428,20260417
Spartan 1A,W005969,Northern Carnarvon,WA-33-R,115.249099,-20.535508,Quadrant Oil Australia Pty Limited,NFW,,,20160829,20160913,20260417
Driftwood 1,W005970,Northern Carnarvon,WA-320-P,114.867754,-21.190183,Quadrant  Permits Pty Ltd,NFW,,,20160801,20160816,20260417
Driftwood 1 ST1,W005970,Northern Carnarvon,WA-320-P,114.867754,-21.190183,Quadrant  Permits Pty Ltd,NFW,,,20160807,20160816,20260417
LAV 04 WI,W006007,Northern Carnarvon,,113.859295,-21.528495,Woodside Energy Ltd,DEV,Completed,,20180311,20181006,20260417
Exeter 4,W002659,Northern Carnarvon,WA-191-P,116.56125,-19.309984,Santos Limited,DEV,P&A,Exeter,20040225,20040608,20260417
Linda 3,W002660,Northern Carnarvon,TL/1,115.70886,-20.555148,Apache Northwest Pty Ltd,DEV,Shut in,Linda,20040217,20040321,20260417
Taunton 4,W002664,Northern Carnarvon,TP/7,115.095099,-21.336649,Santos (BOL) Pty Ltd,EXT,P&A OGS,,20040323,20040328,20260417
East Spar 7,W002671,Northern Carnarvon,WA-13-L,114.983065,-20.707024,Apache Oil Australia Pty Ltd,EXT,P&A GS,East Spar,20040425,20040506,20260417
Stybarrow 3,W002676,Northern Carnarvon,WA-255-P,113.850128,-21.464889,BHP Billiton Petroleum (Australia) Pty Ltd,EXT,P&A OS,,20040518,20040603,20260417
Tarantula 1,W002679,Perth,L 11,115.138486,-29.422376,Origin Energy Developments Pty Limited,NFW,P&A,Tarantula,20040524,20040714,20260417
Tarantula 1 ST1,W002679,Perth,L 11,115.138486,-29.422376,Origin Energy Developments Pty Limited,NFW,Shut in,Tarantula,20050701,20050729,20260417
Mutineer 8,W002699,Northern Carnarvon,WA-26-L,116.637743,-19.259287,Santos Limited,DEV,P&A OS,Mutineer,20040814,20040820,20260417
Stag 26H,W002709,Northern Carnarvon,WA-15-L,116.275313,-20.289976,Apache Energy Limited,DEV,P&A O,Stag,20041022,20041105,20260417
East Spar 9,W002713,Northern Carnarvon,WA-13-L,114.986124,-20.650584,Apache Oil Australia Pty Ltd,EXT,SUSP GS,East Spar,20041112,20041126,20260417
Stag 28H,W002714,Northern Carnarvon,WA-15-L,116.275286,-20.289962,Apache Energy Limited,DEV,P&A O,Stag,20041119,20041128,20260417
Eremia 3,W002715,Perth,L 1,115.018067,-29.309293,Arc Energy Limited,EXT,P&A,Eremia,20041126,20041213,20260417
Scarborough 3,W002721,Northern Carnarvon,WA-1-R,113.227406,-19.914511,BHP Billiton Petroleum (North West Shelf) Pty Ltd,EXT,P&A GS,Scarborough,20041209,20050106,20260417
Scarborough 3 CH1,W002721,Northern Carnarvon,WA-1-R,113.227406,-19.914511,BHP Billiton Petroleum (North West Shelf) Pty Ltd,EXT,P&A GS,Scarborough,20041224,20050106,20260417
Jane 1,W002744,Northern Carnarvon,TL/6,115.514324,-20.668776,Apache Northwest Pty Ltd,NFW,SUSP,,20050322,20050411,20260417
Jane 1 ST1,W002744,Northern Carnarvon,TL/6,115.514324,-20.668776,Apache Northwest Pty Ltd,NFW,SUSP,,20050401,20050411,20260417
Highgrove 1,W002793,Northern Carnarvon,TP/8,115.619327,-20.788312,Apache Northwest Pty Ltd,NFW,P&A GS,,20050926,20051003,20260417
Bartsia 1,W002795,Perth,L 2,114.974308,-29.288156,Arc Energy Limited,NFW,P&A,,20051002,20051017,20260417
Sulla 1,W002803,Northern Carnarvon,EP 441,115.028624,-21.272952,Apache Northwest Pty Ltd,NFW,P&A,,20051019,20051027,20260417
Dongara 35,W002812,Perth,L 2,114.993875,-29.226465,Arc Energy Limited,EXT,Shut in,Dongara,20051224,20060107,20260417
Cliff Head 8WI,W002814,Perth,WA-31-L,114.870058,-29.450153,Roc Oil (WA) Pty Limited,WIW,Service,Cliff Head,20060109,20060721,20260417
Snottygobble 1,W002815,Perth,L 1,115.072128,-29.336415,Arc Energy Limited,NFW,P&A,,20060111,20060216,20260417
Stag 25H,W002606,Northern Carnarvon,WA-15-L,116.275304,-20.289962,Apache Energy Limited,DEV,O,Stag,20030625,20030701,20260417
Hovea 8,W002611,Perth,L 1,115.042039,-29.319487,Arc Energy NL,DEV,P&A,Hovea,20030719,20030814,20260417
North Pedirka 1,W002616,Northern Carnarvon,TL/6,115.571749,-20.739476,Apache Northwest Pty Ltd,NFW,P&A O,North Pedirka,20030813,20030901,20260417
Cerberus 1,W002629,Northern Carnarvon,WA-202-P,116.764063,-19.798437,Apache Northwest Pty Ltd,NFW,P&A,,20030925,20031003,20260417
CRA PER 8,W002637,Perth,EP 181,115.662991,-29.173294,CRA Exploration Pty Ltd,STR,P&A STR,,19830209,19830210,20260417
Eremia 2H ST1,W002645,Perth,L 1,115.025822,-29.311287,Arc Energy NL,DEV,P&A O,Eremia,20031221,20040108,20260417
Eremia 2,W002645,Perth,L 1,115.025822,-29.311287,Arc Energy NL,DEV,P&A,Eremia,20031120,20040108,20260417
Eremia 2H,W002645,Perth,L 1,115.025822,-29.311287,Arc Energy NL,DEV,P&A,Eremia,20031203,20040108,20260417
Tanami 7,W002648,Northern Carnarvon,TL/1,115.584902,-20.67336,Apache Northwest Pty Ltd,EXT,P&A,Tanami,20031204,20031210,20260417
Bounty 2,W002652,Northern Carnarvon,WA-191-P,116.644774,-19.283129,Santos Limited,NFW,P&A OS,,20040117,20040215,20260417
Rugborne 1,W002657,Northern Carnarvon,EP 363,115.71171,-20.727634,Apache Northwest Pty Ltd,NFW,P&A,,20040213,20040217,20260417
East Spar 8,W002669,Northern Carnarvon,WA-13-L,114.983065,-20.707024,Apache Oil Australia Pty Ltd,EXT,P&A GS,East Spar,20040415,20040425,20260417
East Spar 8 BHC1,W002669,Northern Carnarvon,WA-13-L,114.983065,-20.707024,Apache Oil Australia Pty Ltd,EXT,P&A GS,East Spar,20040418,20040506,20260417
Eskdale 2,W002670,Northern Carnarvon,WA-255-P,113.91501,-21.375488,BHP Billiton Petroleum (Australia) Pty Ltd,NFW,P&A OGS,Eskdale,20040419,20040516,20260417
Eskdale 2 CH1,W002670,Northern Carnarvon,WA-255-P,113.91501,-21.375488,BHP Billiton Petroleum (Australia) Pty Ltd,NFW,P&A OGS,Eskdale,20040508,20040516,20260417
Agonis 1,W002692,Perth,L 1,115.103589,-29.310845,Arc Energy Limited,NFW,P&A,,20040702,20040801,20260417
Stickle 2,W002697,Northern Carnarvon,WA-12-R,114.141266,-21.504979,BHP Billiton Petroleum (Australia) Pty Ltd,EXT,P&A OS,Stickle,20040730,20040818,20260417
Stickle 2 CH1,W002697,Northern Carnarvon,WA-12-R,114.141266,-21.504979,BHP Billiton Petroleum (Australia) Pty Ltd,EXT,P&A OS,Stickle,20040808,20040818,20260417
Wanaea 8,W002702,Northern Carnarvon,WA-9-L,116.449854,-19.577986,Woodside Energy Ltd,DEV,O,Wanaea,20040823,20041009,20260417
Altostratus 1,W002716,Northern Carnarvon,TP/17,115.973846,-20.420658,Strike Oil NL,NFW,P&A OGS,,20041129,20041205,20260417
Falcone 1A,W002728,Northern Carnarvon,WA-271-P,113.442951,-21.633291,Woodside Energy Ltd,NFW,P&A GS,,20050116,20050303,20260417
Falcone 1,W002728,Northern Carnarvon,WA-271-P,113.442951,-21.633291,Woodside Energy Ltd,NFW,P&A,,20050109,20050303,20260417
Scarborough 5,W002734,Northern Carnarvon,WA-1-R,113.100938,-19.906843,BHP Billiton Petroleum (North West Shelf) Pty Ltd,EXT,P&A GS,Scarborough,20050205,20050228,20260417
Stag 33H ST1,W003011,Northern Carnarvon,WA-15-L,116.275313,-20.289979,Apache Northwest Pty Ltd,DEV,P&A,Stag,20070122,,20260417
Stag 33H ST2,W003011,Northern Carnarvon,WA-15-L,116.275313,-20.289979,Apache Northwest Pty Ltd,DEV,P&A,Stag,20080129,,20260417
Stag 33H ST2 BHC1,W003011,Northern Carnarvon,WA-15-L,116.275313,-20.289979,Apache Northwest Pty Ltd,DEV,P&A,Stag,20080202,,20260417
VGA 13W,W003016,Northern Carnarvon,WA-155-P,114.068331,-21.391886,Apache Northwest Pty Ltd,WIW,Service,Vincent,20080126,20081114,20260417
VGA 13W ST1,W003016,Northern Carnarvon,WA-155-P,114.068331,-21.391886,Apache Northwest Pty Ltd,WIW,Service,Vincent,20080419,20081114,20260417
Iago 2,W003030,Northern Carnarvon,WA-16-R,115.322071,-19.955381,Chevron Australia Pty Ltd,EXT,P&A OGS,Iago,20080329,20080507,20260417
Bellatrix 1,W003053,Northern Carnarvon,WA-370-P,114.979977,-19.830593,Woodside Energy Ltd,NFW,P&A,,20080704,20080724,20260417
Star Finch 1,W003054,Southern Carnarvon,EP 460,113.740785,-24.732056,Rough Range Oil Pty Ltd,NFW,P&A,,20080708,20080726,20260417
Calliance 3,W003059,Browse,WA-28-R,121.498148,-14.531014,Woodside Energy Ltd,EXT,SUSP GS,Calliance,20080730,20080905,20260417
Lee 4,W003062,Northern Carnarvon,TL/1,115.708866,-20.555181,Apache Northwest Pty Ltd,DEV,Shut in,Lee,20080809,20080906,20260417
Warrior 1,W003068,Northern Carnarvon,WA-390-P,113.936457,-20.306803,Hess Exploration Australia Pty Limited,NFW,P&A,,20080918,20081011,20260417
BMR Cornish 2,W003072,Canning,,126.877787,-20.184986,Geoscience Australia,STR,P&A STR,,,,20260417
Reindeer 2,W003078,Northern Carnarvon,WA-209-P,116.309704,-20.024113,Apache Northwest Pty Ltd,DEV,G,Reindeer,20081004,20081113,20260417
BMR Lucas 14,W003082,Canning,,127.778898,-20.276653,Geoscience Australia,STR,P&A STR,,19730630,,20260417
PLA 02,W003088,Northern Carnarvon,WA-34-L,115.131704,-19.913381,Woodside Burrup Pty Ltd,DEV,SUSP G,Pluto,20081020,20091225,20260417
BMR Lucas 6,W003108,Birrindudu,,128.690182,-20.348555,Geoscience Australia,STR,P&A STR,,19720823,19720823,20260417
BMR Lucas 9,W003111,Birrindudu,,128.509626,-20.331893,Geoscience Australia,STR,P&A STR,,19720830,19720830,20260417
Fletcher 4,W003115,Northern Carnarvon,WA-191-P,116.796688,-19.246594,Santos Limited,EXT,P&A,Fletcher,20090108,20090117,20260417
Poseidon 1,W003120,Browse,WA-315-P,122.307181,-13.622892,ConocoPhillips (Browse Basin) Pty Ltd,NFW,P&A GS,,20090126,20090529,20260417
Stickle 4H Songa Mercur,W003121,Northern Carnarvon,WA-12-R,114.109802,-21.523218,BHP Billiton Petroleum (Australia) Pty Ltd,DEV,SUSP,Stickle,20090122,,20260417
Stickle 4H,W003121,Northern Carnarvon,WA-12-R,114.109802,-21.523218,BHP Billiton Petroleum (Australia) Pty Ltd,DEV,O,Stickle,20090122,20100608,20260417
Martell 1,W003125,Northern Carnarvon,WA-404-P,114.310732,-19.395034,Woodside Energy Ltd,NFW,P&A GS,,20090202,20090303,20260417
Irwin 1,W005863,Perth,EP 320,115.168892,-29.259298,AWE Petroleum Limited,NFW,Shut in,,20150325,20150505,20260417
Praslin 1,W005871,Canning,EP 391,123.020448,-17.984534,Buru Energy Limited,NFW,SUSP GS,Ungani,20150717,20150902,20260417
Theia 1,W005872,Canning,EP 493,123.293876,-18.901058,Finder Shale Pty Limited,NFW,P&A,,20150714,20150828,20260417
Waitsia 2,W005873,Perth,L 1,115.093919,-29.301915,AWE Limited,EXT,G,,20150628,20150804,20260417
BDC 1C 02,W005876,Browse,WA-50-L,123.317563,-13.879481,INPEX Ichthys Pty Ltd,DEV,,,20150406,20160122,20260417
BDC 5 06,W005881,Browse,WA-50-L,123.213011,-13.824642,INPEX Ichthys Pty Ltd,DEV,,,20150622,20151010,20260417
BDC 5 06 ST1,W005881,Browse,WA-50-L,123.213011,-13.824642,INPEX Ichthys Pty Ltd,DEV,,,20150927,20151010,20260417
Levitt 1,W005882,Northern Carnarvon,WA-482-P,116.854186,-18.197999,Quadrant Northwest Pty Ltd,NFW,,,20150704,20150821,20260417
Warro 6,W005890,Perth,R 7,115.71906,-30.18157,Latent Petroleum Pty Ltd,EXT,Suspended,Warro,20151011,20151109,20260417
Stickle 9H5,W005902,Northern Carnarvon,WA-42-L,114.123168,-21.51929,BHP Billiton Petroleum (Australia) Pty Ltd,DEV,,,20151029,20151121,20260417
Mondarra 9,W005908,Perth,L 1,115.117614,-29.313261,APA Group,STORAGE,GAS-INJECTION,Mondarra,20160105,20160204,20260417
Davis 1,W005925,Northern Carnarvon,WA-214-P,115.177519,-20.462808,Quadrant Energy Pty Ltd,NFW,,,20160123,20160213,20260417
Stokes 1,W005931,Northern Carnarvon,WA-472-P,117.351426,-19.679584,Woodside Energy Ltd,NFW,,,20160226,20160308,20260417
TGS 3,W005956,Northern Carnarvon,L 9,114.839288,-21.772514,DDG Tubridgi Pty Limited,STORAGE,GAS-INJECTION,Tubridgi,20170101,20170113,20260417
TGS 6,W005960,Northern Carnarvon,L 9,114.835733,-21.800042,DDG Tubridgi Pty Limited,STORAGE,GAS-INJECTION,Tubridgi,20170524,20170608,20260417
Outtrim East 1A,W005972,Northern Carnarvon,WA-155-P,114.461488,-21.531023,Quadrant Energy Pty Ltd,NFW,,,20160621,20160624,20260417
Outtrim East 1B,W005973,Northern Carnarvon,WA-155-P,114.461492,-21.531087,Quadrant Energy Pty Ltd,NFW,,,20160625,20160625,20260417
Waitsia 4,W005979,Perth,L 1,115.10753,-29.321356,AWE,EXT,Suspended,Waitsia,20170709,20170822,20260417
LPA 01,W005992,Northern Carnarvon,,115.658339,-19.829435,Woodside Energy Ltd,,Completed,,20170329,20170824,20260417
Swell 1A,W005993,Northern Carnarvon,WA-483-P,114.436042,-21.35219,Woodside Energy Ltd,,P&A,,20170809,20171104,20260417
Dorado 1,W005999,Roebuck,WA-437-P,118.733773,-19.033601,Quadrant Northwest Pty Ltd,,,,20180602,20180815,20260417
TGS 7,W006000,Northern Carnarvon,L 9,114.85076,-21.762626,DDG Tubridgi Pty Limited,STORAGE,P&A,Tubridgi,20170430,20170510,20260417
VGB 15H,W006014,Northern Carnarvon,,114.076647,-21.386605,Quadrant PVG Pty Ltd,DEV,Completed,,20180907,20190101,20260417
VGB 15H L1,W006014,Northern Carnarvon,,114.076647,-21.386605,Quadrant PVG Pty Ltd,DEV,Completed,,20181212,20190101,20260417
CIM 04 WI,W006018,Northern Carnarvon,WA-28-L,113.950373,-21.444765,Woodside Energy Ltd,DEV,,,20181218,,20260417
IAG 1B ST1,W005828,Northern Carnarvon,WA-48-L,115.324617,-19.945052,Chevron Australia Pty Ltd,DEV,,,20150831,,20260417
Olympic 1,W005864,Canning,EP 473,122.639842,-18.299319,Buru Energy Limited,NFW,P&A,,20150522,20150625,20260417
Gorgon Plant CO2 Pressure Management Well D-WP1,W005874,Northern Carnarvon,PL 93,115.417445,-20.72828,Chevron Australia Pty Ltd,Service,,Gorgon,20150620,20150812,20260417
Gorgon Plant CO2 Pressure Management Well D-WP1 ST1,W005874,Northern Carnarvon,PL 93,115.417445,-20.72828,Chevron Australia Pty Ltd,Service,,Gorgon,20241006,20250326,20260417
Gorgon Plant CO2 Pressure Management Well D-WP2,W005875,Northern Carnarvon,PL 93,115.417347,-20.728436,Chevron Australia Pty Ltd,Service,P&A,Gorgon,20150626,20150719,20260417
Gorgon Plant CO2 Pressure Management Well D-WP2 ST1,W005875,Northern Carnarvon,PL 93,115.417347,-20.728436,Chevron Australia Pty Ltd,Service,,Gorgon,20241026,20250309,20260417
BDC 5 04,W005879,Browse,WA-50-L,123.213121,-13.824519,INPEX Ichthys Pty Ltd,DEV,,,20150626,20150909,20260417
BDC 5 04 ST1 Phase 1,W005879,Browse,WA-50-L,123.213121,-13.824519,INPEX Ichthys Pty Ltd,DEV,,,20150827,20150909,20260417
BDC 5 04 ST1 Phase 2,W005879,Browse,WA-50-L,123.213121,-13.824519,INPEX Ichthys Pty Ltd,DEV,,,,20170923,20260417
Warro 5,W005884,Perth,R 7,115.729022,-30.206806,Latent Petroleum Pty Ltd,EXT,Shut in,Warro,20150815,20150928,20260417
Warro 5 ST1,W005884,Perth,R 7,115.729022,-30.206806,Latent Petroleum Pty Ltd,EXT,Shut in,Warro,20150901,20150928,20260417
Victory 1,W005889,Canning,EP 457,123.926954,-18.252764,Buru Energy Limited,NFW,P&A,,20150909,20151120,20260417
Montara H1 ST2,W005897,Bonaparte,,124.539497,-12.672339,PTTEP Australasia (Ashmore Cartier) Pty Ltd,DEV,Abandoned,,20120221,20120406,20260417
PSA 01 Phase 1,W005898,Browse,WA-1-L,116.18081,-19.540276,Woodside Energy Ltd,DEV,Completed,,20151123,20161111,20260417
PSA 01 Phase 2,W005898,Browse,WA-1-L,116.18081,-19.540276,Woodside Energy Ltd,DEV,Completed,,20151123,20161111,20260417
Wandoo A5,W005903,Northern Carnarvon,WA-14-L,116.422929,-20.137389,Vermilion Oil & Gas Australia Pty Ltd,DEV,,,20151020,20151113,20260417
Wandoo A5 ST2,W005903,Northern Carnarvon,WA-14-L,116.422929,-20.137389,Vermilion Oil & Gas Australia Pty Ltd,DEV,,,20151028,20151104,20260417
Isosceles 1,W005928,Northern Carnarvon,WA-392-P,114.468704,-20.506393,Chevron Australia Pty Ltd,NFW,,,20141222,20150216,20260417
Dufresne 1B,W005933,Browse,WA-408-P,122.983549,-13.410052,Total E&P Australia,NFW,Abandoned,,20130630,20131203,20260417
KDA 02 Phase 1,W005964,Northern Carnarvon,WA-5-L,115.785716,-19.757819,Woodside Energy Ltd,DEV,,,20161104,20161230,20260417
KDA 02 Phase 2,W005964,Northern Carnarvon,WA-5-L,115.785716,-19.757819,Woodside Energy Ltd,DEV,,,20161104,20171127,20260417
Phoenix South 2,W005965,Roebuck,WA-435-P,118.72292,-18.722394,Quadrant Northwest Pty Ltd,DEV,,,20161030,,20260417
Brooke 1,W002466,Northern Carnarvon,EP 41,114.070005,-22.440184,Rough Range Oil Pty Ltd,NFW,P&A,,20010601,20010630,20260417
GWA 19,W002470,Northern Carnarvon,WA-5-L,115.909866,-19.675991,Woodside Energy Ltd,DEV,G&C,Goodwyn,20010616,20010807,20260417
Yodel 4,W002477,Northern Carnarvon,WA-28-P,115.736509,-19.745329,Woodside Offshore Petroleum Pty Ltd,DEV,SUSP GC,Echo Yodel,20010730,20010921,20260417
Backpacker 1,W002481,Bonaparte,WA-273-P,126.236381,-11.772825,Newfield Australia (Cartier) Pty Ltd,NFW,P&A,,20010816,20010829,20260417
Arradale 1,W002505,Perth,EP 368,115.313133,-29.107641,AWE Petroleum Pty Ltd,NFW,P&A,,20011028,20011110,20260417
Carbine 1,W002506,Browse,WA-283-P,122.177723,-15.186882,Santos Offshore Pty Ltd,NFW,P&A,,20011106,20011120,20260417
Woodada 17,W002513,Perth,L 5,115.14668,-29.862071,Hardman Resources NL,EXT,P&A,Woodada,20011227,20020116,20260417
Woodada 18,W002516,Perth,L 5,115.14668,-29.86207,Hardman Resources NL,EXT,P&A,Woodada,20020106,20020116,20260417
Enfield 4,W002518,Northern Carnarvon,WA-271-P,113.994152,-21.476495,Woodside Energy Ltd,EXT,P&A OS,Enfield,20020114,20020209,20260417
Little Sandy 1,W002526,Northern Carnarvon,TL/6,115.571741,-20.739498,Apache Northwest Pty Ltd,NFW,Shut in,Little Sandy,20020227,20020331,20260417
Bloodwood 1,W002537,Northern Carnarvon,WA-202-P,116.676868,-20.024892,Mobil (Legendre) Pty Ltd,NFW,P&A,,20020425,20020430,20260417
Hovea 2,W002540,Perth,L 1,115.04618,-29.312312,Arc Energy NL,EXT,P&A G,Hovea,20020623,20020725,20260417
Selene 1,W002555,Northern Carnarvon,TL/5,115.712218,-20.483371,Apache Northwest Pty Ltd,NFW,P&A GS,,20021017,20021029,20260417
Jansz 2,W002556,Northern Carnarvon,WA-18-R,114.381954,-19.718598,Mobil Exploration & Producing Australia Pty Ltd,EXT,P&A GS,Jansz,20021102,20021127,20260417
Taunton 2,W002565,Northern Carnarvon,TL/2,115.100079,-21.326759,Apache Airlie Pty Limited,EXT,P&A OGS,,20021206,20021218,20260417
Taunton 2 L1,W002565,Northern Carnarvon,TL/2,115.100079,-21.326759,Apache Airlie Pty Limited,EXT,P&A OGS,,20021210,20021218,20260417
Dawn 1,W002566,Northern Carnarvon,TL/1,115.723002,-20.520989,Apache Northwest Pty Ltd,NFW,P&A GS,,20021220,20030107,20260417
Maginnis 1,W002574,Browse,WA-302-P,121.732309,-13.705627,BHP Billiton Petroleum (North West Shelf) Pty Ltd,NFW,P&A,,20030124,20030404,20260417
Maginnis 1A,W002574,Browse,WA-302-P,121.732309,-13.705627,BHP Billiton Petroleum (North West Shelf) Pty Ltd,NFW,P&A,,20030128,,20260417
Maginnis 1A ST1,W002574,Browse,WA-302-P,121.732309,-13.705627,BHP Billiton Petroleum (North West Shelf) Pty Ltd,NFW,P&A,,20030306,,20260417
Maginnis 1A ST2,W002574,Browse,WA-302-P,121.732309,-13.705627,BHP Billiton Petroleum (North West Shelf) Pty Ltd,NFW,P&A,,20030310,20030404,20260417
Weasel 1,W002587,Bonaparte,WA-279-P,128.479095,-14.222603,Woodside Energy Ltd,NFW,P&A,,20030309,20030320,20260417
BMR Cornish 1,W003071,Canning,,126.568065,-20.165542,Geoscience Australia,STR,P&A STR,,,,20260417
BMR Crossland 1,W003074,Canning,,125.893065,-19.21582,Geoscience Australia,STR,P&A STR,,19710731,,20260417
Lake Macleod 1,W003076,Southern Carnarvon,EP 461,113.538726,-24.590551,Rough Range Oil Pty Ltd,NFW,P&A,,20081002,20081114,20260417
Reindeer 3,W003079,Northern Carnarvon,WA-209-P,116.309702,-20.024148,Apache Northwest Pty Ltd,DEV,G,Reindeer,20081003,20081113,20260417
BMR Lucas 13,W003081,Canning,,127.606953,-20.399708,Geoscience Australia,STR,P&A STR,,19730630,,20260417
BMR Mount Bannerman 2,W003084,Canning,,126.173065,-19.065542,Geoscience Australia,STR,P&A STR,,,,20260417
BMR Mount Bannerman 4,W003086,Canning,,127.051677,-19.51193,Geoscience Australia,STR,P&A STR,,,,20260417
Wandoo B14H,W003089,Northern Carnarvon,WA-14-L,116.435799,-20.126681,Vermilion Oil & Gas Australia Pty Ltd,DEV,O,Wandoo,20081022,20081209,20260417
Nereus 1,W003097,Northern Carnarvon,WA-28-P,116.272566,-19.490204,Woodside Energy Ltd,NFW,P&A,,20081125,20081210,20260417
BMR Lucas 4,W003106,Birrindudu,,128.809626,-20.374942,Geoscience Australia,STR,P&A STR,,19720825,19720825,20260417
BMR Lucas 7,W003109,Birrindudu,,128.787407,-20.608276,Geoscience Australia,STR,P&A STR,,19720915,19720915,20260417
BMR Lucas 11,W003113,Birrindudu,,128.376293,-20.304117,Geoscience Australia,STR,P&A STR,,19720906,19720906,20260417
Warro 3,W003123,Perth,EP 407,115.736692,-30.177976,Latent Petroleum Pty Ltd,EXT,Shut in,Warro,20090130,20090320,20260417
Kentish Knock 1,W003133,Northern Carnarvon,WA-365-P,112.79606,-19.669651,Chevron Australia (WA-365-P) Pty Ltd,NFW,P&A GS,,20090306,20090411,20260417
Jansz 4,W003145,Northern Carnarvon,WA-18-R,114.514185,-19.852465,Mobil Exploration & Producing Australia Pty Ltd,EXT,SUSP G,Jansz,20090408,20090628,20260417
Hovea 13,W003151,Perth,L 1,115.04265,-29.318042,AWE (Australia) Energy Ltd,WIW,Shut in,Hovea,20090320,20090612,20260417
Hovea 13 ST1,W003151,Perth,L 1,115.04265,-29.318042,AWE (Australia) Energy Ltd,WIW,Shut in,Hovea,20090531,20090612,20260417
Intermezzo 1,W003154,Browse,WA-371-P,123.440546,-13.557171,Shell Development (Australia) Proprietary Limited,NFW,P&A GS,,20090524,20090605,20260417
Burnside 1,W003157,Browse,WA-281-P,122.894003,-14.213142,Santos Offshore Pty Ltd,NFW,P&A GS,,20090616,20090814,20260417
Burnside 1 ST1,W003157,Browse,WA-281-P,122.894003,-14.213142,Santos Offshore Pty Ltd,NFW,P&A GS,,20090705,20090814,20260417
Jingemia 12,W003166,Perth,L 14,114.988575,-29.339684,Origin Energy Developments Pty Limited,DEV,Shut in,Jingemia,20090718,20090809,20260417
Gingin West 1,W003190,Perth,EP 389,115.826667,-31.180629,Empire Oil & Gas NL,NFW,Shut in,Gingin West,20091118,20091224,20260417
Larsen 1,W003198,Northern Carnarvon,WA-404-P,114.253879,-19.403395,Woodside Energy Ltd,NFW,P&A GS,,20091226,20100318,20260417
Crosby 3H Songa Mercur,W003130,Northern Carnarvon,WA-42-L,114.09515,-21.545282,BHP Billiton Petroleum (Australia) Pty Ltd,DEV,SUSP,Crosby,20090220,,20260417
Crosby 3H1 L1,W003130,Northern Carnarvon,WA-42-L,114.09515,-21.545282,BHP Billiton Petroleum (Australia) Pty Ltd,DEV,Abandoned,Crosby,20151129,20160103,20260417
Crosby 3H1 L2,W003130,Northern Carnarvon,WA-42-L,114.09515,-21.545282,BHP Billiton Petroleum (Australia) Pty Ltd,DEV,Abandoned,Crosby,20151210,20160103,20260417
Crosby 3H1 L2 ST1,W003130,Northern Carnarvon,WA-42-L,114.09515,-21.545282,BHP Billiton Petroleum (Australia) Pty Ltd,DEV,Completed,Crosby,20151220,20160103,20260417
Crosby 3H,W003130,Northern Carnarvon,WA-42-L,114.09515,-21.545282,BHP Billiton Petroleum (Australia) Pty Ltd,DEV,O,Crosby,20090220,20100608,20260417
Ravensworth 9WI,W003149,Northern Carnarvon,WA-12-R,114.095327,-21.50264,BHP Billiton Petroleum (Australia) Pty Ltd,WIW,Service,Ravensworth,20090414,20100608,20260417
Balnaves 1,W003152,Northern Carnarvon,WA-356-P,115.174306,-20.06931,Apache Northwest Pty Ltd,NFW,P&A GS,,20090428,20090528,20260417
Kontiki 1,W003168,Browse,WA-314-P,122.146348,-13.412214,ConocoPhillips (Browse Basin) Pty Ltd,NFW,P&A GS,,20090722,20091008,20260417
Coniston 2H ST1,W003171,Northern Carnarvon,WA-35-L,114.053739,-21.343824,Apache Northwest Pty Ltd,EXT,P&A O,Coniston,20090820,20090905,20260417
Coniston 2,W003171,Northern Carnarvon,WA-35-L,114.053739,-21.343824,Apache Northwest Pty Ltd,EXT,P&A O,Coniston,20090808,20090905,20260417
Coniston 2H,W003171,Northern Carnarvon,WA-35-L,114.053739,-21.343824,Apache Northwest Pty Ltd,EXT,P&A,Coniston,20090817,,20260417
Coniston 2 CH1,W003171,Northern Carnarvon,WA-35-L,114.053739,-21.343824,Apache Northwest Pty Ltd,EXT,P&A,Coniston,20090814,,20260417
Bravo 1,W003175,Northern Carnarvon,WA-390-P,113.599847,-20.064355,Hess Exploration Australia Pty Limited,NFW,P&A GS,,20090828,20091018,20260417
Coniston 7,W003194,Northern Carnarvon,WA-35-L,114.05555,-21.332608,Apache Permits Pty Ltd,EXT,P&A OS,Coniston,20091212,20091219,20260417
VNA-5H L1 ST1,W003197,Northern Carnarvon,WA-28-L,114.046954,-21.439431,Woodside Energy Ltd,DEV,SUSP O,Vincent,20100327,20100430,20260417
VNA-5H ST1,W003197,Northern Carnarvon,WA-28-L,114.046954,-21.439431,Woodside Energy Ltd,DEV,SUSP O,Vincent,20100303,20100321,20260417
VNA-5H L1,W003197,Northern Carnarvon,WA-28-L,114.046954,-21.439431,Woodside Energy Ltd,DEV,P&A,Vincent,20100321,20100327,20260417
VNA-5H,W003197,Northern Carnarvon,WA-28-L,114.046954,-21.439431,Woodside Energy Ltd,DEV,O,Vincent,20091223,20100302,20260417
Macedon 8A,W003255,Northern Carnarvon,WA-42-L,114.196397,-21.571506,BHP Billiton Petroleum (Australia) Pty Ltd,DEV,SUSP G,Macedon,20101022,20101214,20260417
Macedon 8,W003255,Northern Carnarvon,WA-42-L,114.196397,-21.571506,BHP Billiton Petroleum (Australia) Pty Ltd,DEV,P&A,Macedon,20101017,,20260417
CIM 02 WI,W006013,Northern Carnarvon,,113.966756,-21.440275,Woodside Energy Ltd,DEV,Completed,,20180225,20181210,20260417
Wye Knot 1,W006100,Perth,EP 437,114.98868,-29.1147,Key Petroleum (Australia) Pty Ltd,,,,,,20260417
GDA 04,W006111,Northern Carnarvon,WA-5-L,115.887358,-19.709888,Woodside Energy Ltd,DEV,,,,,20260417
GDA 05,W006112,Northern Carnarvon,WA-5-L,115.852991,-19.721088,Woodside Energy Ltd,DEV,,,,,20260417
Montara H6,W006140,Bonaparte,AC/L7,124.53952,-12.67233,Jadestone Energy (Australia) PTY LTD,DEV,Completed,,20210628,20210918,20260417
Montara H6 ST1,W006140,Bonaparte,AC/L7,124.53952,-12.67233,Jadestone Energy (Australia) PTY LTD,DEV,Completed,,20210819,20210918,20260417
Waitsia 10,W006150,Perth,L 1,115.064753,-29.258493,Mitsui E&P Australia Pty Limited,DEV,P&S,Waitsia,20221005,20221030,20260417
TRW 10,W006162,Northern Carnarvon,L 9,114.859455,-21.776653,AGI Tubridgi Pty Limited,DEV,Shut in,Tubridgi,20230930,20231026,20260417
Tarantula Deep 1,W006163,Perth,L 11,115.141914,-29.424805,Beach Energy Limited,NPW,SUSP G,Tarantula,20230916,20231021,20260417
Waitsia 12,W006188,Perth,L 1,115.102005,-29.351151,Mitsui E&P Australia Pty Limited,DEV,Suspended,Waitsia,20240913,20241012,20260417
Gorgon Plant CO2 Water Injection Well D-WI3,W006189,Northern Carnarvon,PL 93,115.417494,-20.728203,Chevron Australia Pty Ltd,WIW,Suspended,Gorgon,20240918,20250117,20260417
Lockyer 6,W006202,Perth,EP 426,115.340583,-29.249761,Energy Resources Limited,EXT,Suspended,,20250120,20250312,20260417
Becos 1,W006207,Perth,EP 437,114.993006,-29.130105,Triangle Energy (Onshore) Pty Ltd,,P&A,,20250412,20250421,20260417
Cliff Head 5,W002735,Perth,WA-286-P,114.878103,-29.469751,Roc Oil (WA) Pty Limited,EXT,P&A,Cliff Head,20050218,20050226,20260417
Pluto 1,W002742,Northern Carnarvon,WA-350-P,115.137838,-19.886159,Woodside Energy Ltd,NFW,P&A G,Pluto,20050317,20050421,20260417
ENA 03 L1,W002752,Northern Carnarvon,WA-28-L,113.989007,-21.481734,Woodside Energy Ltd,DEV,SUSP O,Enfield,20060813,20070922,20260417
ENA 03,W002752,Northern Carnarvon,WA-28-L,113.989007,-21.481734,Woodside Energy Ltd,DEV,O,Enfield,20050418,20060510,20260417
Hakia 2,W002767,Perth,L 2,115.09148,-29.240526,Arc Energy Limited,NFW,P&A GS,,20050623,20050712,20260417
John Brookes 5,W002768,Northern Carnarvon,WA-29-L,115.120165,-20.44733,Apache Northwest Pty Ltd,DEV,G,John Brookes,20050625,20050820,20260417
Adina 3,W002770,Perth,DR 7,115.152567,-33.757505,Red Mountain Energy Pty Ltd,CBM,P&A,,20050610,20051026,20260417
Jingemia 9,W002780,Perth,L 2,114.97743,-29.322406,Arc Energy Limited,EXT,Shut in,Jingemia,20050813,20050830,20260417
Nero 1,W002796,Northern Carnarvon,EP 441,115.028624,-21.272952,Apache Northwest Pty Ltd,NFW,P&A,,20051004,20051019,20260417
Woollybutt 5,W002807,Northern Carnarvon,WA-25-L,114.861738,-21.000004,ENI Australia Limited,EXT,SUSP OG,Woollybutt,20051125,20060116,20260417
Woollybutt 5A,W002807,Northern Carnarvon,WA-25-L,114.861738,-21.000004,ENI Australia Limited,EXT,SUSP OG,Woollybutt,20051206,20060116,20260417
Bunjong 1,W002808,Perth,L 2,114.936983,-29.232159,Arc Energy Limited,NFW,P&A,,20051204,20051219,20260417
Pleiades 1,W002821,Northern Carnarvon,WA-1-P,116.894708,-19.477462,Woodside Energy Ltd,NFW,P&A,,20060213,20060317,20260417
Gorgon CO2 Data 1,W002823,Northern Carnarvon,L 1H,115.445916,-20.754047,Chevron Australia Pty Ltd,STR,SUSP,,20060222,20060720,20260417
Gorgon CO2 Data 1 ST1,W002823,Northern Carnarvon,L 1H,115.445916,-20.754047,Chevron Australia Pty Ltd,STR,SUSP,,20060320,20060715,20260417
BMR Noonkanbah  1,W002832,Canning,,125.971109,-18.570587,Geoscience Australia,STR,P&A,,19721231,19721231,20260417
Brecknock 3,W002848,Browse,WA-32-R,121.643567,-14.394394,Woodside Energy Ltd,EXT,P&A GS,Brecknock,20060609,20060728,20260417
Pemberton 1,W002850,Northern Carnarvon,WA-28-P,115.667954,-19.834131,Woodside Energy Ltd,NFW,P&A GS,Pemberton,20060615,20060703,20260417
Chandon 1,W002851,Northern Carnarvon,WA-268-P,114.128157,-19.575606,Chevron (TAPL) Pty Ltd,NFW,P&A GS,Chandon,20060621,20060711,20260417
Scrubby 1,W002853,Canning,L 8,124.241537,-17.509903,Terratek Drilling Tools Pty Limited,NFW,P&A,,20060622,20060703,20260417
Lambert 7,W002856,Northern Carnarvon,WA-16-L,116.488527,-19.449437,Woodside Energy Ltd,DEV,O,Lambert,20060705,20060831,20260417
Stybarrow 6,W002870,Northern Carnarvon,WA-255-P,113.846277,-21.469118,BHP Billiton Petroleum (Australia) Pty Ltd,WIW,Service,Stybarrow,20060915,20071122,20260417
Hovea 12,W002871,Perth,L 1,115.042319,-29.317952,Arc Energy Limited,EXT,SUSP,Hovea,20060919,20061014,20260417
Taj 1,W002819,Northern Carnarvon,WA-20-L,116.739026,-19.707305,Woodside Energy Ltd,NFW,P&A,,20060202,20060212,20260417
Io 2,W002844,Northern Carnarvon,WA-26-R,114.428502,-19.918334,Chevron Australia Pty Ltd,EXT,SUSP GS,Io South,20060515,20060617,20260417
Stag 29H,W002867,Northern Carnarvon,WA-15-L,116.246121,-20.29007,Apache Northwest Pty Ltd,WIW,Service,Stag,20060913,20061008,20260417
Stybarrow 5,W002868,Northern Carnarvon,WA-255-P,113.846046,-21.468687,BHP Billiton Petroleum (Australia) Pty Ltd,WIW,Service,Stybarrow,20060914,20071122,20260417
Stybarrow 8,W002887,Northern Carnarvon,WA-255-P,113.828838,-21.495654,BHP Billiton Petroleum (Australia) Pty Ltd,DEV,P&A,Stybarrow,20061113,20071122,20260417
Stybarrow 8H,W002887,Northern Carnarvon,WA-255-P,113.828838,-21.495654,BHP Billiton Petroleum (Australia) Pty Ltd,DEV,O,Stybarrow,20061203,20071122,20260417
Parrot Hill 2,W002916,Northern Carnarvon,EP 435,114.049099,-22.48853,Rough Range Oil Pty Ltd,NFW,P&A,,20070409,20070422,20260417
Tocatta 1,W002948,Browse,WA-371-P,123.282192,-13.787975,Shell Development (Australia) Proprietary Limited,NFW,P&A GS,,20070609,20070804,20260417
Hurricane 2,W002951,Northern Carnarvon,WA-208-P,116.635318,-19.66027,Woodside Energy Ltd,EXT,P&A OS,Hurricane,20070624,20070724,20260417
Beg 1,W002954,Northern Carnarvon,WA-357-P,114.208391,-21.206998,Apache Northwest Pty Ltd,NFW,P&A GS,,20070703,20070806,20260417
VNA-3H,W002969,Northern Carnarvon,WA-28-L,114.046721,-21.439484,Woodside Energy Ltd,DEV,O,Vincent,20070818,20090328,20260417
VNA-3H ST2,W002969,Northern Carnarvon,WA-28-L,114.046721,-21.439484,Woodside Energy Ltd,DEV,O,Vincent,20080410,,20260417
VNA-3H ST1 L1,W002969,Northern Carnarvon,WA-28-L,114.046721,-21.439484,Woodside Energy Ltd,DEV,O,Vincent,20080427,20090328,20260417
VNA-3H ST1,W002969,Northern Carnarvon,WA-28-L,114.046721,-21.439484,Woodside Energy Ltd,DEV,P&A,Vincent,20080409,,20260417
Mutineer 13,W002978,Northern Carnarvon,WA-26-L,116.637591,-19.259231,Santos Limited,DEV,SUSP,Mutineer,20070917,20071107,20260417
Glenridding 1,W002982,Northern Carnarvon,WA-255-P,113.825057,-21.474751,BHP Billiton Petroleum (Australia) Pty Ltd,NFW,P&A,,20070317,20071122,20260417
Barrow H78A,W002991,Northern Carnarvon,L 1H,115.339024,-20.849492,Chevron Australia Pty Ltd,DEV,Shut in,Barrow Island,20071110,20080212,20260417
PEN 09,W003028,Northern Carnarvon,WA-1-L,116.138034,-19.585319,Woodside Energy Ltd,DEV,G&C,Perseus,20080325,20080625,20260417
PEN 09 ST2,W003028,Northern Carnarvon,WA-1-L,116.138034,-19.585319,Woodside Energy Ltd,DEV,G&C,Perseus,20080416,20080625,20260417
PEN 09 ST1,W003028,Northern Carnarvon,WA-1-L,116.138034,-19.585319,Woodside Energy Ltd,DEV,P&A,Perseus,20080404,,20260417
Iago 3,W003040,Northern Carnarvon,WA-17-R,115.343313,-19.901976,Chevron Australia Pty Ltd,EXT,P&A OGS,Iago,20080524,20080701,20260417
Glencoe 1,W003041,Northern Carnarvon,WA-390-P,113.806163,-20.092521,Hess Exploration Australia Pty Limited,NFW,P&A GS,,20080522,20080701,20260417
PLA 06 Phase 1,W003199,Northern Carnarvon,WA-34-L,115.132112,-19.91373,Woodside Burrup Pty Ltd,DEV,SUSP,Pluto,20080918,20151029,20260417
PLA 06 Phase 2,W003199,Northern Carnarvon,WA-34-L,115.132112,-19.91373,Woodside Burrup Pty Ltd,DEV,Completed,Pluto,20080918,20151029,20260417
Julimar SW 2,W003207,Northern Carnarvon,WA-356-P,115.038633,-20.154429,Apache Julimar Pty Ltd,EXT,P&A GS,,20100213,20100225,20260417
Woodada Deep 1,W003217,Perth,L 5,115.144086,-29.83382,AWE (Australia) Energy Ltd,NFW,SUSP G,,20100331,20100419,20260417
Bath 1,W003227,Northern Carnarvon,TL/2,115.129504,-21.32104,Apache Oil Australia Pty Ltd,NFW,P&A,,20100523,20100609,20260417
Mondarra 6,W003247,Perth,L 1,115.119003,-29.312126,APA Group,DEV,GAS-INJECTION,Mondarra,20100913,20101016,20260417
Macedon 7,W003261,Northern Carnarvon,WA-42-L,114.223511,-21.564098,BHP Billiton Petroleum (Australia) Pty Ltd,DEV,SUSP G,Macedon,20101121,20101214,20260417
Nangu 1,W003264,Canning,EP 471,122.06412,-19.175042,Buru Energy Limited,NFW,P&A,,20101128,20101207,20260417
Laverda North 1 (Top Hole),W003268,Northern Carnarvon,WA-36-R,113.863018,-21.512409,Woodside Energy Ltd,EXT,A,Laverda,20101209,20101211,20260417
Laverda North 1,W003268,Northern Carnarvon,WA-36-R,113.863018,-21.512409,Woodside Energy Ltd,EXT,P&A OGS,Laverda,20101209,20110423,20260417
Martin 1,W003269,Northern Carnarvon,WA-404-P,114.376135,-19.425799,Woodside Energy Ltd,NFW,SUSP GS,,20101214,20110403,20260417
Dibblers 1,W003274,Perth,EP 437,114.906412,-29.109942,CalEnergy Resources (Australia) Ltd,NFW,P&A,,20110121,20110208,20260417
Redhill South 1,W003278,Perth,TP/15,114.926078,-29.296534,Norwest Energy NL,NFW,P&A,,20110228,20110322,20260417
VN-B 5H L1,W003279,Northern Carnarvon,WA-28-L,114.033403,-21.433687,Woodside Energy Ltd,DEV,P&A,Vincent,20110610,20110803,20260417
VN-B 5H L1 ST1,W003279,Northern Carnarvon,WA-28-L,114.033403,-21.433687,Woodside Energy Ltd,DEV,P&A,Vincent,20110611,20110803,20260417
VN-B 5H L1 ST2,W003279,Northern Carnarvon,WA-28-L,114.033403,-21.433687,Woodside Energy Ltd,DEV,P&A,Vincent,20110613,20110803,20260417
VN-B 5H L2,W003279,Northern Carnarvon,WA-28-L,114.033403,-21.433687,Woodside Energy Ltd,DEV,P&A,Vincent,20110628,20110803,20260417
VN-B 5H L2 ST1,W003279,Northern Carnarvon,WA-28-L,114.033403,-21.433687,Woodside Energy Ltd,DEV,SUSP O,Vincent,20110629,20110803,20260417
VN-B 5H L1 ST3,W003279,Northern Carnarvon,WA-28-L,114.033403,-21.433687,Woodside Energy Ltd,DEV,SUSP O,Vincent,20110616,20110803,20260417
VNB-5H,W003279,Northern Carnarvon,WA-28-L,114.033403,-21.433687,Woodside Energy Ltd,DEV,SUSP O,Vincent,20110302,20110803,20260417
VNB-6H,W003280,Northern Carnarvon,WA-28-L,114.032698,-21.433914,Woodside Energy Ltd,DEV,SUSP O,Vincent,20110228,20110803,20260417
VNB-6H L1 ST1,W003280,Northern Carnarvon,WA-28-L,114.032698,-21.433914,Woodside Energy Ltd,DEV,SUSP O,Vincent,20110416,20110803,20260417
Banjo 1,W002594,Northern Carnarvon,EP 397,115.598635,-21.059906,Tap (Shelfal) Pty Ltd,NFW,P&A,,20030331,20030409,20260417
Nickol 1,W002603,Northern Carnarvon,WA-1-P,116.455529,-19.896648,Woodside Energy Ltd,NFW,P&A OS,,20030607,20030617,20260417
East Spar 6,W002613,Northern Carnarvon,WA-13-L,114.989993,-20.730362,Apache Oil Australia Pty Ltd,EXT,G,East Spar,20030729,20030919,20260417
East Spar 6 ST1,W002613,Northern Carnarvon,WA-13-L,114.989993,-20.730362,Apache Oil Australia Pty Ltd,EXT,SUSP G,East Spar,20030903,20030919,20260417
Jingemia 3,W002627,Perth,EP 413,114.989725,-29.339259,Origin Energy Developments Pty Limited,EXT,Shut in,Jingemia,20030917,20030929,20260417
Twickenham 1,W002630,Northern Carnarvon,TL/9,115.504946,-20.75591,Apache Northwest Pty Ltd,NFW,P&A,Double Island,20031003,20031012,20260417
Thomas Bright 2,W002650,Northern Carnarvon,WA-214-P,115.069904,-20.454058,Apache Northwest Pty Ltd,EXT,P&A GS,,20031212,20031226,20260417
Monet 1,W002667,Northern Carnarvon,TL/1,115.605291,-20.64727,Apache Northwest Pty Ltd,NFW,P&A OS,Monet,20040413,20040418,20260417
Exeter 6,W002681,Northern Carnarvon,WA-191-P,116.561433,-19.310062,Santos Limited,EXT,P&A OS,Exeter,20040531,20040608,20260417
Stybarrow 4,W002682,Northern Carnarvon,WA-255-P,113.850128,-21.464889,BHP Billiton Petroleum (Australia) Pty Ltd,EXT,P&A OS,,20040604,20040626,20260417
Mutineer 5,W002686,Northern Carnarvon,WA-26-L,116.637598,-19.258931,Santos Limited,DEV,O,Mutineer,20040615,20040921,20260417
Knott 1,W002690,Northern Carnarvon,WA-255-P,113.911563,-21.480023,BHP Billiton Petroleum (Australia) Pty Ltd,NFW,P&A,,20040628,20040710,20260417
Stickle 3,W002700,Northern Carnarvon,WA-12-R,114.141266,-21.504979,BHP Billiton Petroleum (Australia) Pty Ltd,EXT,P&A OS,Stickle,20040812,20040818,20260417
Bambra 6,W002701,Northern Carnarvon,TL/1,115.6376,-20.575209,Apache Northwest Pty Ltd,DEV,P&A,Bambra,20040817,20041018,20260417
Bambra 6 BHC1,W002701,Northern Carnarvon,TL/1,115.6376,-20.575209,Apache Northwest Pty Ltd,DEV,P&A,Bambra,20040829,20041018,20260417
Bambra 6 BHC2,W002701,Northern Carnarvon,TL/1,115.6376,-20.575209,Apache Northwest Pty Ltd,DEV,P&A,Bambra,20040902,20041018,20260417
Bambra 6 BHC3,W002701,Northern Carnarvon,TL/1,115.6376,-20.575209,Apache Northwest Pty Ltd,DEV,P&A,Bambra,20040907,20041018,20260417
Bambra 6 BHC4,W002701,Northern Carnarvon,TL/1,115.6376,-20.575209,Apache Northwest Pty Ltd,DEV,P&A,Bambra,20040909,20041018,20260417
Bambra 6 BHC5,W002701,Northern Carnarvon,TL/1,115.6376,-20.575209,Apache Northwest Pty Ltd,DEV,P&A,Bambra,20040912,20041018,20260417
Bambra 6 BHC6,W002701,Northern Carnarvon,TL/1,115.6376,-20.575209,Apache Northwest Pty Ltd,DEV,P&A,Bambra,20040923,20041018,20260417
Bambra 6 BHC7,W002701,Northern Carnarvon,TL/1,115.6376,-20.575209,Apache Northwest Pty Ltd,DEV,P&A,Bambra,20040926,20041018,20260417
Macedon 8,W003255,Northern Carnarvon,WA-42-L,114.196397,-21.571506,BHP Billiton Petroleum (Australia) Pty Ltd,DEV,P&A,Macedon,20101017,,20260417
Cimatti 2,W003262,Northern Carnarvon,WA-28-L,113.970967,-21.44543,Woodside Energy Ltd,NFW,P&A OS,,20101118,20101130,20260417
Opel 1 Top Hole,W003267,Northern Carnarvon,WA-36-R,113.842378,-21.514082,Woodside Energy Ltd,NFW,P&A OGS,,20101206,20110704,20260417
Opel 1 Deepening,W003267,Northern Carnarvon,WA-36-R,113.842378,-21.514082,Woodside Energy Ltd,NFW,P&A OGS,,20111020,20111107,20260417
Red Gully 1,W003272,Perth,EP 389,115.826334,-31.180478,Empire Oil & Gas NL,NFW,Shut in,Red Gully,20110106,20110302,20260417
Chandon 3,W003277,Northern Carnarvon,WA-268-P,114.156277,-19.597929,Chevron (TAPL) Pty Ltd,EXT,P&A GS,Chandon,20110302,20110401,20260417
Omar 1,W003283,Browse,WA-397-P,121.292274,-15.065811,Woodside Energy Ltd,NFW,P&A GS,,20110319,20110529,20260417
Balnaves Deep 1,W003284,Northern Carnarvon,WA-356-P,115.176174,-20.082824,Apache Julimar Pty Ltd,NFW,P&A OGS,Brunello,20110318,20110427,20260417
Ungani 1 ST1,W003307,Canning,EP 391,123.16412,-17.99043,Buru Energy Limited,NFW,Shut in,Ungani,20110926,20111018,20260417
Ungani 1,W003307,Canning,EP 391,123.16412,-17.99043,Buru Energy Limited,NFW,P&A,Ungani,20110813,20111018,20260417
Noblige 2,W003308,Northern Carnarvon,WA-404-P,114.343446,-19.409765,Woodside Energy Ltd,EXT,P&A GS,,20110817,20111004,20260417
Cadwallon 1,W003314,Northern Carnarvon,WA-434-P,111.614626,-19.915207,Woodside Energy Ltd,NFW,P&A GS,,20111008,20111121,20260417
Satyr 3,W003513,Northern Carnarvon,WA-374-P,114.398114,-20.311038,Chevron Australia Pty Ltd,NFW,Abandoned,,20111202,20120108,20260417
VNB H7,W003533,Northern Carnarvon,WA-28-L,114.033268,-21.433433,Woodside Energy Ltd,DEV,Abandoned,,20110312,20120326,20260417
VNB H7 L1,W003533,Northern Carnarvon,WA-28-L,114.033268,-21.433433,Woodside Energy Ltd,DEV,Completed,,20120120,20120326,20260417
VNB H7 L2,W003533,Northern Carnarvon,WA-28-L,114.033268,-21.433433,Woodside Energy Ltd,DEV,Completed,,20120217,20120326,20260417
Bambra 10H,W003793,Northern Carnarvon,TL/1,115.614154,-20.602192,Apache Northwest Pty Ltd,DEV,P&A,Bambra,20120330,20120612,20260417
Bambra 10H ST1,W003793,Northern Carnarvon,TL/1,115.614154,-20.602192,Apache Northwest Pty Ltd,DEV,P&A,Bambra,20120428,20120612,20260417
Bambra 10H ST2,W003793,Northern Carnarvon,TL/1,115.614154,-20.602192,Apache Northwest Pty Ltd,DEV,P&A,Bambra,20120506,20120612,20260417
Bambra 10H ST3,W003793,Northern Carnarvon,TL/1,115.614154,-20.602192,Apache Northwest Pty Ltd,DEV,P&A,Bambra,20120519,20120612,20260417
Vucko 1,W003874,Northern Carnarvon,WA-433-P,113.128739,-21.17792,Woodside Energy Ltd,NFW,Abandoned,,20120415,20120526,20260417
Beam 1,W003875,Northern Carnarvon,WA-13-L,115.03145,-20.686858,Apache Oil Australia Pty Ltd,NFW,Abandoned,,20120222,20120321,20260417
VNB-6H L2 ST2,W003280,Northern Carnarvon,WA-28-L,114.032698,-21.433914,Woodside Energy Ltd,DEV,SUSP O,Vincent,20110502,20110803,20260417
VNB-6H L3,W003280,Northern Carnarvon,WA-28-L,114.032698,-21.433914,Woodside Energy Ltd,DEV,SUSP O,Vincent,20110512,20110803,20260417
VNB-6H L1,W003280,Northern Carnarvon,WA-28-L,114.032698,-21.433914,Woodside Energy Ltd,DEV,P&A,Vincent,20110414,20110803,20260417
VNB-6H L2,W003280,Northern Carnarvon,WA-28-L,114.032698,-21.433914,Woodside Energy Ltd,DEV,P&A,Vincent,20110426,20110803,20260417
VNB-6H L2 ST1,W003280,Northern Carnarvon,WA-28-L,114.032698,-21.433914,Woodside Energy Ltd,DEV,P&A,Vincent,20110429,20110803,20260417
Chrysaor 2,W003285,Northern Carnarvon,WA-15-R,114.886666,-20.140898,Chevron Australia Pty Ltd,EXT,P&A GS,Chrysaor/Dionysus,20110403,20110516,20260417
Finucane South 1,W003292,Northern Carnarvon,WA-191-P,116.758374,-19.304769,Santos Limited,NFW,SUSP OS,,20110503,20110530,20260417
Finucane South 1A,W003292,Northern Carnarvon,WA-191-P,116.758374,-19.304769,Santos Limited,NFW,SUSP OS,,20110508,20110530,20260417
GOR 3C Phase 1,W003301,Northern Carnarvon,WA-37-L,114.824004,-20.519941,Chevron Australia Pty Ltd,DEV,SUSP G,Gorgon,20110715,20110905,20260417
GOR 3C Phase 2,W003301,Northern Carnarvon,WA-37-L,114.824004,-20.519941,Chevron Australia Pty Ltd,DEV,Completed,Gorgon,20110715,20140104,20260417
Pictor East 1,W003306,Canning,EP 431,123.725926,-18.770625,Buru Energy Limited,NFW,P&A OS,,20110809,20110902,20260417
Ungani 2,W003353,Canning,EP 391,123.164037,-17.99057,Buru Energy Limited,EXT,Shut in,Ungani,20111102,20120104,20260417
Opel 2,W003374,Northern Carnarvon,WA-36-R,113.842378,-21.514082,Woodside Energy Ltd,EXT,P&A OGS,,20111026,20111107,20260417
Tidepole East 1,W003393,Northern Carnarvon,WA-5-L,115.895644,-19.768424,Woodside Energy Ltd,NFW,A,,20111118,20111219,20260417
Banambu Deep 1,W004015,Northern Carnarvon,WA-389-P,115.985704,-19.1469,Woodside Burrup Pty Ltd,NFW,Abandoned,,20120529,20120712,20260417
GDA 02,W004077,Northern Carnarvon,WA-5-L,115.875905,-19.706683,Woodside Energy Ltd,DEV,Completed,,20120808,20121003,20260417
TPA 01 Phase 1,W004096,Northern Carnarvon,WA-5-L,115.890358,-19.76239,Woodside Energy Ltd,DEV,Completed,,20121014,20121119,20260417
TPA 01 Phase 2,W004096,Northern Carnarvon,WA-5-L,115.890358,-19.76239,Woodside Energy Ltd,DEV,Completed,,20160704,20161014,20260417
Cyrene 1,W004234,Canning,EP 438,122.401426,-18.276236,Gulliver Productions Pty Ltd,NFW,P&A OS,,20121213,20130224,20260417
Bassett West 1,W004314,Browse,WA-408-P,123.303493,-13.41544,Total E&P Australia,NFW,Abandoned,,20121217,20130623,20260417
Bassett West 1 T1,W004314,Browse,WA-408-P,123.303493,-13.41544,Total E&P Australia,NFW,Abandoned,,20130417,20130623,20260417
Eupheme 1,W004334,Browse,WA-423-P,121.937253,-15.251278,Murphy Australia Oil Pty Ltd,NFW,Abandoned,,20121222,20130123,20260417
NOL01L2,W006018,Northern Carnarvon,WA-28-L,113.950373,-21.444765,Woodside Energy Ltd,DEV,,,,,20260417
Dorado 3,W006028,Roebuck,WA-437-P,118.726155,-19.030384,Santos WA Northwest Pty Ltd,,P&A,,20190728,20191017,20260417
PLA 07,W006034,Northern Carnarvon,WA-34-L,115.131939,-19.91321,Woodside Burrup Pty Ltd,DEV,,Pluto,,,20260417
PLA 07 ST1,W006034,Northern Carnarvon,WA-34-L,115.131939,-19.91321,Woodside Burrup Pty Ltd,DEV,,Pluto,,,20260417
NOL 03,W006039,Northern Carnarvon,,113.851593,-21.513483,Woodside Energy Ltd,DEV,Completed,,20180319,20190613,20260417
NOL 03 L1,W006039,Northern Carnarvon,,113.851593,-21.513483,Woodside Energy Ltd,DEV,Completed,,20190418,20190613,20260417
NOL 03 L2,W006039,Northern Carnarvon,,113.851593,-21.513483,Woodside Energy Ltd,DEV,Completed,,20190514,20190613,20260417
West Erregulla 3,W006070,Perth,EP 469,115.308542,-29.377984,Strike Energy Limited,NFW,Completed,West Erregulla,20200922,20210111,20260417
West Erregulla 3 ST1,W006070,Perth,EP 469,115.308542,-29.377984,Strike Energy Limited,NFW,Completed,West Erregulla,20201017,20210111,20260417
West Erregulla 3 ST2,W006070,Perth,EP 469,115.308542,-29.377984,Strike Energy Limited,NFW,Completed,West Erregulla,20201026,20210111,20260417
West Erregulla 3 ST2 Re-Entry,W006070,Perth,EP 469,115.308542,-29.377984,Strike Energy Limited,NFW,Completed,West Erregulla,20220530,20220718,20260417
Lockyer Deep 1,W006091,Perth,EP 368,115.268558,-29.19341,Energy Resources Limited,NFW,Suspended,,20210718,20211101,20260417
Rafael 1,W006096,Canning,EP 428,123.624541,-18.073209,Buru Energy,NFW,Suspended,,20210822,20211202,20260417
Jingemia 14,W006101,Perth,L 14,114.988594,-29.338959,RCMA Australia Pty Ltd,,Not drilled,,,,20260417
Walyering 5,W006102,Perth,EP 447,115.478792,-30.73007,Strike South West Pty Ltd,NPW,Suspended,Walyering,20211114,20211209,20260417
Waitsia 5,W006105,Perth,L 1,115.103216,-29.282409,Mitsui E&P Australia Pty Limited,DEV,Suspended,Waitsia,20220324,20220424,20260417
GDA 03,W006110,Northern Carnarvon,WA-5-L,115.866372,-19.718006,Woodside Energy Ltd,DEV,,,,,20260417
BDC 1D 04,W006151,Browse,WA-50-L,123.273014,-13.900465,INPEX Ichthys Pty Ltd,DEV,Completed,,20210928,20220621,20260417
Gynatrix 1,W006152,Perth,L 1,115.085005,-29.338279,Mitsui E&P Australia Pty Limited,NFW,Suspended,,20221213,20230111,20260417
GSWA Balla 1,W006175,Perth,,115.102511,-28.066098,Geological Survey of Western Australia (GSWA),STR,P&A STR,,19981020,19981024,20260417
Torosa 3,W002874,Browse,WA-30-R,121.967184,-13.916086,Woodside Energy Ltd,EXT,P&A GS,Torosa,20061010,20061124,20260417
Agamemnon 1,W002876,Northern Carnarvon,TL/6,115.515243,-20.679618,Apache Northwest Pty Ltd,NFW,P&A,,20061013,20061017,20260417
South Gibson 1,W002885,Northern Carnarvon,TL/6,115.564407,-20.699337,Apache Northwest Pty Ltd,NFW,P&A,,20061114,20061119,20260417
Blacktip North 1,W002890,Bonaparte,WA-279-P,128.45687,-13.871814,ENI Australia Limited,NFW,P&A,,20061122,20061222,20260417
PER 04,W002894,Northern Carnarvon,WA-1-L,116.098243,-19.524015,Woodside Energy Ltd,DEV,G&C,Perseus,20061122,20071204,20260417
Dongara 36,W002899,Perth,L 2,115.011786,-29.233147,Arc Energy Limited,DEV,P&A,Dongara,20061214,20070103,20260417
Dongara 36 L2,W002899,Perth,L 2,115.011786,-29.233147,Arc Energy Limited,DEV,P&A,Dongara,20061228,20070103,20260417
Bambra East 2,W002903,Northern Carnarvon,TL/1,115.631427,-20.544166,Apache Northwest Pty Ltd,EXT,P&A OGS,Bambra,20061227,20070106,20260417
Jingemia 11,W002914,Perth,L 14,114.988597,-29.338954,Origin Energy Developments Pty Limited,DEV,P&A O,Jingemia,20070228,20070322,20260417
Calliance 2,W002915,Browse,WA-28-R,121.578937,-14.573948,Woodside Energy Ltd,EXT,SUSP GS,Calliance,20070224,20070405,20260417
Beharra Springs 4,W002920,Perth,L 11,115.150581,-29.444692,Origin Energy Developments Pty Limited,EXT,P&S,Beharra Springs,20070328,20070428,20260417
Beharra Springs 4 Deepening,W002920,Perth,L 11,115.150581,-29.444692,Origin Energy Developments Pty Limited,EXT,P&S,Beharra Springs,20070929,20071006,20260417
Frankland 1,W002923,Perth,WA-286-P,114.738664,-29.249548,Roc Oil (WA) Pty Limited,NFW,P&A OGS,,20070406,20070509,20260417
Perseverance 1,W002934,Perth,WA-325-P,114.265761,-28.715376,Roc Oil (WA) Pty Limited,NFW,P&A GS,,20070511,20070530,20260417
Drakea 1,W002935,Perth,L 1,115.061241,-29.404909,Arc Energy Limited,NFW,P&A OGS,,20070510,20070621,20260417
Julimar East 1,W002949,Northern Carnarvon,WA-356-P,115.085552,-20.106426,Apache Northwest Pty Ltd,NFW,SUSP G,,20070611,20070714,20260417
Torosa 4,W002972,Browse,WA-30-R,122.016073,-13.931439,Woodside Energy Ltd,EXT,P&A G,Torosa,20070622,20071205,20260417
Torosa 4 Chikyu,W002972,Browse,WA-30-R,122.016073,-13.931439,Woodside Energy Ltd,EXT,P&A G,Torosa,20070622,20070705,20260417
Marina 1,W002979,Bonaparte,WA-318-P,127.97174,-13.79678,Drillsearch Energy Limited,NFW,P&A GS,,20070918,20071006,20260417
Maitland 3H,W002981,Northern Carnarvon,WA-33-R,115.163118,-20.54293,Apache Energy,EXT,P&A G,Maitland,20070922,20071023,20260417
Fortissimo 1,W002987,Browse,WA-371-P,123.410318,-13.784069,Shell Development (Australia) Proprietary Limited,NFW,P&A G,,20071023,20080307,20260417
Zulimar 1,W002988,Northern Carnarvon,WA-356-P,115.023781,-20.116405,Apache Northwest Pty Ltd,NFW,P&A,,20071020,20080322,20260417
Zulimar 1 Stena Clyde,W002988,Northern Carnarvon,WA-356-P,115.023781,-20.116405,Apache Northwest Pty Ltd,NFW,P&A,,20071020,20071224,20260417
Balnaves Deep 3,W004014,Northern Carnarvon,WA-49-L,115.201702,-20.030555,Apache Julimar Pty Ltd,DEV,Abandoned,Balnaves,20120824,20120912,20260417
GDA 01,W004076,Northern Carnarvon,WA-5-L,115.875565,-19.706744,Woodside Energy Ltd,DEV,Completed,,20120804,20121001,20260417
Boreas 1,W004134,Browse,WA-315-P,122.298005,-13.656895,ConocoPhillips (Browse Basin) Pty Ltd,NFW,Abandoned,,20120405,20121108,20260417
Taunton 5H,W004414,Northern Carnarvon,TL/2,115.107478,-21.325117,Apache Energy Limited,EXT,P&A OGS,,20130519,20130629,20260417
Taunton 5,W004414,Northern Carnarvon,TL/2,115.107478,-21.325117,Apache Energy Limited,EXT,P&A,,20130415,20130629,20260417
Taunton 5 ST1,W004414,Northern Carnarvon,TL/2,115.107478,-21.325117,Apache Energy Limited,EXT,P&A,,20130430,20130629,20260417
Taunton 5 ST2,W004414,Northern Carnarvon,TL/2,115.107478,-21.325117,Apache Energy Limited,EXT,P&A,,20130505,20130629,20260417
Con 12H,W004594,Northern Carnarvon,WA-35-L,114.073389,-21.349414,Apache Energy Ltd.,DEV,Completed,,20130220,20140430,20260417
Con 12H L1,W004594,Northern Carnarvon,WA-35-L,114.073389,-21.349414,Apache Energy Ltd.,DEV,Completed,,20140406,20140430,20260417
Paradise 1 Deepening,W005074,Canning,EP 428,124.576538,-17.999875,Buru Energy Limited,NFW,P&A,,20120520,20120624,20260417
JZI 2F,W005138,Northern Carnarvon,WA-39-L,114.644743,-19.791883,Mobil Australia Resources Company Pty Ltd,DEV,Completed,Jansz,20120919,20130824,20260417
Montara H2 Phase 2,W005778,Bonaparte,,124.53952,-12.672361,PTTEP Australasia (Ashmore Cartier) Pty Ltd,DEV,Completed,,20120525,20120612,20260417
Lympstone 1,W005786,Northern Carnarvon,WA-365-P,112.886748,-20.090993,Chevron Australia Pty Ltd,NFW,Abandoned,,20140124,20140216,20260417
Schooner 1,W005789,Browse,WA-425-P,123.108903,-14.209341,Hunt Oil Australia Permit 425 Holding Company Pty Ltd,NFW,Abandoned,,20140313,20140514,20260417
Bru A6,W005791,Northern Carnarvon,WA-49-L,115.202203,-20.030125,Quadrant Energy Pty Ltd,DEV,Completed,,20140316,20160214,20260417
Bru A6 Phase 2,W005791,Northern Carnarvon,WA-49-L,115.202203,-20.030125,Quadrant Energy Pty Ltd,DEV,Completed,,20151116,20160214,20260417
Steel Dragon 1,W005831,Roebuck,WA-464-P,118.239794,-16.775894,Woodside Energy Ltd,NFW,,,20141103,20141128,20260417
Gorgon Plant CO2 Pressure Management Well E-WP4,W005850,Northern Carnarvon,PL 93,115.407852,-20.76822,Chevron Australia Pty Ltd,Service,Suspended,Gorgon,20150331,20150426,20260417
BDC 1C 06,W005851,Browse,WA-50-L,123.317657,-13.879776,INPEX Ichthys Pty Ltd,DEV,,,20150219,20160514,20260417
BDC 3 06 ST1,W005851,Browse,WA-50-L,123.317657,-13.879776,INPEX Ichthys Pty Ltd,DEV,,,,,20260417
BDC 4 01 Phase 2,W005853,Browse,WA-50-L,123.164688,-13.904628,INPEX Ichthys Pty Ltd,DEV,Completed,,20150216,20170614,20260417
BDC 4 01 ST1,W005853,Browse,WA-50-L,123.164688,-13.904628,INPEX Ichthys Pty Ltd,DEV,Completed,,20170508,20170614,20260417
TGS 7A,W005976,Northern Carnarvon,L 9,114.850649,-21.762403,DDG Tubridgi Pty Limited,STORAGE,Suspended,Tubridgi,20170511,20170522,20260417
Xanadu 1,W005982,Perth,TP/15,114.978365,-29.558075,Norwest Energy NL,NFW,P&A,,20170904,20170928,20260417
Ferrand 1,W005996,Northern Carnarvon,WA-404-P,114.500013,-19.26118,Woodside Energy Ltd,,P&A,,20180417,20180616,20260417
Phoenix South 3,W006001,Roebuck,WA-435-P,118.726232,-18.718394,Quadrant Northwest Pty Ltd,,,,,,20260417
Ungani 4 ST1,W006006,Canning,L 20,123.161484,-17.994186,Buru Energy Limited,DEV,Shut in,Ungani,20180906,20181203,20260417
Ungani West 1,W006008,Canning,L 20,123.150549,-17.995341,Buru Energy Limited,DEV,Shut in,Ungani,20181016,20181117,20260417
CIM 01,W006010,Northern Carnarvon,,113.96561,-21.439807,Woodside Energy Ltd,DEV,Completed,,20180224,20181117,20260417
BDC 1A 06,W006020,Browse,WA-50-L,123.272772,-13.861435,INPEX Ichthys Pty Ltd,DEV,Completed,,20190426,20190916,20260417
Dorado 2,W006021,Roebuck,WA-437-P,118.751168,-19.022061,Santos WA Northwest Pty Ltd,,P&A,,20190501,20190614,20260417
Ungani 6H,W006026,Canning,L 20,123.164101,-17.988998,Buru Energy Limited,DEV,Suspended,Ungani,20190504,20190709,20260417
Ungani 6H ST1,W006026,Canning,L 20,123.164101,-17.988998,Buru Energy Limited,DEV,Suspended,Ungani,20190701,20190709,20260417
DOA 01 Phase 1,W006057,Northern Carnarvon,WA-6-L,115.815335,-19.716695,Woodside Energy Ltd,,,,,,20260417
Ungani 8H,W006103,Canning,L 20,123.161431,-17.984578,Buru Energy,DEV,Suspended,Ungani,20211218,20220216,20260417
Ungani 8H ST1,W006103,Canning,L 20,123.161431,-17.984578,Buru Energy,DEV,Suspended,Ungani,20220125,20220216,20260417
South Erregulla 1,W006104,Perth,EP 503,115.318238,-29.474936,Strike North West Pty Ltd,NFW,Suspended,,20220115,20220314,20260417
Walyering 6,W006107,Perth,EP 447,115.474511,-30.713459,Strike Energy Limited,,Shut in,Walyering,20220425,20220519,20260417
Wabdoo B18 ST1,W006125,Northern Carnarvon,WA-14-L,116.435795,-20.126498,Vermilion Oil & Gas Australia Pty Ltd,DEV,Completed,,20220810,20220822,20260417
Wandoo B18,W006125,Northern Carnarvon,WA-14-L,116.435795,-20.126498,Vermilion Oil & Gas Australia Pty Ltd,DEV,Completed,,20220615,20220822,20260417
Elegans 1,W006153,Perth,L 2,115.113814,-29.212101,Mitsui E&P Australia Pty Limited,NFW,P&A,Dongara,20221110,20221204,20260417
Blacktip P3,W006154,Bonaparte,WA-33-L,128.484106,-13.894864,ENI Australia B.V.,DEV,Completed,Blacktip,20221216,20230530,20260417
Trigg 1,W006157,Perth,EP 320,115.310899,-29.598362,Beach Energy Limited,NFW,P&A,,20230401,20230614,20260417
South Erregulla 2,W006161,Perth,EP 503,115.295349,-29.494668,Strike Energy Limited,NFW,Suspended,South Erregulla,20230821,20231014,20260417
Booth 1,W006185,Perth,L 7,115.152143,-29.132385,Triangle Energy (Onshore) Pty Ltd,NFW,P&A,,20240731,20240810,20260417
Rafael Shallow 1,W006190,Canning,EP 428,123.554512,-18.060142,Buru Energy Limited,NPW,P&A,Rafael,20241009,20241025,20260417
Bambra 6 BHC8,W002701,Northern Carnarvon,TL/1,115.6376,-20.575209,Apache Northwest Pty Ltd,DEV,P&A,Bambra,20040927,20041018,20260417
Bambra 6 BHC9,W002701,Northern Carnarvon,TL/1,115.6376,-20.575209,Apache Northwest Pty Ltd,DEV,P&A,Bambra,20041003,20041018,20260417
Xyris South 1,W002707,Perth,L 1,115.090572,-29.307783,Arc Energy Limited,NFW,Shut in,Xyris South,20041010,20041029,20260417
Stag 27H,W002712,Northern Carnarvon,WA-15-L,116.275335,-20.289945,Apache Energy Limited,DEV,P&A O,Stag,20041109,20041115,20260417
Stag 27H,W002712,Northern Carnarvon,WA-15-L,116.275335,-20.289945,Apache Energy Limited,DEV,P&A O,Stag,20041109,20041115,20260417
Hurricane 1,W002729,Northern Carnarvon,WA-208-P,116.646138,-19.670465,Santos Offshore Pty Ltd,NFW,P&A GC,Hurricane,20050107,20050125,20260417
Corowa East 1,W002733,Northern Carnarvon,WA-264-P,114.582935,-21.484806,Santos Offshore Pty Ltd,EXT,P&A,Corowa,20050131,20050211,20260417
Corowa East 1,W002733,Northern Carnarvon,WA-264-P,114.582935,-21.484806,Santos Offshore Pty Ltd,EXT,P&A,Corowa,20050204,20050211,20260417
Maier 1,W002740,Northern Carnarvon,WA-290-P,114.796138,-20.824876,OMV Barrow Pty Ltd,NFW,P&A,,20050307,20050322,20260417
Dongara 34,W002741,Perth,L 2,115.018136,-29.235309,Arc Energy Limited,DEV,Shut in,Dongara,20050314,20050410,20260417
Dongara 34 ST1,W002741,Perth,L 2,115.018136,-29.235309,Arc Energy Limited,DEV,Shut in,Dongara,20050330,20050410,20260417
Lauda 2,W002747,Northern Carnarvon,WA-290-P,114.721313,-20.819937,OMV Barrow Pty Ltd,NFW,P&A,,20050404,20050415,20260417
Dongara 33,W002750,Perth,L 2,115.018092,-29.235223,Arc Energy Limited,DEV,Shut in,Dongara,20050414,20050502,20260417
Dongara 33 ST1,W002750,Perth,L 2,115.018092,-29.235223,Arc Energy Limited,DEV,Shut in,Dongara,20050425,20050502,20260417
Rose 4,W002751,Northern Carnarvon,TL/1,115.708876,-20.555185,Apache Northwest Pty Ltd,DEV,G,Rose,20050414,20050524,20260417
ENA 02,W002757,Northern Carnarvon,WA-28-L,113.989243,-21.481531,Woodside Energy Ltd,DEV,P&A O,Enfield,20050422,20060510,20260417
ENA 02H,W002757,Northern Carnarvon,WA-28-L,113.989243,-21.481531,Woodside Energy Ltd,DEV,P&A O,Enfield,20050726,20060510,20260417
ENA 02 ST1,W002757,Northern Carnarvon,WA-28-L,113.989243,-21.481531,Woodside Energy Ltd,DEV,Completed,Enfield,20080622,20080723,20260417
Adina 1,W002769,Perth,DR 7,115.156511,-33.748344,Red Mountain Energy Pty Ltd,CBM,P&A,,20050602,20051026,20260417
Brecknock 2,W002774,Browse,WA-32-R,121.64227,-14.444636,Woodside Energy Ltd,EXT,P&A G,Brecknock,20050713,20051010,20260417
Pluto 2,W002776,Northern Carnarvon,WA-350-P,115.138466,-19.962195,Woodside Energy Ltd,EXT,P&A GS,Pluto,20050721,20050824,20260417
Pluto 2 CH1,W002776,Northern Carnarvon,WA-350-P,115.138466,-19.962195,Woodside Energy Ltd,EXT,P&A GS,Pluto,20050802,20050824,20260417
Cossack 5,W002784,Northern Carnarvon,WA-9-L,116.490352,-19.567245,Woodside Energy Ltd,EXT,P&A OS,Cossack,20050827,20051009,20260417
Glencoe 1 CH1,W003041,Northern Carnarvon,WA-390-P,113.806163,-20.092521,Hess Exploration Australia Pty Limited,NFW,P&A GS,,20080618,20080701,20260417
VGB 11H,W003046,Northern Carnarvon,WA-155-P,114.076835,-21.386668,Apache Northwest Pty Ltd,DEV,O,Vincent,20080614,20081027,20260417
VGB 11H ST2,W003046,Northern Carnarvon,WA-155-P,114.076835,-21.386668,Apache Northwest Pty Ltd,DEV,O,Vincent,20080726,20081027,20260417
VGB 11H ST1,W003046,Northern Carnarvon,WA-155-P,114.076835,-21.386668,Apache Northwest Pty Ltd,DEV,P&A,Vincent,20080723,,20260417
Mutineer 15H,W003067,Northern Carnarvon,WA-26-L,116.637591,-19.259231,Santos Limited,DEV,O,Mutineer,20080910,20081028,20260417
Lawford 1,W003077,Canning,EP 417,126.630565,-19.993875,New Standard Exploration Pty Ltd,NFW,P&A GS,,20081004,20081027,20260417
PLA 03,W003087,Northern Carnarvon,WA-34-L,115.131896,-19.913404,Woodside Burrup Pty Ltd,DEV,SUSP G,Pluto,20080913,20091225,20260417
PLA 03 ST1 PH,W003087,Northern Carnarvon,WA-34-L,115.131896,-19.913404,Woodside Burrup Pty Ltd,DEV,SUSP G,Pluto,20081230,20091225,20260417
PLA 03 ST1,W003087,Northern Carnarvon,WA-34-L,115.131896,-19.913404,Woodside Burrup Pty Ltd,DEV,SUSP G,Pluto,20081211,20091225,20260417
PLA 05,W003090,Northern Carnarvon,WA-34-L,115.132391,-19.913554,Woodside Burrup Pty Ltd,DEV,SUSP G,Pluto,20081022,20091225,20260417
PLA 01 ST1,W003091,Northern Carnarvon,WA-34-L,115.131824,-19.913673,Woodside Burrup Pty Ltd,DEV,G,Pluto,20101004,20101114,20260417
PLA 01,W003091,Northern Carnarvon,WA-34-L,115.131824,-19.913673,Woodside Burrup Pty Ltd,DEV,P&A,Pluto,20081025,20090130,20260417
PLA 01 Re-Entry,W003091,Northern Carnarvon,WA-34-L,115.131824,-19.913673,Woodside Burrup Pty Ltd,DEV,P&A G,Pluto,20090618,20091225,20260417
Stag East 1,W003096,Northern Carnarvon,WA-202-P,116.40247,-20.269472,Apache Northwest Pty Ltd,NFW,P&A OS,Stag,20081123,20081128,20260417
BMR Lucas 1,W003103,Birrindudu,,128.965182,-20.45133,Geoscience Australia,STR,P&A STR,,19720828,19720828,20260417
BMR Lucas 2,W003104,Birrindudu,,128.915182,-20.427719,Geoscience Australia,STR,P&A STR,,19720828,19720828,20260417
BMR Lucas 5,W003107,Birrindudu,,128.747126,-20.359664,Geoscience Australia,STR,P&A STR,,19720824,19720824,20260417
BMR Lucas 8,W003110,Birrindudu,,128.567961,-20.347166,Geoscience Australia,STR,P&A STR,,19720829,19720829,20260417
Linda North 1,W003119,Northern Carnarvon,TL/1,115.708854,-20.555137,Apache Northwest Pty Ltd,EXT,Suspended,Linda,20090119,20090213,20260417
Crosby 6H,W003129,Northern Carnarvon,WA-12-R,114.101063,-21.529031,BHP Billiton Petroleum (Australia) Pty Ltd,DEV,O,Crosby,20090216,20100608,20260417
Crosby 6H Songa Mercur,W003129,Northern Carnarvon,WA-12-R,114.101063,-21.529031,BHP Billiton Petroleum (Australia) Pty Ltd,DEV,SUSP,Crosby,20090216,,20260417
Ravensworth 6H,W003135,Northern Carnarvon,WA-155-P,114.084563,-21.537934,BHP Billiton Petroleum (Australia) Pty Ltd,DEV,SUSP O,Ravensworth,20090311,20100608,20260417
Waitsia 16,W006191,Perth,L 1,115.099369,-29.275019,Mitsui E&P Australia Pty Limited,DEV,Suspended,Waitsia,20241021,20241109,20260417
Waitsia 17,W006201,Perth,L 1,115.117008,-29.258122,Mitsui E&P Australia Pty Limited,DEV,Suspended,Waitsia,20241120,20241209,20260417
Dandaragan Deep 1,W006206,Perth,EP 507,115.824517,-30.614623,Energy Resources Limited,,P&A,,20250324,20250507,20260417
Warradarge 1,W004394,Perth,DR 11,115.258671,-29.873107,Titan Energy Ltd,NFW,P&A,,20130327,20130427,20260417
Barrow F55A,W004534,Northern Carnarvon,L 1H,115.389903,-20.845844,Chevron Australia Pty Ltd,DEV,O,Barrow Island,20130526,20130629,20260417
Con 10H,W004554,Northern Carnarvon,WA-35-L,114.073293,-21.349494,Apache PVG Pty Ltd,DEV,Abandoned,,20130219,20141102,20260417
Con 10H L1,W004554,Northern Carnarvon,WA-35-L,114.073293,-21.349494,Apache PVG Pty Ltd,DEV,Completed,,20141016,20141102,20260417
Zephyros 1,W005014,Browse,WA-398-P,122.12302,-13.745188,ConocoPhillips (Browse Basin) Pty Ltd,NFW,Abandoned,,20121112,20130322,20260417
JZI 1B,W005114,Northern Carnarvon,WA-36-L,114.570551,-19.826792,Mobil Australia Resources Company Pty Ltd,DEV,Completed,Jansz,20120419,20140922,20260417
JZI 1E,W005117,Northern Carnarvon,WA-36-L,114.570273,-19.82627,Mobil Australia Resources Company Pty Ltd,DEV,Completed,Jansz,20120401,20141213,20260417
JZI 2D,W005136,Northern Carnarvon,WA-39-L,114.644881,-19.791476,Mobil Australia Resources Company Pty Ltd,DEV,Completed,Jansz,20120915,20131204,20260417
Dufresne 1,W005295,Browse,WA-408-P,122.983739,-13.409877,Total E&P Australia,NFW,Abandoned,,20130627,20130629,20260417
Stag 45H,W005534,Northern Carnarvon,WA-15-L,116.275295,-20.289946,Apache Northwest Pty Ltd,DEV,Completed,Stag,20121002,20121015,20260417
Prelude P3,W005636,Browse,WA-44-L,123.326549,-13.816539,Shell Development (Australia) Pty Ltd,DEV,Completed,,20131106,20151230,20260417
Ungani 3,W005654,Canning,EP 391,123.174454,-17.988875,Buru Energy Limited,EXT,WATER-INJECTION,Ungani,20140114,20140312,20260417
Gorgon Plant CO2 Injector B-I6(Z),W005694,Northern Carnarvon,PL 93,115.450916,-20.7543,Chevron Australia Pty Ltd,INJECT_CO2,Shut in,,20140127,20140703,20260417
Gorgon Plant CO2 Injector  B-I3(s),W005714,Northern Carnarvon,PL 93,115.450941,-20.754475,Chevron Australia Pty Ltd,INJECT_CO2,Shut in,,20140215,20140324,20260417
Gorgon Plant CO2 Injector  B-I5(y),W005716,Northern Carnarvon,PL 93,115.450924,-20.754358,Chevron Australia Pty Ltd,INJECT_CO2,Shut in,,20140203,20140602,20260417
Lasseter 1,W005793,Browse,WA-274-P,122.803486,-13.692317,Santos Browse Pty Ltd,NFW,,,20140322,20140908,20260417
Lasseter 1 ST1,W005793,Browse,WA-274-P,122.803486,-13.692317,Santos Browse Pty Ltd,NFW,,,20140604,20140908,20260417
WST 1D,W005795,Northern Carnarvon,WA-46-L,115.268866,-19.905699,Chevron Australia Pty Ltd,DEV,Completed,,20140324,,20260417
Cisticola 1,W005855,Perth,WA-481-P,114.505772,-29.852734,Murphy Australia Oil Pty Ltd,NFW,,,20150222,20150316,20260417
Satyr 5,W005857,Northern Carnarvon,WA-374-P,114.319074,-20.432339,Chevron Australia Pty Ltd,DEV,Completed,,20150218,20150608,20260417
DMP Harvey 4,W005861,Perth,,115.823493,-33.038464,Department of Mines and Petroleum,STR,P&A,,20141213,20150514,20260417
Ragnar 1A,W005932,Northern Carnarvon,WA-430-P,113.609284,-21.335362,Woodside Energy Ltd,NFW,Abandoned,,20111115,20120226,20260417
Zulimar 1 Songa Mercur,W002988,Northern Carnarvon,WA-356-P,115.023781,-20.116405,Apache Northwest Pty Ltd,NFW,P&A,,20080121,20080322,20260417
Barrow B17C,W003008,Northern Carnarvon,L 1H,115.366216,-20.860514,Chevron Australia Pty Ltd,WIW,Shut in,Barrow Island,20080111,20080212,20260417
VNC-W 3,W003017,Northern Carnarvon,WA-28-L,114.042702,-21.458618,Woodside Energy Ltd,WIW,Service,Vincent,20080116,20090328,20260417
Halyard 1,W003025,Northern Carnarvon,WA-13-L,114.919013,-20.605193,Apache Oil Australia Pty Ltd,NFW,G,Halyard,20080228,20080409,20260417
Ichthys West 1,W003032,Browse,WA-285-P,123.115937,-13.863555,Inpex Browse Ltd,NFW,P&A GS,Ichthys West,20080403,20080607,20260417
Freshwater Point 1,W003038,Perth,EP 413,114.999133,-29.559456,Origin Energy Developments Pty Limited,NFW,P&A GS,,20080510,20080529,20260417
VGB 10H,W003045,Northern Carnarvon,WA-155-P,114.076826,-21.387119,Apache Northwest Pty Ltd,DEV,O,Vincent,20080611,20080907,20260417
VGB 10H L1,W003045,Northern Carnarvon,WA-155-P,114.076826,-21.387119,Apache Northwest Pty Ltd,DEV,O,Vincent,20080819,20080907,20260417
Frigate Deep 1,W003058,Bonaparte,WA-18-P,127.920592,-13.17705,Santos Limited,NFW,P&A GS,Frigate,20080728,20080820,20260417
Mutineer 14,W003060,Northern Carnarvon,WA-26-L,116.637591,-19.259231,Santos Limited,DEV,P&A OS,Mutineer,20080813,20080910,20260417
Lanagan 1,W003063,Canning,EP 417,126.426676,-19.583319,New Standard Exploration Pty Ltd,NFW,P&A,,20080829,20080921,20260417
BMR Billiluna 1,W003070,Canning,,127.867787,-19.94193,Geoscience Australia,STR,P&A STR,,19720919,19720921,20260417
Reindeer 4 ST1,W003080,Northern Carnarvon,WA-209-P,116.309725,-20.024148,Apache Northwest Pty Ltd,DEV,G,Reindeer,20081015,20081113,20260417
Reindeer 4,W003080,Northern Carnarvon,WA-209-P,116.309725,-20.024148,Apache Northwest Pty Ltd,DEV,P&A,Reindeer,20081005,20081113,20260417
Blacktip 2,W003122,Bonaparte,WA-33-L,128.453095,-13.898786,ENI Australia Limited,EXT,P&A GS,Blacktip,20090126,20090315,20260417
Lady Nora 3,W003132,Northern Carnarvon,WA-28-P,115.656424,-19.855284,Woodside Energy Ltd,EXT,P&A GS,,20090303,20090329,20260417
Stickle 7WI,W003150,Northern Carnarvon,WA-12-R,114.144896,-21.502565,BHP Billiton Petroleum (Australia) Pty Ltd,WIW,Service,Stickle,20090419,20100608,20260417
Dunlop 1,W003169,Northern Carnarvon,WA-390-P,113.956816,-20.094463,Hess Exploration Australia Pty Limited,NFW,P&A,,20090724,20090809,20260417
Crosby 7WI,W003180,Northern Carnarvon,WA-12-R,114.126768,-21.499329,BHP Billiton Petroleum (Australia) Pty Ltd,WIW,Service,Crosby,20090920,20100608,20260417
Coniston 6,W003181,Northern Carnarvon,WA-255-P,114.042509,-21.330621,Apache Energy Limited,EXT,P&A OGS,,20090924,20091003,20260417
Satyr 1,W003185,Northern Carnarvon,WA-374-P,114.342751,-20.422552,Chevron Australia (WA-374-P) Pty Ltd,NFW,P&A GS,Satyr,20091005,20091120,20260417
Coniston 9,W003196,Northern Carnarvon,WA-35-L,114.046969,-21.341928,Apache Northwest Pty Ltd,EXT,P&A OS,Coniston,20091220,20091228,20260417
BDC 4 01 Phase 1,W005853,Browse,WA-50-L,123.164688,-13.904628,INPEX Ichthys Pty Ltd,DEV,Abandoned,,20150216,20150415,20260417
Munia 1,W005856,Perth,WA-481-P,114.355825,-29.633297,Murphy Australia Oil Pty Ltd,NFW,,,20150318,20150404,20260417
Pyxis 1,W005904,Northern Carnarvon,WA-34-L,115.210087,-19.804394,Woodside Burrup Pty Ltd,NFW,,,20150315,20150412,20260417
BDC 1A 04 Phase 1,W005922,Browse,WA-50-L,123.272942,-13.861439,INPEX Ichthys Pty Ltd,DEV,,,20160312,,20260417
BDC 1A 04 Phase 2,W005922,Browse,WA-50-L,123.272942,-13.861439,INPEX Ichthys Pty Ltd,DEV,Completed,,,20170225,20260417
Ravensworth 10H7,W005929,Northern Carnarvon,WA-42-L,114.08591,-21.530089,BHP Billiton Petroleum (Australia) Pty Ltd,DEV,,,20160106,20160205,20260417
Ravensworth 10 H7 ST1,W005929,Northern Carnarvon,WA-42-L,114.08591,-21.530089,BHP Billiton Petroleum (Australia) Pty Ltd,DEV,,,20160109,20160205,20260417
Ravensworth 10 H7 ST2,W005929,Northern Carnarvon,WA-42-L,114.08591,-21.530089,BHP Billiton Petroleum (Australia) Pty Ltd,DEV,,,20160117,20160205,20260417
Ravensworth 10 H7 ST3,W005929,Northern Carnarvon,WA-42-L,114.08591,-21.530089,BHP Billiton Petroleum (Australia) Pty Ltd,DEV,,,20160119,20160205,20260417
Ravensworth 10 H7 ST4,W005929,Northern Carnarvon,WA-42-L,114.08591,-21.530089,BHP Billiton Petroleum (Australia) Pty Ltd,DEV,,,20160120,20160205,20260417
TPA 03A Phase 1,W005934,Northern Carnarvon,WA-5-L,115.890006,-19.76213,Woodside Energy Ltd,DEV,Completed,,20121007,20121207,20260417
TPA 03A Phase 2,W005934,Northern Carnarvon,WA-5-L,115.890006,-19.76213,Woodside Energy Ltd,DEV,Completed,,20121007,,20260417
TGS 9,W005975,Northern Carnarvon,L 9,114.840816,-21.764737,DDG Tubridgi Pty Limited,STORAGE,GAS-INJECTION,Tubridgi,20170326,20170411,20260417
BDC 5 03,W005988,Browse,WA-50-L,123.21355,-13.824607,INPEX Ichthys Pty Ltd,DEV,Completed,,20170731,20180618,20260417
BDC 5 03 ST1,W005988,Browse,WA-50-L,123.21355,-13.824607,INPEX Ichthys Pty Ltd,DEV,Completed,,20180501,20180618,20260417
LAV 05 WI,W006005,Northern Carnarvon,,113.853372,-21.533353,Woodside Energy Ltd,DEV,Completed,,20180312,20180905,20260417
Miani 1,W006032,Canning,L 8,124.240781,-17.502323,Buru Energy,NFW,P&A,,20191002,20191103,20260417
GOR 1A,W006037,Northern Carnarvon,WA-37-L,114.848888,-20.408087,Chevron Australia Pty Ltd,,,,,,20260417
JZI 3D,W006043,Northern Carnarvon,WA-36-L,114.515101,-19.852876,Chevron Australia Pty Ltd,DEV,Completed,,20191019,20200327,20260417
JZI 3E ST1,W006044,Northern Carnarvon,WA-36-L,114.515278,-19.852679,Chevron Australia Pty Ltd,DEV,Completed,,20200102,20200307,20260417
JZI 3E,W006044,Northern Carnarvon,WA-36-L,114.515278,-19.852679,Chevron Australia Pty Ltd,DEV,P&A,,20191022,20200307,20260417
JULA 04,W006054,Northern Carnarvon,WA-49-L,115.041113,-20.148172,Woodside Energy Julimar Pty Ltd,,,,,,20260417
Eagle 1,W006088,Northern Carnarvon,TP/25,114.584265,-21.551616,SapuraOMV Upstream (Western Australia) Pty Ltd,NFW,P&A,,20210513,20210614,20260417
Senecio 1,W002786,Perth,L 2,115.091478,-29.240526,Arc Energy Limited,NFW,P&A G,,20050905,20050928,20260417
Kew 1,W002792,Northern Carnarvon,TL/9,115.578246,-20.763929,Apache Northwest Pty Ltd,NFW,P&A GS,,20050923,20051002,20260417
Robert Addams 1,W002801,Northern Carnarvon,WA-29-L,115.09977,-20.405532,Apache Northwest Pty Ltd,EXT,P&A GS,John Brookes,20051016,20051116,20260417
Robert Addams 1 CH1,W002801,Northern Carnarvon,WA-29-L,115.09977,-20.405532,Apache Northwest Pty Ltd,EXT,P&A GS,John Brookes,20051108,20051116,20260417
Kunzia 1,W002802,Perth,L 2,114.974308,-29.288156,Arc Energy Limited,NFW,P&A,,20051018,20051106,20260417
Kunzia 1 BC1,W002802,Perth,L 2,114.974308,-29.288156,Arc Energy Limited,NFW,P&A,,20051028,20051106,20260417
Senecio 2,W002806,Perth,L 2,115.091478,-29.240526,Arc Energy Limited,EXT,P&A,,20051121,20051124,20260417
END 02,W002827,Northern Carnarvon,WA-28-L,113.964126,-21.50106,Woodside Energy Ltd,DEV,SUSP,Enfield,20060306,20060510,20260417
BMR Noonkanbah  5,W002834,Canning,,125.999841,-18.655477,Geoscience Australia,STR,P&A,,19721231,19721231,20260417
Dixon 2,W002838,Northern Carnarvon,WA-9-R,115.79681,-19.843745,Woodside Energy Ltd,EXT,P&A OGS,Dixon/W.Dixon,20060425,20060614,20260417
Carey 1,W002839,Northern Carnarvon,WA-356-P,115.299363,-20.042501,Apache Northwest Pty Ltd,NFW,P&A,,20060427,20060520,20260417
PEN 04,W002841,Northern Carnarvon,WA-1-L,116.137951,-19.583967,Woodside Energy Ltd,DEV,G&C,Perseus,20060504,20060909,20260417
PEN 04 ST1,W002841,Northern Carnarvon,WA-1-L,116.137951,-19.583967,Woodside Energy Ltd,DEV,G&C,Perseus,20060630,20060909,20260417
Amulet 1 CH1,W002846,Northern Carnarvon,WA-8-L,116.981316,-19.491708,Tap (Shelfal) Pty Ltd,NFW,P&A,,20060606,,20260417
Amulet 1,W002846,Northern Carnarvon,WA-8-L,116.981316,-19.491708,Tap (Shelfal) Pty Ltd,NFW,P&A OS,,20060524,20060621,20260417
Exeter 8H L1,W002855,Northern Carnarvon,WA-27-L,116.561432,-19.310062,Santos Limited,DEV,Suspended,Exeter,20060814,20061001,20260417
Exeter 8 ST1,W002855,Northern Carnarvon,WA-27-L,116.561432,-19.310062,Santos Limited,DEV,P&A,Exeter,20060719,,20260417
Exeter 8H,W002855,Northern Carnarvon,WA-27-L,116.561432,-19.310062,Santos Limited,DEV,P&A,Exeter,20060805,,20260417
Exeter 8,W002855,Northern Carnarvon,WA-27-L,116.561432,-19.310062,Santos Limited,DEV,P&A O,Exeter,20060705,20061001,20260417
Clio 1,W002857,Northern Carnarvon,WA-205-P,114.739371,-20.267834,Chevron Australia Pty Ltd,NFW,P&A GS,Clio,20060716,20060902,20260417
PER 03,W002875,Northern Carnarvon,WA-1-L,116.042582,-19.591451,Woodside Energy Ltd,DEV,SUSP GC,Perseus,20061010,20071204,20260417
PER 03 ST1,W002875,Northern Carnarvon,WA-1-L,116.042582,-19.591451,Woodside Energy Ltd,DEV,SUSP GC,Perseus,20070528,20071204,20260417
West Cycad 1,W002880,Northern Carnarvon,TL/9,115.566138,-20.793875,Apache Northwest Pty Ltd,NFW,P&A OS,West Cycad,20061027,20061105,20260417
Ravensworth 8H,W003140,Northern Carnarvon,WA-12-R,114.085291,-21.529498,BHP Billiton Petroleum (Australia) Pty Ltd,DEV,O,Ravensworth,20090328,20100608,20260417
Guardian 1,W003141,Northern Carnarvon,WA-365-P,112.79606,-19.669651,Chevron Australia (WA-365-P) Pty Ltd,NFW,P&A GS,,20090328,20090411,20260417
Macedon 6,W003156,Northern Carnarvon,WA-12-R,114.172107,-21.567326,BHP Billiton Petroleum (Australia) Pty Ltd,DEV,Service,Macedon,20090609,20100608,20260417
Crescendo 1,W003163,Browse,WA-371-P,123.513909,-13.504478,Shell Development (Australia) Proprietary Limited,NFW,P&A,,20090708,20090809,20260417
Novara 2,W003164,Northern Carnarvon,WA-35-L,114.083601,-21.346541,Apache Northwest Pty Ltd,EXT,P&A OS,Novara,20090709,20090807,20260417
Novara 3,W003167,Northern Carnarvon,WA-35-L,114.083602,-21.346543,Apache Northwest Pty Ltd,EXT,P&A OS,Novara,20090717,20090807,20260417
Novara 3H,W003167,Northern Carnarvon,WA-35-L,114.083602,-21.346543,Apache Northwest Pty Ltd,EXT,P&A OS,Novara,20090723,20090807,20260417
Novara 3 ST1,W003167,Northern Carnarvon,WA-35-L,114.083602,-21.346543,Apache Northwest Pty Ltd,EXT,P&A,Novara,20090720,,20260417
Achilles 1,W003170,Northern Carnarvon,WA-374-P,114.537151,-20.21521,Chevron Australia Pty Ltd,NFW,P&A GS,Achilles,20090724,20091004,20260417
Coniston 4,W003179,Northern Carnarvon,WA-35-L,114.082858,-21.334489,Apache Northwest Pty Ltd,EXT,P&A OS,,20090916,20090923,20260417
Coniston 4 ST1,W003179,Northern Carnarvon,WA-35-L,114.082858,-21.334489,Apache Northwest Pty Ltd,EXT,P&A OS,,20090917,20090923,20260417
Fu Niu 1,W003182,Bonaparte,WA-406-P,126.058583,-10.714907,CNOOC Australia E&P Pty Ltd,NFW,P&A,,20091003,20091020,20260417
Wanaea 11,W003188,Northern Carnarvon,WA-11-L,116.435798,-19.592259,Woodside Energy Ltd,DEV,P&A,Wanaea,20091022,,20260417
Wanaea 11,W003188,Northern Carnarvon,WA-11-L,116.435798,-19.592259,Woodside Energy Ltd,DEV,O,Wanaea,20091022,20091216,20260417
Wanaea 11A,W003188,Northern Carnarvon,WA-11-L,116.435798,-19.592259,Woodside Energy Ltd,DEV,O,Wanaea,20091024,20091216,20260417
Coniston 5,W003193,Northern Carnarvon,WA-35-L,114.067754,-21.338154,Apache Energy Limited,EXT,P&A OS,Coniston,20091201,20091212,20260417
Coniston 5 CH1,W003193,Northern Carnarvon,WA-35-L,114.067754,-21.338154,Apache Energy Limited,EXT,P&A OS,Coniston,20091208,20091212,20260417
VNA-6H L2 ST1,W003200,Northern Carnarvon,WA-28-L,114.046477,-21.439768,Woodside Energy Ltd,DEV,SUSP O,Vincent,20100129,20100214,20260417
VNA-6H L1,W003200,Northern Carnarvon,WA-28-L,114.046477,-21.439768,Woodside Energy Ltd,DEV,SUSP O,Vincent,20100119,20100214,20260417
VNA-6H L2,W003200,Northern Carnarvon,WA-28-L,114.046477,-21.439768,Woodside Energy Ltd,DEV,P&A,Vincent,20100129,20100214,20260417
VNA-6H,W003200,Northern Carnarvon,WA-28-L,114.046477,-21.439768,Woodside Energy Ltd,DEV,O,Vincent,20091228,20100214,20260417
Braveheart 1,W003201,Browse,WA-333-P,124.096016,-13.861928,Hawkestone Oil Pty Ltd,NFW,P&A,,20091229,20100118,20260417
Julimar SW 1,W003205,Northern Carnarvon,WA-356-P,115.038633,-20.154429,Apache Julimar Pty Ltd,NFW,P&A GS,,20100120,20100225,20260417
Orthrus 2,W003245,Northern Carnarvon,WA-24-R,114.067788,-20.106181,Chevron Australia Pty Ltd,EXT,P&A GS,,20101031,20110226,20260417
Orthrus 2 Top Hole,W003245,Northern Carnarvon,WA-24-R,114.067788,-20.106181,Chevron Australia Pty Ltd,EXT,P&A,,20100816,20100824,20260417
Mondarra 8,W003260,Perth,L 1,115.119467,-29.312131,APA Group,DEV,GAS-INJECTION,,20101118,20101224,20260417
Dunnart 1,W003266,Perth,EP 437,114.937949,-29.156473,CalEnergy Resources (Australia) Ltd,NFW,P&A OS,,20101205,20110116,20260417
Stag 36H,W003270,Northern Carnarvon,WA-15-L,116.258735,-20.295504,Apache Northwest Pty Ltd,DEV,SUSP O,Stag,20101216,20110129,20260417
Stag 36H ST2,W003270,Northern Carnarvon,WA-15-L,116.258735,-20.295504,Apache Northwest Pty Ltd,DEV,SUSP O,Stag,20110105,20110129,20260417
Stag 36H ST1,W003270,Northern Carnarvon,WA-15-L,116.258735,-20.295504,Apache Northwest Pty Ltd,DEV,P&A,Stag,20101221,,20260417
Fullswing 1,W003271,Northern Carnarvon,WA-412-P,116.303564,-19.387594,Japan Energy E&P Australia Pty Ltd,NFW,P&A,,20101219,20110207,20260417
Gawain 1,W003276,Northern Carnarvon,WA-362-P,115.006982,-18.172809,ENI Australia Limited,NFW,P&A,,20110212,20110422,20260417
Bravo 2,W003288,Northern Carnarvon,WA-390-P,113.625879,-20.034299,Hess Exploration Australia Pty Limited,EXT,P&A GS,,20110422,20110517,20260417
Emersons 1,W003294,Northern Carnarvon,WA-356-P,115.297227,-20.073674,Apache Julimar Pty Ltd,NFW,P&A GS,,20110522,20110719,20260417
Kelt 1,W003299,Northern Carnarvon,WA-404-P,114.425946,-19.231986,Woodside Energy Ltd,NFW,P&A,,20110701,20110816,20260417
Laverda East 1,W003311,Northern Carnarvon,WA-36-R,113.871782,-21.518965,Woodside Energy Ltd,EXT,P&A OS,Laverda,20110922,20111016,20260417
Lawford 1 Deepening,W003373,Canning,EP 417,126.630926,-19.992708,Buru Energy Limited,EXT,P&A GS,,20110928,20111027,20260417
Genseric 1,W003413,Northern Carnarvon,WA-434-P,111.764735,-19.912247,Woodside Energy Ltd,NFW,P&A,,20111123,20111209,20260417
GSWA Harvey 1,W003619,Perth,,115.7745,-32.991872,Geological Survey of Western Australia (GSWA),STR,P&A STR,,20120207,20120326,20260417
Nicolay 1,W003894,Canning,EP 456,123.258621,-20.569986,New Standard Exploration Pty Ltd,NFW,SUSP,,20120818,20121102,20260417
Satyr 2,W004094,Northern Carnarvon,WA-374-P,114.350859,-20.395469,Chevron Australia Pty Ltd,NFW,Abandoned,,20120714,20121010,20260417
Hoss 1,W004174,Northern Carnarvon,WA-208-P,116.580288,-19.827768,Apache Northwest Pty Ltd,NFW,Abandoned,,20120810,20120824,20260417
Stickle 8H4,W004195,Northern Carnarvon,WA-42-L,114.11031,-21.523287,BHP Billiton Petroleum (Australia) Pty Ltd,DEV,Completed,,20120421,20120609,20260417
Gibb-Maitland 1,W004214,Canning,EP 450,124.640733,-20.995563,New Standard Onshore Pty Ltd,NFW,P&A,,20121205,20130207,20260417
BDC 2 04 Phase 1,W006118,Browse,WA-50-L,123.209793,-13.944339,INPEX Ichthys Pty Ltd,DEV,Completed,,20210913,20210925,20260417
BDC 2 04 Phase 2,W006118,Browse,WA-50-L,123.209793,-13.944339,INPEX Ichthys Pty Ltd,DEV,Completed,,20231007,20231129,20260417
VGB 16H,W006122,Northern Carnarvon,WA-35-L,114.076389,-21.38708,Santos WA PVG PTY LTD,DEV,Completed,,20210718,20210827,20260417
VGB 16H L1,W006122,Northern Carnarvon,WA-35-L,114.076389,-21.38708,Santos WA PVG PTY LTD,DEV,Completed,,20210813,20210827,20260417
BDC 5 02 P,W006149,Browse,WA-50-L,123.213277,-13.824391,INPEX Ichthys Pty Ltd,DEV,Completed,,20220625,20221021,20260417
Trigg Northwest 1,W006159,Perth,EP 320,115.278278,-29.510846,Beach Energy Limited,NFW,Suspended,,20230708,20230905,20260417
Beharra Springs Deep 2,W006168,Perth,L 11,115.150676,-29.476448,Beach Energy Limited,DEV,SUSP G,Beharra Springs,20231220,20240204,20260417
GSWA Balla 2,W006176,Perth,,115.129177,-28.066654,Geological Survey of Western Australia (GSWA),STR,P&A STR,,19981020,19981024,20260417
Barrow B17,W006182,Northern Carnarvon,L 1H,115.366255,-20.86026,WAPET,DEV,P&A,,19690530,19690604,20260417
Arenaria 1,W006205,Perth,L 1,115.154542,-29.399576,Mitsui E&P Australia Pty Limited,,P&A,,20250228,20250404,20260417
Bamberg 1,W006210,Perth,EP 389,115.811398,-31.105189,Energy Resources Limited,NFW,,Gingin,20250520,20250630,20260417
TGS 4,W005957,Northern Carnarvon,L 9,114.849455,-21.764237,DDG Tubridgi Pty Limited,STORAGE,P&A,Tubridgi,20161214,20161225,20260417
Ungani 4,W005983,Canning,L 20,123.161484,-17.994186,Buru Energy Limited,DEV,P&A OG,,20171019,20180120,20260417
LAV 03 WI,W005989,Northern Carnarvon,,113.869136,-21.520841,Woodside Energy Ltd,DEV,Completed,,20180206,20180510,20260417
Swell 1,W005998,Northern Carnarvon,WA-483-P,114.436031,-21.352514,Woodside Energy Ltd,,,,,,20260417
NOL 02,W006038,Northern Carnarvon,,113.853706,-21.516859,Woodside Energy Ltd,DEV,Completed,,20180318,20190726,20260417
NOL 02 ST1,W006038,Northern Carnarvon,,113.853706,-21.516859,Woodside Energy Ltd,DEV,Completed,,20190622,20190726,20260417
NOL 02 L1,W006038,Northern Carnarvon,,113.853706,-21.516859,Woodside Energy Ltd,DEV,Completed,,20190629,20190726,20260417
NOL 02 L2,W006038,Northern Carnarvon,,113.853706,-21.516859,Woodside Energy Ltd,DEV,Completed,,20190708,20190726,20260417
JZI 3F,W006045,Northern Carnarvon,WA-36-L,114.513914,-19.852499,Chevron Australia Pty Ltd,DEV,Completed,,20191024,20200414,20260417
Beharra Springs Deep 1,W006050,Perth,L 11,115.144308,-29.461137,Beach Petroleum Limited,NFW,G,Beharra Springs,20191002,20191110,20260417
Kanga 1,W006116,Northern Carnarvon,WA-412-P,116.35745,-19.317294,SapuraOMV Upstream (Western Australia) Pty Ltd,NFW,P&A,,20220508,20220603,20260417
VGA 18H,W006121,Northern Carnarvon,WA-35-L,114.067856,-21.397375,Santos WA PVG PTY LTD,DEV,Completed,,20210519,20210707,20260417
VGA 18H L1,W006121,Northern Carnarvon,WA-35-L,114.067856,-21.397375,Santos WA PVG PTY LTD,DEV,Completed,,20210615,20210707,20260417
VGA 18H L1 ST1,W006121,Northern Carnarvon,WA-35-L,114.067856,-21.397375,Santos WA PVG PTY LTD,DEV,Completed,,20210617,20210707,20260417
Wandoo B17,W006124,Northern Carnarvon,WA-14-L,116.435795,-20.126498,Vermilion Oil & Gas Australia Pty Ltd,DEV,Completed,,20220520,20220806,20260417
Wandoo B17 ST1,W006124,Northern Carnarvon,WA-14-L,116.435795,-20.126498,Vermilion Oil & Gas Australia Pty Ltd,DEV,Completed,,20220720,20220806,20260417
Wandoo B17 ST2,W006124,Northern Carnarvon,WA-14-L,116.435795,-20.126498,Vermilion Oil & Gas Australia Pty Ltd,DEV,Completed,,20220726,20220806,20260417
Pavo 1,W006127,Roebuck,WA-438-P,119.179271,-19.013342,Santos WA Northwest Pty Ltd,NFW,P&A,,20220209,20220403,20260417
Lockyer 2,W006155,Perth,EP 368,115.300249,-29.186742,Energy Resources Limited,NFW,P&A,,20230315,20230418,20260417
South Erregulla 3,W006166,Perth,EP 503,115.295409,-29.475635,Strike Energy Limited,EXT,Suspended,South Erregulla,20231021,20231210,20260417
North Erregulla 2,W006171,Perth,EP 368,115.326661,-29.246767,Energy Resources Limited,DEV,Suspended,Waitsia,20240320,20240424,20260417
Walyering 7,W006172,Perth,L 23,115.475122,-30.71257,Strike Energy Limited,DEV,SUSP G,Walyering,20240510,20240616,20260417
Erregulla Deep 1,W006181,Perth,EP 469,115.404913,-29.372183,Strike Energy Limited,NPW,Suspended,,20240627,20240914,20260417
Braveheart 1 ST1,W003201,Browse,WA-333-P,124.096016,-13.861928,Hawkestone Oil Pty Ltd,NFW,P&A,,20100103,20100118,20260417
Geryon 2,W003206,Northern Carnarvon,WA-22-R,114.878799,-19.953442,Chevron Australia Pty Ltd,EXT,P&A G,Geryon,20100205,20100815,20260417
Glenloth 1,W003210,Northern Carnarvon,WA-390-P,113.779526,-20.073293,Hess Exploration Australia Pty Limited,NFW,SUSP G,,20100220,20100508,20260417
Kronos 1,W003211,Browse,WA-398-P,122.191665,-13.698275,ConocoPhillips (Browse Basin) Pty Ltd,NFW,P&A GS,,20100219,20100603,20260417
Camus 1,W003216,Northern Carnarvon,WA-404-P,114.273099,-19.115223,Woodside Energy Ltd,NFW,P&A,,20100327,20101004,20260417
Camus 1 Re-Entry,W003216,Northern Carnarvon,WA-404-P,114.273099,-19.115223,Woodside Energy Ltd,NFW,P&A,,20100922,20101004,20260417
Redback 2,W003220,Perth,L 11,115.161614,-29.457581,Origin Energy Developments Pty Limited,NFW,G,Redback,20100423,20100711,20260417
Dalia South 1,W003221,Northern Carnarvon,WA-348-P,113.684177,-18.960073,Woodside Energy Ltd,NFW,P&A,,20100430,20100609,20260417
Fairwell 1,W003226,Canning,L 8,124.316176,-17.54407,Buru Energy Limited,NFW,P&A,,20100518,20100619,20260417
Larsen Deep 1 Ocean America,W003232,Northern Carnarvon,WA-404-P,114.249846,-19.403531,Woodside Energy Ltd,NFW,P&A GS,,20100702,20100913,20260417
Larsen Deep 1 Maersk Discoverer,W003232,Northern Carnarvon,WA-404-P,114.249846,-19.403531,Woodside Energy Ltd,NFW,SUSP,,20100319,20100326,20260417
Barberry 1,W003235,Northern Carnarvon,TL/2,115.194498,-21.303742,Apache Oil Australia Pty Ltd,NFW,P&A GS,,20100712,20100729,20260417
Stag 35,W003241,Northern Carnarvon,WA-15-L,116.25689,-20.284233,Apache Northwest Pty Ltd,EXT,P&A OS,Stag,20100809,20100817,20260417
Moyet 1,W003246,Northern Carnarvon,WA-404-P,114.210519,-19.249242,Woodside Energy Ltd,NFW,P&A,,20100906,20100909,20260417
Moyet 1,W003246,Northern Carnarvon,WA-404-P,114.210519,-19.249242,Woodside Energy Ltd,NFW,P&A,,20101123,20101203,20260417
Moyet 1 Top hole,W003246,Northern Carnarvon,WA-404-P,114.210519,-19.249242,Woodside Energy Ltd,NFW,SUSP,,20100906,20100909,20260417
Backreef 1,W003254,Canning,L 6,124.562495,-17.609151,Oil Basin Ltd,NFW,P&S,,20101011,20101102,20260417
Stag 37H ST1,W003259,Northern Carnarvon,WA-15-L,116.275285,-20.289962,Apache Northwest Pty Ltd,DEV,P&A,Stag,20101111,20101128,20260417
Stag 37H ST2,W003259,Northern Carnarvon,WA-15-L,116.275285,-20.289962,Apache Northwest Pty Ltd,DEV,P&A,Stag,20101128,,20260417
Stag 37H BHC1,W003259,Northern Carnarvon,WA-15-L,116.275285,-20.289962,Apache Northwest Pty Ltd,DEV,SUSP O,Stag,20101206,20110129,20260417
Stag 37H,W003259,Northern Carnarvon,WA-15-L,116.275285,-20.289962,Apache Northwest Pty Ltd,DEV,SUSP O,Stag,20101031,20101211,20260417
Zagreus 1,W003298,Northern Carnarvon,WA-40-L,114.116332,-20.135323,Chevron Australia Pty Ltd,NFW,P&A,,20110527,20110708,20260417
Stag 38H,W003304,Northern Carnarvon,WA-15-L,116.27306,-20.288884,Apache Northwest Pty Ltd,DEV,O,Stag,20110731,20110918,20260417
Barrow YS88,W006184,Northern Carnarvon,L 1H,115.384777,-20.739157,WAPET,,P&A,,19690923,19690929,20260417
North Erregulla 3,W006187,Perth,EP 368,115.316798,-29.241663,Energy Resources Limited,DEV,Suspended,,20240820,20240930,20260417
North Erregulla 3 ST1,W006187,Perth,EP 368,115.316798,-29.241663,Energy Resources Limited,DEV,DRILLING,,20260122,20260222,20260417
Gingin Brook 1,W006213,Perth,EP 389,115.835817,-31.332913,Energy Resources Limited,NFW,DRILLING,,20250803,20250911,20260417
PER 02 ST1,W002895,Northern Carnarvon,WA-1-L,116.110941,-19.519904,Woodside Energy Ltd,DEV,SUSP G,Perseus,20070706,20071204,20260417
PER 02,W002895,Northern Carnarvon,WA-1-L,116.110941,-19.519904,Woodside Energy Ltd,DEV,G&C,Perseus,20061125,20071204,20260417
West Cycad 2,W002906,Northern Carnarvon,TL/9,115.571724,-20.739509,Apache Northwest Pty Ltd,DEV,Shut in,West Cycad,20070114,20070211,20260417
Stybarrow 10H,W002918,Northern Carnarvon,WA-255-P,113.825029,-21.474751,BHP Billiton Petroleum (Australia) Pty Ltd,DEV,O,Stybarrow,20070921,20071122,20260417
Eskdale 3H,W002924,Northern Carnarvon,WA-255-P,113.818474,-21.380868,BHP Billiton Petroleum (Australia) Pty Ltd,DEV,O,Eskdale,20070405,20071122,20260417
AP 2,W002926,Northern Carnarvon,WA-3-L,116.610393,-19.483243,Woodside Energy Ltd,DEV,G,Angel,20070406,20070523,20260417
Charm 1,W002938,Northern Carnarvon,WA-1-P,116.903649,-19.577255,Apache Energy Limited,NFW,P&A,,20070525,20070606,20260417
VNC-W 2,W002945,Northern Carnarvon,WA-28-L,114.042385,-21.459223,Woodside Energy Ltd,WIW,Service,Vincent,20070607,20090328,20260417
Fletcher 1,W002960,Northern Carnarvon,WA-191-P,116.774974,-19.260947,Santos Limited,NFW,P&A OS,Fletcher,20070724,20070909,20260417
VNA-1H,W002967,Northern Carnarvon,WA-28-L,114.046586,-21.439606,Woodside Energy Ltd,DEV,O,Vincent,20070815,20090328,20260417
VNA-1H L1,W002967,Northern Carnarvon,WA-28-L,114.046586,-21.439606,Woodside Energy Ltd,DEV,O,Vincent,20071201,20090328,20260417
Fletcher 2,W002971,Northern Carnarvon,WA-191-P,116.774974,-19.260947,Santos Limited,EXT,P&A OS,Fletcher,20070819,20070909,20260417
Stokes Bay 1,W002983,Canning,R 1,123.708998,-17.13995,Gulliver Productions Pty Ltd,NFW,Shut in,,20071003,20071105,20260417
Barrow S88,W002989,Northern Carnarvon,L 1H,115.384371,-20.768367,Chevron Australia Pty Ltd,DEV,O,Barrow Island,20071024,20080212,20260417
Norbil 1,W002990,Northern Carnarvon,WA-1-P,116.112596,-20.065915,Woodside Energy Ltd,NFW,P&A,,20071025,20071118,20260417
Barrow F82A,W002997,Northern Carnarvon,L 1H,115.375124,-20.856803,Chevron Australia Pty Ltd,WIW,Shut in,Barrow Island,20071212,20080212,20260417
Barrow B36A,W003001,Northern Carnarvon,L 1H,115.361121,-20.8632,Chevron Australia Pty Ltd,WIW,Shut in,Barrow Island,20071222,20080212,20260417
VNB-2H,W003002,Northern Carnarvon,WA-28-L,114.032876,-21.433817,Woodside Energy Ltd,DEV,O,Vincent,20070628,20090328,20260417
VNB-2H  ST3,W003002,Northern Carnarvon,WA-28-L,114.032876,-21.433817,Woodside Energy Ltd,DEV,O,Vincent,20080708,,20260417
VNB-2H  L1  ST2,W003002,Northern Carnarvon,WA-28-L,114.032876,-21.433817,Woodside Energy Ltd,DEV,O,Vincent,20080716,20090328,20260417
VNB-2H PH,W003002,Northern Carnarvon,WA-28-L,114.032876,-21.433817,Woodside Energy Ltd,DEV,P&A,Vincent,20071227,,20260417
VNB-2H  ST1,W003002,Northern Carnarvon,WA-28-L,114.032876,-21.433817,Woodside Energy Ltd,DEV,P&A,Vincent,20080705,,20260417
Con 14H,W004634,Northern Carnarvon,WA-35-L,114.073184,-21.34897,Apache Energy Ltd.,DEV,Completed,,20130301,20140710,20260417
Con 14H L1,W004634,Northern Carnarvon,WA-35-L,114.073184,-21.34897,Apache Energy Ltd.,DEV,Completed,,20140522,20140710,20260417
Con 14H L2,W004634,Northern Carnarvon,WA-35-L,114.073184,-21.34897,Apache Energy Ltd.,DEV,Completed,,20140602,20140710,20260417
Olympus 1,W004854,Northern Carnarvon,WA-450-P,114.60922,-20.721766,Apache Northwest Pty Ltd,NFW,Abandoned,,20121213,20130411,20260417
Mt Ridley 1,W005054,Albany Fraser Orogen,GEP 38,122.09334,-33.298318,Green Power Energy Ltd,GEOTHERMAL,P&A,,20130613,20130628,20260417
JZI 1C,W005115,Northern Carnarvon,WA-36-L,114.570276,-19.826765,Mobil Australia Resources Company Pty Ltd,DEV,Completed,Jansz,20120423,20131018,20260417
Gorgon Plant Disposal Well Z-WI1,W005174,Northern Carnarvon,L 1H,115.450152,-20.799459,Chevron Australia Pty Ltd,WDW,Suspended,,20130712,20130914,20260417
Dongara Water Disposal Well 1,W005234,Perth,L 1,115.008844,-29.26107,AWE Limited,WDW,Shut in,,19810201,,20260417
,W005414,Northern Carnarvon,WA-5-L,115.875565,-19.706744,Woodside Energy Ltd,DEV,,,,,20260417
Prelude P1 ST1,W005634,Browse,WA-44-L,123.327142,-13.816919,Shell Development (Australia) Pty Ltd,DEV,Completed,,20140224,20150201,20260417
Prelude P1,W005634,Browse,WA-44-L,123.327142,-13.816919,Shell Development (Australia) Pty Ltd,DEV,Abandoned,,20130911,20150201,20260417
Vanuatu 1,W005790,Northern Carnarvon,WA-54-L,116.81296,-19.259445,Santos Limited,NFW,,,20140314,20140402,20260417
Koel 1,W005837,Perth,WA-481-P,114.275514,-29.091548,Murphy Australia WA-481-P Oil Pty Ltd,NFW,,,20150122,20150220,20260417
BDC 4 02 ST1,W005852,Browse,WA-50-L,123.164535,-13.904692,INPEX Ichthys Pty Ltd,DEV,Abandoned,,20151127,,20260417
BDC 4 02 ST2 Phase 2,W005852,Browse,WA-50-L,123.164535,-13.904692,INPEX Ichthys Pty Ltd,DEV,Completed,,20151206,20170402,20260417
BDC 4 02,W005852,Browse,WA-50-L,123.164535,-13.904692,INPEX Ichthys Pty Ltd,DEV,,,20150222,,20260417
BDC 4 02 ST2,W005852,Browse,WA-50-L,123.164535,-13.904692,INPEX Ichthys Pty Ltd,DEV,,,20151206,,20260417
BDC 4 02 ST3,W005852,Browse,WA-50-L,123.164535,-13.904692,INPEX Ichthys Pty Ltd,DEV,,,20160924,,20260417
Gorgon Plant CO2 Water Injection Well D-WI1 ST1,W005865,Northern Carnarvon,PL 93,115.417396,-20.728358,Chevron Australia Pty Ltd,WIW,,Gorgon,20241115,20250219,20260417
Gorgon Plant CO2 Water Injection Well D-WI1,W005865,Northern Carnarvon,PL 93,115.417396,-20.728358,Chevron Australia Pty Ltd,WIW,P&A,Gorgon,20150614,20150829,20260417
BDC 1B 04 Phase 1,W005923,Browse,WA-50-L,123.320315,-13.847112,INPEX Ichthys Pty Ltd,DEV,,,20160126,20171002,20260417
BDC 1B 04 Phase 2,W005923,Browse,WA-50-L,123.320315,-13.847112,INPEX Ichthys Pty Ltd,DEV,,,,20171002,20260417
TGS 1,W005954,Northern Carnarvon,L 9,114.850705,-21.772903,DDG Tubridgi Pty Limited,STORAGE,GAS-INJECTION,Tubridgi,20161122,20161210,20260417
Seraph 1,W003305,Northern Carnarvon,WA-3-L,116.630118,-19.472743,Woodside Energy Ltd,NFW,P&A,,20110806,20111115,20260417
Seraph 1 ST1,W003305,Northern Carnarvon,WA-3-L,116.630118,-19.472743,Woodside Energy Ltd,NFW,P&A,,20110923,20111115,20260417
Glencoe 2H,W003309,Northern Carnarvon,WA-390-P,113.832066,-20.082551,Hess Exploration Australia Pty Limited,EXT,SUSP,,20120421,20120603,20260417
Glencoe 2,W003309,Northern Carnarvon,WA-390-P,113.832066,-20.082551,Hess Exploration Australia Pty Limited,EXT,SUSP,,20110819,20120603,20260417
Stag 43H,W003733,Northern Carnarvon,WA-15-L,116.275313,-20.289945,Apache Northwest Pty Ltd,DEV,Suspended,Stag,20120102,20120205,20260417
Ungani North 1,W003873,Canning,EP 391,123.164454,-17.932903,Buru Energy Limited,NFW,SUSP OGS,Ungani,20120705,20120901,20260417
Asgard 1,W003914,Canning,EP 371,125.030857,-18.246996,Buru Energy Limited,NFW,SUSP GS,,20120828,20121011,20260417
Helene 1,W004080,Northern Carnarvon,WA-37-L,114.824974,-20.498431,Chevron Australia Pty Ltd,NFW,Abandoned,,20120828,20121021,20260417
Pinhoe 1,W004081,Northern Carnarvon,WA-383-P,113.168007,-20.375863,Chevron Australia Pty Ltd,NFW,Abandoned,,20121014,20121204,20260417
Pinhoe 1 ST1,W004081,Northern Carnarvon,WA-383-P,113.168007,-20.375863,Chevron Australia Pty Ltd,NFW,Abandoned,,20121102,20121204,20260417
TPA 02 Phase 2,W004097,Northern Carnarvon,WA-5-L,115.890005,-19.762486,Woodside Energy Ltd,DEV,Completed,,20160813,20161019,20260417
TPA 02 Phase 1,W004097,Northern Carnarvon,WA-5-L,115.890005,-19.762486,Woodside Energy Ltd,DEV,Suspended,,20121011,20121204,20260417
GOR 1D Phase 1,W004154,Northern Carnarvon,WA-37-L,114.849374,-20.407936,Chevron Australia Pty Ltd,DEV,Completed,,20111109,20120614,20260417
GOR 1D Phase 2,W004154,Northern Carnarvon,WA-37-L,114.849374,-20.407936,Chevron Australia Pty Ltd,DEV,Completed,,20111109,20140104,20260417
Tallaganda 1,W004196,Northern Carnarvon,WA-351-P,113.742698,-20.875031,BHP Billiton Petroleum (North West Shelf) Pty Ltd,NFW,Abandoned,,20120301,20120426,20260417
Barrow G48B,W004254,Northern Carnarvon,L 1H,115.366801,-20.840808,Chevron Australia Pty Ltd,DEV,O,Barrow Island,20121220,20130217,20260417
Barrow WSW 8B,W004374,Northern Carnarvon,L 1H,115.382266,-20.818631,Chevron Australia Pty Ltd,WSW,O,Barrow Island,20130304,20130409,20260417
BAL 5H,W004454,Northern Carnarvon,WA-49-L,115.183418,-20.070664,Apache Julimar Pty Ltd,DEV,Abandoned,,20130401,20131029,20260417
BAL 5H ST1,W004454,Northern Carnarvon,WA-49-L,115.183418,-20.070664,Apache Julimar Pty Ltd,DEV,Completed,,20131005,20131029,20260417
BAL 5H ST2,W004454,Northern Carnarvon,WA-49-L,115.183418,-20.070664,Apache Julimar Pty Ltd,DEV,Completed,,20131011,20131029,20260417
Con 11H,W004574,Northern Carnarvon,WA-35-L,114.072965,-21.34914,Apache Energy Ltd.,DEV,Completed,,20130316,20140224,20260417
Con 11H L1,W004574,Northern Carnarvon,WA-35-L,114.072965,-21.34914,Apache Energy Ltd.,DEV,Completed,,20140205,20140224,20260417
VNB-2H  ST2,W003002,Northern Carnarvon,WA-28-L,114.032876,-21.433817,Woodside Energy Ltd,DEV,P&A,Vincent,20080706,,20260417
VNB-2H  L1,W003002,Northern Carnarvon,WA-28-L,114.032876,-21.433817,Woodside Energy Ltd,DEV,P&A,Vincent,20080714,,20260417
VNB-2H  L1  ST1,W003002,Northern Carnarvon,WA-28-L,114.032876,-21.433817,Woodside Energy Ltd,DEV,P&A,Vincent,20080715,,20260417
Barrow B35B,W003004,Northern Carnarvon,L 1H,115.357382,-20.864964,Chevron Australia Pty Ltd,WIW,Shut in,Barrow Island,20080105,20080212,20260417
VNB-4H,W003006,Northern Carnarvon,WA-28-L,114.033211,-21.433803,Woodside Energy Ltd,DEV,O,Vincent,20080108,20090328,20260417
VNB-4H L1 ST3,W003006,Northern Carnarvon,WA-28-L,114.033211,-21.433803,Woodside Energy Ltd,DEV,O,Vincent,20081015,,20260417
VNB-4H L2 ST2,W003006,Northern Carnarvon,WA-28-L,114.033211,-21.433803,Woodside Energy Ltd,DEV,O,Vincent,20081113,20090328,20260417
VNB-4H L1,W003006,Northern Carnarvon,WA-28-L,114.033211,-21.433803,Woodside Energy Ltd,DEV,P&A,Vincent,20080928,,20260417
VNB-4H L1 ST1,W003006,Northern Carnarvon,WA-28-L,114.033211,-21.433803,Woodside Energy Ltd,DEV,P&A,Vincent,20081003,,20260417
VNB-4H L1 ST2,W003006,Northern Carnarvon,WA-28-L,114.033211,-21.433803,Woodside Energy Ltd,DEV,P&A,Vincent,20081009,,20260417
VNB-4H L2,W003006,Northern Carnarvon,WA-28-L,114.033211,-21.433803,Woodside Energy Ltd,DEV,P&A,Vincent,20081105,,20260417
VNB-4H L2 ST1,W003006,Northern Carnarvon,WA-28-L,114.033211,-21.433803,Woodside Energy Ltd,DEV,P&A,Vincent,20081110,,20260417
VGA 6H,W003009,Northern Carnarvon,WA-155-P,114.067948,-21.397345,Apache Northwest Pty Ltd,DEV,O,Vincent,20080114,20081114,20260417
VGA 6H,W003009,Northern Carnarvon,WA-155-P,114.067948,-21.397345,Apache Northwest Pty Ltd,DEV,O,Vincent,20090606,,20260417
VGA 6H L1,W003009,Northern Carnarvon,WA-155-P,114.067948,-21.397345,Apache Northwest Pty Ltd,DEV,O,Vincent,20090613,20090620,20260417
Xena 3,W003018,Northern Carnarvon,WA-350-P,115.184691,-19.976018,Woodside Energy Ltd,EXT,P&A GS,Xena,20080131,20080223,20260417
Johnson 1,W003031,Northern Carnarvon,WA-358-P,114.687466,-21.026609,OMV Barrow Pty Ltd,NFW,P&A,,20080401,20080427,20260417
Marley 2,W003034,Northern Carnarvon,TL/5,115.690292,-20.42332,Apache Northwest Pty Ltd,NFW,P&A GS,,20080422,20080714,20260417
Adams 1,W003036,Northern Carnarvon,WA-26-L,116.654777,-19.214047,Santos Limited,NFW,P&A,,20080430,20080521,20260417
Charon 1,W003039,Perth,WA-328-P,112.975994,-28.109715,ENI Australia Limited,NFW,P&A,,20080519,20080624,20260417
Wheatstone 4,W003051,Northern Carnarvon,WA-253-P,115.329302,-19.772262,Chevron Australia Pty Ltd,EXT,P&A GS,Wheatstone,20080702,20080731,20260417
Briseis 1,W003052,Northern Carnarvon,WA-390-P,113.93315,-20.073946,Hess Exploration Australia Pty Limited,NFW,P&A GS,,20080703,20080731,20260417
Briseis 1 CH1,W003052,Northern Carnarvon,WA-390-P,113.93315,-20.073946,Hess Exploration Australia Pty Limited,NFW,P&A GS,,20080723,20080731,20260417
Stag 44H,W004894,Northern Carnarvon,WA-15-L,116.275295,-20.289787,Apache Northwest Pty Ltd,DEV,Completed,Stag,20120918,20121107,20260417
Stag 48H,W004934,Northern Carnarvon,WA-15-L,116.275283,-20.289822,Apache Northwest Pty Ltd,DEV,Completed,Stag,20130315,20130411,20260417
Bru A5 ST1,W005094,Northern Carnarvon,WA-49-L,115.20142,-20.030125,Apache Julimar Pty Ltd,DEV,Completed,,20130624,20150921,20260417
Bru A5 ST1 Phase 2,W005094,Northern Carnarvon,WA-49-L,115.20142,-20.030125,Apache Julimar Pty Ltd,DEV,Completed,,20150823,20150921,20260417
Bru A5,W005094,Northern Carnarvon,WA-49-L,115.20142,-20.030125,Apache Julimar Pty Ltd,DEV,Abandoned,,20121031,20140315,20260417
JZI 1D,W005116,Northern Carnarvon,WA-36-L,114.570141,-19.826497,Mobil Australia Resources Company Pty Ltd,DEV,Completed,Jansz,20120407,20141226,20260417
JZI 2B,W005134,Northern Carnarvon,WA-39-L,114.644463,-19.791184,Mobil Australia Resources Company Pty Ltd,DEV,Completed,Jansz,20120901,20141120,20260417
JZI 2B ST1,W005134,Northern Carnarvon,WA-39-L,114.644463,-19.791184,Mobil Australia Resources Company Pty Ltd,DEV,Completed,Jansz,20140607,20141120,20260417
JZI 2E,W005137,Northern Carnarvon,WA-39-L,114.644736,-19.791702,Mobil Australia Resources Company Pty Ltd,DEV,Completed,Jansz,20120826,20130926,20260417
Minarelli 1,W005275,Northern Carnarvon,WA-28-L,113.997605,-21.490376,Woodside Energy Ltd,NFW,,,20130806,20130827,20260417
BAL 6H,W005354,Northern Carnarvon,WA-49-L,115.183514,-20.070164,Apache Julimar Pty Ltd,DEV,Completed,,20130412,20131209,20260417
Bianchi 1,W005375,Northern Carnarvon,WA-49-R,114.733357,-20.75679,Apache Northwest Pty Ltd,NFW,Abandoned,Zola,20130412,20130728,20260417
Moondyne 1H1,W005474,Northern Carnarvon,WA-42-L,114.155004,-21.534836,BHP Billiton Petroleum (Australia) Pty Ltd,DEV,Completed,,20130417,20140310,20260417
Moondyne 2H2,W005475,Northern Carnarvon,WA-42-L,114.155487,-21.534843,BHP Billiton Petroleum (Australia) Pty Ltd,DEV,Completed,,20130418,20140310,20260417
Prelude P4,W005637,Browse,WA-44-L,123.326703,-13.817224,Shell Development (Australia) Pty Ltd,DEV,Completed,,20131105,20151230,20260417
Prelude P7,W005640,Browse,WA-44-L,123.326703,-13.817212,Shell Development (Australia) Pty Ltd,DEV,Completed,,20131101,20151230,20260417
Wild Bull 1 H1 ST1,W005644,Northern Carnarvon,WA-42-L,114.085026,-21.520331,BHP Billiton Petroleum (Australia) Pty Ltd,DEV,Completed,,20131010,20131031,20260417
Wild Bull 1H1,W005644,Northern Carnarvon,WA-42-L,114.085026,-21.520331,BHP Billiton Petroleum (Australia) Pty Ltd,DEV,Abandoned,,20130926,20131031,20260417
Montara G2 Phase 2,W005781,Bonaparte,,124.539498,-12.672339,PTTEP Australasia (Ashmore Cartier) Pty Ltd,DEV,Suspended,,20120615,20120704,20260417
Toro 1,W005799,Northern Carnarvon,WA-430-P,113.426541,-21.431018,Woodside Energy Ltd,NFW,,,20140502,20140714,20260417
Bunyip 1,W005802,Northern Carnarvon,WA-335-P,113.695418,-20.952788,BHP Billiton Petroleum (North West Shelf) Pty Ltd,NFW,Abandoned,,20140205,20140309,20260417
SRA02,W005967,Northern Carnarvon,WA-24-L,115.72433,-19.793969,Woodside Energy Ltd,DEV,,,20161231,,20260417
Spartan 1,W005968,Northern Carnarvon,WA-33-R,115.249031,-20.535458,Quadrant Oil Australia Pty Limited,NFW,,,20160819,20160828,20260417
BDC 1A 03,W006011,Browse,WA-50-L,123.273173,-13.861816,INPEX Ichthys Pty Ltd,DEV,Completed,,20180917,20181123,20260417
Wandoo B16,W006016,Northern Carnarvon,,116.435776,-20.126681,Vermilion Oil & Gas Australia Pty Ltd,DEV,Completed,,20181119,20190131,20260417
Wandoo B16 ST1,W006016,Northern Carnarvon,,116.435776,-20.126681,Vermilion Oil & Gas Australia Pty Ltd,DEV,Completed,,20181122,20190131,20260417
Wandoo B16 ST2,W006016,Northern Carnarvon,,116.435776,-20.126681,Vermilion Oil & Gas Australia Pty Ltd,DEV,Completed,,20181201,20190131,20260417
Barnicarndy 1,W006030,Canning,,121.782349,-21.478534,Geological Survey of Western Australia (GSWA),STR,P&A STR,,20190901,20191212,20260417
Corvus 2,W006031,Northern Carnarvon,WA-45-R,116.060767,-20.118039,Santos WA Northwest Pty Ltd,,,,20190313,,20260417
GOR 1G,W006036,Northern Carnarvon,WA-37-L,114.849805,-20.408285,Chevron Australia Pty Ltd,,,Gorgon,,,20260417
West Erregulla 4,W006084,Perth,EP 469,115.321725,-29.418951,Strike West Pty Ltd,NFW,Suspended,,20210124,20210420,20260417
BDC 4 06 P,W006099,Browse,WA-50-L,123.164342,-13.904945,INPEX Ichthys Pty Ltd,DEV,Completed,,20201012,20210529,20260417
Waitsia 6,W006108,Perth,L 1,115.080406,-29.267115,Mitsui E&P Australia Pty Limited,DEV,Suspended,Waitsia,20220503,20220604,20260417
BDC 3 03,W006119,Browse,WA-50-L,123.14508,-13.966342,INPEX Ichthys Pty Ltd,DEV,Suspended,,20210604,20210909,20260417
Sasanof 1,W006120,Northern Carnarvon,WA-519-P,113.544133,-20.487088,Western Gas (519 P) PTY LTD,NFW,P&A,,20220526,20220612,20260417
VGB 17H,W006123,Northern Carnarvon,WA-35-L,114.076868,-21.386587,Santos WA PVG PTY LTD,DEV,Completed,,20210711,20210922,20260417
VGB 17H L1,W006123,Northern Carnarvon,WA-35-L,114.076868,-21.386587,Santos WA PVG PTY LTD,DEV,Completed,,20210908,20210922,20260417
Waitsia 9,W006148,Perth,L 1,115.100575,-29.267029,Mitsui E&P Australia Pty Limited,DEV,Suspended,Waitsia,20220827,20220927,20260417
Lockyer 3,W006158,Perth,EP 368,115.259344,-29.170306,Energy Resources Limited,DEV,Suspended,,20230626,20230811,20260417
Lockyer 5 ST1,W006169,Perth,EP 368,115.3167,-29.233967,Energy Resources Limited,DEV,Suspended,,20240202,20240311,20260417
Lockyer 5,W006169,Perth,EP 368,115.3167,-29.233967,Energy Resources Limited,DEV,P&A,,20231220,20240311,20260417
Hovea 14,W006173,Perth,L 1,115.042377,-29.319237,Mitsui E&P Australia Pty Limited,DEV,,Hovea,20240518,20240722,20260417
BDC 3 05 P,W006174,Browse,WA-50-L,123.145249,-13.966493,INPEX Ichthys Pty Ltd,DEV,Completed,,20230527,20230921,20260417
GSWA Balla 3,W006177,Perth,,115.150011,-28.066654,Geological Survey of Western Australia (GSWA),STR,P&A STR,,19981020,19981024,20260417
GSWA Balla 6,W006180,Perth,,115.171677,-28.066653,Geological Survey of Western Australia (GSWA),STR,P&A STR,,19981020,19981024,20260417
WA 1,W006199,Perth,L 1,115.078806,-29.309769,Mitsui E&P Australia Pty Limited,APP,P&S,Waitsia,20241217,20250114,20260417
Walyering West 1,W006252,Perth,EP 447,115.450072,-30.727767,Strike Energy Limited,,DRILLING,Walyering,20260415,,20260417
Simpson 9,W003056,Northern Carnarvon,TL/1,115.584902,-20.673359,Apache Northwest Pty Ltd,DEV,P&A,Simpson,20080722,20080806,20260417
BMR Cornish 3,W003073,Canning,,127.406953,-20.178597,Geoscience Australia,STR,P&A STR,,,,20260417
BMR Mount Bannerman 1,W003083,Canning,,127.230565,-19.928319,Geoscience Australia,STR,P&A STR,,,,20260417
Stickle 6H Songa Mercur,W003124,Northern Carnarvon,WA-12-R,114.109207,-21.522629,BHP Billiton Petroleum (Australia) Pty Ltd,DEV,SUSP,Stickle,20090131,,20260417
Stickle 6H,W003124,Northern Carnarvon,WA-12-R,114.109207,-21.522629,BHP Billiton Petroleum (Australia) Pty Ltd,DEV,O,Stickle,20090131,20100608,20260417
Crosby 5H,W003127,Northern Carnarvon,WA-12-R,114.101652,-21.529043,BHP Billiton Petroleum (Australia) Pty Ltd,DEV,O,Crosby,20090210,20100608,20260417
Crosby 5H Songa Mercur,W003127,Northern Carnarvon,WA-12-R,114.101652,-21.529043,BHP Billiton Petroleum (Australia) Pty Ltd,DEV,SUSP,Crosby,20090210,,20260417
Crosby 4H Songa Mercur,W003131,Northern Carnarvon,WA-12-R,114.094574,-21.545259,BHP Billiton Petroleum (Australia) Pty Ltd,DEV,SUSP,Crosby,20090221,,20260417
Crosby 4H,W003131,Northern Carnarvon,WA-12-R,114.094574,-21.545259,BHP Billiton Petroleum (Australia) Pty Ltd,DEV,O,Crosby,20090221,20100608,20260417
Ravensworth 3H,W003134,Northern Carnarvon,WA-155-P,114.084207,-21.53882,BHP Billiton Petroleum (Australia) Pty Ltd,DEV,SUSP O,Ravensworth,20090305,20100608,20260417
Brokenwood 1,W003137,Northern Carnarvon,WA-356-P,115.163491,-20.014659,Apache Northwest Pty Ltd,NFW,P&A GS,,20090313,20090427,20260417
Brokenwood 1 ST1,W003137,Northern Carnarvon,WA-356-P,115.163491,-20.014659,Apache Northwest Pty Ltd,NFW,P&A GS,,20090402,20090427,20260417
Balnaves 2,W003153,Northern Carnarvon,WA-356-P,115.174306,-20.06931,Apache Northwest Pty Ltd,EXT,P&A GS,Brunello,20090513,20090528,20260417
Blacktip P 1,W003165,Bonaparte,WA-33-L,128.484131,-13.89494,ENI Australia Limited,DEV,G,Blacktip,20090715,20090904,20260417
Pelion 1,W003183,Northern Carnarvon,WA-34-L,115.130927,-19.994031,Woodside Burrup Pty Ltd,NFW,P&A GS,,20091004,20091022,20260417
Chandon 2,W003192,Northern Carnarvon,WA-268-P,114.129952,-19.549734,Chevron (TAPL) Pty Ltd,EXT,P&A G,Chandon,20091127,20100626,20260417
Alaric 1,W003237,Northern Carnarvon,WA-434-P,111.649249,-19.942188,Woodside Energy Ltd,NFW,P&A GS,,20100723,20100903,20260417
Mondarra 7,W003257,Perth,L 1,115.119467,-29.312131,APA Group,DEV,P&A,Mondarra,20101022,20101224,20260417
Artemis 1,W003263,Northern Carnarvon,WA-360-P,115.530816,-19.544376,MEO Australia Ltd,NFW,P&A,,20101125,20101226,20260417
Durville 1,W003273,Bonaparte,WA-403-P,127.116448,-11.52065,Total E&P Australia,NFW,P&A GS,,20110107,20110312,20260417
Mentorc 2,W003281,Northern Carnarvon,WA-390-P,113.739552,-20.483416,Hess Exploration Australia Pty Limited,EXT,SUSP GS,,20110312,20110419,20260417
Gorgon Plant CO2 Injector C-I7,W005817,Northern Carnarvon,PL 93,115.451238,-20.730458,Chevron Australia Pty Ltd,INJECT_CO2,Shut in,,20141115,20150311,20260417
Commodore 1,W005818,Canning,EP 390,122.441028,-19.18835,Buru Energy Limited,NFW,P&A OS,,20141114,20141224,20260417
BDC 1C 03 ST1,W005825,Browse,WA-50-L,123.317781,-13.879249,INPEX Ichthys Pty Ltd,DEV,,,20161121,,20260417
BDC 1C 03,W005825,Browse,WA-50-L,123.317781,-13.879249,INPEX Ichthys Pty Ltd,DEV,Completed,,20150203,20150527,20260417
BDC 1C 03 Phase 2,W005825,Browse,WA-50-L,123.317781,-13.879249,INPEX Ichthys Pty Ltd,DEV,Completed,,20150203,20170123,20260417
IAG 1E,W005829,Northern Carnarvon,WA-48-L,115.325206,-19.945056,Chevron Australia Pty Ltd,DEV,,,20141016,,20260417
Malaguti 1,W005877,Northern Carnarvon,WA-271-P,113.863287,-21.66457,Woodside Energy Ltd,NFW,,,20150413,20150724,20260417
BDC 1A 01 Phase 1,W005878,Browse,WA-50-L,123.273165,-13.861663,INPEX Ichthys Pty Ltd,DEV,Completed,,20150530,20150806,20260417
BDC 1A 01 ST1,W005878,Browse,WA-50-L,123.273165,-13.861663,INPEX Ichthys Pty Ltd,DEV,Completed,,20180823,20180917,20260417
BDC 1A 01 Phase 2,W005878,Browse,WA-50-L,123.273165,-13.861663,INPEX Ichthys Pty Ltd,DEV,Completed,,20150530,20180917,20260417
Barrow_WDWM2,W005894,Northern Carnarvon,L 1H,115.346252,-20.861333,West Australian Petroleum Pty Ltd,WDW,P&A,Barrow Island,19920109,,20260417
PSA 02 Phase 1,W005899,Browse,WA-1-L,116.180569,-19.540058,Woodside Energy Ltd,DEV,Completed,,20151126,20161123,20260417
PSA 02 Phase 2,W005899,Browse,WA-1-L,116.180569,-19.540058,Woodside Energy Ltd,DEV,Completed,,20151126,20161123,20260417
Ungani Far West 1,W005909,Canning,L 21,123.134365,-17.999709,Buru Energy Limited,EXT,Shut in,Ungani,20151128,20160209,20260417
DOA 01 Phase 1,W005962,Northern Carnarvon,WA-6-L,115.815335,-19.716695,Woodside Energy Ltd,DEV,,,20161126,20161229,20260417
DOA 01 Phase 2,W005962,Northern Carnarvon,WA-6-L,115.815335,-19.716695,Woodside Energy Ltd,DEV,,,,20180308,20260417
Roc 2,W005966,Roebuck,WA-437-P,118.871016,-18.882411,Quadrant Northwest Pty Ltd,DEV,,,20160709,20161028,20260417
Outtrim East 1,W005971,Northern Carnarvon,WA-155-P,114.461489,-21.531022,Quadrant Energy Pty Ltd,NFW,,,20160618,20160619,20260417
BDC 1B 03 Phase 1,W005974,Browse,WA-50-L,123.320189,-13.846683,INPEX Ichthys Pty Ltd,DEV,,,20160425,20171001,20260417
BDC 1B 03 Phase 2,W005974,Browse,WA-50-L,123.320189,-13.846683,INPEX Ichthys Pty Ltd,DEV,,,,20171001,20260417
Ungani 5,W005984,Canning,L 20,123.174787,-17.988848,Buru Energy Limited,DEV,Shut in,Ungani,20171201,20180101,20260417
LPA 02,W005991,Northern Carnarvon,,115.658002,-19.82962,Woodside Energy Ltd,,Completed,,20170402,20170812,20260417
LAV 01,W006004,Northern Carnarvon,,113.84444,-21.523007,Woodside Energy Ltd,DEV,Completed,,20180214,20180810,20260417
LAV 01 ST1,W006004,Northern Carnarvon,,113.84444,-21.523007,Woodside Energy Ltd,DEV,Completed,,20180724,20180810,20260417
Laperouse 1,W003282,Bonaparte,WA-403-P,127.306231,-11.778542,Total E&P Australia,NFW,P&A,,20110314,20110525,20260417
Warro 4,W003286,Perth,EP 407,115.733182,-30.171791,Latent Petroleum Pty Ltd,EXT,SUSP GS,Warro,20110411,20110511,20260417
Galahad 1,W003289,Northern Carnarvon,WA-363-P,115.749243,-17.766984,ENI Australia Limited,NFW,P&A,,20110425,20110526,20260417
Arrowsmith 2,W003295,Perth,EP 413,115.120689,-29.61324,Norwest Energy NL,NFW,SUSP,,20110530,20110623,20260417
GOR 3B Phase 1,W003300,Northern Carnarvon,WA-37-L,114.823864,-20.519787,Chevron Australia Pty Ltd,DEV,SUSP,Gorgon,20110713,20111104,20260417
GOR 3B Phase 2,W003300,Northern Carnarvon,WA-37-L,114.823864,-20.519787,Chevron Australia Pty Ltd,DEV,Completed,Gorgon,20110713,20140104,20260417
Stag 40H WI ST1,W003434,Northern Carnarvon,WA-15-L,116.246096,-20.290018,Apache Northwest Pty Ltd,WIW,Completed,Stag,20111215,20111225,20260417
Stag 40H WI,W003434,Northern Carnarvon,WA-15-L,116.246096,-20.290018,Apache Northwest Pty Ltd,WIW,P&A,Stag,20111127,20111225,20260417
Valhalla North 1,W003553,Canning,EP 371,124.729759,-18.025764,Buru Energy Limited,NFW,SUSP GS,,20120116,20120318,20260417
Evandra 2,W003813,Perth,L 1,115.020894,-29.348286,AWE Limited,NFW,P&A OS,Evandra,20120409,20120419,20260417
Yulleroo 3,W003853,Canning,EP 391,122.891565,-17.849819,Buru Energy Limited,EXT,SUSP OG,,20120525,20120805,20260417
Ananke 1,W003934,Northern Carnarvon,WA-269-P,115.352556,-19.641862,Woodside Energy Ltd,NFW,,,20120716,20120802,20260417
Crown 1,W004054,Browse,WA-274-P,122.50024,-13.58509,Santos Browse Pty Ltd,NFW,Abandoned,,20120730,20121211,20260417
Crown 1 ST1,W004054,Browse,WA-274-P,122.50024,-13.58509,Santos Browse Pty Ltd,NFW,Abandoned,,20121017,20121211,20260417
Satyr 4,W004095,Northern Carnarvon,WA-374-P,114.350859,-20.395469,Chevron Australia Pty Ltd,NFW,Abandoned,,20120817,20121010,20260417
Barrow WSW 8C,W004354,Northern Carnarvon,L 1H,115.382226,-20.818711,Chevron Australia Pty Ltd,WSW,O,Barrow Island,20130228,20130326,20260417
Goodwyn North 1,W004714,Northern Carnarvon,WA-1-L,116.003225,-19.566337,Woodside Energy Ltd,DEV,Abandoned,,20130103,20130207,20260417
Hurricane 3,W004754,Northern Carnarvon,WA-48-R,116.63137,-19.683346,Apache Northwest Pty Ltd,DEV,Abandoned,,20121110,20121202,20260417
Novara 4H Phase 2,W004834,Northern Carnarvon,WA-35-L,114.082398,-21.336589,Quadrant Energy Pty Ltd,DEV,,,20130206,,20260417
Novara 4H Phase 1,W004834,Northern Carnarvon,WA-35-L,114.082398,-21.336589,Quadrant Energy Pty Ltd,DEV,DRILLING SUSPENDED,,20130206,20130214,20260417
Wandoo B15 Phase 1,W004974,Northern Carnarvon,WA-14-L,116.435818,-20.126764,Vermilion Oil & Gas Australia Pty Ltd,DEV,,,20130131,20130204,20260417
Wandoo B15 Phase 2,W004974,Northern Carnarvon,WA-14-L,116.435818,-20.126764,Vermilion Oil & Gas Australia Pty Ltd,DEV,Completed,,20181105,20190109,20260417
Wandoo B15 ST1,W004974,Northern Carnarvon,WA-14-L,116.435818,-20.126764,Vermilion Oil & Gas Australia Pty Ltd,DEV,Completed,,20181115,20190109,20260417
CIM 03 WI,W006009,Northern Carnarvon,,113.966824,-21.440498,Woodside Energy Ltd,DEV,Completed,,20180216,20181029,20260417
CIM 03 WI ST1,W006009,Northern Carnarvon,,113.966824,-21.440498,Woodside Energy Ltd,DEV,Completed,,20181017,20181029,20260417
VGB 14H,W006012,Northern Carnarvon,,114.076534,-21.386609,Quadrant PVG Pty Ltd,DEV,Completed,,20180905,20181125,20260417
VGB 14H ST1,W006012,Northern Carnarvon,,114.076534,-21.386609,Quadrant PVG Pty Ltd,DEV,Completed,,20180915,20181125,20260417
VGB 14H ST1 L1,W006012,Northern Carnarvon,,114.076534,-21.386609,Quadrant PVG Pty Ltd,DEV,Completed,,20181029,20181125,20260417
West Erregulla 2,W006025,Perth,EP 469,115.307239,-29.415006,Strike Energy Limited,NFW,Completed,,20190603,20190924,20260417
Ungani 7H,W006029,Canning,L 20,123.161123,-17.994131,Buru Energy Limited,DEV,Shut in,Ungani,20190826,20191105,20260417
Ungani 7H ST1,W006029,Canning,L 20,123.161123,-17.994131,Buru Energy Limited,DEV,Shut in,Ungani,20191029,20191105,20260417
Ungani 7H ST2 - Aborted,W006029,Canning,L 20,123.161123,-17.994131,Buru Energy Limited,DEV,Abandoned,Ungani,,20191105,20260417
Roc South 1,W006035,Roebuck,WA-437-P,118.84765,-18.967974,Santos WA Northwest Pty Ltd,,,,,,20260417
West Erregulla 5,W006087,Perth,EP 469,115.307705,-29.398137,Strike Energy Limited,NFW,Suspended,,20210508,20210704,20260417
Ironbark 1,W006098,Northern Carnarvon,WA-359-P,116.076621,-19.159434,BP Developments Australia Pty Ltd,NFW,P&A,,20201031,20210112,20260417
Dancer 1,W006113,Northern Carnarvon,WA-1-P,116.349052,-19.971997,Santos WA Northwest Pty Ltd,NFW,P&A,,20211213,20220203,20260417
Waitsia 8,W006114,Perth,L 1,115.096724,-29.252284,Mitsui E&P Australia Pty Limited,DEV,Suspended,Waitsia,20220611,20220709,20260417
Waitsia 7,W006117,Perth,L 1,115.07146,-29.296899,Mitsui E&P Australia Pty Limited,DEV,Suspended,Waitsia,20220719,20220818,20260417
Apus 1,W006126,Roebuck,WA-437-P,118.986307,-19.190369,Santos WA Northwest Pty Ltd,NFW,P&A,,20220406,20220427,20260417
TRW 02,W006164,Northern Carnarvon,L 9,114.866399,-21.758598,AGI Tubridgi Pty Limited,DEV,G,Tubridgi,20230829,20231117,20260417
Waitsia 11,W006167,Perth,L 1,115.08878,-29.31194,Mitsui E&P Australia Pty Limited,DEV,Suspended,Waitsia,20231102,20231207,20260417
BDC 3 06,W006186,Browse,WA-50-L,123.144512,-13.966724,INPEX Ichthys Pty Ltd,DEV,Completed,,20221026,20230430,20260417
BDC 3 06 ST1,W006186,Browse,WA-50-L,123.144512,-13.966724,INPEX Ichthys Pty Ltd,DEV,Completed,,20230214,20230430,20260417
Moriary 2,W006192,Perth,EP 426,115.338292,-29.2835,Energy Resources Limited,APP,,,20241103,20250104,20260417
Walyering East 1,W006198,Perth,EP 447,115.523333,-30.68615,Strike South West Pty Ltd,NPW,Suspended,Walyering,20241206,20241230,20260417
Eremia 08,W006203,Perth,L 1,115.018386,-29.30885,Mitsui E&P Australia Pty Limited,,,Eremia,20250123,20250219,20260417
Beharra Springs Deep 3,W006209,Perth,L 11,115.144767,-29.461396,Mitsui E&P Australia Pty Limited,DEV,DRILLING,Beharra Springs,20250413,20250611,20260417
JZI 2C,W005135,Northern Carnarvon,WA-39-L,114.644733,-19.791209,Mobil Australia Resources Company Pty Ltd,DEV,Completed,Jansz,20120910,20130912,20260417
Gorgon Plant Disposal Well Z-WI2,W005154,Northern Carnarvon,L 1H,115.450007,-20.799514,Chevron Australia Pty Ltd,WDW,SUSP,,20130710,20130905,20260417
,W005415,,,115.875905,-19.706683,,DEV,,,,,20260417
Grace 1,W005594,Browse,WA-314-P,122.274306,-13.317862,ConocoPhillips (Browse Basin) Pty Ltd,NFW,Suspended,,20131003,20140221,20260417
Prelude P2,W005635,Browse,WA-44-L,123.326886,-13.816444,Shell Development (Australia) Pty Ltd,DEV,Completed,,20131112,20141106,20260417
Prelude P5,W005638,Browse,WA-44-L,123.326123,-13.816822,Shell Development (Australia) Pty Ltd,DEV,Completed,,20131008,20150113,20260417
WST 1A,W005794,Northern Carnarvon,WA-46-L,115.268251,-19.905486,Chevron Australia Pty Ltd,DEV,Completed,,20140323,,20260417
Gorgon Plant CO2 Pressure Management Well E-WP3,W005839,Northern Carnarvon,PL 93,115.407659,-20.768217,Chevron Australia Pty Ltd,Service,Suspended,Gorgon,20150323,20150521,20260417
BDC 4 04,W005854,Browse,WA-50-L,123.164433,-13.904822,INPEX Ichthys Pty Ltd,DEV,,,20150226,20160629,20260417
BDC 4 04 ST1,W005854,Browse,WA-50-L,123.164433,-13.904822,INPEX Ichthys Pty Ltd,DEV,,,20150531,20160629,20260417
BDC 4 04 ST1 Phase 2,W005854,Browse,WA-50-L,123.164433,-13.904822,INPEX Ichthys Pty Ltd,DEV,Completed,,20150531,20160629,20260417
DMP Harvey 3,W005860,Perth,,115.795386,-33.035654,Department of Mines and Petroleum,STR,P&A,,20150306,20150630,20260417
Roc 1,W005900,Roebuck,WA-437-P,118.822474,-18.880683,Quadrant Northwest Pty Ltd,NFW,,,20151124,20160117,20260417
Red Gully North 1,W005907,Perth,EP 389,115.826812,-31.144536,Empire Oil & Gas NL,NFW,SUSP OGS,Gingin,20151117,20151228,20260417
BDC 1C 01,W005924,Browse,WA-50-L,123.317647,-13.879337,INPEX Ichthys Pty Ltd,DEV,,,20150401,20160603,20260417
Hyde 1,W005926,Northern Carnarvon,WA-418-P,116.556591,-18.885743,Quadrant Energy Pty Ltd,NFW,,,20160216,20160219,20260417
Skippy Rock 1,W005930,Northern Carnarvon,WA-472-P,117.351426,-19.679584,Woodside Energy Ltd,NFW,,,20160210,20160308,20260417
TGS 4A,W005958,Northern Carnarvon,L 9,114.849788,-21.764348,DDG Tubridgi Pty Limited,STORAGE,P&A,Tubridgi,20170116,20170324,20260417
KDA 01 Phase 1,W005963,Northern Carnarvon,WA-5-L,115.785381,-19.758022,Woodside Energy Ltd,DEV,,,20161102,20161216,20260417
KDA 01 Phase 2,W005963,Northern Carnarvon,WA-5-L,115.785381,-19.758022,Woodside Energy Ltd,DEV,,,20161102,20180130,20260417
Waitsia 3,W005977,Perth,L 1,115.102603,-29.350909,AWE Perth Pty Ltd,EXT,Suspended,Waitsia,20170520,20170701,20260417
LPA 03,W005990,Northern Carnarvon,,115.657845,-19.829355,Woodside Energy Ltd,,Completed,,20170405,20170908,20260417
LAV 02,W005997,Northern Carnarvon,,113.83957,-21.526541,Woodside Energy Ltd,DEV,Completed,,20170731,20180618,20260417
LAV 02 ST1,W005997,Northern Carnarvon,,113.83957,-21.526541,Woodside Energy Ltd,DEV,Completed,,20180623,20180713,20260417
LAV 02 ST2,W005997,Northern Carnarvon,,113.83957,-21.526541,Woodside Energy Ltd,DEV,Completed,,20200623,20200720,20260417
NOL 01,W006017,Northern Carnarvon,,113.871836,-21.511653,Woodside Energy Ltd,DEV,Completed,,20181210,20190308,20260417
NOL 01 ST1,W006017,Northern Carnarvon,,113.871836,-21.511653,Woodside Energy Ltd,DEV,Completed,,20190204,20190308,20260417
NOL 01 L1,W006017,Northern Carnarvon,,113.871836,-21.511653,Woodside Energy Ltd,DEV,Completed,,20190210,20190308,20260417
NOL 01 L2,W006017,Northern Carnarvon,,113.871836,-21.511653,Woodside Energy Ltd,DEV,Completed,,20190220,20190308,20260417
Adoxa 1,W006027,Canning,EP 428,123.343044,-17.92906,Buru Energy,NFW,SUSP O,Ungani,20190725,20190817,20260417
GOR 1B,W006033,Northern Carnarvon,WA-37-L,114.849182,-20.407679,Chevron Australia Pty Ltd,DEV,,,,,20260417
JZI 3C,W006042,Northern Carnarvon,WA-36-L,114.515188,-19.85316,Chevron Australia Pty Ltd,DEV,Completed,,20191017,20200502,20260417
JULA 01,W006051,Northern Carnarvon,WA-49-L,115.041185,-20.147975,Woodside Energy Julimar Pty Ltd,,,Julimar,,,20260417
JULA 02,W006052,Northern Carnarvon,WA-49-L,115.040649,-20.14805,Woodside Energy Julimar Pty Ltd,,,Julimar,,,20260417
Ungani North 1 Deepening,W006085,Canning,EP 391,123.164454,-17.932903,Buru Energy Limited,NFW,SUSP OGS,,20121027,20121215,20260417
Currajong 1,W006090,Canning,EP 391,122.896248,-17.944636,Buru Energy,NFW,Suspended,,20210701,20210808,20260417
Cervantes 1,W006106,Perth,L 14,114.97353,-29.36599,RCMA Australia Pty Ltd,,P&A,,20220326,20220412,20260417
BDC 1D 02,W006109,Browse,WA-50-L,123.273257,-13.900542,INPEX Ichthys Pty Ltd,DEV,Completed,,20211016,20220616,20260417
LDA 01,W006115,Northern Carnarvon,WA-16-L,116.480931,-19.43532,Woodside Energy Ltd,DEV,,,20211114,20220106,20260417
North Erregulla Deep 1,W006156,Perth,EP 368,115.327908,-29.247088,Energy Resources Limited,NFW,Suspended,,20230428,20230617,20260417
TRW 08,W006165,Northern Carnarvon,L 9,114.81751,-21.809709,AGI Tubridgi Pty Limited,DEV,G,Tubridgi,20231122,20231210,20260417
Redback Deep 1,W006170,Perth,L 11,115.163662,-29.457291,Beach Energy Limited,NPW,Suspended,Redback,20240213,20240331,20260417
GSWA Balla 4,W006178,Perth,,115.202233,-28.055821,Geological Survey of Western Australia (GSWA),STR,P&A STR,,19981020,19981024,20260417
GSWA Balla 5,W006179,Perth,,115.246955,-28.029432,Geological Survey of Western Australia (GSWA),STR,P&A STR,,19981020,19981024,20260417
Barrow B43,W006183,Northern Carnarvon,L 1H,115.350345,-20.870478,WAPET,,P&A,,19680202,19680209,20260417
